PieceMark,JointType,Kind,Mark,Description,Qty,Profile,Material,Guid
W10-50,piece-to-piece,EMBED,MPX11,V REVEAL LARGE,1,TRIANGLE12.7*12.7,Misc_Undefined,d7e49744-5127-4aa6-81f6-ff6e80eb548c
W10-50,piece-to-piece,INSERT,P-300-11,19Ø INSERT (NC),1,ROD23.813,A36,c4f91208-82b2-4d13-8778-38b20f102750
W10-50,piece-to-piece,EMBED,P-300-21,,1,ROD6.35,A36,07ff5172-d61a-4c15-8239-9548f32c5f47
W10-50,piece-to-piece,INSERT,P-300-11,19Ø INSERT (NC),1,ROD23.813,A36,dd3e9d18-2138-4e3c-af66-5302c447c2a6
W10-50,piece-to-piece,EMBED,P-300-21,,1,ROD6.35,A36,0654fcb5-5ad1-4b0c-b3d2-3bc4863c2d92
W10-50,piece-to-piece,INSERT,P-300-11,19Ø INSERT (NC),1,ROD23.813,A36,dbf1277b-3949-4e53-a8be-f25a1b659054
W10-50,piece-to-piece,EMBED,P-300-21,,1,ROD6.35,A36,6bf9c5c4-5eee-4d3e-924d-f9a8af710143
W10-50,piece-to-piece,GROUT_TUBE,GT75-686,75Ø x 686 GROUT TUBE,1,ROD76,Zero_Density,4f1c279c-ca7f-45ae-bd15-f6003de07e9a
W10-50,piece-to-piece,GROUT_TUBE,GT75-686,75Ø x 686 GROUT TUBE,1,ROD76,Zero_Density,c70919e1-87f6-4fcb-b621-e3c6bdb76c6c
W10-50,piece-to-piece,INSERT,SP15-457-11,15Mx457 WILLIAMS SPL,1,ROD16,400W,0aa9a5eb-f25c-4812-9f47-9ad9910305e6
W10-50,piece-to-piece,INSERT,SP15-457-31,,1,PD52.387*12.7,400W,62921f8d-4c0d-4aca-9983-07948b2ac938
W10-50,piece-to-piece,INSERT,SP15-457-21,,1,ROD26.987,400W,f7612a6e-63ac-4749-9a3d-77a44d9c3620
W10-50,piece-to-piece,INSERT,SP15-457-11,15Mx457 WILLIAMS SPL,1,ROD16,400W,25a89436-b8d3-4366-bef3-92b632473beb
W10-50,piece-to-piece,INSERT,SP15-457-31,,1,PD52.387*12.7,400W,18e64443-f799-4a0c-8f2b-f16138ce96bb
W10-50,piece-to-piece,INSERT,SP15-457-21,,1,ROD26.987,400W,e511aa17-5d2d-4244-ab19-b178b5035ed0
W10-50,piece-to-piece,INSERT,SP15-457-11,15Mx457 WILLIAMS SPL,1,ROD16,400W,da6e8391-bea0-4180-9472-1bdebbce187a
W10-50,piece-to-piece,INSERT,SP15-457-31,,1,PD52.387*12.7,400W,1de9a44a-a9bb-487e-b3f6-f0946fa279ed
W10-50,piece-to-piece,INSERT,SP15-457-21,,1,ROD26.987,400W,bf4e8c54-ff6b-4193-baa9-52a44ca5304b
W10-50,piece-to-piece,INSERT,SP15-457-11,15Mx457 WILLIAMS SPL,1,ROD16,400W,b7bb03b2-1819-454b-ac53-4fbf6fb0bd9d
W10-50,piece-to-piece,INSERT,SP15-457-31,,1,PD52.387*12.7,400W,f7f07178-b40f-4040-a1f8-3c9ac1c73853
W10-50,piece-to-piece,INSERT,SP15-457-21,,1,ROD26.987,400W,7965b890-cfe0-4206-a037-25f35f1b4dfb
W10-50,piece-to-piece,INSERT,SP15-457-11,15Mx457 WILLIAMS SPL,1,ROD16,400W,f5d2bd8a-6ef0-404e-b276-00a09464dc02
W10-50,piece-to-piece,INSERT,SP15-457-31,,1,PD52.387*12.7,400W,5d1ce0b1-033f-47e5-a374-1b7cf4501028
W10-50,piece-to-piece,INSERT,SP15-457-21,,1,ROD26.987,400W,e6dde6cc-6077-45bd-a006-ea1d1403662a
W10-50,piece-to-piece,INSERT,SP15-457-11,15Mx457 WILLIAMS SPL,1,ROD16,400W,49988e2e-4edc-4756-b362-65cf3e7ae0bc
W10-50,piece-to-piece,INSERT,SP15-457-31,,1,PD52.387*12.7,400W,ea8dd69c-2393-4c13-a5a0-729dbb5aeca1
W10-50,piece-to-piece,INSERT,SP15-457-21,,1,ROD26.987,400W,60566aff-91d2-4bff-8d46-b20368edd22b
W10-50,piece-to-piece,INSERT,SP15-457-11,15Mx457 WILLIAMS SPL,1,ROD16,400W,54083497-e0cd-4aae-8e88-d095c36b287d
W10-50,piece-to-piece,INSERT,SP15-457-31,,1,PD52.387*12.7,400W,fb74f5bc-0d8b-4a85-ae92-f5453c65cf0c
W10-50,piece-to-piece,INSERT,SP15-457-21,,1,ROD26.987,400W,99ca4841-adcc-44a4-a17c-f1faee6a3441
W10-50,piece-to-piece,INSERT,SP15-457-11,15Mx457 WILLIAMS SPL,1,ROD16,400W,fb5d34b3-c2eb-4b75-a4f8-961e1ab050f2
W10-50,piece-to-piece,INSERT,SP15-457-31,,1,PD52.387*12.7,400W,8c612b38-c13e-4e49-9b56-f4af3e68599e
W10-50,piece-to-piece,INSERT,SP15-457-21,,1,ROD26.987,400W,277627da-f4a3-4fc4-8b27-98b9ea123ea5
W10-50,piece-to-piece,INSERT,SP15-457-11,15Mx457 WILLIAMS SPL,1,ROD16,400W,ae05cffe-8bca-4372-835a-bb938872c42b
W10-50,piece-to-piece,INSERT,SP15-457-31,,1,PD52.387*12.7,400W,31ac04c1-91e1-47c2-948f-099d1707830e
W10-50,piece-to-piece,INSERT,SP15-457-21,,1,ROD26.987,400W,950ef91c-1389-4834-88c2-7e47152f81be
W10-50,piece-to-piece,GROUT_TUBE,GT75-1219,75Ø x 1219 GROUT TUBE,1,ROD76,Zero_Density,7836a0b9-5c71-46f6-8741-0c68a2808d13
W10-50,piece-to-piece,GROUT_TUBE,GT75-1219,75Ø x 1219 GROUT TUBE,1,ROD76,Zero_Density,b5a52515-bc38-4d1e-86b0-383cc69ba7ad
W10-50,piece-to-piece,GROUT_TUBE,GT75-1219,75Ø x 1219 GROUT TUBE,1,ROD76,Zero_Density,87a8272e-bda0-438e-a3d4-54841ed40f68
W10-50,piece-to-piece,GROUT_TUBE,GT75-1219,75Ø x 1219 GROUT TUBE,1,ROD76,Zero_Density,6f9abc4b-711a-401f-bfdd-963b4789cbcd
W10-50,piece-to-piece,GROUT_TUBE,GT75-1219,75Ø x 1219 GROUT TUBE,1,ROD76,Zero_Density,2b7e48c0-603a-4168-a4e8-4d59402ca04c
W10-50,piece-to-piece,GROUT_TUBE,GT75-1219,75Ø x 1219 GROUT TUBE,1,ROD76,Zero_Density,98aa42b7-b36c-4f8e-b604-1018810a897d
W10-50,piece-to-piece,GROUT_TUBE,GT75-1219,75Ø x 1219 GROUT TUBE,1,ROD76,Zero_Density,e8fe87d7-8ebe-4aa3-b74c-c4df07d3e9fe
W10-50,piece-to-piece,GROUT_TUBE,GT75-1219,75Ø x 1219 GROUT TUBE,1,ROD76,Zero_Density,7f29829a-8ba1-488d-b58c-857b467ca160
W10-50,piece-to-piece,GROUT_TUBE,GT100-1219-11,100Øx1219 GROUT TUBE,1,ROD102,Zero_Density,813de098-0f87-49b7-b13b-abc70d278490
W10-50,piece-to-piece,GROUT_TUBE,GT100-1219-21,,1,ROD110,Zero_Density,ce787350-7c5d-4efa-80f8-37316272affd
W10-50,piece-to-piece,GROUT_TUBE,GT100-1219-31,,1,ROD76,Zero_Density,5399aacd-9536-47d5-a986-1445e0529ef0
W10-50,piece-to-piece,GROUT_TUBE,GT76-254,76Øx254mm G.TUBE,1,ROD76.2,Zero_Density,69803634-7184-4ac7-960a-2ca5034e7d5e
W10-50,piece-to-piece,GROUT_TUBE,GT76-254,76Øx254mm G.TUBE,1,ROD76.2,Zero_Density,0cf235b4-719d-420b-b7fa-be11d1f9687d
W10-50,piece-to-piece,GROUT_TUBE,GT76-254,76Øx254mm G.TUBE,1,ROD76.2,Zero_Density,6f1a26df-f567-4128-ac42-9fd0003eb70b
W10-50,piece-to-piece,GROUT_TUBE,GT76-254,76Øx254mm G.TUBE,1,ROD76.2,Zero_Density,51d4cc2c-eaa7-4929-a21a-bda5e5ba0efa
W10-50,piece-to-piece,GROUT_TUBE,GT76-254,76Øx254mm G.TUBE,1,ROD76.2,Zero_Density,e6895dc9-626c-4f22-96dd-b6be76e96d78
W10-50,piece-to-piece,GROUT_TUBE,GT76-254,76Øx254mm G.TUBE,1,ROD76.2,Zero_Density,9829654a-5100-4282-b4d8-4d396d8f31fd
W10-50,piece-to-piece,CONDUIT,CNDT37,19MM CONDUIT,1,ROD19,Zero_Density,4a30435b-18cb-4691-9395-e2a6de3823ce
W10-50,piece-to-piece,PLATE,EB-S-PL1,Single Plastic Electr,1,160*50.8,Zero_Density,5ec84b14-57fe-422e-9c27-2eaf54e7069c
W10-50,piece-to-piece,EMBED,P-602-11,13PL. W/STUD,1,PL101.6*12.7,A572-GR.50,977f74bb-977a-436a-aec8-b2541b004fca
W10-50,piece-to-piece,EMBED,P-602-21,,1,STUD_1/2-DIA,A108-C1010-1020,ecacfcab-fb92-4641-8676-e15cd3f0c202
W10-50,piece-to-piece,INSERT,P-300-11,19Ø INSERT (NC),1,ROD23.813,A36,85f82e18-0fe5-4756-b03b-ab87d8069c9f
W10-50,piece-to-piece,EMBED,P-300-21,,1,ROD6.35,A36,cd686fdf-b505-4126-a14f-fe76e62c889e
W10-50,piece-to-piece,INSERT,P-300-11,19Ø INSERT (NC),1,ROD23.813,A36,d390c44a-da55-40e7-9eab-d345b1095a54
W10-50,piece-to-piece,EMBED,P-300-21,,1,ROD6.35,A36,2c3ede8d-c16c-42c2-90d3-6ef4328d0b05
W10-50,piece-to-piece,ANCHOR,P-205-11,12000LB FORGED ANCHOR,1,PL15.88,A36,59e60965-a372-4372-8ab9-850460f3e95e
W10-50,piece-to-piece,EMBED,P-205-21,,1,PL76.2*12.7,A36,6a92132f-94e3-408a-bc31-8e2cf7d4bfc2
W10-50,piece-to-piece,EMBED,P-205-31,,1,SPHERE47.625,A36,07a22de8-4c05-4819-8754-208cec5f4e2e
W10-50,piece-to-piece,EMBED,P-205-32,,1,PL54,Steel_Undefined,73160f31-3850-47c8-a359-7df5e28c02f9
W10-50,piece-to-piece,ANCHOR,P-205-11,12000LB FORGED ANCHOR,1,PL15.88,A36,e57d32ee-7a18-4bcc-b624-8ca82b1d3fca
W10-50,piece-to-piece,EMBED,P-205-21,,1,PL76.2*12.7,A36,c2762a16-6e3d-45e6-88fa-16e10e99fd05
W10-50,piece-to-piece,EMBED,P-205-31,,1,SPHERE47.625,A36,deb23875-4e71-40d5-96ae-8b992f710038
W10-50,piece-to-piece,EMBED,P-205-32,,1,PL54,Steel_Undefined,d70a588e-7260-439e-be53-a582f625a048
W10-50,piece-to-piece,ANCHOR,P-205-11,12000LB FORGED ANCHOR,1,PL15.88,A36,7ca27669-f114-49f4-988d-64ad10b7fda0
W10-50,piece-to-piece,EMBED,P-205-21,,1,PL76.2*12.7,A36,caba158d-452f-4570-bc15-1f89a813627f
W10-50,piece-to-piece,EMBED,P-205-31,,1,SPHERE47.625,A36,406f49a6-3ab7-47f0-a809-1f6eaa7d4c6d
W10-50,piece-to-piece,EMBED,P-205-32,,1,PL54,Steel_Undefined,a4ced1cf-b4c1-4e29-88be-13d496e06d45
W10-50,piece-to-piece,ANCHOR,P-205-11,12000LB FORGED ANCHOR,1,PL15.88,A36,010adebd-54e9-4ff4-bde8-d7586d5a5282
W10-50,piece-to-piece,EMBED,P-205-21,,1,PL76.2*12.7,A36,b0dc98aa-74fc-41c6-8960-09d4f36d368c
W10-50,piece-to-piece,EMBED,P-205-31,,1,SPHERE47.625,A36,27b4021e-b5cc-4d49-83a8-aa904adfda51
W10-50,piece-to-piece,EMBED,P-205-32,,1,PL54,Steel_Undefined,891d7e72-5326-4957-9a3e-a871fa3ba623
W10-50,piece-to-piece,EMBED,MPX11,V REVEAL LARGE,1,TRIANGLE12.7*12.7,Misc_Undefined,d7e49744-5127-4aa6-81f6-ff6e80eb548c
W10-50,piece-to-piece,INSERT,P-300-11,19Ø INSERT (NC),1,ROD23.813,A36,c4f91208-82b2-4d13-8778-38b20f102750
W10-50,piece-to-piece,EMBED,P-300-21,,1,ROD6.35,A36,07ff5172-d61a-4c15-8239-9548f32c5f47
W10-50,piece-to-piece,INSERT,P-300-11,19Ø INSERT (NC),1,ROD23.813,A36,dd3e9d18-2138-4e3c-af66-5302c447c2a6
W10-50,piece-to-piece,EMBED,P-300-21,,1,ROD6.35,A36,0654fcb5-5ad1-4b0c-b3d2-3bc4863c2d92
W10-50,piece-to-piece,INSERT,P-300-11,19Ø INSERT (NC),1,ROD23.813,A36,dbf1277b-3949-4e53-a8be-f25a1b659054
W10-50,piece-to-piece,EMBED,P-300-21,,1,ROD6.35,A36,6bf9c5c4-5eee-4d3e-924d-f9a8af710143
W10-50,piece-to-piece,GROUT_TUBE,GT75-686,75Ø x 686 GROUT TUBE,1,ROD76,Zero_Density,4f1c279c-ca7f-45ae-bd15-f6003de07e9a
W10-50,piece-to-piece,GROUT_TUBE,GT75-686,75Ø x 686 GROUT TUBE,1,ROD76,Zero_Density,c70919e1-87f6-4fcb-b621-e3c6bdb76c6c
W10-50,piece-to-piece,INSERT,SP15-457-11,15Mx457 WILLIAMS SPL,1,ROD16,400W,0aa9a5eb-f25c-4812-9f47-9ad9910305e6
W10-50,piece-to-piece,INSERT,SP15-457-31,,1,PD52.387*12.7,400W,62921f8d-4c0d-4aca-9983-07948b2ac938
W10-50,piece-to-piece,INSERT,SP15-457-21,,1,ROD26.987,400W,f7612a6e-63ac-4749-9a3d-77a44d9c3620
W10-50,piece-to-piece,INSERT,SP15-457-11,15Mx457 WILLIAMS SPL,1,ROD16,400W,25a89436-b8d3-4366-bef3-92b632473beb
W10-50,piece-to-piece,INSERT,SP15-457-31,,1,PD52.387*12.7,400W,18e64443-f799-4a0c-8f2b-f16138ce96bb
W10-50,piece-to-piece,INSERT,SP15-457-21,,1,ROD26.987,400W,e511aa17-5d2d-4244-ab19-b178b5035ed0
W10-50,piece-to-piece,INSERT,SP15-457-11,15Mx457 WILLIAMS SPL,1,ROD16,400W,da6e8391-bea0-4180-9472-1bdebbce187a
W10-50,piece-to-piece,INSERT,SP15-457-31,,1,PD52.387*12.7,400W,1de9a44a-a9bb-487e-b3f6-f0946fa279ed
W10-50,piece-to-piece,INSERT,SP15-457-21,,1,ROD26.987,400W,bf4e8c54-ff6b-4193-baa9-52a44ca5304b
W10-50,piece-to-piece,INSERT,SP15-457-11,15Mx457 WILLIAMS SPL,1,ROD16,400W,b7bb03b2-1819-454b-ac53-4fbf6fb0bd9d
W10-50,piece-to-piece,INSERT,SP15-457-31,,1,PD52.387*12.7,400W,f7f07178-b40f-4040-a1f8-3c9ac1c73853
W10-50,piece-to-piece,INSERT,SP15-457-21,,1,ROD26.987,400W,7965b890-cfe0-4206-a037-25f35f1b4dfb
W10-50,piece-to-piece,INSERT,SP15-457-11,15Mx457 WILLIAMS SPL,1,ROD16,400W,f5d2bd8a-6ef0-404e-b276-00a09464dc02
W10-50,piece-to-piece,INSERT,SP15-457-31,,1,PD52.387*12.7,400W,5d1ce0b1-033f-47e5-a374-1b7cf4501028
W10-50,piece-to-piece,INSERT,SP15-457-21,,1,ROD26.987,400W,e6dde6cc-6077-45bd-a006-ea1d1403662a
W10-50,piece-to-piece,INSERT,SP15-457-11,15Mx457 WILLIAMS SPL,1,ROD16,400W,49988e2e-4edc-4756-b362-65cf3e7ae0bc
W10-50,piece-to-piece,INSERT,SP15-457-31,,1,PD52.387*12.7,400W,ea8dd69c-2393-4c13-a5a0-729dbb5aeca1
W10-50,piece-to-piece,INSERT,SP15-457-21,,1,ROD26.987,400W,60566aff-91d2-4bff-8d46-b20368edd22b
W10-50,piece-to-piece,INSERT,SP15-457-11,15Mx457 WILLIAMS SPL,1,ROD16,400W,54083497-e0cd-4aae-8e88-d095c36b287d
W10-50,piece-to-piece,INSERT,SP15-457-31,,1,PD52.387*12.7,400W,fb74f5bc-0d8b-4a85-ae92-f5453c65cf0c
W10-50,piece-to-piece,INSERT,SP15-457-21,,1,ROD26.987,400W,99ca4841-adcc-44a4-a17c-f1faee6a3441
W10-50,piece-to-piece,INSERT,SP15-457-11,15Mx457 WILLIAMS SPL,1,ROD16,400W,fb5d34b3-c2eb-4b75-a4f8-961e1ab050f2
W10-50,piece-to-piece,INSERT,SP15-457-31,,1,PD52.387*12.7,400W,8c612b38-c13e-4e49-9b56-f4af3e68599e
W10-50,piece-to-piece,INSERT,SP15-457-21,,1,ROD26.987,400W,277627da-f4a3-4fc4-8b27-98b9ea123ea5
W10-50,piece-to-piece,INSERT,SP15-457-11,15Mx457 WILLIAMS SPL,1,ROD16,400W,ae05cffe-8bca-4372-835a-bb938872c42b
W10-50,piece-to-piece,INSERT,SP15-457-31,,1,PD52.387*12.7,400W,31ac04c1-91e1-47c2-948f-099d1707830e
W10-50,piece-to-piece,INSERT,SP15-457-21,,1,ROD26.987,400W,950ef91c-1389-4834-88c2-7e47152f81be
W10-50,piece-to-piece,GROUT_TUBE,GT75-1219,75Ø x 1219 GROUT TUBE,1,ROD76,Zero_Density,7836a0b9-5c71-46f6-8741-0c68a2808d13
W10-50,piece-to-piece,GROUT_TUBE,GT75-1219,75Ø x 1219 GROUT TUBE,1,ROD76,Zero_Density,b5a52515-bc38-4d1e-86b0-383cc69ba7ad
W10-50,piece-to-piece,GROUT_TUBE,GT75-1219,75Ø x 1219 GROUT TUBE,1,ROD76,Zero_Density,87a8272e-bda0-438e-a3d4-54841ed40f68
W10-50,piece-to-piece,GROUT_TUBE,GT75-1219,75Ø x 1219 GROUT TUBE,1,ROD76,Zero_Density,6f9abc4b-711a-401f-bfdd-963b4789cbcd
W10-50,piece-to-piece,GROUT_TUBE,GT75-1219,75Ø x 1219 GROUT TUBE,1,ROD76,Zero_Density,2b7e48c0-603a-4168-a4e8-4d59402ca04c
W10-50,piece-to-piece,GROUT_TUBE,GT75-1219,75Ø x 1219 GROUT TUBE,1,ROD76,Zero_Density,98aa42b7-b36c-4f8e-b604-1018810a897d
W10-50,piece-to-piece,GROUT_TUBE,GT75-1219,75Ø x 1219 GROUT TUBE,1,ROD76,Zero_Density,e8fe87d7-8ebe-4aa3-b74c-c4df07d3e9fe
W10-50,piece-to-piece,GROUT_TUBE,GT75-1219,75Ø x 1219 GROUT TUBE,1,ROD76,Zero_Density,7f29829a-8ba1-488d-b58c-857b467ca160
W10-50,piece-to-piece,GROUT_TUBE,GT100-1219-11,100Øx1219 GROUT TUBE,1,ROD102,Zero_Density,813de098-0f87-49b7-b13b-abc70d278490
W10-50,piece-to-piece,GROUT_TUBE,GT100-1219-21,,1,ROD110,Zero_Density,ce787350-7c5d-4efa-80f8-37316272affd
W10-50,piece-to-piece,GROUT_TUBE,GT100-1219-31,,1,ROD76,Zero_Density,5399aacd-9536-47d5-a986-1445e0529ef0
W10-50,piece-to-piece,GROUT_TUBE,GT76-254,76Øx254mm G.TUBE,1,ROD76.2,Zero_Density,69803634-7184-4ac7-960a-2ca5034e7d5e
W10-50,piece-to-piece,GROUT_TUBE,GT76-254,76Øx254mm G.TUBE,1,ROD76.2,Zero_Density,0cf235b4-719d-420b-b7fa-be11d1f9687d
W10-50,piece-to-piece,GROUT_TUBE,GT76-254,76Øx254mm G.TUBE,1,ROD76.2,Zero_Density,6f1a26df-f567-4128-ac42-9fd0003eb70b
W10-50,piece-to-piece,GROUT_TUBE,GT76-254,76Øx254mm G.TUBE,1,ROD76.2,Zero_Density,51d4cc2c-eaa7-4929-a21a-bda5e5ba0efa
W10-50,piece-to-piece,GROUT_TUBE,GT76-254,76Øx254mm G.TUBE,1,ROD76.2,Zero_Density,e6895dc9-626c-4f22-96dd-b6be76e96d78
W10-50,piece-to-piece,GROUT_TUBE,GT76-254,76Øx254mm G.TUBE,1,ROD76.2,Zero_Density,9829654a-5100-4282-b4d8-4d396d8f31fd
W10-50,piece-to-piece,CONDUIT,CNDT37,19MM CONDUIT,1,ROD19,Zero_Density,4a30435b-18cb-4691-9395-e2a6de3823ce
W10-50,piece-to-piece,PLATE,EB-S-PL1,Single Plastic Electr,1,160*50.8,Zero_Density,5ec84b14-57fe-422e-9c27-2eaf54e7069c
W10-50,piece-to-piece,EMBED,P-602-11,13PL. W/STUD,1,PL101.6*12.7,A572-GR.50,977f74bb-977a-436a-aec8-b2541b004fca
W10-50,piece-to-piece,EMBED,P-602-21,,1,STUD_1/2-DIA,A108-C1010-1020,ecacfcab-fb92-4641-8676-e15cd3f0c202
W10-50,piece-to-piece,INSERT,P-300-11,19Ø INSERT (NC),1,ROD23.813,A36,85f82e18-0fe5-4756-b03b-ab87d8069c9f
W10-50,piece-to-piece,EMBED,P-300-21,,1,ROD6.35,A36,cd686fdf-b505-4126-a14f-fe76e62c889e
W10-50,piece-to-piece,INSERT,P-300-11,19Ø INSERT (NC),1,ROD23.813,A36,d390c44a-da55-40e7-9eab-d345b1095a54
W10-50,piece-to-piece,EMBED,P-300-21,,1,ROD6.35,A36,2c3ede8d-c16c-42c2-90d3-6ef4328d0b05
W10-50,piece-to-piece,ANCHOR,P-205-11,12000LB FORGED ANCHOR,1,PL15.88,A36,59e60965-a372-4372-8ab9-850460f3e95e
W10-50,piece-to-piece,EMBED,P-205-21,,1,PL76.2*12.7,A36,6a92132f-94e3-408a-bc31-8e2cf7d4bfc2
W10-50,piece-to-piece,EMBED,P-205-31,,1,SPHERE47.625,A36,07a22de8-4c05-4819-8754-208cec5f4e2e
W10-50,piece-to-piece,EMBED,P-205-32,,1,PL54,Steel_Undefined,73160f31-3850-47c8-a359-7df5e28c02f9
W10-50,piece-to-piece,ANCHOR,P-205-11,12000LB FORGED ANCHOR,1,PL15.88,A36,e57d32ee-7a18-4bcc-b624-8ca82b1d3fca
W10-50,piece-to-piece,EMBED,P-205-21,,1,PL76.2*12.7,A36,c2762a16-6e3d-45e6-88fa-16e10e99fd05
W10-50,piece-to-piece,EMBED,P-205-31,,1,SPHERE47.625,A36,deb23875-4e71-40d5-96ae-8b992f710038
W10-50,piece-to-piece,EMBED,P-205-32,,1,PL54,Steel_Undefined,d70a588e-7260-439e-be53-a582f625a048
W10-50,piece-to-piece,ANCHOR,P-205-11,12000LB FORGED ANCHOR,1,PL15.88,A36,7ca27669-f114-49f4-988d-64ad10b7fda0
W10-50,piece-to-piece,EMBED,P-205-21,,1,PL76.2*12.7,A36,caba158d-452f-4570-bc15-1f89a813627f
W10-50,piece-to-piece,EMBED,P-205-31,,1,SPHERE47.625,A36,406f49a6-3ab7-47f0-a809-1f6eaa7d4c6d
W10-50,piece-to-piece,EMBED,P-205-32,,1,PL54,Steel_Undefined,a4ced1cf-b4c1-4e29-88be-13d496e06d45
W10-50,piece-to-piece,ANCHOR,P-205-11,12000LB FORGED ANCHOR,1,PL15.88,A36,010adebd-54e9-4ff4-bde8-d7586d5a5282
W10-50,piece-to-piece,EMBED,P-205-21,,1,PL76.2*12.7,A36,b0dc98aa-74fc-41c6-8960-09d4f36d368c
W10-50,piece-to-piece,EMBED,P-205-31,,1,SPHERE47.625,A36,27b4021e-b5cc-4d49-83a8-aa904adfda51
W10-50,piece-to-piece,EMBED,P-205-32,,1,PL54,Steel_Undefined,891d7e72-5326-4957-9a3e-a871fa3ba623
W10-50,piece-to-piece,EMBED,MPX11,V REVEAL LARGE,1,TRIANGLE12.7*12.7,Misc_Undefined,d7e49744-5127-4aa6-81f6-ff6e80eb548c
W10-50,piece-to-piece,INSERT,P-300-11,19Ø INSERT (NC),1,ROD23.813,A36,c4f91208-82b2-4d13-8778-38b20f102750
W10-50,piece-to-piece,EMBED,P-300-21,,1,ROD6.35,A36,07ff5172-d61a-4c15-8239-9548f32c5f47
W10-50,piece-to-piece,INSERT,P-300-11,19Ø INSERT (NC),1,ROD23.813,A36,dd3e9d18-2138-4e3c-af66-5302c447c2a6
W10-50,piece-to-piece,EMBED,P-300-21,,1,ROD6.35,A36,0654fcb5-5ad1-4b0c-b3d2-3bc4863c2d92
W10-50,piece-to-piece,INSERT,P-300-11,19Ø INSERT (NC),1,ROD23.813,A36,dbf1277b-3949-4e53-a8be-f25a1b659054
W10-50,piece-to-piece,EMBED,P-300-21,,1,ROD6.35,A36,6bf9c5c4-5eee-4d3e-924d-f9a8af710143
W10-50,piece-to-piece,GROUT_TUBE,GT75-686,75Ø x 686 GROUT TUBE,1,ROD76,Zero_Density,4f1c279c-ca7f-45ae-bd15-f6003de07e9a
W10-50,piece-to-piece,GROUT_TUBE,GT75-686,75Ø x 686 GROUT TUBE,1,ROD76,Zero_Density,c70919e1-87f6-4fcb-b621-e3c6bdb76c6c
W10-50,piece-to-piece,INSERT,SP15-457-11,15Mx457 WILLIAMS SPL,1,ROD16,400W,0aa9a5eb-f25c-4812-9f47-9ad9910305e6
W10-50,piece-to-piece,INSERT,SP15-457-31,,1,PD52.387*12.7,400W,62921f8d-4c0d-4aca-9983-07948b2ac938
W10-50,piece-to-piece,INSERT,SP15-457-21,,1,ROD26.987,400W,f7612a6e-63ac-4749-9a3d-77a44d9c3620
W10-50,piece-to-piece,INSERT,SP15-457-11,15Mx457 WILLIAMS SPL,1,ROD16,400W,25a89436-b8d3-4366-bef3-92b632473beb
W10-50,piece-to-piece,INSERT,SP15-457-31,,1,PD52.387*12.7,400W,18e64443-f799-4a0c-8f2b-f16138ce96bb
W10-50,piece-to-piece,INSERT,SP15-457-21,,1,ROD26.987,400W,e511aa17-5d2d-4244-ab19-b178b5035ed0
W10-50,piece-to-piece,INSERT,SP15-457-11,15Mx457 WILLIAMS SPL,1,ROD16,400W,da6e8391-bea0-4180-9472-1bdebbce187a
W10-50,piece-to-piece,INSERT,SP15-457-31,,1,PD52.387*12.7,400W,1de9a44a-a9bb-487e-b3f6-f0946fa279ed
W10-50,piece-to-piece,INSERT,SP15-457-21,,1,ROD26.987,400W,bf4e8c54-ff6b-4193-baa9-52a44ca5304b
W10-50,piece-to-piece,INSERT,SP15-457-11,15Mx457 WILLIAMS SPL,1,ROD16,400W,b7bb03b2-1819-454b-ac53-4fbf6fb0bd9d
W10-50,piece-to-piece,INSERT,SP15-457-31,,1,PD52.387*12.7,400W,f7f07178-b40f-4040-a1f8-3c9ac1c73853
W10-50,piece-to-piece,INSERT,SP15-457-21,,1,ROD26.987,400W,7965b890-cfe0-4206-a037-25f35f1b4dfb
W10-50,piece-to-piece,INSERT,SP15-457-11,15Mx457 WILLIAMS SPL,1,ROD16,400W,f5d2bd8a-6ef0-404e-b276-00a09464dc02
W10-50,piece-to-piece,INSERT,SP15-457-31,,1,PD52.387*12.7,400W,5d1ce0b1-033f-47e5-a374-1b7cf4501028
W10-50,piece-to-piece,INSERT,SP15-457-21,,1,ROD26.987,400W,e6dde6cc-6077-45bd-a006-ea1d1403662a
W10-50,piece-to-piece,INSERT,SP15-457-11,15Mx457 WILLIAMS SPL,1,ROD16,400W,49988e2e-4edc-4756-b362-65cf3e7ae0bc
W10-50,piece-to-piece,INSERT,SP15-457-31,,1,PD52.387*12.7,400W,ea8dd69c-2393-4c13-a5a0-729dbb5aeca1
W10-50,piece-to-piece,INSERT,SP15-457-21,,1,ROD26.987,400W,60566aff-91d2-4bff-8d46-b20368edd22b
W10-50,piece-to-piece,INSERT,SP15-457-11,15Mx457 WILLIAMS SPL,1,ROD16,400W,54083497-e0cd-4aae-8e88-d095c36b287d
W10-50,piece-to-piece,INSERT,SP15-457-31,,1,PD52.387*12.7,400W,fb74f5bc-0d8b-4a85-ae92-f5453c65cf0c
W10-50,piece-to-piece,INSERT,SP15-457-21,,1,ROD26.987,400W,99ca4841-adcc-44a4-a17c-f1faee6a3441
W10-50,piece-to-piece,INSERT,SP15-457-11,15Mx457 WILLIAMS SPL,1,ROD16,400W,fb5d34b3-c2eb-4b75-a4f8-961e1ab050f2
W10-50,piece-to-piece,INSERT,SP15-457-31,,1,PD52.387*12.7,400W,8c612b38-c13e-4e49-9b56-f4af3e68599e
W10-50,piece-to-piece,INSERT,SP15-457-21,,1,ROD26.987,400W,277627da-f4a3-4fc4-8b27-98b9ea123ea5
W10-50,piece-to-piece,INSERT,SP15-457-11,15Mx457 WILLIAMS SPL,1,ROD16,400W,ae05cffe-8bca-4372-835a-bb938872c42b
W10-50,piece-to-piece,INSERT,SP15-457-31,,1,PD52.387*12.7,400W,31ac04c1-91e1-47c2-948f-099d1707830e
W10-50,piece-to-piece,INSERT,SP15-457-21,,1,ROD26.987,400W,950ef91c-1389-4834-88c2-7e47152f81be
W10-50,piece-to-piece,GROUT_TUBE,GT75-1219,75Ø x 1219 GROUT TUBE,1,ROD76,Zero_Density,7836a0b9-5c71-46f6-8741-0c68a2808d13
W10-50,piece-to-piece,GROUT_TUBE,GT75-1219,75Ø x 1219 GROUT TUBE,1,ROD76,Zero_Density,b5a52515-bc38-4d1e-86b0-383cc69ba7ad
W10-50,piece-to-piece,GROUT_TUBE,GT75-1219,75Ø x 1219 GROUT TUBE,1,ROD76,Zero_Density,87a8272e-bda0-438e-a3d4-54841ed40f68
W10-50,piece-to-piece,GROUT_TUBE,GT75-1219,75Ø x 1219 GROUT TUBE,1,ROD76,Zero_Density,6f9abc4b-711a-401f-bfdd-963b4789cbcd
W10-50,piece-to-piece,GROUT_TUBE,GT75-1219,75Ø x 1219 GROUT TUBE,1,ROD76,Zero_Density,2b7e48c0-603a-4168-a4e8-4d59402ca04c
W10-50,piece-to-piece,GROUT_TUBE,GT75-1219,75Ø x 1219 GROUT TUBE,1,ROD76,Zero_Density,98aa42b7-b36c-4f8e-b604-1018810a897d
W10-50,piece-to-piece,GROUT_TUBE,GT75-1219,75Ø x 1219 GROUT TUBE,1,ROD76,Zero_Density,e8fe87d7-8ebe-4aa3-b74c-c4df07d3e9fe
W10-50,piece-to-piece,GROUT_TUBE,GT75-1219,75Ø x 1219 GROUT TUBE,1,ROD76,Zero_Density,7f29829a-8ba1-488d-b58c-857b467ca160
W10-50,piece-to-piece,GROUT_TUBE,GT100-1219-11,100Øx1219 GROUT TUBE,1,ROD102,Zero_Density,813de098-0f87-49b7-b13b-abc70d278490
W10-50,piece-to-piece,GROUT_TUBE,GT100-1219-21,,1,ROD110,Zero_Density,ce787350-7c5d-4efa-80f8-37316272affd
W10-50,piece-to-piece,GROUT_TUBE,GT100-1219-31,,1,ROD76,Zero_Density,5399aacd-9536-47d5-a986-1445e0529ef0
W10-50,piece-to-piece,GROUT_TUBE,GT76-254,76Øx254mm G.TUBE,1,ROD76.2,Zero_Density,69803634-7184-4ac7-960a-2ca5034e7d5e
W10-50,piece-to-piece,GROUT_TUBE,GT76-254,76Øx254mm G.TUBE,1,ROD76.2,Zero_Density,0cf235b4-719d-420b-b7fa-be11d1f9687d
W10-50,piece-to-piece,GROUT_TUBE,GT76-254,76Øx254mm G.TUBE,1,ROD76.2,Zero_Density,6f1a26df-f567-4128-ac42-9fd0003eb70b
W10-50,piece-to-piece,GROUT_TUBE,GT76-254,76Øx254mm G.TUBE,1,ROD76.2,Zero_Density,51d4cc2c-eaa7-4929-a21a-bda5e5ba0efa
W10-50,piece-to-piece,GROUT_TUBE,GT76-254,76Øx254mm G.TUBE,1,ROD76.2,Zero_Density,e6895dc9-626c-4f22-96dd-b6be76e96d78
W10-50,piece-to-piece,GROUT_TUBE,GT76-254,76Øx254mm G.TUBE,1,ROD76.2,Zero_Density,9829654a-5100-4282-b4d8-4d396d8f31fd
W10-50,piece-to-piece,CONDUIT,CNDT37,19MM CONDUIT,1,ROD19,Zero_Density,4a30435b-18cb-4691-9395-e2a6de3823ce
W10-50,piece-to-piece,PLATE,EB-S-PL1,Single Plastic Electr,1,160*50.8,Zero_Density,5ec84b14-57fe-422e-9c27-2eaf54e7069c
W10-50,piece-to-piece,EMBED,P-602-11,13PL. W/STUD,1,PL101.6*12.7,A572-GR.50,977f74bb-977a-436a-aec8-b2541b004fca
W10-50,piece-to-piece,EMBED,P-602-21,,1,STUD_1/2-DIA,A108-C1010-1020,ecacfcab-fb92-4641-8676-e15cd3f0c202
W10-50,piece-to-piece,INSERT,P-300-11,19Ø INSERT (NC),1,ROD23.813,A36,85f82e18-0fe5-4756-b03b-ab87d8069c9f
W10-50,piece-to-piece,EMBED,P-300-21,,1,ROD6.35,A36,cd686fdf-b505-4126-a14f-fe76e62c889e
W10-50,piece-to-piece,INSERT,P-300-11,19Ø INSERT (NC),1,ROD23.813,A36,d390c44a-da55-40e7-9eab-d345b1095a54
W10-50,piece-to-piece,EMBED,P-300-21,,1,ROD6.35,A36,2c3ede8d-c16c-42c2-90d3-6ef4328d0b05
W10-50,piece-to-piece,ANCHOR,P-205-11,12000LB FORGED ANCHOR,1,PL15.88,A36,59e60965-a372-4372-8ab9-850460f3e95e
W10-50,piece-to-piece,EMBED,P-205-21,,1,PL76.2*12.7,A36,6a92132f-94e3-408a-bc31-8e2cf7d4bfc2
W10-50,piece-to-piece,EMBED,P-205-31,,1,SPHERE47.625,A36,07a22de8-4c05-4819-8754-208cec5f4e2e
W10-50,piece-to-piece,EMBED,P-205-32,,1,PL54,Steel_Undefined,73160f31-3850-47c8-a359-7df5e28c02f9
W10-50,piece-to-piece,ANCHOR,P-205-11,12000LB FORGED ANCHOR,1,PL15.88,A36,e57d32ee-7a18-4bcc-b624-8ca82b1d3fca
W10-50,piece-to-piece,EMBED,P-205-21,,1,PL76.2*12.7,A36,c2762a16-6e3d-45e6-88fa-16e10e99fd05
W10-50,piece-to-piece,EMBED,P-205-31,,1,SPHERE47.625,A36,deb23875-4e71-40d5-96ae-8b992f710038
W10-50,piece-to-piece,EMBED,P-205-32,,1,PL54,Steel_Undefined,d70a588e-7260-439e-be53-a582f625a048
W10-50,piece-to-piece,ANCHOR,P-205-11,12000LB FORGED ANCHOR,1,PL15.88,A36,7ca27669-f114-49f4-988d-64ad10b7fda0
W10-50,piece-to-piece,EMBED,P-205-21,,1,PL76.2*12.7,A36,caba158d-452f-4570-bc15-1f89a813627f
W10-50,piece-to-piece,EMBED,P-205-31,,1,SPHERE47.625,A36,406f49a6-3ab7-47f0-a809-1f6eaa7d4c6d
W10-50,piece-to-piece,EMBED,P-205-32,,1,PL54,Steel_Undefined,a4ced1cf-b4c1-4e29-88be-13d496e06d45
W10-50,piece-to-piece,ANCHOR,P-205-11,12000LB FORGED ANCHOR,1,PL15.88,A36,010adebd-54e9-4ff4-bde8-d7586d5a5282
W10-50,piece-to-piece,EMBED,P-205-21,,1,PL76.2*12.7,A36,b0dc98aa-74fc-41c6-8960-09d4f36d368c
W10-50,piece-to-piece,EMBED,P-205-31,,1,SPHERE47.625,A36,27b4021e-b5cc-4d49-83a8-aa904adfda51
W10-50,piece-to-piece,EMBED,P-205-32,,1,PL54,Steel_Undefined,891d7e72-5326-4957-9a3e-a871fa3ba623
W10-34,piece-to-piece,EMBED,MPX3,V REVEAL LARGE,1,TRIANGLE12.7*12.7,Misc_Undefined,d2f186c6-7582-4456-ade3-1131f9fff0ac
W10-34,piece-to-piece,GROUT_TUBE,GT100-686-11,100Øx686 GROUT TUBE,1,ROD102,Zero_Density,d07345a0-4bc6-4f38-bd60-acbe3d83e311
W10-34,piece-to-piece,GROUT_TUBE,GT100-686-21,,1,ROD110,Zero_Density,34cfa7a5-a189-42c0-8cb8-c8f93501fa40
W10-34,piece-to-piece,GROUT_TUBE,GT100-686-31,,1,ROD76,Zero_Density,d53a5c36-4dd9-4439-94ef-2c2d19ecbb59
W10-34,piece-to-piece,GROUT_TUBE,GT100-1219-11,100Øx1219 GROUT TUBE,1,ROD102,Zero_Density,e2270bf4-05ed-41be-83a0-764903babe03
W10-34,piece-to-piece,GROUT_TUBE,GT100-1219-21,,1,ROD110,Zero_Density,fd52a933-ba08-4d63-9560-4ccd36316953
W10-34,piece-to-piece,GROUT_TUBE,GT100-1219-31,,1,ROD76,Zero_Density,7c914fd4-897b-4d98-9ab2-56b0cdef9709
W10-34,piece-to-piece,INSERT,P-300-11,19Ø INSERT (NC),1,ROD23.813,A36,57b17aa7-e2e8-4847-96c3-7d0313f123fe
W10-34,piece-to-piece,EMBED,P-300-21,,1,ROD6.35,A36,0c2833a1-1564-4472-891e-adf0aa5cb3e5
W10-34,piece-to-piece,GROUT_TUBE,GT100-1219-11,100Øx1219 GROUT TUBE,1,ROD102,Zero_Density,85d3a7fc-e7c0-40ca-b9da-ad5d1f002737
W10-34,piece-to-piece,GROUT_TUBE,GT100-1219-21,,1,ROD110,Zero_Density,d2917d9f-6ca6-4fbc-b923-7bf6ea9450fa
W10-34,piece-to-piece,GROUT_TUBE,GT100-1219-31,,1,ROD76,Zero_Density,14c04930-7f07-4d52-a019-212a6db259b4
W10-34,piece-to-piece,INSERT,SP25-1067-11,SP25Mx1067 WILLIAMS S,1,ROD25.4,A706-GR.60,3ff01528-e421-4569-bc00-1e6c915eec29
W10-34,piece-to-piece,EMBED,SP25-1067-31,,1,PD66.675*15.875,A706-GR.60,753ab8eb-5c22-4418-9d43-d26b9a00a304
W10-34,piece-to-piece,EMBED,SP25-1067-21,,1,ROD41.275,A706-GR.60,e9452b8c-26e5-493e-9940-deac04a10424
W10-34,piece-to-piece,INSERT,SP25-1067-11,SP25Mx1067 WILLIAMS S,1,ROD25.4,A706-GR.60,048a6d44-f1d0-4cd7-9a59-f4c4c23989dc
W10-34,piece-to-piece,EMBED,SP25-1067-31,,1,PD66.675*15.875,A706-GR.60,26396999-8ca6-4823-8056-33992e5cab1e
W10-34,piece-to-piece,EMBED,SP25-1067-21,,1,ROD41.275,A706-GR.60,f448d809-7e0f-4d2f-b148-87b44151bfe2
W10-34,piece-to-piece,INSERT,SP25-1067-11,SP25Mx1067 WILLIAMS S,1,ROD25.4,A706-GR.60,0d09a7e3-0c96-4b44-b523-fbd6e5c8780c
W10-34,piece-to-piece,EMBED,SP25-1067-31,,1,PD66.675*15.875,A706-GR.60,5dd32fb2-2e60-4ae8-9700-ca361adb0bd2
W10-34,piece-to-piece,EMBED,SP25-1067-21,,1,ROD41.275,A706-GR.60,ee1b75a8-85ff-46dd-ab51-0528178dc2f6
W10-34,piece-to-piece,INSERT,SP25-1067-11,SP25Mx1067 WILLIAMS S,1,ROD25.4,A706-GR.60,9422cc06-a2fa-405b-b18c-793f2441dd72
W10-34,piece-to-piece,EMBED,SP25-1067-31,,1,PD66.675*15.875,A706-GR.60,be9d271a-3026-48cd-96b6-33e5557e0a21
W10-34,piece-to-piece,EMBED,SP25-1067-21,,1,ROD41.275,A706-GR.60,68c68678-cd23-46c0-87eb-f64b82d83b14
W10-34,piece-to-piece,INSERT,SP25-1067-11,SP25Mx1067 WILLIAMS S,1,ROD25.4,A706-GR.60,fc9b8e0a-07b9-4d27-9134-b460fe0eef47
W10-34,piece-to-piece,EMBED,SP25-1067-31,,1,PD66.675*15.875,A706-GR.60,4db2c04a-bd50-49e4-bdb4-cadc97c9c774
W10-34,piece-to-piece,EMBED,SP25-1067-21,,1,ROD41.275,A706-GR.60,206732a3-96b5-4fd8-ab92-f8d4168c4da1
W10-34,piece-to-piece,INSERT,SP15-457-11,15Mx457 WILLIAMS SPL,1,ROD16,400W,9ff35318-0821-45eb-9287-16a21231425c
W10-34,piece-to-piece,INSERT,SP15-457-31,,1,PD52.387*12.7,400W,864f1933-110c-4042-97f3-3ddd68392b8d
W10-34,piece-to-piece,INSERT,SP15-457-21,,1,ROD26.987,400W,4c0cc33e-bbc8-4f54-8580-f65b6ef6ad53
W10-34,piece-to-piece,INSERT,SP15-457-11,15Mx457 WILLIAMS SPL,1,ROD16,400W,5496e5a3-1f06-4413-8617-02ecd6cedc66
W10-34,piece-to-piece,INSERT,SP15-457-31,,1,PD52.387*12.7,400W,d7b1ca6a-8ac5-4357-af1f-42080e9a238f
W10-34,piece-to-piece,INSERT,SP15-457-21,,1,ROD26.987,400W,54e0b574-8c02-4b13-a339-345763bf5c0a
W10-34,piece-to-piece,GROUT_TUBE,GT100-1219-11,100Øx1219 GROUT TUBE,1,ROD102,Zero_Density,bd88632b-a617-41fd-97eb-afb5169d9d7b
W10-34,piece-to-piece,GROUT_TUBE,GT100-1219-21,,1,ROD110,Zero_Density,99b299aa-b10a-44dd-8042-f734eb5e0767
W10-34,piece-to-piece,GROUT_TUBE,GT100-1219-31,,1,ROD76,Zero_Density,a7ccd0dd-9c2c-4586-be65-738a439fdc67
W10-34,piece-to-piece,INSERT,SP25-1067-11,SP25Mx1067 WILLIAMS S,1,ROD25.4,A706-GR.60,1c1ea166-4abb-40b6-b47a-4ce9cd539ffa
W10-34,piece-to-piece,EMBED,SP25-1067-31,,1,PD66.675*15.875,A706-GR.60,04983ebf-7fa7-48f7-ae3a-53161454d061
W10-34,piece-to-piece,EMBED,SP25-1067-21,,1,ROD41.275,A706-GR.60,7cb18834-1b39-481b-95a0-f23064dd10d1
W10-34,piece-to-piece,INSERT,SP25-1067-11,SP25Mx1067 WILLIAMS S,1,ROD25.4,A706-GR.60,cb95553d-2013-4a8d-b3a3-b3ef64bc4eed
W10-34,piece-to-piece,EMBED,SP25-1067-31,,1,PD66.675*15.875,A706-GR.60,5f76fde9-d349-4268-a248-e0423b86bc2a
W10-34,piece-to-piece,EMBED,SP25-1067-21,,1,ROD41.275,A706-GR.60,52886025-5b9c-428c-80c6-64ff66a84403
W10-34,piece-to-piece,INSERT,SP25-1067-11,SP25Mx1067 WILLIAMS S,1,ROD25.4,A706-GR.60,41e10b96-29f8-4e84-8d69-a2a52d0b4ce9
W10-34,piece-to-piece,EMBED,SP25-1067-31,,1,PD66.675*15.875,A706-GR.60,d4541335-2424-4908-ad8d-3f02a9028b4c
W10-34,piece-to-piece,EMBED,SP25-1067-21,,1,ROD41.275,A706-GR.60,8671ff5f-d600-426a-bd7f-1412609133a7
W10-34,piece-to-piece,INSERT,SP30-1219-11,30Mx1219 WILLIAMS SPL,1,ROD30.16,A706-GR.60,ff3671dc-e5d3-4f28-9b3d-b1417bd9a89c
W10-34,piece-to-piece,EMBED,SP30-1219-31,,1,PD71.438*19.05,A706-GR.60,5f3ad31d-9b0c-49a8-b83e-250047f1d113
W10-34,piece-to-piece,EMBED,SP30-1219-21,,1,ROD44.45,A706-GR.60,9e835768-2f9d-40df-b960-0933e4c8e7cd
W10-34,piece-to-piece,INSERT,P-300-11,19Ø INSERT (NC),1,ROD23.813,A36,c7c7d036-c89f-41ec-b977-d8ce365f8655
W10-34,piece-to-piece,EMBED,P-300-21,,1,ROD6.35,A36,619020e7-d4ff-4f89-84da-3c07eb6277b6
W10-34,piece-to-piece,INSERT,P-300-11,19Ø INSERT (NC),1,ROD23.813,A36,28e0d9d2-9994-49e2-83f1-f9e9d4f29dfb
W10-34,piece-to-piece,EMBED,P-300-21,,1,ROD6.35,A36,cbc51dbb-6abd-4acc-93e1-2ac8f96571de
W10-34,piece-to-piece,GROUT_TUBE,GT100-1219-11,100Øx1219 GROUT TUBE,1,ROD102,Zero_Density,06f5c01f-f23d-496b-af1b-b3689ddcdc8f
W10-34,piece-to-piece,GROUT_TUBE,GT100-1219-21,,1,ROD110,Zero_Density,00c8d3b5-95d7-448d-a620-53d79e953c90
W10-34,piece-to-piece,GROUT_TUBE,GT100-1219-31,,1,ROD76,Zero_Density,543f1fdf-8912-4153-bf31-f7dafe2aaad9
W10-34,piece-to-piece,GROUT_TUBE,GT100-1219-11,100Øx1219 GROUT TUBE,1,ROD102,Zero_Density,de07bccc-42c9-43ce-a075-fcccd406d097
W10-34,piece-to-piece,GROUT_TUBE,GT100-1219-21,,1,ROD110,Zero_Density,dc6430ea-5fff-4a3d-a06e-4d36b377f13c
W10-34,piece-to-piece,GROUT_TUBE,GT100-1219-31,,1,ROD76,Zero_Density,48526ef2-8315-455a-91a7-0ba000f2e76a
W10-34,piece-to-piece,GROUT_TUBE,GT100-1219-11,100Øx1219 GROUT TUBE,1,ROD102,Zero_Density,aa14f0aa-40c6-4357-9278-fbd049386d6d
W10-34,piece-to-piece,GROUT_TUBE,GT100-1219-21,,1,ROD110,Zero_Density,dda5837c-5b1b-49db-9c8f-e3fa4eddd6b0
W10-34,piece-to-piece,GROUT_TUBE,GT100-1219-31,,1,ROD76,Zero_Density,8745e079-1799-4e47-b400-8e8d8ca3e494
W10-34,piece-to-piece,GROUT_TUBE,GT100-1219-11,100Øx1219 GROUT TUBE,1,ROD102,Zero_Density,be332289-c3b2-4759-bc7a-77ae6d9924da
W10-34,piece-to-piece,GROUT_TUBE,GT100-1219-21,,1,ROD110,Zero_Density,04af4d0b-bf4e-4a09-9675-732bb064a98e
W10-34,piece-to-piece,GROUT_TUBE,GT100-1219-31,,1,ROD76,Zero_Density,8cec998b-9a6c-46ec-96ec-f06f5fa9ad06
W10-34,piece-to-piece,GROUT_TUBE,GT100-1219-11,100Øx1219 GROUT TUBE,1,ROD102,Zero_Density,261687c5-96b4-435d-a75d-2f0db20d2d5a
W10-34,piece-to-piece,GROUT_TUBE,GT100-1219-21,,1,ROD110,Zero_Density,30bf01e8-be95-4b8b-be36-2570433c0fe4
W10-34,piece-to-piece,GROUT_TUBE,GT100-1219-31,,1,ROD76,Zero_Density,6472d2d6-17b0-443e-ae22-ae6abf60c3ce
W10-34,piece-to-piece,GROUT_TUBE,GT100-1219-11,100Øx1219 GROUT TUBE,1,ROD102,Zero_Density,a1d800d0-32c3-4ff0-94a0-facb740e869f
W10-34,piece-to-piece,GROUT_TUBE,GT100-1219-21,,1,ROD110,Zero_Density,7f193df6-aa76-4937-bbc9-3a4cc919b99c
W10-34,piece-to-piece,GROUT_TUBE,GT100-1219-31,,1,ROD76,Zero_Density,07426979-eb14-4b14-9efa-ab2325b3a042
W10-34,piece-to-piece,GROUT_TUBE,GT100-686-11,100Øx686 GROUT TUBE,1,ROD102,Zero_Density,50569e5b-8dbc-4a24-b8f9-ff2e0e658555
W10-34,piece-to-piece,GROUT_TUBE,GT100-686-21,,1,ROD110,Zero_Density,4bb4e9b4-40ab-4c98-8a3e-ee3812423a3d
W10-34,piece-to-piece,GROUT_TUBE,GT100-686-31,,1,ROD76,Zero_Density,463a3693-cea7-4ce7-adc1-79150b9add1a
W10-34,piece-to-piece,INSERT,P-300-11,19Ø INSERT (NC),1,ROD23.813,A36,56e58ebd-0d96-4dc0-999b-74e2c771672e
W10-34,piece-to-piece,EMBED,P-300-21,,1,ROD6.35,A36,48ae0088-3f04-490c-b312-b731f1f89b2d
W10-34,piece-to-piece,INSERT,P-300-11,19Ø INSERT (NC),1,ROD23.813,A36,ca6402b9-1d98-452c-a1d0-3a3afa635cf5
W10-34,piece-to-piece,EMBED,P-300-21,,1,ROD6.35,A36,c850094a-ff9c-4e2d-83c0-b58ccfd2b516
W10-34,piece-to-piece,ANCHOR,P-205-11,12000LB FORGED ANCHOR,1,PL15.88,A36,e335e868-0a04-43ad-9719-e5e8f595f5ee
W10-34,piece-to-piece,EMBED,P-205-21,,1,PL76.2*12.7,A36,2a3a8089-f5e0-47d2-aefd-1c7dc50e625f
W10-34,piece-to-piece,EMBED,P-205-31,,1,SPHERE47.625,A36,540cce8d-5262-4462-a651-1679e525cf27
W10-34,piece-to-piece,EMBED,P-205-32,,1,PL54,Steel_Undefined,c0d19cf0-c6bb-4b74-8468-933bc6bb9dd0
W10-34,piece-to-piece,ANCHOR,P-205-11,12000LB FORGED ANCHOR,1,PL15.88,A36,e7bc31aa-fb4b-43b9-b1f5-f850d4a84844
W10-34,piece-to-piece,EMBED,P-205-21,,1,PL76.2*12.7,A36,8bb12c3b-8dde-42be-8295-77c47f942ac1
W10-34,piece-to-piece,EMBED,P-205-31,,1,SPHERE47.625,A36,3e7d3aa3-5a31-4eba-89df-d499b52dd7b7
W10-34,piece-to-piece,EMBED,P-205-32,,1,PL54,Steel_Undefined,7eac700d-592a-4c1c-a539-51f2ac948925
W10-34,piece-to-piece,ANCHOR,P-205-11,12000LB FORGED ANCHOR,1,PL15.88,A36,67376780-9141-48c5-9486-273c7d3c2aa6
W10-34,piece-to-piece,EMBED,P-205-21,,1,PL76.2*12.7,A36,a8d278a8-ca31-448e-b417-1ae1ea036080
W10-34,piece-to-piece,EMBED,P-205-31,,1,SPHERE47.625,A36,14a7d3be-0071-446e-8919-5d926d12926f
W10-34,piece-to-piece,EMBED,P-205-32,,1,PL54,Steel_Undefined,71dd5573-e6f8-4c64-a76a-89dbf4a59b8a
W10-34,piece-to-piece,ANCHOR,P-205-11,12000LB FORGED ANCHOR,1,PL15.88,A36,647ca6a5-ce0d-45eb-9635-9f8a81f8ce3d
W10-34,piece-to-piece,EMBED,P-205-21,,1,PL76.2*12.7,A36,c5330351-b6d1-4e82-b430-119852c38b85
W10-34,piece-to-piece,EMBED,P-205-31,,1,SPHERE47.625,A36,72dd61c9-7d0f-4d4f-954d-95ef046e2698
W10-34,piece-to-piece,EMBED,P-205-32,,1,PL54,Steel_Undefined,8aabd694-b91c-4d45-92a6-e2332e395770
W10-34,piece-to-piece,GROUT_TUBE,GT76-254,76Øx254mm G.TUBE,1,ROD76.2,Zero_Density,75d3bca1-f36b-48a2-b2ee-e2529537a3a7
W10-34,piece-to-piece,GROUT_TUBE,GT76-254,76Øx254mm G.TUBE,1,ROD76.2,Zero_Density,18bf3b29-79d3-477b-9525-5724d5bd978b
W10-67,piece-to-piece,EMBED,MPX11,V REVEAL LARGE,1,TRIANGLE12.7*12.7,Misc_Undefined,d07187f7-a100-4272-b8e2-078deade0de8
W10-67,piece-to-piece,INSERT,P-300-11,19Ø INSERT (NC),1,ROD23.813,A36,5d72b022-42ec-469d-a2ef-a0ae095e4db2
W10-67,piece-to-piece,EMBED,P-300-21,,1,ROD6.35,A36,bae869b1-c463-455e-abe8-12b1f8c83eae
W10-67,piece-to-piece,INSERT,P-300-11,19Ø INSERT (NC),1,ROD23.813,A36,6a0d3cdd-ba8f-490c-9225-95c3e71b6888
W10-67,piece-to-piece,EMBED,P-300-21,,1,ROD6.35,A36,985d2074-5060-4bd7-b846-b2fb5db67b15
W10-67,piece-to-piece,INSERT,P-300-11,19Ø INSERT (NC),1,ROD23.813,A36,317a4b02-8886-4f1b-b20b-e96e720a17d0
W10-67,piece-to-piece,EMBED,P-300-21,,1,ROD6.35,A36,f653a607-11f3-450f-91a1-d71d80ff4564
W10-67,piece-to-piece,GROUT_TUBE,GT75-686,75Ø x 686 GROUT TUBE,1,ROD76,Zero_Density,28ba2625-eed0-468c-9847-70483d22614a
W10-67,piece-to-piece,GROUT_TUBE,GT75-686,75Ø x 686 GROUT TUBE,1,ROD76,Zero_Density,48982e26-bf2f-4fdc-8ae8-78be012791a5
W10-67,piece-to-piece,INSERT,SP15-457-11,15Mx457 WILLIAMS SPL,1,ROD16,400W,ec414f87-c6a7-444e-a0ef-ffd04bde58b5
W10-67,piece-to-piece,INSERT,SP15-457-31,,1,PD52.387*12.7,400W,88aa84e9-09d1-473f-b243-4deda0c13056
W10-67,piece-to-piece,INSERT,SP15-457-21,,1,ROD26.987,400W,5c84faf2-14cb-4ca4-8e09-0ca003de6cd4
W10-67,piece-to-piece,INSERT,SP15-457-11,15Mx457 WILLIAMS SPL,1,ROD16,400W,e1aef6fd-c223-4354-895b-8883fab80292
W10-67,piece-to-piece,INSERT,SP15-457-31,,1,PD52.387*12.7,400W,954b8b64-c746-4a34-93fd-01625dcd5aea
W10-67,piece-to-piece,INSERT,SP15-457-21,,1,ROD26.987,400W,7235d5ba-3d29-4ec5-924f-35a58c2a6b89
W10-67,piece-to-piece,GROUT_TUBE,GT75-1219,75Ø x 1219 GROUT TUBE,1,ROD76,Zero_Density,aeb40017-19a8-4057-8209-ce5c92663363
W10-67,piece-to-piece,GROUT_TUBE,GT75-1219,75Ø x 1219 GROUT TUBE,1,ROD76,Zero_Density,9fcddabd-2324-4464-8df8-c2f51e6984d8
W10-67,piece-to-piece,GROUT_TUBE,GT75-1219,75Ø x 1219 GROUT TUBE,1,ROD76,Zero_Density,2851899a-b042-4bc0-9d5d-3704b7500b2c
W10-67,piece-to-piece,GROUT_TUBE,GT75-1219,75Ø x 1219 GROUT TUBE,1,ROD76,Zero_Density,6da990ed-a48a-499d-b39b-0ac2290cc389
W10-67,piece-to-piece,GROUT_TUBE,GT75-1219,75Ø x 1219 GROUT TUBE,1,ROD76,Zero_Density,15a1d4a0-ce54-4ab6-b7ea-1c6660d4b0d3
W10-67,piece-to-piece,GROUT_TUBE,GT75-1219,75Ø x 1219 GROUT TUBE,1,ROD76,Zero_Density,33110cd3-f3c6-4088-9560-d22a496aea16
W10-67,piece-to-piece,GROUT_TUBE,GT75-1219,75Ø x 1219 GROUT TUBE,1,ROD76,Zero_Density,e00853d8-d7f2-4d3c-97a0-0d636d1fa855
W10-67,piece-to-piece,GROUT_TUBE,GT75-1219,75Ø x 1219 GROUT TUBE,1,ROD76,Zero_Density,68fa812e-bfdd-4acb-9ed6-1693feac19fa
W10-67,piece-to-piece,GROUT_TUBE,GT100-1219-11,100Øx1219 GROUT TUBE,1,ROD102,Zero_Density,04479b0c-b1e1-4f5e-ab56-0704d8578b0b
W10-67,piece-to-piece,GROUT_TUBE,GT100-1219-21,,1,ROD110,Zero_Density,f78a8525-a3b2-4f02-810a-6c5d15ebd927
W10-67,piece-to-piece,GROUT_TUBE,GT100-1219-31,,1,ROD76,Zero_Density,968ff2cb-87bb-482f-953b-ed2cd2ab5af6
W10-67,piece-to-piece,INSERT,SP25-1067-11,SP25Mx1067 WILLIAMS S,1,ROD25.4,A706-GR.60,24aa0394-6f84-4158-b6f3-abc29aeb3ee5
W10-67,piece-to-piece,EMBED,SP25-1067-31,,1,PD66.675*15.875,A706-GR.60,e5473959-ad6a-437f-a1c0-4ac0c0874f0e
W10-67,piece-to-piece,EMBED,SP25-1067-21,,1,ROD41.275,A706-GR.60,d0d19829-150e-4de1-898c-1698cc05c306
W10-67,piece-to-piece,INSERT,SP25-1067-11,SP25Mx1067 WILLIAMS S,1,ROD25.4,A706-GR.60,b277c5da-d07f-49df-8c6e-ea10c8bc309a
W10-67,piece-to-piece,EMBED,SP25-1067-31,,1,PD66.675*15.875,A706-GR.60,064f75ff-5309-4282-8b3b-8373dacef5d6
W10-67,piece-to-piece,EMBED,SP25-1067-21,,1,ROD41.275,A706-GR.60,595bb608-f1cc-4c5d-866e-d92b2a72d669
W10-67,piece-to-piece,INSERT,SP25-1067-11,SP25Mx1067 WILLIAMS S,1,ROD25.4,A706-GR.60,89acd80b-f8cc-47c4-9b0d-ebbee71289f1
W10-67,piece-to-piece,EMBED,SP25-1067-31,,1,PD66.675*15.875,A706-GR.60,c53c3464-18f9-49f1-a578-891ff7e90e88
W10-67,piece-to-piece,EMBED,SP25-1067-21,,1,ROD41.275,A706-GR.60,84c842fd-3478-461a-837e-4b6e89df5a28
W10-67,piece-to-piece,INSERT,SP25-1067-11,SP25Mx1067 WILLIAMS S,1,ROD25.4,A706-GR.60,2edb9594-925e-4851-be73-52f583038b2c
W10-67,piece-to-piece,EMBED,SP25-1067-31,,1,PD66.675*15.875,A706-GR.60,bf670f8e-5e32-4164-bd47-015a4fa8eac3
W10-67,piece-to-piece,EMBED,SP25-1067-21,,1,ROD41.275,A706-GR.60,0931a627-bd2a-4d7e-a1d4-feaae4f518ef
W10-67,piece-to-piece,INSERT,SP25-1067-11,SP25Mx1067 WILLIAMS S,1,ROD25.4,A706-GR.60,8ce79183-d9a5-4e75-8d0b-797b11167991
W10-67,piece-to-piece,EMBED,SP25-1067-31,,1,PD66.675*15.875,A706-GR.60,d888138c-c0fb-449c-abf6-2f02860bcebc
W10-67,piece-to-piece,EMBED,SP25-1067-21,,1,ROD41.275,A706-GR.60,1a4000ca-cc41-4cff-b2e0-2dd791f68e17
W10-67,piece-to-piece,INSERT,SP25-1067-11,SP25Mx1067 WILLIAMS S,1,ROD25.4,A706-GR.60,d5a14590-ac33-4664-ac33-44455d09d0f6
W10-67,piece-to-piece,EMBED,SP25-1067-31,,1,PD66.675*15.875,A706-GR.60,4f198f39-02f1-47d3-964a-5fb43201307d
W10-67,piece-to-piece,EMBED,SP25-1067-21,,1,ROD41.275,A706-GR.60,7c1483cb-e38c-4a13-ab2d-55a51c5a12c5
W10-67,piece-to-piece,INSERT,SP25-1067-11,SP25Mx1067 WILLIAMS S,1,ROD25.4,A706-GR.60,87fb1861-44ff-451b-b87a-a94d37c62f28
W10-67,piece-to-piece,EMBED,SP25-1067-31,,1,PD66.675*15.875,A706-GR.60,34ca9bd0-7c93-4b1f-bae6-e91a54c7e9df
W10-67,piece-to-piece,EMBED,SP25-1067-21,,1,ROD41.275,A706-GR.60,de130d16-c1fb-4840-b8c2-a3b0af2e3b09
W10-67,piece-to-piece,INSERT,SP25-1067-11,SP25Mx1067 WILLIAMS S,1,ROD25.4,A706-GR.60,3ff9ff4c-b9bf-408c-97ec-80536113309d
W10-67,piece-to-piece,EMBED,SP25-1067-31,,1,PD66.675*15.875,A706-GR.60,9f28b1ca-6202-485a-aec2-be44e8bc72e4
W10-67,piece-to-piece,EMBED,SP25-1067-21,,1,ROD41.275,A706-GR.60,af35a956-4886-4aa6-aab2-2c56f4c466e6
W10-67,piece-to-piece,INSERT,SP30-1219-11,30Mx1219 WILLIAMS SPL,1,ROD30.16,A706-GR.60,9c624f47-01f8-47aa-9b59-cd3025b82168
W10-67,piece-to-piece,EMBED,SP30-1219-31,,1,PD71.438*19.05,A706-GR.60,7ab7d13b-771b-47c1-93ad-863ed7b757a9
W10-67,piece-to-piece,EMBED,SP30-1219-21,,1,ROD44.45,A706-GR.60,aa86070a-d8fd-462a-af96-ecdf3a470691
W10-67,piece-to-piece,GROUT_TUBE,GT76-254,76Øx254mm G.TUBE,1,ROD76.2,Zero_Density,c25bc895-8491-467f-a10a-72c88e46a670
W10-67,piece-to-piece,GROUT_TUBE,GT76-254,76Øx254mm G.TUBE,1,ROD76.2,Zero_Density,197aaf6b-b0a5-4dc0-9248-7022bd519b4d
W10-67,piece-to-piece,GROUT_TUBE,GT76-254,76Øx254mm G.TUBE,1,ROD76.2,Zero_Density,7e0a02f8-cc2f-4268-976f-a704001144b3
W10-67,piece-to-piece,GROUT_TUBE,GT76-254,76Øx254mm G.TUBE,1,ROD76.2,Zero_Density,9f20a69b-0105-4718-8307-974c19187b35
W10-67,piece-to-piece,GROUT_TUBE,GT76-254,76Øx254mm G.TUBE,1,ROD76.2,Zero_Density,f15ba94c-1c46-46c6-88b7-dc7485724a81
W10-67,piece-to-piece,GROUT_TUBE,GT76-254,76Øx254mm G.TUBE,1,ROD76.2,Zero_Density,66d3656f-cf52-4804-a3e1-6f60935e6e94
W10-67,piece-to-piece,CONDUIT,CNDT37,19MM CONDUIT,1,ROD19,Zero_Density,d2e4e0bb-1513-417f-8ccd-790f97cf9354
W10-67,piece-to-piece,PLATE,EB-S-PL1,Single Plastic Electr,1,160*50.8,Zero_Density,ceb23fbb-5c50-4baf-a6dc-3f6fdd2fe0a2
W10-67,piece-to-piece,EMBED,P-602-11,13PL. W/STUD,1,PL101.6*12.7,A572-GR.50,24d12828-c5fc-4747-83c1-9a3ad039635f
W10-67,piece-to-piece,EMBED,P-602-21,,1,STUD_1/2-DIA,A108-C1010-1020,22b26b29-c102-4bca-bbc3-3d9ccf9125fe
W10-67,piece-to-piece,INSERT,P-300-11,19Ø INSERT (NC),1,ROD23.813,A36,8b67687b-9d05-43d9-89dd-003962f24107
W10-67,piece-to-piece,EMBED,P-300-21,,1,ROD6.35,A36,0e1edce1-be46-4002-8903-c64c57b047c2
W10-67,piece-to-piece,INSERT,P-300-11,19Ø INSERT (NC),1,ROD23.813,A36,66fce9c7-39e8-42e9-831d-b284dc8b2ac8
W10-67,piece-to-piece,EMBED,P-300-21,,1,ROD6.35,A36,9b9ce7e0-b4ed-46aa-aea4-168be442d379
W10-67,piece-to-piece,ANCHOR,P-205-11,12000LB FORGED ANCHOR,1,PL15.88,A36,8bd12415-caa8-47e1-b8a2-09516e32fd37
W10-67,piece-to-piece,EMBED,P-205-21,,1,PL76.2*12.7,A36,6b59c8a4-a658-4c25-ab81-6930874f8687
W10-67,piece-to-piece,EMBED,P-205-31,,1,SPHERE47.625,A36,6e1d070a-da2d-45d2-bc25-670779ae585a
W10-67,piece-to-piece,EMBED,P-205-32,,1,PL54,Steel_Undefined,a14d1f27-e79a-4eb8-a671-560b3b3d245f
W10-67,piece-to-piece,ANCHOR,P-205-11,12000LB FORGED ANCHOR,1,PL15.88,A36,9ad1e266-2738-43a9-ae46-cfb34de037ec
W10-67,piece-to-piece,EMBED,P-205-21,,1,PL76.2*12.7,A36,cb1226bb-8469-4bb9-9520-26b485ef65d4
W10-67,piece-to-piece,EMBED,P-205-31,,1,SPHERE47.625,A36,2c2ec512-5915-48b9-881d-4d4daa179b7f
W10-67,piece-to-piece,EMBED,P-205-32,,1,PL54,Steel_Undefined,3d32102a-dce6-4514-839b-4162ee50f707
W10-67,piece-to-piece,ANCHOR,P-205-11,12000LB FORGED ANCHOR,1,PL15.88,A36,e15ad556-60f0-44eb-af2c-6c5a277a5f3c
W10-67,piece-to-piece,EMBED,P-205-21,,1,PL76.2*12.7,A36,a7e388b4-f2b9-4f24-ab4e-6f836b1cccfc
W10-67,piece-to-piece,EMBED,P-205-31,,1,SPHERE47.625,A36,a81f0736-f9f7-4c19-81f5-5aa329287c91
W10-67,piece-to-piece,EMBED,P-205-32,,1,PL54,Steel_Undefined,68fe2832-4aa9-43df-b1bd-a5744e386149
W10-67,piece-to-piece,ANCHOR,P-205-11,12000LB FORGED ANCHOR,1,PL15.88,A36,78007668-05e0-4acb-942e-b2f9735677bb
W10-67,piece-to-piece,EMBED,P-205-21,,1,PL76.2*12.7,A36,8da4ee5b-a77a-4df5-bab8-55ab11a6c6ee
W10-67,piece-to-piece,EMBED,P-205-31,,1,SPHERE47.625,A36,5075210e-4375-41c4-af67-055b733dba98
W10-67,piece-to-piece,EMBED,P-205-32,,1,PL54,Steel_Undefined,749debd5-fc75-4696-b5e2-f42d1d67e6e6
P6-19,piece-to-piece,INSERT,P-300-11,19Ø INSERT (NC),1,ROD23.813,A36,7611bc21-907f-4531-81e7-e14c1514e61d
P6-19,piece-to-piece,EMBED,P-300-21,,1,ROD6.35,A36,bfaa4f61-9b56-4ebf-8a2a-ff08c7b84aeb
P6-19,piece-to-piece,INSERT,P-300-11,19Ø INSERT (NC),1,ROD23.813,A36,5ecd19fc-31d5-4903-9123-55df15866126
P6-19,piece-to-piece,EMBED,P-300-21,,1,ROD6.35,A36,cf40eaf0-8b89-4193-bbef-9029df07fb3d
P6-19,piece-to-piece,PLATE,P-900-10,25mm KNIFE PLATE,1,PL127*25,A572-GR.50,f47a3047-a1eb-4a7c-b74d-49004159f61c
P6-19,piece-to-piece,EMBED,P-900-20,,1,PD28.6*4.76,50W,954ead16-cc6e-4bd2-97c7-e73e45cf2d66
P6-19,piece-to-piece,EMBED,P-900-30,,1,STUD_3/4-DIA,A108-GR.90,0d7975d4-e926-4c2e-9305-0fd4534090f8
P6-19,piece-to-piece,PLATE,P-743-10,19PL KNIFE PLATE.,1,PL114.3*19.05,A572-GR.50,6766c2cd-0e9f-499e-9e48-fc52340d3a2c
P6-19,piece-to-piece,EMBED,P-743-20,,1,PD28.6*4.76,50W,ba4244eb-2e7f-41b4-97c4-984c854867b7
P6-19,piece-to-piece,EMBED,P-743-30,,1,STUD_3/4-DIA,A108-GR.90,51ba73f4-f0b4-4a5e-985a-c76dd5197719
P6-19,piece-to-piece,INSERT,P-300-11,19Ø INSERT (NC),1,ROD23.813,A36,972baeac-0077-41d4-bdd2-3466524ad6c5
P6-19,piece-to-piece,EMBED,P-300-21,,1,ROD6.35,A36,3fb7571c-c61f-47e5-9003-60a0d0586f64
P6-19,piece-to-piece,INSERT,P-300-11,19Ø INSERT (NC),1,ROD23.813,A36,86c0ef58-8cb7-42ec-89a8-46b19f57746b
P6-19,piece-to-piece,EMBED,P-300-21,,1,ROD6.35,A36,9bd38770-555a-4d3f-87e9-34a8dd29f8f7
P6-19,piece-to-piece,INSERT,P-300-11,19Ø INSERT (NC),1,ROD23.813,A36,5cc99053-f8d9-4c08-93a2-54532fd69ae4
P6-19,piece-to-piece,EMBED,P-300-21,,1,ROD6.35,A36,c09066a0-7b29-4e8d-848a-a37ef5cec473
P6-19,piece-to-piece,INSERT,P-300-11,19Ø INSERT (NC),1,ROD23.813,A36,85b759f9-ef4c-4ad1-8a4c-dc8e8c5c588f
P6-19,piece-to-piece,EMBED,P-300-21,,1,ROD6.35,A36,63cc13bc-98fe-4538-9976-dd19f9de074b
P6-19,piece-to-piece,INSERT,P-300-11,19Ø INSERT (NC),1,ROD23.813,A36,64d0bffe-c466-4959-b1f7-181ccf206c1b
P6-19,piece-to-piece,EMBED,P-300-21,,1,ROD6.35,A36,f81ab32f-09c6-4397-bbfb-f5c63a8805fe
P6-19,piece-to-piece,INSERT,P-300-11,19Ø INSERT (NC),1,ROD23.813,A36,f261bfb3-e1ed-40b0-9809-50e92bfe6d70
P6-19,piece-to-piece,EMBED,P-300-21,,1,ROD6.35,A36,41ac5af2-9131-48aa-be77-b0a11db1d947
P6-19,piece-to-piece,INSERT,P-300-11,19Ø INSERT (NC),1,ROD23.813,A36,1aa55fac-d182-4c82-9c03-7e820a71c6e6
P6-19,piece-to-piece,EMBED,P-300-21,,1,ROD6.35,A36,392a9db3-54b0-4614-afe2-f48c6476e21d
P6-19,piece-to-piece,INSERT,P-300-11,19Ø INSERT (NC),1,ROD23.813,A36,447eaf40-5613-455e-8669-e44a3915c5ee
P6-19,piece-to-piece,EMBED,P-300-21,,1,ROD6.35,A36,7b74ba6f-3884-4787-8165-e27bb26afd7a
P6-19,piece-to-piece,INSERT,P-300-11,19Ø INSERT (NC),1,ROD23.813,A36,3310fae4-27a0-40a5-872a-a04aaea7c8d0
P6-19,piece-to-piece,EMBED,P-300-21,,1,ROD6.35,A36,f49a0718-6cef-4da0-bd1b-5fcf3f48f9c9
P6-19,piece-to-piece,INSERT,P-300-11,19Ø INSERT (NC),1,ROD23.813,A36,df4ef706-b1e3-4bdf-9e4d-6bb2bf619d6d
P6-19,piece-to-piece,EMBED,P-300-21,,1,ROD6.35,A36,bbc4678a-ec46-49fd-8c03-3cdbfbf83881
P6-19,piece-to-piece,INSERT,P-300-11,19Ø INSERT (NC),1,ROD23.813,A36,e27dc54c-a781-420d-b6b9-cdd09f813868
P6-19,piece-to-piece,EMBED,P-300-21,,1,ROD6.35,A36,4aa7b326-9f50-447d-9c1d-f66a6d3b8de7
P6-19,piece-to-piece,INSERT,P-300-11,19Ø INSERT (NC),1,ROD23.813,A36,0d93e1ab-380c-470a-b27f-165b2f286962
P6-19,piece-to-piece,EMBED,P-300-21,,1,ROD6.35,A36,21096228-1895-4add-a6b4-bb5d692a7c07
P6-19,piece-to-piece,INSERT,P-300-11,19Ø INSERT (NC),1,ROD23.813,A36,36e2f6ea-e630-4f3f-aea8-c0b1bbfe4a74
P6-19,piece-to-piece,EMBED,P-300-21,,1,ROD6.35,A36,6282517a-615a-4f46-ad3a-47a26599a907
P6-19,piece-to-piece,ANCHOR,P-205-11,12000LB FORGED ANCHOR,1,PL15.88,A36,d3b1c7cd-1c1c-4212-9aac-0617438d4339
P6-19,piece-to-piece,EMBED,P-205-21,,1,PL76.2*12.7,A36,7e44f07d-74c9-441d-823d-b4b773fd4dc7
P6-19,piece-to-piece,EMBED,P-205-31,,1,SPHERE47.625,A36,9f728ff9-7ff5-4887-ad46-45e515ecd4c0
P6-19,piece-to-piece,EMBED,P-205-32,,1,PL54,Steel_Undefined,07ba3553-b25d-4d46-8604-5420d8e8a66d
P6-19,piece-to-piece,ANCHOR,P-205-11,12000LB FORGED ANCHOR,1,PL15.88,A36,b3c92a1d-6143-4d34-8bb6-910b55afbf34
P6-19,piece-to-piece,EMBED,P-205-21,,1,PL76.2*12.7,A36,89f2d766-b7db-4457-bd4f-b986a76c3247
P6-19,piece-to-piece,EMBED,P-205-31,,1,SPHERE47.625,A36,7c96243f-92eb-4505-b597-076862aa36b1
P6-19,piece-to-piece,EMBED,P-205-32,,1,PL54,Steel_Undefined,7e2bdbad-522c-4b5f-966a-4a4ad8585e81
P6-19,piece-to-piece,ANCHOR,P-205-11,12000LB FORGED ANCHOR,1,PL15.88,A36,608383d1-4558-476f-9d1c-4f3a5940aa8e
P6-19,piece-to-piece,EMBED,P-205-21,,1,PL76.2*12.7,A36,266d3773-2bfe-4160-bcfc-84c83c52796e
P6-19,piece-to-piece,EMBED,P-205-31,,1,SPHERE47.625,A36,4f0bd6ea-587a-493d-9ba9-f50e3ac4c1d2
P6-19,piece-to-piece,EMBED,P-205-32,,1,PL54,Steel_Undefined,681a8384-9d55-4d0e-8bd4-1db2388170c7
P6-19,piece-to-piece,ANCHOR,P-205-11,12000LB FORGED ANCHOR,1,PL15.88,A36,6d888a88-3051-496d-8948-123557c94f9d
P6-19,piece-to-piece,EMBED,P-205-21,,1,PL76.2*12.7,A36,276bf0f4-a30c-42dc-94f0-4ff83bcd1764
P6-19,piece-to-piece,EMBED,P-205-31,,1,SPHERE47.625,A36,d625ea79-a99e-4a57-8551-9fd3080c6aac
P6-19,piece-to-piece,EMBED,P-205-32,,1,PL54,Steel_Undefined,9588c4a1-5e5e-4d25-8881-55a14ac34a97
P6-19,piece-to-piece,INSERT,P-300-11,19Ø INSERT (NC),1,ROD23.813,A36,cef19df8-fe4c-46d7-9c04-1a32e82756d0
P6-19,piece-to-piece,EMBED,P-300-21,,1,ROD6.35,A36,acf3f8b8-8389-4eae-b28b-a889d9fc4860
P6-19,piece-to-piece,INSERT,P-300-11,19Ø INSERT (NC),1,ROD23.813,A36,341d01a9-e50c-4d98-92ff-8917b6692a0e
P6-19,piece-to-piece,EMBED,P-300-21,,1,ROD6.35,A36,c85f6ade-6091-4e49-92bc-bb4c6705cdeb
W10-80,piece-to-piece,GROUT_TUBE,GT75-575,75Ø GROUT TUBE x 575,1,ROD76.2,Zero_Density,2e2b1e6c-85a7-4368-823d-cab8b3638158
W10-80,piece-to-piece,GROUT_TUBE,GT75-575,75Ø GROUT TUBE x 575,1,ROD76.2,Zero_Density,cb7e3e4c-2a1e-4b22-a58e-a731b43dc437
W10-80,piece-to-piece,GROUT_TUBE,GT75-575,75Ø GROUT TUBE x 575,1,ROD76.2,Zero_Density,ad93b369-13db-45e2-a0e6-74abf021ff0d
W10-80,piece-to-piece,GROUT_TUBE,GT75-575,75Ø GROUT TUBE x 575,1,ROD76.2,Zero_Density,b4180d93-1218-459a-beb5-09c375db1316
W10-80,piece-to-piece,GROUT_TUBE,GT75-575,75Ø GROUT TUBE x 575,1,ROD76.2,Zero_Density,0b1bd2ff-45a5-4f1f-bd1b-9abbac17e5b3
W10-80,piece-to-piece,GROUT_TUBE,GT75-575,75Ø GROUT TUBE x 575,1,ROD76.2,Zero_Density,02ca191c-33dc-4d8e-90f2-74fb45d7b03d
W10-80,piece-to-piece,GROUT_TUBE,GT75-575,75Ø GROUT TUBE x 575,1,ROD76.2,Zero_Density,b7fd87bd-b315-4e70-a2cf-8933c65c8364
W10-80,piece-to-piece,GROUT_TUBE,GT75-575,75Ø GROUT TUBE x 575,1,ROD76.2,Zero_Density,7271cefa-6a0d-4566-bf69-b868a423fb51
W10-80,piece-to-piece,GROUT_TUBE,GT75-575,75Ø GROUT TUBE x 575,1,ROD76.2,Zero_Density,86949832-fd2a-4a41-ab41-9ebad7dc212c
W10-80,piece-to-piece,INSERT,P-300-11,19Ø INSERT (NC),1,ROD23.813,A36,008f83ea-3c23-403d-8d9c-7b2214e109b1
W10-80,piece-to-piece,EMBED,P-300-21,,1,ROD6.35,A36,99c23af8-9c98-40e8-874f-849e96a017b5
W10-80,piece-to-piece,INSERT,P-300-11,19Ø INSERT (NC),1,ROD23.813,A36,214c7f99-6442-4bbe-9d4f-964698ca9d53
W10-80,piece-to-piece,EMBED,P-300-21,,1,ROD6.35,A36,27a99414-1d85-41e4-bdf2-9d89721b851e
W10-80,piece-to-piece,ANCHOR,P-205-11,12000LB FORGED ANCHOR,1,PL15.88,A36,7aad5fe2-50f8-44f7-9d6f-f656a8846a35
W10-80,piece-to-piece,EMBED,P-205-21,,1,PL76.2*12.7,A36,ed6a073a-c213-4b6a-b3fe-69bb090ae8ad
W10-80,piece-to-piece,EMBED,P-205-31,,1,SPHERE47.625,A36,2193b73c-4e82-4b98-b45e-7b6371aebc4d
W10-80,piece-to-piece,EMBED,P-205-32,,1,PL54,Steel_Undefined,47f1bb3a-c77b-449f-8549-6aaa9bffa885
W10-80,piece-to-piece,ANCHOR,P-205-11,12000LB FORGED ANCHOR,1,PL15.88,A36,09feef18-9289-452b-8837-3309d0aa963d
W10-80,piece-to-piece,EMBED,P-205-21,,1,PL76.2*12.7,A36,8670d5ee-0021-41d6-8ba0-11439a233237
W10-80,piece-to-piece,EMBED,P-205-31,,1,SPHERE47.625,A36,412efbcb-3cb6-43ff-9c3c-3eba8fc8045e
W10-80,piece-to-piece,EMBED,P-205-32,,1,PL54,Steel_Undefined,9da7db2b-f989-4deb-90f3-eecfe7e9eb62
W10-80,piece-to-piece,ANCHOR,P-205-11,12000LB FORGED ANCHOR,1,PL15.88,A36,6fc632b4-3ad1-4cb5-95fd-045b1f396b70
W10-80,piece-to-piece,EMBED,P-205-21,,1,PL76.2*12.7,A36,afbfb689-ba78-4bfd-bbe8-3829e3371a83
W10-80,piece-to-piece,EMBED,P-205-31,,1,SPHERE47.625,A36,cba7f7dd-6b38-4e94-80b8-d71bfc0d7884
W10-80,piece-to-piece,EMBED,P-205-32,,1,PL54,Steel_Undefined,f5d897c0-cc8b-4732-8ad3-404d717a8d0e
W10-80,piece-to-piece,ANCHOR,P-205-11,12000LB FORGED ANCHOR,1,PL15.88,A36,4c58dbc4-b9ea-4112-8794-d73e0c5a330c
W10-80,piece-to-piece,EMBED,P-205-21,,1,PL76.2*12.7,A36,64ac7481-fa3c-4ab5-9387-79a64b3c1532
W10-80,piece-to-piece,EMBED,P-205-31,,1,SPHERE47.625,A36,573e4224-f340-462f-8e96-c1bcfa7ccdf5
W10-80,piece-to-piece,EMBED,P-205-32,,1,PL54,Steel_Undefined,4d99b571-080e-4b0a-9209-ee2843c12ed0
P6-30,piece-to-piece,EMBED,P-620-11,6PL W/STUDS,1,PL101.6*6.35,A572-GR.50,520f0253-7b23-4e09-aefc-06bdc34caaf4
P6-30,piece-to-piece,EMBED,P-620-21,,1,STUD_1/2-DIA,A108-C1010-1020,a8558192-338f-4935-a284-ea4686518dbd
P6-30,piece-to-piece,EMBED,P-620-21,,1,STUD_1/2-DIA,A108-C1010-1020,414a60c1-b5f4-4851-a796-5c87a5b510ac
P6-30,piece-to-piece,EMBED,P-620-21,,1,STUD_1/2-DIA,A108-C1010-1020,11201c6f-1b09-473b-877a-72eb4f3a01bd
P6-30,piece-to-piece,EMBED,P-620-21,,1,STUD_1/2-DIA,A108-C1010-1020,734f77fd-7ea4-4f64-812d-1925f6003495
P6-30,piece-to-piece,EMBED,P-620-11,6PL W/STUDS,1,PL101.6*6.35,A572-GR.50,2bd7dcfe-35e8-4e72-8c2c-e6a3560f2db8
P6-30,piece-to-piece,EMBED,P-620-21,,1,STUD_1/2-DIA,A108-C1010-1020,0935c586-a3fa-4aa6-b83e-17d44560b155
P6-30,piece-to-piece,EMBED,P-620-21,,1,STUD_1/2-DIA,A108-C1010-1020,86a86a82-5cad-488f-9624-7f6a5850863b
P6-30,piece-to-piece,EMBED,P-620-21,,1,STUD_1/2-DIA,A108-C1010-1020,456a381f-fbba-493a-a146-67ce6e2ea5c3
P6-30,piece-to-piece,EMBED,P-620-21,,1,STUD_1/2-DIA,A108-C1010-1020,511eccc2-b8ac-49ee-933f-04278d95f90c
P6-30,piece-to-piece,EMBED,P-620-11,6PL W/STUDS,1,PL101.6*6.35,A572-GR.50,6f4ccf67-16fd-40e0-9a5d-d368b7c668b4
P6-30,piece-to-piece,EMBED,P-620-21,,1,STUD_1/2-DIA,A108-C1010-1020,9472b35a-fbcd-4f2d-844c-85b9f02e54de
P6-30,piece-to-piece,EMBED,P-620-21,,1,STUD_1/2-DIA,A108-C1010-1020,e39caa90-3434-4c34-b948-6a4b4952f45e
P6-30,piece-to-piece,EMBED,P-620-21,,1,STUD_1/2-DIA,A108-C1010-1020,c2e149fb-2073-4562-8097-7879bd01a04c
P6-30,piece-to-piece,EMBED,P-620-21,,1,STUD_1/2-DIA,A108-C1010-1020,5c4e2ee9-35d2-44d6-8052-370a6cae925e
P6-30,piece-to-piece,EMBED,P-620-11,6PL W/STUDS,1,PL101.6*6.35,A572-GR.50,019c4407-ed1d-47bd-953e-6303af10a969
P6-30,piece-to-piece,EMBED,P-620-21,,1,STUD_1/2-DIA,A108-C1010-1020,502c38e5-a036-4d8c-bd8b-7821a27088c1
P6-30,piece-to-piece,EMBED,P-620-21,,1,STUD_1/2-DIA,A108-C1010-1020,90b99d6b-f76a-442a-a121-2a989872e780
P6-30,piece-to-piece,EMBED,P-620-21,,1,STUD_1/2-DIA,A108-C1010-1020,3281c5cf-4047-4795-ab9b-66960eeb4d8d
P6-30,piece-to-piece,EMBED,P-620-21,,1,STUD_1/2-DIA,A108-C1010-1020,90285e01-090d-433a-8892-bf0dc6a06762
P6-30,piece-to-piece,EMBED,P-620-11,6PL W/STUDS,1,PL101.6*6.35,A572-GR.50,07ed7222-da2b-4c1a-b63a-96007fffa1b1
P6-30,piece-to-piece,EMBED,P-620-21,,1,STUD_1/2-DIA,A108-C1010-1020,af96af82-fe3d-4ca4-9af1-979f530ac501
P6-30,piece-to-piece,EMBED,P-620-21,,1,STUD_1/2-DIA,A108-C1010-1020,f6b08470-3c1c-4f23-9bda-186d580121c3
P6-30,piece-to-piece,EMBED,P-620-21,,1,STUD_1/2-DIA,A108-C1010-1020,e04c4251-0328-4da2-9bf3-b952a0fb7716
P6-30,piece-to-piece,EMBED,P-620-21,,1,STUD_1/2-DIA,A108-C1010-1020,bd2d96a0-7399-414e-9c3f-3f18797eab22
P6-30,piece-to-piece,INSERT,P-300-11,19Ø INSERT (NC),1,ROD23.813,A36,ec4759b9-b050-4a15-9a50-fe3038203e94
P6-30,piece-to-piece,EMBED,P-300-21,,1,ROD6.35,A36,2f60c6b7-43c5-470d-a72b-a3ac42130920
P6-30,piece-to-piece,INSERT,P-300-11,19Ø INSERT (NC),1,ROD23.813,A36,38ab2197-db81-40e0-bc69-b82e3611e978
P6-30,piece-to-piece,EMBED,P-300-21,,1,ROD6.35,A36,1e44050c-6320-42b4-a4ac-b2942078134b
P6-30,piece-to-piece,PLATE,P-900-10,25mm KNIFE PLATE,1,PL127*25,A572-GR.50,d8a6160f-68b0-47cf-bafb-b6b52731e24b
P6-30,piece-to-piece,EMBED,P-900-20,,1,PD28.6*4.76,50W,adc2fd44-0ca8-4707-a324-94eaa0f77fc8
P6-30,piece-to-piece,EMBED,P-900-30,,1,STUD_3/4-DIA,A108-GR.90,bf9f6e6b-3106-423c-89a3-c25a9ec344f3
P6-30,piece-to-piece,PLATE,P-743-10,19PL KNIFE PLATE.,1,PL114.3*19.05,A572-GR.50,bde7717c-6689-4f19-a91c-00d875b5e6c5
P6-30,piece-to-piece,EMBED,P-743-20,,1,PD28.6*4.76,50W,275a1f9f-f58f-43d2-b0d9-a0b2f71b475a
P6-30,piece-to-piece,EMBED,P-743-30,,1,STUD_3/4-DIA,A108-GR.90,6f1d4dde-1dff-425a-add2-b70e531c948a
P6-30,piece-to-piece,INSERT,P-300-11,19Ø INSERT (NC),1,ROD23.813,A36,ad0ad7a6-37c6-42c9-a6b8-e8ad94f1b925
P6-30,piece-to-piece,EMBED,P-300-21,,1,ROD6.35,A36,72230b8b-c33d-48e4-a64c-9a1f65983d3d
P6-30,piece-to-piece,INSERT,P-300-11,19Ø INSERT (NC),1,ROD23.813,A36,1fc17c31-1a95-40d2-8686-d7431284faa1
P6-30,piece-to-piece,EMBED,P-300-21,,1,ROD6.35,A36,1bd215d1-1ca8-45fa-9955-e959c4a5c456
P6-30,piece-to-piece,INSERT,P-300-11,19Ø INSERT (NC),1,ROD23.813,A36,fb64ed69-37af-4cf1-bb67-b03488e2b2f8
P6-30,piece-to-piece,EMBED,P-300-21,,1,ROD6.35,A36,aa58e21b-bfd1-402f-9969-f16b4f05eb02
P6-30,piece-to-piece,INSERT,P-300-11,19Ø INSERT (NC),1,ROD23.813,A36,4c3b77d8-66f4-4ee8-858a-ea012c6ccbcc
P6-30,piece-to-piece,EMBED,P-300-21,,1,ROD6.35,A36,75d38051-4f11-4100-a519-800583aad1d7
P6-30,piece-to-piece,INSERT,P-300-11,19Ø INSERT (NC),1,ROD23.813,A36,88ce6ffe-eda2-4626-a810-e94093a63566
P6-30,piece-to-piece,EMBED,P-300-21,,1,ROD6.35,A36,77fafabf-5592-41ae-bb9a-333108ac7e09
P6-30,piece-to-piece,ANCHOR,P-205-11,12000LB FORGED ANCHOR,1,PL15.88,A36,b55826e3-22af-4f2b-9cd6-c6586758e22b
P6-30,piece-to-piece,EMBED,P-205-21,,1,PL76.2*12.7,A36,1d92bdb4-9e5e-4da6-a949-e7abde05eb2d
P6-30,piece-to-piece,EMBED,P-205-31,,1,SPHERE47.625,A36,ebe1c197-aa25-4931-a5a7-63e78e573e18
P6-30,piece-to-piece,EMBED,P-205-32,,1,PL54,Steel_Undefined,663caa4b-ac3b-4f5a-ba10-47553aa51223
P6-30,piece-to-piece,ANCHOR,P-205-11,12000LB FORGED ANCHOR,1,PL15.88,A36,2c1ec154-59f0-4e50-b51d-1370c7759467
P6-30,piece-to-piece,EMBED,P-205-21,,1,PL76.2*12.7,A36,a28da70f-d4db-4d2e-a74e-1420060de1fc
P6-30,piece-to-piece,EMBED,P-205-31,,1,SPHERE47.625,A36,2108e31d-5ef0-4f84-bd05-b39fe6c8d5a0
P6-30,piece-to-piece,EMBED,P-205-32,,1,PL54,Steel_Undefined,d4787c65-3666-4449-ad6b-32e62d0700c0
P6-30,piece-to-piece,ANCHOR,P-205-11,12000LB FORGED ANCHOR,1,PL15.88,A36,f8745c8a-7b72-4f11-ad0f-9e3b100e514c
P6-30,piece-to-piece,EMBED,P-205-21,,1,PL76.2*12.7,A36,dbb93362-c15e-499c-b886-7b57a408ae01
P6-30,piece-to-piece,EMBED,P-205-31,,1,SPHERE47.625,A36,b988d0d4-84ca-47ef-88e4-b5cd4f0df986
P6-30,piece-to-piece,EMBED,P-205-32,,1,PL54,Steel_Undefined,066f6d11-c16b-4c84-a215-7d73b8019c28
P6-30,piece-to-piece,ANCHOR,P-205-11,12000LB FORGED ANCHOR,1,PL15.88,A36,8df28444-7f0d-40df-9195-856311c8d322
P6-30,piece-to-piece,EMBED,P-205-21,,1,PL76.2*12.7,A36,423026ec-8d6a-42fd-923d-bbe47cffb8ff
P6-30,piece-to-piece,EMBED,P-205-31,,1,SPHERE47.625,A36,0f7e5a7b-ebf1-4193-bb02-676d603b7864
P6-30,piece-to-piece,EMBED,P-205-32,,1,PL54,Steel_Undefined,3ca0a11f-4ec0-4cee-a416-56965f424258
P6-30,piece-to-piece,INSERT,P-300-11,19Ø INSERT (NC),1,ROD23.813,A36,b4d8ef0b-99ad-4f00-819f-409c6e6d22bf
P6-30,piece-to-piece,EMBED,P-300-21,,1,ROD6.35,A36,d374eef7-7815-4897-8946-cdad8ae711ad
P6-30,piece-to-piece,INSERT,P-300-11,19Ø INSERT (NC),1,ROD23.813,A36,ccc634b6-b153-4d96-81ad-6dc7d1973450
P6-30,piece-to-piece,EMBED,P-300-21,,1,ROD6.35,A36,3ee8b567-0869-43a7-88c4-e1f2077f70c5
P6-30,piece-to-piece,INSERT,P-300-11,19Ø INSERT (NC),1,ROD23.813,A36,ff9a9c6d-1316-4f96-aca4-5d648b696ac7
P6-30,piece-to-piece,EMBED,P-300-21,,1,ROD6.35,A36,2abcf0a1-edff-4a2b-b6ae-d288547941b6
P6-5,piece-to-piece,EMBED,P-620-11,6PL W/STUDS,1,PL101.6*6.35,A572-GR.50,36321966-287e-467d-876a-d31c18553d18
P6-5,piece-to-piece,EMBED,P-620-21,,1,STUD_1/2-DIA,A108-C1010-1020,50895770-98b9-46c1-8e0f-f4a2f00de0cf
P6-5,piece-to-piece,EMBED,P-620-21,,1,STUD_1/2-DIA,A108-C1010-1020,6543a867-0e03-4f07-8b00-f18cf3ac900e
P6-5,piece-to-piece,EMBED,P-620-21,,1,STUD_1/2-DIA,A108-C1010-1020,817bddef-7dc7-4293-8d74-c0a20c401d45
P6-5,piece-to-piece,EMBED,P-620-21,,1,STUD_1/2-DIA,A108-C1010-1020,97994de9-5754-41dc-ba9a-137ef1985776
P6-5,piece-to-piece,EMBED,P-620-11,6PL W/STUDS,1,PL101.6*6.35,A572-GR.50,144bc4a6-039f-477a-8905-c3ebb73c53fc
P6-5,piece-to-piece,EMBED,P-620-21,,1,STUD_1/2-DIA,A108-C1010-1020,89261224-d32e-4a17-93d8-3137f87c6084
P6-5,piece-to-piece,EMBED,P-620-21,,1,STUD_1/2-DIA,A108-C1010-1020,19c3d066-74e9-4b43-a165-92d814548235
P6-5,piece-to-piece,EMBED,P-620-21,,1,STUD_1/2-DIA,A108-C1010-1020,de47c3b4-8db4-4dc7-9af8-2364102cd2fb
P6-5,piece-to-piece,EMBED,P-620-21,,1,STUD_1/2-DIA,A108-C1010-1020,e72b606e-ee87-45bc-8504-9c0e6fb4f9ea
P6-5,piece-to-piece,EMBED,P-620-11,6PL W/STUDS,1,PL101.6*6.35,A572-GR.50,85904314-4d93-4b8a-b151-f8f83bb9e581
P6-5,piece-to-piece,EMBED,P-620-21,,1,STUD_1/2-DIA,A108-C1010-1020,4682c76f-3b61-448b-b29d-0529a9afb479
P6-5,piece-to-piece,EMBED,P-620-21,,1,STUD_1/2-DIA,A108-C1010-1020,29698b1a-a3b4-4e5f-af44-4202746db734
P6-5,piece-to-piece,EMBED,P-620-21,,1,STUD_1/2-DIA,A108-C1010-1020,2797291e-5453-4040-8143-d87151b26ef7
P6-5,piece-to-piece,EMBED,P-620-21,,1,STUD_1/2-DIA,A108-C1010-1020,77c7886e-dbde-497f-9b2d-50d8d01c40bd
P6-5,piece-to-piece,EMBED,P-620-11,6PL W/STUDS,1,PL101.6*6.35,A572-GR.50,a09f8dd0-a6bb-4bdf-88b3-e32acde3f976
P6-5,piece-to-piece,EMBED,P-620-21,,1,STUD_1/2-DIA,A108-C1010-1020,fe44598d-15d5-4e45-8fc1-aefb301f78ee
P6-5,piece-to-piece,EMBED,P-620-21,,1,STUD_1/2-DIA,A108-C1010-1020,c40f28d1-2db1-4d9d-aae1-e40fa28f71d9
P6-5,piece-to-piece,EMBED,P-620-21,,1,STUD_1/2-DIA,A108-C1010-1020,fa9889c8-2b4f-4a7a-8745-7beb98d8e8f0
P6-5,piece-to-piece,EMBED,P-620-21,,1,STUD_1/2-DIA,A108-C1010-1020,48cd1447-a302-4518-b195-ca5be7b420c6
P6-5,piece-to-piece,EMBED,P-620-11,6PL W/STUDS,1,PL101.6*6.35,A572-GR.50,a84dc663-65cd-44e9-be86-3eb5676e3380
P6-5,piece-to-piece,EMBED,P-620-21,,1,STUD_1/2-DIA,A108-C1010-1020,b47e832b-e401-4d4c-92d8-e6c359d4d3c5
P6-5,piece-to-piece,EMBED,P-620-21,,1,STUD_1/2-DIA,A108-C1010-1020,094ec26a-9f18-42f2-8936-ff1e87594805
P6-5,piece-to-piece,EMBED,P-620-21,,1,STUD_1/2-DIA,A108-C1010-1020,1231995a-e355-4cc0-972f-b72f352119c8
P6-5,piece-to-piece,EMBED,P-620-21,,1,STUD_1/2-DIA,A108-C1010-1020,56dedca8-6cd9-48ba-85ef-8897bcce718e
P6-5,piece-to-piece,INSERT,P-300-11,19Ø INSERT (NC),1,ROD23.813,A36,15339883-d342-4f2a-bf73-a61602f8e586
P6-5,piece-to-piece,EMBED,P-300-21,,1,ROD6.35,A36,b4b218fc-cc98-410b-8ee8-966a15002a40
P6-5,piece-to-piece,INSERT,P-300-11,19Ø INSERT (NC),1,ROD23.813,A36,cd785039-9de5-4426-8617-6248f6201793
P6-5,piece-to-piece,EMBED,P-300-21,,1,ROD6.35,A36,68b0d477-3a09-4af2-a30f-3e708c655dd2
P6-5,piece-to-piece,INSERT,P-300-11,19Ø INSERT (NC),1,ROD23.813,A36,f5eef93f-d1ec-4a01-b637-f83acdb3287f
P6-5,piece-to-piece,EMBED,P-300-21,,1,ROD6.35,A36,be987b33-2a40-429a-a36a-c21a0d9ee571
P6-5,piece-to-piece,GROUT_TUBE,GT75-305,76Ø x 305 GROUT TUBE,1,ROD76.2,Zero_Density,1cd4feb4-a3d5-4108-a129-703b85348e4c
P6-5,piece-to-piece,GROUT_TUBE,GT75-305,76Ø x 305 GROUT TUBE,1,ROD76.2,Zero_Density,20a77d41-785f-4b41-b2a7-f3de35acc8f7
P6-5,piece-to-piece,GROUT_TUBE,GT75-305,76Ø x 305 GROUT TUBE,1,ROD76.2,Zero_Density,559c7c71-e259-4256-b19b-0c1ed8e96c85
P6-5,piece-to-piece,GROUT_TUBE,GT75-305,76Ø x 305 GROUT TUBE,1,ROD76.2,Zero_Density,f5b14e06-6b40-4604-b868-7d67d9360813
P6-5,piece-to-piece,GROUT_TUBE,GT75-305,76Ø x 305 GROUT TUBE,1,ROD76.2,Zero_Density,94aac458-57fa-445d-97a5-662a234feab5
P6-5,piece-to-piece,GROUT_TUBE,GT75-305,76Ø x 305 GROUT TUBE,1,ROD76.2,Zero_Density,2583c792-adbf-48fc-9b7e-92f313438adb
P6-5,piece-to-piece,GROUT_TUBE,GT75-305,76Ø x 305 GROUT TUBE,1,ROD76.2,Zero_Density,5534ca5c-1a2a-45ae-87f5-fa1f17d16ca8
P6-5,piece-to-piece,GROUT_TUBE,GT75-305,76Ø x 305 GROUT TUBE,1,ROD76.2,Zero_Density,fb0147c7-af4d-4958-ae86-7fd0beee84e5
P6-5,piece-to-piece,INSERT,P-300-11,19Ø INSERT (NC),1,ROD23.813,A36,d6816667-cbf2-4f07-89c2-5b31059bae5c
P6-5,piece-to-piece,EMBED,P-300-21,,1,ROD6.35,A36,3c98f30d-40ec-43f4-9147-3496bc10519e
P6-5,piece-to-piece,INSERT,P-300-11,19Ø INSERT (NC),1,ROD23.813,A36,b73cf8d9-00c0-4b4d-a938-f2a056a84f30
P6-5,piece-to-piece,EMBED,P-300-21,,1,ROD6.35,A36,fe9390bb-ea76-45e9-8d84-e7f9ee137f76
P6-5,piece-to-piece,ANCHOR,P-205-11,12000LB FORGED ANCHOR,1,PL15.88,A36,582b1cbf-a309-47d5-b9b1-088401dec3e0
P6-5,piece-to-piece,EMBED,P-205-21,,1,PL76.2*12.7,A36,39cc0cea-88ff-43e0-ac3e-e53386fca69d
P6-5,piece-to-piece,EMBED,P-205-31,,1,SPHERE47.625,A36,e2ea2bed-6045-4130-aa81-d5d30e4e20a9
P6-5,piece-to-piece,EMBED,P-205-32,,1,PL54,Steel_Undefined,dc350499-425e-4c77-b31c-6ffd3ad4fd53
P6-5,piece-to-piece,ANCHOR,P-205-11,12000LB FORGED ANCHOR,1,PL15.88,A36,0b425d11-e453-4085-a7ef-86fee431ca6f
P6-5,piece-to-piece,EMBED,P-205-21,,1,PL76.2*12.7,A36,f4da148e-65ea-477e-8f15-336d46a4d4d8
P6-5,piece-to-piece,EMBED,P-205-31,,1,SPHERE47.625,A36,c343e7fe-23bd-4872-9c2b-9da14572eab8
P6-5,piece-to-piece,EMBED,P-205-32,,1,PL54,Steel_Undefined,02e37507-6937-417a-9bc8-26dfcf623220
P6-5,piece-to-piece,ANCHOR,P-205-11,12000LB FORGED ANCHOR,1,PL15.88,A36,f68e6cca-5d71-401f-97be-2aaadc554f34
P6-5,piece-to-piece,EMBED,P-205-21,,1,PL76.2*12.7,A36,368befe5-931d-47fd-b144-41512f8b5067
P6-5,piece-to-piece,EMBED,P-205-31,,1,SPHERE47.625,A36,8dc095b3-c1d2-4725-b7aa-cf4800e32432
P6-5,piece-to-piece,EMBED,P-205-32,,1,PL54,Steel_Undefined,82605487-f845-41ca-804c-9481a965954e
P6-5,piece-to-piece,ANCHOR,P-205-11,12000LB FORGED ANCHOR,1,PL15.88,A36,8bb30a50-4be9-47ff-906f-fd77ea07978b
P6-5,piece-to-piece,EMBED,P-205-21,,1,PL76.2*12.7,A36,3c6fee75-847a-4b11-9b32-62bf62418e3c
P6-5,piece-to-piece,EMBED,P-205-31,,1,SPHERE47.625,A36,f5509000-a3af-44c3-9185-8b0d0b4d3a42
P6-5,piece-to-piece,EMBED,P-205-32,,1,PL54,Steel_Undefined,082d73cb-db70-463c-abbd-2e47829628b0
P6-21,piece-to-piece,EMBED,P-620-11,6PL W/STUDS,1,PL101.6*6.35,A572-GR.50,39840627-2de1-4d9d-9cbf-03a3079ebaef
P6-21,piece-to-piece,EMBED,P-620-21,,1,STUD_1/2-DIA,A108-C1010-1020,dcbb917a-4abf-4942-8909-639ec0cf5098
P6-21,piece-to-piece,EMBED,P-620-21,,1,STUD_1/2-DIA,A108-C1010-1020,272fdb34-fc1d-406a-9b9b-13316e4b1fcb
P6-21,piece-to-piece,EMBED,P-620-21,,1,STUD_1/2-DIA,A108-C1010-1020,7badef04-0850-4e93-aa0b-55f833ff47e4
P6-21,piece-to-piece,EMBED,P-620-21,,1,STUD_1/2-DIA,A108-C1010-1020,9dbf856d-4b79-4035-9f44-ad3a6ec2cf80
P6-21,piece-to-piece,EMBED,P-620-11,6PL W/STUDS,1,PL101.6*6.35,A572-GR.50,23dbb202-be47-47e2-9e1c-541da819ba3e
P6-21,piece-to-piece,EMBED,P-620-21,,1,STUD_1/2-DIA,A108-C1010-1020,a5f134ca-fe7b-4d46-a0c1-003028f10f98
P6-21,piece-to-piece,EMBED,P-620-21,,1,STUD_1/2-DIA,A108-C1010-1020,fee91335-c074-4a4c-ad9c-ecf198876ea1
P6-21,piece-to-piece,EMBED,P-620-21,,1,STUD_1/2-DIA,A108-C1010-1020,189695e1-684d-42e2-80b4-ccdfc478b458
P6-21,piece-to-piece,EMBED,P-620-21,,1,STUD_1/2-DIA,A108-C1010-1020,37aab719-063d-4829-94ca-d3914fa40709
P6-21,piece-to-piece,EMBED,P-620-11,6PL W/STUDS,1,PL101.6*6.35,A572-GR.50,081019ac-80fc-4ad7-a6d7-ffdbc2c10919
P6-21,piece-to-piece,EMBED,P-620-21,,1,STUD_1/2-DIA,A108-C1010-1020,10984a27-d046-4d82-b994-740f4a7275c8
P6-21,piece-to-piece,EMBED,P-620-21,,1,STUD_1/2-DIA,A108-C1010-1020,0b5460ba-3722-45d1-bdeb-9c5f01fafe75
P6-21,piece-to-piece,EMBED,P-620-21,,1,STUD_1/2-DIA,A108-C1010-1020,600866c3-6b1a-41f0-af2a-c236b94f07f2
P6-21,piece-to-piece,EMBED,P-620-21,,1,STUD_1/2-DIA,A108-C1010-1020,6d19c068-74c9-413a-93c1-990cced787a8
P6-21,piece-to-piece,EMBED,P-620-11,6PL W/STUDS,1,PL101.6*6.35,A572-GR.50,393ac7b1-0436-419c-b0ef-6f39dd86fe73
P6-21,piece-to-piece,EMBED,P-620-21,,1,STUD_1/2-DIA,A108-C1010-1020,05b5d2c9-ddad-44ab-bf3c-8065de8990c2
P6-21,piece-to-piece,EMBED,P-620-21,,1,STUD_1/2-DIA,A108-C1010-1020,b3b45a94-20d6-4e48-ba3a-44ce2f07c0c0
P6-21,piece-to-piece,EMBED,P-620-21,,1,STUD_1/2-DIA,A108-C1010-1020,63ef83e0-7667-4a60-868f-c82e57617799
P6-21,piece-to-piece,EMBED,P-620-21,,1,STUD_1/2-DIA,A108-C1010-1020,1741ae88-af8c-41d5-a669-a61901dff352
P6-21,piece-to-piece,EMBED,P-620-11,6PL W/STUDS,1,PL101.6*6.35,A572-GR.50,8ded38b3-cfaa-40b6-b281-6b374eaa182f
P6-21,piece-to-piece,EMBED,P-620-21,,1,STUD_1/2-DIA,A108-C1010-1020,2c95ced6-45a0-423d-92cb-e3a62d62de18
P6-21,piece-to-piece,EMBED,P-620-21,,1,STUD_1/2-DIA,A108-C1010-1020,a99f5924-c3fa-47f8-8e7c-ad0ca545ae8b
P6-21,piece-to-piece,EMBED,P-620-21,,1,STUD_1/2-DIA,A108-C1010-1020,e67003b1-fe99-4fce-9c78-18749b372f97
P6-21,piece-to-piece,EMBED,P-620-21,,1,STUD_1/2-DIA,A108-C1010-1020,4a34ab4c-5724-4e09-a5dd-0a5682a9bb73
P6-21,piece-to-piece,INSERT,P-300-11,19Ø INSERT (NC),1,ROD23.813,A36,40574e89-4530-4702-97ac-eb6eac7d2a4f
P6-21,piece-to-piece,EMBED,P-300-21,,1,ROD6.35,A36,b9488ab3-4a6c-49fe-95b1-181bc0bca8f1
P6-21,piece-to-piece,INSERT,P-300-11,19Ø INSERT (NC),1,ROD23.813,A36,fc07e157-a694-41af-bfc8-1ba04920cca7
P6-21,piece-to-piece,EMBED,P-300-21,,1,ROD6.35,A36,be6dc073-703c-4b10-933d-4e40544614ed
P6-21,piece-to-piece,PLATE,P-900-10,25mm KNIFE PLATE,1,PL127*25,A572-GR.50,b177d3e9-2bad-48d4-80be-64056d5bc03a
P6-21,piece-to-piece,EMBED,P-900-20,,1,PD28.6*4.76,50W,5910be85-e217-4515-a905-a3bd655eb65d
P6-21,piece-to-piece,EMBED,P-900-30,,1,STUD_3/4-DIA,A108-GR.90,bac58387-492f-4a7d-9de4-453eed6b3514
P6-21,piece-to-piece,PLATE,P-742-10,19PL KNIFE PLATE,1,PL114.3*19.05,A572-GR.50,eb3a49b9-9685-48c4-a879-f072edb64f43
P6-21,piece-to-piece,EMBED,P-742-20,,1,PD28.6*4.76,50W,690e06e5-9944-4af6-821e-815995b290cd
P6-21,piece-to-piece,EMBED,P-742-30,,1,STUD_3/4-DIA,A108-GR.90,73e36b6e-d905-4956-a68e-de7a0aa14d44
P6-21,piece-to-piece,INSERT,P-300-11,19Ø INSERT (NC),1,ROD23.813,A36,62e1df7e-e51b-4d1a-a7a1-60d19fb41c03
P6-21,piece-to-piece,EMBED,P-300-21,,1,ROD6.35,A36,fc3272bd-238b-4d31-a4e9-0f4692271677
P6-21,piece-to-piece,INSERT,P-300-11,19Ø INSERT (NC),1,ROD23.813,A36,4184e105-fc36-4123-a491-7aca6484f741
P6-21,piece-to-piece,EMBED,P-300-21,,1,ROD6.35,A36,f82b2320-e245-493d-9df1-e60e54809186
P6-21,piece-to-piece,INSERT,P-300-11,19Ø INSERT (NC),1,ROD23.813,A36,6a51cc79-60ab-49d3-89f5-49e8bb576a32
P6-21,piece-to-piece,EMBED,P-300-21,,1,ROD6.35,A36,77535654-aaed-4faa-a6a4-114f83d2b58f
P6-21,piece-to-piece,INSERT,P-300-11,19Ø INSERT (NC),1,ROD23.813,A36,e93a532c-ba83-4892-997a-c12755e3861f
P6-21,piece-to-piece,EMBED,P-300-21,,1,ROD6.35,A36,6b4b8c4f-ef72-42d8-84be-64605b2cac4c
P6-21,piece-to-piece,INSERT,P-300-11,19Ø INSERT (NC),1,ROD23.813,A36,d99be414-0346-4aff-9c87-464e514e6219
P6-21,piece-to-piece,EMBED,P-300-21,,1,ROD6.35,A36,f1539192-4957-4ca5-92d6-dee6308d034c
P6-21,piece-to-piece,INSERT,P-300-11,19Ø INSERT (NC),1,ROD23.813,A36,e97e6800-fffc-450c-9a07-c9e7b594562c
P6-21,piece-to-piece,EMBED,P-300-21,,1,ROD6.35,A36,f75cbccb-9e43-4703-8b91-1df4f9750a85
P6-21,piece-to-piece,INSERT,P-300-11,19Ø INSERT (NC),1,ROD23.813,A36,5df55f6d-20b8-4dff-80c6-93eca978ff53
P6-21,piece-to-piece,EMBED,P-300-21,,1,ROD6.35,A36,0dcf8fe1-9d75-4cfc-894e-1e4b94d58d97
P6-21,piece-to-piece,INSERT,P-300-11,19Ø INSERT (NC),1,ROD23.813,A36,67b68d27-a7e6-4459-890f-9f66bc1e3478
P6-21,piece-to-piece,EMBED,P-300-21,,1,ROD6.35,A36,a09d7ec0-d9a1-4083-8e79-65d4594a7b84
P6-21,piece-to-piece,ANCHOR,P-205-11,12000LB FORGED ANCHOR,1,PL15.88,A36,65bb2e21-f0fa-400f-b9b8-bc37421c4cc5
P6-21,piece-to-piece,EMBED,P-205-21,,1,PL76.2*12.7,A36,130c3878-ae2f-4561-9d8a-7c10d59d9b2f
P6-21,piece-to-piece,EMBED,P-205-31,,1,SPHERE47.625,A36,99781f0f-fa3a-4453-a12e-5f36e82f911a
P6-21,piece-to-piece,EMBED,P-205-32,,1,PL54,Steel_Undefined,4f8fa189-741f-4f27-a22a-c3edad5121af
P6-21,piece-to-piece,ANCHOR,P-205-11,12000LB FORGED ANCHOR,1,PL15.88,A36,94cea418-bdb2-4b32-9324-257a1971e6c2
P6-21,piece-to-piece,EMBED,P-205-21,,1,PL76.2*12.7,A36,86390519-ad34-4991-832b-0e5d562db15d
P6-21,piece-to-piece,EMBED,P-205-31,,1,SPHERE47.625,A36,340aa539-c5ff-4ce7-99f5-70467fbade3f
P6-21,piece-to-piece,EMBED,P-205-32,,1,PL54,Steel_Undefined,f603b94c-c8a1-4cc6-b744-856ec3d6b16d
P6-21,piece-to-piece,ANCHOR,P-205-11,12000LB FORGED ANCHOR,1,PL15.88,A36,b2cf1cbb-3bfa-491a-9b77-939c40fcce28
P6-21,piece-to-piece,EMBED,P-205-21,,1,PL76.2*12.7,A36,57a45a65-cc27-45b3-bdf9-55aad7650911
P6-21,piece-to-piece,EMBED,P-205-31,,1,SPHERE47.625,A36,3e890230-7374-4bba-b24f-90fc1b8b8f56
P6-21,piece-to-piece,EMBED,P-205-32,,1,PL54,Steel_Undefined,b5854c16-b0ba-4477-8f73-41bd1eb1e01e
P6-21,piece-to-piece,ANCHOR,P-205-11,12000LB FORGED ANCHOR,1,PL15.88,A36,80612a24-8c7e-4095-968f-999c279fad1c
P6-21,piece-to-piece,EMBED,P-205-21,,1,PL76.2*12.7,A36,f05c88d1-8670-4f0e-b493-123b59c199f9
P6-21,piece-to-piece,EMBED,P-205-31,,1,SPHERE47.625,A36,aed337e5-b4ca-407a-b8f5-4e0969607760
P6-21,piece-to-piece,EMBED,P-205-32,,1,PL54,Steel_Undefined,4ee4f87c-3ecf-41d1-9223-3f2584f35593
W10-124,piece-to-piece,EMBED,MPX14,V REVEAL LARGE,1,TRIANGLE12.7*12.7,Misc_Undefined,a289af0e-8342-4484-8078-dc5add3e2188
W10-124,piece-to-piece,EMBED,MPX12,MOUNTPART,1,TRIANGLE51.0*12.7,Misc_Undefined,0b854798-350a-4f94-8326-0f3c7edb1d31
W10-124,piece-to-piece,EMBED,MPX11,V REVEAL LARGE,1,TRIANGLE12.7*12.7,Misc_Undefined,7fa96af8-9785-4106-a25e-790d36482fb9
W10-124,piece-to-piece,INSERT,P-300-11,19Ø INSERT (NC),1,ROD23.813,A36,a116a820-e7ee-4af9-9890-3859a953a570
W10-124,piece-to-piece,EMBED,P-300-21,,1,ROD6.35,A36,ced8058f-8509-428d-b3f3-c2d9844fa5fd
W10-124,piece-to-piece,INSERT,P-300-11,19Ø INSERT (NC),1,ROD23.813,A36,3129f4ad-041b-44f9-ab6e-b6ad6d47bdac
W10-124,piece-to-piece,EMBED,P-300-21,,1,ROD6.35,A36,23c30e53-53af-4eb3-816c-f627b61e365c
W10-124,piece-to-piece,GROUT_TUBE,GT75-1219,75Ø x 1219 GROUT TUBE,1,ROD76,Zero_Density,7cabd49d-13a6-40c1-bd97-0ab037394a96
W10-124,piece-to-piece,GROUT_TUBE,GT75-1219,75Ø x 1219 GROUT TUBE,1,ROD76,Zero_Density,4ca601c2-8056-401c-82e5-f9141c21fd84
W10-124,piece-to-piece,INSERT,SP25-1067-11,SP25Mx1067 WILLIAMS S,1,ROD25.4,A706-GR.60,af4e7d21-20ed-41c0-bdb6-d4dc9546710a
W10-124,piece-to-piece,EMBED,SP25-1067-31,,1,PD66.675*15.875,A706-GR.60,110cb79b-b173-4dba-99bd-06c84d66911e
W10-124,piece-to-piece,EMBED,SP25-1067-21,,1,ROD41.275,A706-GR.60,00065811-3762-487c-995f-3f7da89f5042
W10-124,piece-to-piece,GROUT_TUBE,GT75-1219,75Ø x 1219 GROUT TUBE,1,ROD76,Zero_Density,bace1151-cd7d-441c-8b8f-9de96d0fe0f5
W10-124,piece-to-piece,GROUT_TUBE,GT75-1219,75Ø x 1219 GROUT TUBE,1,ROD76,Zero_Density,77b7a4a3-8c7b-4b7a-94b1-6ceb60fd1bac
W10-124,piece-to-piece,GROUT_TUBE,GT75-1219,75Ø x 1219 GROUT TUBE,1,ROD76,Zero_Density,f40a711f-06b2-470c-84af-d2ab96db9c21
W10-124,piece-to-piece,GROUT_TUBE,GT75-1219,75Ø x 1219 GROUT TUBE,1,ROD76,Zero_Density,7b7d8fa0-c155-4106-9605-33a804d52b87
W10-124,piece-to-piece,INSERT,SP25-1067-11,SP25Mx1067 WILLIAMS S,1,ROD25.4,A706-GR.60,74c320a4-aa2a-43c1-8e5d-be61ac43b8e0
W10-124,piece-to-piece,EMBED,SP25-1067-31,,1,PD66.675*15.875,A706-GR.60,8e90a2ff-ca2f-4343-8338-408a1e089b36
W10-124,piece-to-piece,EMBED,SP25-1067-21,,1,ROD41.275,A706-GR.60,592d82fb-5048-47a6-bc4b-d83d631e9334
W10-124,piece-to-piece,INSERT,SP25-1067-11,SP25Mx1067 WILLIAMS S,1,ROD25.4,A706-GR.60,c08a0f26-3f10-4aff-94f8-12685bdfecad
W10-124,piece-to-piece,EMBED,SP25-1067-31,,1,PD66.675*15.875,A706-GR.60,73b29ddb-bb4c-4a91-85b9-8744804597da
W10-124,piece-to-piece,EMBED,SP25-1067-21,,1,ROD41.275,A706-GR.60,7530068d-9c5c-4458-af79-9c27b937c787
W10-124,piece-to-piece,INSERT,SP25-1067-11,SP25Mx1067 WILLIAMS S,1,ROD25.4,A706-GR.60,f8a67d14-290b-4a46-8937-99acca1cbebd
W10-124,piece-to-piece,EMBED,SP25-1067-31,,1,PD66.675*15.875,A706-GR.60,7b56636f-d392-474b-b61e-82678503150d
W10-124,piece-to-piece,EMBED,SP25-1067-21,,1,ROD41.275,A706-GR.60,7fcb41d9-5eef-4a4d-857b-ae05672ae6c3
W10-124,piece-to-piece,INSERT,SP25-1067-11,SP25Mx1067 WILLIAMS S,1,ROD25.4,A706-GR.60,31b8ade1-aab9-402f-92c8-41afd10f4dd4
W10-124,piece-to-piece,EMBED,SP25-1067-31,,1,PD66.675*15.875,A706-GR.60,d6373d70-64d5-4759-950c-efa3f30443c1
W10-124,piece-to-piece,EMBED,SP25-1067-21,,1,ROD41.275,A706-GR.60,f9b4429c-c82b-4d99-babe-e341f23061cb
W10-124,piece-to-piece,INSERT,SP25-1067-11,SP25Mx1067 WILLIAMS S,1,ROD25.4,A706-GR.60,38effafe-4a4d-4459-bdd0-7429fa4d5f48
W10-124,piece-to-piece,EMBED,SP25-1067-31,,1,PD66.675*15.875,A706-GR.60,428d87f5-a12a-45ad-b5c0-0ec0bdb1ef9e
W10-124,piece-to-piece,EMBED,SP25-1067-21,,1,ROD41.275,A706-GR.60,69f579d1-4158-470f-8558-4a50092bab8a
W10-124,piece-to-piece,INSERT,SP25-1067-11,SP25Mx1067 WILLIAMS S,1,ROD25.4,A706-GR.60,6f0dc626-f151-42cb-80c5-ab648c1227ff
W10-124,piece-to-piece,EMBED,SP25-1067-31,,1,PD66.675*15.875,A706-GR.60,bbd1218e-c3ed-4b14-b3fb-5a833626a7c9
W10-124,piece-to-piece,EMBED,SP25-1067-21,,1,ROD41.275,A706-GR.60,c60f73fa-71c8-4a86-9fd3-e066cfb9c154
W10-124,piece-to-piece,GROUT_TUBE,GT75-1219,75Ø x 1219 GROUT TUBE,1,ROD76,Zero_Density,f30d2df5-60fb-4b42-9cd8-f860ade978b1
W10-124,piece-to-piece,INSERT,SP25-1067-11,SP25Mx1067 WILLIAMS S,1,ROD25.4,A706-GR.60,f9525629-cf00-405a-be71-012fe709bb8e
W10-124,piece-to-piece,EMBED,SP25-1067-31,,1,PD66.675*15.875,A706-GR.60,95cfae16-0121-4456-b3c5-9585c99cf3e0
W10-124,piece-to-piece,EMBED,SP25-1067-21,,1,ROD41.275,A706-GR.60,c69fcc61-9f4b-458e-bc1e-7d19b2d75c7e
W10-124,piece-to-piece,GROUT_TUBE,GT75-686,75Ø x 686 GROUT TUBE,1,ROD76,Zero_Density,b1554e44-3548-4efa-8046-7fbb20c7aa46
W10-124,piece-to-piece,INSERT,SP15-457-11,15Mx457 WILLIAMS SPL,1,ROD16,400W,c10847aa-c6ad-429a-af49-14b34fbaed59
W10-124,piece-to-piece,INSERT,SP15-457-31,,1,PD52.387*12.7,400W,b43802e6-8427-4c01-a9aa-25df9ae07afc
W10-124,piece-to-piece,INSERT,SP15-457-21,,1,ROD26.987,400W,202f3ff3-f911-438f-8bfd-a70395f0f8d8
W10-124,piece-to-piece,GROUT_TUBE,GT75-1219,75Ø x 1219 GROUT TUBE,1,ROD76,Zero_Density,fce4c9af-c969-494a-ab46-adb87e0e8346
W10-124,piece-to-piece,CONDUIT,CNDT48,19MM CONDUIT,1,ROD19,Zero_Density,868af4a7-211b-4dde-9575-4dd2390ae6e8
W10-124,piece-to-piece,PLATE,EB-S-PL1,Single Plastic Electr,1,160*50.8,Zero_Density,0392fe5a-4dda-42bf-a4b0-a6b8932e8957
W10-124,piece-to-piece,INSERT,P-300-11,19Ø INSERT (NC),1,ROD23.813,A36,9d8b3344-e29b-4bec-9696-5126bb720506
W10-124,piece-to-piece,EMBED,P-300-21,,1,ROD6.35,A36,6288e4bb-5555-4c3f-831f-0693fb5ac379
W10-124,piece-to-piece,INSERT,P-300-11,19Ø INSERT (NC),1,ROD23.813,A36,e1ac35c5-fa2a-4e83-936f-01f01c708183
W10-124,piece-to-piece,EMBED,P-300-21,,1,ROD6.35,A36,c45edfc0-84ea-42db-9538-ec2a5bcceb47
W10-124,piece-to-piece,GROUT_TUBE,GT76-254,76Øx254mm G.TUBE,1,ROD76.2,Zero_Density,331f5495-72bd-4ece-9ee2-5101aa7bddd2
W10-124,piece-to-piece,GROUT_TUBE,GT76-254,76Øx254mm G.TUBE,1,ROD76.2,Zero_Density,3b75945f-1b8b-4a3d-b3e1-de184594fb48
W10-124,piece-to-piece,ANCHOR,P-205-11,12000LB FORGED ANCHOR,1,PL15.88,A36,7f48ff99-3b78-481a-b55a-9a6524a36d6f
W10-124,piece-to-piece,EMBED,P-205-21,,1,PL76.2*12.7,A36,84c92a41-c6fc-439a-9872-6e6de16ed6e1
W10-124,piece-to-piece,EMBED,P-205-31,,1,SPHERE47.625,A36,c599d11b-d0e9-4e42-bbfd-f4bfb9405754
W10-124,piece-to-piece,EMBED,P-205-32,,1,PL54,Steel_Undefined,6ac43747-fba8-4757-875f-859c25fef961
W10-124,piece-to-piece,ANCHOR,P-205-11,12000LB FORGED ANCHOR,1,PL15.88,A36,e5b87e1d-3b84-45c2-8f77-2ad868833cfc
W10-124,piece-to-piece,EMBED,P-205-21,,1,PL76.2*12.7,A36,80088629-66d4-42b2-8d10-394b87e812c1
W10-124,piece-to-piece,EMBED,P-205-31,,1,SPHERE47.625,A36,d9538979-3724-4a1e-803b-81fadfedee39
W10-124,piece-to-piece,EMBED,P-205-32,,1,PL54,Steel_Undefined,2baec5b6-8122-49cd-9d2c-b4e91f0cc405
W10-50,piece-to-piece,EMBED,MPX11,V REVEAL LARGE,1,TRIANGLE12.7*12.7,Misc_Undefined,d7e49744-5127-4aa6-81f6-ff6e80eb548c
W10-50,piece-to-piece,INSERT,P-300-11,19Ø INSERT (NC),1,ROD23.813,A36,c4f91208-82b2-4d13-8778-38b20f102750
W10-50,piece-to-piece,EMBED,P-300-21,,1,ROD6.35,A36,07ff5172-d61a-4c15-8239-9548f32c5f47
W10-50,piece-to-piece,INSERT,P-300-11,19Ø INSERT (NC),1,ROD23.813,A36,dd3e9d18-2138-4e3c-af66-5302c447c2a6
W10-50,piece-to-piece,EMBED,P-300-21,,1,ROD6.35,A36,0654fcb5-5ad1-4b0c-b3d2-3bc4863c2d92
W10-50,piece-to-piece,INSERT,P-300-11,19Ø INSERT (NC),1,ROD23.813,A36,dbf1277b-3949-4e53-a8be-f25a1b659054
W10-50,piece-to-piece,EMBED,P-300-21,,1,ROD6.35,A36,6bf9c5c4-5eee-4d3e-924d-f9a8af710143
W10-50,piece-to-piece,GROUT_TUBE,GT75-686,75Ø x 686 GROUT TUBE,1,ROD76,Zero_Density,4f1c279c-ca7f-45ae-bd15-f6003de07e9a
W10-50,piece-to-piece,GROUT_TUBE,GT75-686,75Ø x 686 GROUT TUBE,1,ROD76,Zero_Density,c70919e1-87f6-4fcb-b621-e3c6bdb76c6c
W10-50,piece-to-piece,INSERT,SP15-457-11,15Mx457 WILLIAMS SPL,1,ROD16,400W,0aa9a5eb-f25c-4812-9f47-9ad9910305e6
W10-50,piece-to-piece,INSERT,SP15-457-31,,1,PD52.387*12.7,400W,62921f8d-4c0d-4aca-9983-07948b2ac938
W10-50,piece-to-piece,INSERT,SP15-457-21,,1,ROD26.987,400W,f7612a6e-63ac-4749-9a3d-77a44d9c3620
W10-50,piece-to-piece,INSERT,SP15-457-11,15Mx457 WILLIAMS SPL,1,ROD16,400W,25a89436-b8d3-4366-bef3-92b632473beb
W10-50,piece-to-piece,INSERT,SP15-457-31,,1,PD52.387*12.7,400W,18e64443-f799-4a0c-8f2b-f16138ce96bb
W10-50,piece-to-piece,INSERT,SP15-457-21,,1,ROD26.987,400W,e511aa17-5d2d-4244-ab19-b178b5035ed0
W10-50,piece-to-piece,INSERT,SP15-457-11,15Mx457 WILLIAMS SPL,1,ROD16,400W,da6e8391-bea0-4180-9472-1bdebbce187a
W10-50,piece-to-piece,INSERT,SP15-457-31,,1,PD52.387*12.7,400W,1de9a44a-a9bb-487e-b3f6-f0946fa279ed
W10-50,piece-to-piece,INSERT,SP15-457-21,,1,ROD26.987,400W,bf4e8c54-ff6b-4193-baa9-52a44ca5304b
W10-50,piece-to-piece,INSERT,SP15-457-11,15Mx457 WILLIAMS SPL,1,ROD16,400W,b7bb03b2-1819-454b-ac53-4fbf6fb0bd9d
W10-50,piece-to-piece,INSERT,SP15-457-31,,1,PD52.387*12.7,400W,f7f07178-b40f-4040-a1f8-3c9ac1c73853
W10-50,piece-to-piece,INSERT,SP15-457-21,,1,ROD26.987,400W,7965b890-cfe0-4206-a037-25f35f1b4dfb
W10-50,piece-to-piece,INSERT,SP15-457-11,15Mx457 WILLIAMS SPL,1,ROD16,400W,f5d2bd8a-6ef0-404e-b276-00a09464dc02
W10-50,piece-to-piece,INSERT,SP15-457-31,,1,PD52.387*12.7,400W,5d1ce0b1-033f-47e5-a374-1b7cf4501028
W10-50,piece-to-piece,INSERT,SP15-457-21,,1,ROD26.987,400W,e6dde6cc-6077-45bd-a006-ea1d1403662a
W10-50,piece-to-piece,INSERT,SP15-457-11,15Mx457 WILLIAMS SPL,1,ROD16,400W,49988e2e-4edc-4756-b362-65cf3e7ae0bc
W10-50,piece-to-piece,INSERT,SP15-457-31,,1,PD52.387*12.7,400W,ea8dd69c-2393-4c13-a5a0-729dbb5aeca1
W10-50,piece-to-piece,INSERT,SP15-457-21,,1,ROD26.987,400W,60566aff-91d2-4bff-8d46-b20368edd22b
W10-50,piece-to-piece,INSERT,SP15-457-11,15Mx457 WILLIAMS SPL,1,ROD16,400W,54083497-e0cd-4aae-8e88-d095c36b287d
W10-50,piece-to-piece,INSERT,SP15-457-31,,1,PD52.387*12.7,400W,fb74f5bc-0d8b-4a85-ae92-f5453c65cf0c
W10-50,piece-to-piece,INSERT,SP15-457-21,,1,ROD26.987,400W,99ca4841-adcc-44a4-a17c-f1faee6a3441
W10-50,piece-to-piece,INSERT,SP15-457-11,15Mx457 WILLIAMS SPL,1,ROD16,400W,fb5d34b3-c2eb-4b75-a4f8-961e1ab050f2
W10-50,piece-to-piece,INSERT,SP15-457-31,,1,PD52.387*12.7,400W,8c612b38-c13e-4e49-9b56-f4af3e68599e
W10-50,piece-to-piece,INSERT,SP15-457-21,,1,ROD26.987,400W,277627da-f4a3-4fc4-8b27-98b9ea123ea5
W10-50,piece-to-piece,INSERT,SP15-457-11,15Mx457 WILLIAMS SPL,1,ROD16,400W,ae05cffe-8bca-4372-835a-bb938872c42b
W10-50,piece-to-piece,INSERT,SP15-457-31,,1,PD52.387*12.7,400W,31ac04c1-91e1-47c2-948f-099d1707830e
W10-50,piece-to-piece,INSERT,SP15-457-21,,1,ROD26.987,400W,950ef91c-1389-4834-88c2-7e47152f81be
W10-50,piece-to-piece,GROUT_TUBE,GT75-1219,75Ø x 1219 GROUT TUBE,1,ROD76,Zero_Density,7836a0b9-5c71-46f6-8741-0c68a2808d13
W10-50,piece-to-piece,GROUT_TUBE,GT75-1219,75Ø x 1219 GROUT TUBE,1,ROD76,Zero_Density,b5a52515-bc38-4d1e-86b0-383cc69ba7ad
W10-50,piece-to-piece,GROUT_TUBE,GT75-1219,75Ø x 1219 GROUT TUBE,1,ROD76,Zero_Density,87a8272e-bda0-438e-a3d4-54841ed40f68
W10-50,piece-to-piece,GROUT_TUBE,GT75-1219,75Ø x 1219 GROUT TUBE,1,ROD76,Zero_Density,6f9abc4b-711a-401f-bfdd-963b4789cbcd
W10-50,piece-to-piece,GROUT_TUBE,GT75-1219,75Ø x 1219 GROUT TUBE,1,ROD76,Zero_Density,2b7e48c0-603a-4168-a4e8-4d59402ca04c
W10-50,piece-to-piece,GROUT_TUBE,GT75-1219,75Ø x 1219 GROUT TUBE,1,ROD76,Zero_Density,98aa42b7-b36c-4f8e-b604-1018810a897d
W10-50,piece-to-piece,GROUT_TUBE,GT75-1219,75Ø x 1219 GROUT TUBE,1,ROD76,Zero_Density,e8fe87d7-8ebe-4aa3-b74c-c4df07d3e9fe
W10-50,piece-to-piece,GROUT_TUBE,GT75-1219,75Ø x 1219 GROUT TUBE,1,ROD76,Zero_Density,7f29829a-8ba1-488d-b58c-857b467ca160
W10-50,piece-to-piece,GROUT_TUBE,GT100-1219-11,100Øx1219 GROUT TUBE,1,ROD102,Zero_Density,813de098-0f87-49b7-b13b-abc70d278490
W10-50,piece-to-piece,GROUT_TUBE,GT100-1219-21,,1,ROD110,Zero_Density,ce787350-7c5d-4efa-80f8-37316272affd
W10-50,piece-to-piece,GROUT_TUBE,GT100-1219-31,,1,ROD76,Zero_Density,5399aacd-9536-47d5-a986-1445e0529ef0
W10-50,piece-to-piece,GROUT_TUBE,GT76-254,76Øx254mm G.TUBE,1,ROD76.2,Zero_Density,69803634-7184-4ac7-960a-2ca5034e7d5e
W10-50,piece-to-piece,GROUT_TUBE,GT76-254,76Øx254mm G.TUBE,1,ROD76.2,Zero_Density,0cf235b4-719d-420b-b7fa-be11d1f9687d
W10-50,piece-to-piece,GROUT_TUBE,GT76-254,76Øx254mm G.TUBE,1,ROD76.2,Zero_Density,6f1a26df-f567-4128-ac42-9fd0003eb70b
W10-50,piece-to-piece,GROUT_TUBE,GT76-254,76Øx254mm G.TUBE,1,ROD76.2,Zero_Density,51d4cc2c-eaa7-4929-a21a-bda5e5ba0efa
W10-50,piece-to-piece,GROUT_TUBE,GT76-254,76Øx254mm G.TUBE,1,ROD76.2,Zero_Density,e6895dc9-626c-4f22-96dd-b6be76e96d78
W10-50,piece-to-piece,GROUT_TUBE,GT76-254,76Øx254mm G.TUBE,1,ROD76.2,Zero_Density,9829654a-5100-4282-b4d8-4d396d8f31fd
W10-50,piece-to-piece,CONDUIT,CNDT37,19MM CONDUIT,1,ROD19,Zero_Density,4a30435b-18cb-4691-9395-e2a6de3823ce
W10-50,piece-to-piece,PLATE,EB-S-PL1,Single Plastic Electr,1,160*50.8,Zero_Density,5ec84b14-57fe-422e-9c27-2eaf54e7069c
W10-50,piece-to-piece,EMBED,P-602-11,13PL. W/STUD,1,PL101.6*12.7,A572-GR.50,977f74bb-977a-436a-aec8-b2541b004fca
W10-50,piece-to-piece,EMBED,P-602-21,,1,STUD_1/2-DIA,A108-C1010-1020,ecacfcab-fb92-4641-8676-e15cd3f0c202
W10-50,piece-to-piece,INSERT,P-300-11,19Ø INSERT (NC),1,ROD23.813,A36,85f82e18-0fe5-4756-b03b-ab87d8069c9f
W10-50,piece-to-piece,EMBED,P-300-21,,1,ROD6.35,A36,cd686fdf-b505-4126-a14f-fe76e62c889e
W10-50,piece-to-piece,INSERT,P-300-11,19Ø INSERT (NC),1,ROD23.813,A36,d390c44a-da55-40e7-9eab-d345b1095a54
W10-50,piece-to-piece,EMBED,P-300-21,,1,ROD6.35,A36,2c3ede8d-c16c-42c2-90d3-6ef4328d0b05
W10-50,piece-to-piece,ANCHOR,P-205-11,12000LB FORGED ANCHOR,1,PL15.88,A36,59e60965-a372-4372-8ab9-850460f3e95e
W10-50,piece-to-piece,EMBED,P-205-21,,1,PL76.2*12.7,A36,6a92132f-94e3-408a-bc31-8e2cf7d4bfc2
W10-50,piece-to-piece,EMBED,P-205-31,,1,SPHERE47.625,A36,07a22de8-4c05-4819-8754-208cec5f4e2e
W10-50,piece-to-piece,EMBED,P-205-32,,1,PL54,Steel_Undefined,73160f31-3850-47c8-a359-7df5e28c02f9
W10-50,piece-to-piece,ANCHOR,P-205-11,12000LB FORGED ANCHOR,1,PL15.88,A36,e57d32ee-7a18-4bcc-b624-8ca82b1d3fca
W10-50,piece-to-piece,EMBED,P-205-21,,1,PL76.2*12.7,A36,c2762a16-6e3d-45e6-88fa-16e10e99fd05
W10-50,piece-to-piece,EMBED,P-205-31,,1,SPHERE47.625,A36,deb23875-4e71-40d5-96ae-8b992f710038
W10-50,piece-to-piece,EMBED,P-205-32,,1,PL54,Steel_Undefined,d70a588e-7260-439e-be53-a582f625a048
W10-50,piece-to-piece,ANCHOR,P-205-11,12000LB FORGED ANCHOR,1,PL15.88,A36,7ca27669-f114-49f4-988d-64ad10b7fda0
W10-50,piece-to-piece,EMBED,P-205-21,,1,PL76.2*12.7,A36,caba158d-452f-4570-bc15-1f89a813627f
W10-50,piece-to-piece,EMBED,P-205-31,,1,SPHERE47.625,A36,406f49a6-3ab7-47f0-a809-1f6eaa7d4c6d
W10-50,piece-to-piece,EMBED,P-205-32,,1,PL54,Steel_Undefined,a4ced1cf-b4c1-4e29-88be-13d496e06d45
W10-50,piece-to-piece,ANCHOR,P-205-11,12000LB FORGED ANCHOR,1,PL15.88,A36,010adebd-54e9-4ff4-bde8-d7586d5a5282
W10-50,piece-to-piece,EMBED,P-205-21,,1,PL76.2*12.7,A36,b0dc98aa-74fc-41c6-8960-09d4f36d368c
W10-50,piece-to-piece,EMBED,P-205-31,,1,SPHERE47.625,A36,27b4021e-b5cc-4d49-83a8-aa904adfda51
W10-50,piece-to-piece,EMBED,P-205-32,,1,PL54,Steel_Undefined,891d7e72-5326-4957-9a3e-a871fa3ba623
W10-50,piece-to-piece,EMBED,MPX11,V REVEAL LARGE,1,TRIANGLE12.7*12.7,Misc_Undefined,d7e49744-5127-4aa6-81f6-ff6e80eb548c
W10-50,piece-to-piece,INSERT,P-300-11,19Ø INSERT (NC),1,ROD23.813,A36,c4f91208-82b2-4d13-8778-38b20f102750
W10-50,piece-to-piece,EMBED,P-300-21,,1,ROD6.35,A36,07ff5172-d61a-4c15-8239-9548f32c5f47
W10-50,piece-to-piece,INSERT,P-300-11,19Ø INSERT (NC),1,ROD23.813,A36,dd3e9d18-2138-4e3c-af66-5302c447c2a6
W10-50,piece-to-piece,EMBED,P-300-21,,1,ROD6.35,A36,0654fcb5-5ad1-4b0c-b3d2-3bc4863c2d92
W10-50,piece-to-piece,INSERT,P-300-11,19Ø INSERT (NC),1,ROD23.813,A36,dbf1277b-3949-4e53-a8be-f25a1b659054
W10-50,piece-to-piece,EMBED,P-300-21,,1,ROD6.35,A36,6bf9c5c4-5eee-4d3e-924d-f9a8af710143
W10-50,piece-to-piece,GROUT_TUBE,GT75-686,75Ø x 686 GROUT TUBE,1,ROD76,Zero_Density,4f1c279c-ca7f-45ae-bd15-f6003de07e9a
W10-50,piece-to-piece,GROUT_TUBE,GT75-686,75Ø x 686 GROUT TUBE,1,ROD76,Zero_Density,c70919e1-87f6-4fcb-b621-e3c6bdb76c6c
W10-50,piece-to-piece,INSERT,SP15-457-11,15Mx457 WILLIAMS SPL,1,ROD16,400W,0aa9a5eb-f25c-4812-9f47-9ad9910305e6
W10-50,piece-to-piece,INSERT,SP15-457-31,,1,PD52.387*12.7,400W,62921f8d-4c0d-4aca-9983-07948b2ac938
W10-50,piece-to-piece,INSERT,SP15-457-21,,1,ROD26.987,400W,f7612a6e-63ac-4749-9a3d-77a44d9c3620
W10-50,piece-to-piece,INSERT,SP15-457-11,15Mx457 WILLIAMS SPL,1,ROD16,400W,25a89436-b8d3-4366-bef3-92b632473beb
W10-50,piece-to-piece,INSERT,SP15-457-31,,1,PD52.387*12.7,400W,18e64443-f799-4a0c-8f2b-f16138ce96bb
W10-50,piece-to-piece,INSERT,SP15-457-21,,1,ROD26.987,400W,e511aa17-5d2d-4244-ab19-b178b5035ed0
W10-50,piece-to-piece,INSERT,SP15-457-11,15Mx457 WILLIAMS SPL,1,ROD16,400W,da6e8391-bea0-4180-9472-1bdebbce187a
W10-50,piece-to-piece,INSERT,SP15-457-31,,1,PD52.387*12.7,400W,1de9a44a-a9bb-487e-b3f6-f0946fa279ed
W10-50,piece-to-piece,INSERT,SP15-457-21,,1,ROD26.987,400W,bf4e8c54-ff6b-4193-baa9-52a44ca5304b
W10-50,piece-to-piece,INSERT,SP15-457-11,15Mx457 WILLIAMS SPL,1,ROD16,400W,b7bb03b2-1819-454b-ac53-4fbf6fb0bd9d
W10-50,piece-to-piece,INSERT,SP15-457-31,,1,PD52.387*12.7,400W,f7f07178-b40f-4040-a1f8-3c9ac1c73853
W10-50,piece-to-piece,INSERT,SP15-457-21,,1,ROD26.987,400W,7965b890-cfe0-4206-a037-25f35f1b4dfb
W10-50,piece-to-piece,INSERT,SP15-457-11,15Mx457 WILLIAMS SPL,1,ROD16,400W,f5d2bd8a-6ef0-404e-b276-00a09464dc02
W10-50,piece-to-piece,INSERT,SP15-457-31,,1,PD52.387*12.7,400W,5d1ce0b1-033f-47e5-a374-1b7cf4501028
W10-50,piece-to-piece,INSERT,SP15-457-21,,1,ROD26.987,400W,e6dde6cc-6077-45bd-a006-ea1d1403662a
W10-50,piece-to-piece,INSERT,SP15-457-11,15Mx457 WILLIAMS SPL,1,ROD16,400W,49988e2e-4edc-4756-b362-65cf3e7ae0bc
W10-50,piece-to-piece,INSERT,SP15-457-31,,1,PD52.387*12.7,400W,ea8dd69c-2393-4c13-a5a0-729dbb5aeca1
W10-50,piece-to-piece,INSERT,SP15-457-21,,1,ROD26.987,400W,60566aff-91d2-4bff-8d46-b20368edd22b
W10-50,piece-to-piece,INSERT,SP15-457-11,15Mx457 WILLIAMS SPL,1,ROD16,400W,54083497-e0cd-4aae-8e88-d095c36b287d
W10-50,piece-to-piece,INSERT,SP15-457-31,,1,PD52.387*12.7,400W,fb74f5bc-0d8b-4a85-ae92-f5453c65cf0c
W10-50,piece-to-piece,INSERT,SP15-457-21,,1,ROD26.987,400W,99ca4841-adcc-44a4-a17c-f1faee6a3441
W10-50,piece-to-piece,INSERT,SP15-457-11,15Mx457 WILLIAMS SPL,1,ROD16,400W,fb5d34b3-c2eb-4b75-a4f8-961e1ab050f2
W10-50,piece-to-piece,INSERT,SP15-457-31,,1,PD52.387*12.7,400W,8c612b38-c13e-4e49-9b56-f4af3e68599e
W10-50,piece-to-piece,INSERT,SP15-457-21,,1,ROD26.987,400W,277627da-f4a3-4fc4-8b27-98b9ea123ea5
W10-50,piece-to-piece,INSERT,SP15-457-11,15Mx457 WILLIAMS SPL,1,ROD16,400W,ae05cffe-8bca-4372-835a-bb938872c42b
W10-50,piece-to-piece,INSERT,SP15-457-31,,1,PD52.387*12.7,400W,31ac04c1-91e1-47c2-948f-099d1707830e
W10-50,piece-to-piece,INSERT,SP15-457-21,,1,ROD26.987,400W,950ef91c-1389-4834-88c2-7e47152f81be
W10-50,piece-to-piece,GROUT_TUBE,GT75-1219,75Ø x 1219 GROUT TUBE,1,ROD76,Zero_Density,7836a0b9-5c71-46f6-8741-0c68a2808d13
W10-50,piece-to-piece,GROUT_TUBE,GT75-1219,75Ø x 1219 GROUT TUBE,1,ROD76,Zero_Density,b5a52515-bc38-4d1e-86b0-383cc69ba7ad
W10-50,piece-to-piece,GROUT_TUBE,GT75-1219,75Ø x 1219 GROUT TUBE,1,ROD76,Zero_Density,87a8272e-bda0-438e-a3d4-54841ed40f68
W10-50,piece-to-piece,GROUT_TUBE,GT75-1219,75Ø x 1219 GROUT TUBE,1,ROD76,Zero_Density,6f9abc4b-711a-401f-bfdd-963b4789cbcd
W10-50,piece-to-piece,GROUT_TUBE,GT75-1219,75Ø x 1219 GROUT TUBE,1,ROD76,Zero_Density,2b7e48c0-603a-4168-a4e8-4d59402ca04c
W10-50,piece-to-piece,GROUT_TUBE,GT75-1219,75Ø x 1219 GROUT TUBE,1,ROD76,Zero_Density,98aa42b7-b36c-4f8e-b604-1018810a897d
W10-50,piece-to-piece,GROUT_TUBE,GT75-1219,75Ø x 1219 GROUT TUBE,1,ROD76,Zero_Density,e8fe87d7-8ebe-4aa3-b74c-c4df07d3e9fe
W10-50,piece-to-piece,GROUT_TUBE,GT75-1219,75Ø x 1219 GROUT TUBE,1,ROD76,Zero_Density,7f29829a-8ba1-488d-b58c-857b467ca160
W10-50,piece-to-piece,GROUT_TUBE,GT100-1219-11,100Øx1219 GROUT TUBE,1,ROD102,Zero_Density,813de098-0f87-49b7-b13b-abc70d278490
W10-50,piece-to-piece,GROUT_TUBE,GT100-1219-21,,1,ROD110,Zero_Density,ce787350-7c5d-4efa-80f8-37316272affd
W10-50,piece-to-piece,GROUT_TUBE,GT100-1219-31,,1,ROD76,Zero_Density,5399aacd-9536-47d5-a986-1445e0529ef0
W10-50,piece-to-piece,GROUT_TUBE,GT76-254,76Øx254mm G.TUBE,1,ROD76.2,Zero_Density,69803634-7184-4ac7-960a-2ca5034e7d5e
W10-50,piece-to-piece,GROUT_TUBE,GT76-254,76Øx254mm G.TUBE,1,ROD76.2,Zero_Density,0cf235b4-719d-420b-b7fa-be11d1f9687d
W10-50,piece-to-piece,GROUT_TUBE,GT76-254,76Øx254mm G.TUBE,1,ROD76.2,Zero_Density,6f1a26df-f567-4128-ac42-9fd0003eb70b
W10-50,piece-to-piece,GROUT_TUBE,GT76-254,76Øx254mm G.TUBE,1,ROD76.2,Zero_Density,51d4cc2c-eaa7-4929-a21a-bda5e5ba0efa
W10-50,piece-to-piece,GROUT_TUBE,GT76-254,76Øx254mm G.TUBE,1,ROD76.2,Zero_Density,e6895dc9-626c-4f22-96dd-b6be76e96d78
W10-50,piece-to-piece,GROUT_TUBE,GT76-254,76Øx254mm G.TUBE,1,ROD76.2,Zero_Density,9829654a-5100-4282-b4d8-4d396d8f31fd
W10-50,piece-to-piece,CONDUIT,CNDT37,19MM CONDUIT,1,ROD19,Zero_Density,4a30435b-18cb-4691-9395-e2a6de3823ce
W10-50,piece-to-piece,PLATE,EB-S-PL1,Single Plastic Electr,1,160*50.8,Zero_Density,5ec84b14-57fe-422e-9c27-2eaf54e7069c
W10-50,piece-to-piece,EMBED,P-602-11,13PL. W/STUD,1,PL101.6*12.7,A572-GR.50,977f74bb-977a-436a-aec8-b2541b004fca
W10-50,piece-to-piece,EMBED,P-602-21,,1,STUD_1/2-DIA,A108-C1010-1020,ecacfcab-fb92-4641-8676-e15cd3f0c202
W10-50,piece-to-piece,INSERT,P-300-11,19Ø INSERT (NC),1,ROD23.813,A36,85f82e18-0fe5-4756-b03b-ab87d8069c9f
W10-50,piece-to-piece,EMBED,P-300-21,,1,ROD6.35,A36,cd686fdf-b505-4126-a14f-fe76e62c889e
W10-50,piece-to-piece,INSERT,P-300-11,19Ø INSERT (NC),1,ROD23.813,A36,d390c44a-da55-40e7-9eab-d345b1095a54
W10-50,piece-to-piece,EMBED,P-300-21,,1,ROD6.35,A36,2c3ede8d-c16c-42c2-90d3-6ef4328d0b05
W10-50,piece-to-piece,ANCHOR,P-205-11,12000LB FORGED ANCHOR,1,PL15.88,A36,59e60965-a372-4372-8ab9-850460f3e95e
W10-50,piece-to-piece,EMBED,P-205-21,,1,PL76.2*12.7,A36,6a92132f-94e3-408a-bc31-8e2cf7d4bfc2
W10-50,piece-to-piece,EMBED,P-205-31,,1,SPHERE47.625,A36,07a22de8-4c05-4819-8754-208cec5f4e2e
W10-50,piece-to-piece,EMBED,P-205-32,,1,PL54,Steel_Undefined,73160f31-3850-47c8-a359-7df5e28c02f9
W10-50,piece-to-piece,ANCHOR,P-205-11,12000LB FORGED ANCHOR,1,PL15.88,A36,e57d32ee-7a18-4bcc-b624-8ca82b1d3fca
W10-50,piece-to-piece,EMBED,P-205-21,,1,PL76.2*12.7,A36,c2762a16-6e3d-45e6-88fa-16e10e99fd05
W10-50,piece-to-piece,EMBED,P-205-31,,1,SPHERE47.625,A36,deb23875-4e71-40d5-96ae-8b992f710038
W10-50,piece-to-piece,EMBED,P-205-32,,1,PL54,Steel_Undefined,d70a588e-7260-439e-be53-a582f625a048
W10-50,piece-to-piece,ANCHOR,P-205-11,12000LB FORGED ANCHOR,1,PL15.88,A36,7ca27669-f114-49f4-988d-64ad10b7fda0
W10-50,piece-to-piece,EMBED,P-205-21,,1,PL76.2*12.7,A36,caba158d-452f-4570-bc15-1f89a813627f
W10-50,piece-to-piece,EMBED,P-205-31,,1,SPHERE47.625,A36,406f49a6-3ab7-47f0-a809-1f6eaa7d4c6d
W10-50,piece-to-piece,EMBED,P-205-32,,1,PL54,Steel_Undefined,a4ced1cf-b4c1-4e29-88be-13d496e06d45
W10-50,piece-to-piece,ANCHOR,P-205-11,12000LB FORGED ANCHOR,1,PL15.88,A36,010adebd-54e9-4ff4-bde8-d7586d5a5282
W10-50,piece-to-piece,EMBED,P-205-21,,1,PL76.2*12.7,A36,b0dc98aa-74fc-41c6-8960-09d4f36d368c
W10-50,piece-to-piece,EMBED,P-205-31,,1,SPHERE47.625,A36,27b4021e-b5cc-4d49-83a8-aa904adfda51
W10-50,piece-to-piece,EMBED,P-205-32,,1,PL54,Steel_Undefined,891d7e72-5326-4957-9a3e-a871fa3ba623
W10-50,piece-to-piece,EMBED,MPX11,V REVEAL LARGE,1,TRIANGLE12.7*12.7,Misc_Undefined,d7e49744-5127-4aa6-81f6-ff6e80eb548c
W10-50,piece-to-piece,INSERT,P-300-11,19Ø INSERT (NC),1,ROD23.813,A36,c4f91208-82b2-4d13-8778-38b20f102750
W10-50,piece-to-piece,EMBED,P-300-21,,1,ROD6.35,A36,07ff5172-d61a-4c15-8239-9548f32c5f47
W10-50,piece-to-piece,INSERT,P-300-11,19Ø INSERT (NC),1,ROD23.813,A36,dd3e9d18-2138-4e3c-af66-5302c447c2a6
W10-50,piece-to-piece,EMBED,P-300-21,,1,ROD6.35,A36,0654fcb5-5ad1-4b0c-b3d2-3bc4863c2d92
W10-50,piece-to-piece,INSERT,P-300-11,19Ø INSERT (NC),1,ROD23.813,A36,dbf1277b-3949-4e53-a8be-f25a1b659054
W10-50,piece-to-piece,EMBED,P-300-21,,1,ROD6.35,A36,6bf9c5c4-5eee-4d3e-924d-f9a8af710143
W10-50,piece-to-piece,GROUT_TUBE,GT75-686,75Ø x 686 GROUT TUBE,1,ROD76,Zero_Density,4f1c279c-ca7f-45ae-bd15-f6003de07e9a
W10-50,piece-to-piece,GROUT_TUBE,GT75-686,75Ø x 686 GROUT TUBE,1,ROD76,Zero_Density,c70919e1-87f6-4fcb-b621-e3c6bdb76c6c
W10-50,piece-to-piece,INSERT,SP15-457-11,15Mx457 WILLIAMS SPL,1,ROD16,400W,0aa9a5eb-f25c-4812-9f47-9ad9910305e6
W10-50,piece-to-piece,INSERT,SP15-457-31,,1,PD52.387*12.7,400W,62921f8d-4c0d-4aca-9983-07948b2ac938
W10-50,piece-to-piece,INSERT,SP15-457-21,,1,ROD26.987,400W,f7612a6e-63ac-4749-9a3d-77a44d9c3620
W10-50,piece-to-piece,INSERT,SP15-457-11,15Mx457 WILLIAMS SPL,1,ROD16,400W,25a89436-b8d3-4366-bef3-92b632473beb
W10-50,piece-to-piece,INSERT,SP15-457-31,,1,PD52.387*12.7,400W,18e64443-f799-4a0c-8f2b-f16138ce96bb
W10-50,piece-to-piece,INSERT,SP15-457-21,,1,ROD26.987,400W,e511aa17-5d2d-4244-ab19-b178b5035ed0
W10-50,piece-to-piece,INSERT,SP15-457-11,15Mx457 WILLIAMS SPL,1,ROD16,400W,da6e8391-bea0-4180-9472-1bdebbce187a
W10-50,piece-to-piece,INSERT,SP15-457-31,,1,PD52.387*12.7,400W,1de9a44a-a9bb-487e-b3f6-f0946fa279ed
W10-50,piece-to-piece,INSERT,SP15-457-21,,1,ROD26.987,400W,bf4e8c54-ff6b-4193-baa9-52a44ca5304b
W10-50,piece-to-piece,INSERT,SP15-457-11,15Mx457 WILLIAMS SPL,1,ROD16,400W,b7bb03b2-1819-454b-ac53-4fbf6fb0bd9d
W10-50,piece-to-piece,INSERT,SP15-457-31,,1,PD52.387*12.7,400W,f7f07178-b40f-4040-a1f8-3c9ac1c73853
W10-50,piece-to-piece,INSERT,SP15-457-21,,1,ROD26.987,400W,7965b890-cfe0-4206-a037-25f35f1b4dfb
W10-50,piece-to-piece,INSERT,SP15-457-11,15Mx457 WILLIAMS SPL,1,ROD16,400W,f5d2bd8a-6ef0-404e-b276-00a09464dc02
W10-50,piece-to-piece,INSERT,SP15-457-31,,1,PD52.387*12.7,400W,5d1ce0b1-033f-47e5-a374-1b7cf4501028
W10-50,piece-to-piece,INSERT,SP15-457-21,,1,ROD26.987,400W,e6dde6cc-6077-45bd-a006-ea1d1403662a
W10-50,piece-to-piece,INSERT,SP15-457-11,15Mx457 WILLIAMS SPL,1,ROD16,400W,49988e2e-4edc-4756-b362-65cf3e7ae0bc
W10-50,piece-to-piece,INSERT,SP15-457-31,,1,PD52.387*12.7,400W,ea8dd69c-2393-4c13-a5a0-729dbb5aeca1
W10-50,piece-to-piece,INSERT,SP15-457-21,,1,ROD26.987,400W,60566aff-91d2-4bff-8d46-b20368edd22b
W10-50,piece-to-piece,INSERT,SP15-457-11,15Mx457 WILLIAMS SPL,1,ROD16,400W,54083497-e0cd-4aae-8e88-d095c36b287d
W10-50,piece-to-piece,INSERT,SP15-457-31,,1,PD52.387*12.7,400W,fb74f5bc-0d8b-4a85-ae92-f5453c65cf0c
W10-50,piece-to-piece,INSERT,SP15-457-21,,1,ROD26.987,400W,99ca4841-adcc-44a4-a17c-f1faee6a3441
W10-50,piece-to-piece,INSERT,SP15-457-11,15Mx457 WILLIAMS SPL,1,ROD16,400W,fb5d34b3-c2eb-4b75-a4f8-961e1ab050f2
W10-50,piece-to-piece,INSERT,SP15-457-31,,1,PD52.387*12.7,400W,8c612b38-c13e-4e49-9b56-f4af3e68599e
W10-50,piece-to-piece,INSERT,SP15-457-21,,1,ROD26.987,400W,277627da-f4a3-4fc4-8b27-98b9ea123ea5
W10-50,piece-to-piece,INSERT,SP15-457-11,15Mx457 WILLIAMS SPL,1,ROD16,400W,ae05cffe-8bca-4372-835a-bb938872c42b
W10-50,piece-to-piece,INSERT,SP15-457-31,,1,PD52.387*12.7,400W,31ac04c1-91e1-47c2-948f-099d1707830e
W10-50,piece-to-piece,INSERT,SP15-457-21,,1,ROD26.987,400W,950ef91c-1389-4834-88c2-7e47152f81be
W10-50,piece-to-piece,GROUT_TUBE,GT75-1219,75Ø x 1219 GROUT TUBE,1,ROD76,Zero_Density,7836a0b9-5c71-46f6-8741-0c68a2808d13
W10-50,piece-to-piece,GROUT_TUBE,GT75-1219,75Ø x 1219 GROUT TUBE,1,ROD76,Zero_Density,b5a52515-bc38-4d1e-86b0-383cc69ba7ad
W10-50,piece-to-piece,GROUT_TUBE,GT75-1219,75Ø x 1219 GROUT TUBE,1,ROD76,Zero_Density,87a8272e-bda0-438e-a3d4-54841ed40f68
W10-50,piece-to-piece,GROUT_TUBE,GT75-1219,75Ø x 1219 GROUT TUBE,1,ROD76,Zero_Density,6f9abc4b-711a-401f-bfdd-963b4789cbcd
W10-50,piece-to-piece,GROUT_TUBE,GT75-1219,75Ø x 1219 GROUT TUBE,1,ROD76,Zero_Density,2b7e48c0-603a-4168-a4e8-4d59402ca04c
W10-50,piece-to-piece,GROUT_TUBE,GT75-1219,75Ø x 1219 GROUT TUBE,1,ROD76,Zero_Density,98aa42b7-b36c-4f8e-b604-1018810a897d
W10-50,piece-to-piece,GROUT_TUBE,GT75-1219,75Ø x 1219 GROUT TUBE,1,ROD76,Zero_Density,e8fe87d7-8ebe-4aa3-b74c-c4df07d3e9fe
W10-50,piece-to-piece,GROUT_TUBE,GT75-1219,75Ø x 1219 GROUT TUBE,1,ROD76,Zero_Density,7f29829a-8ba1-488d-b58c-857b467ca160
W10-50,piece-to-piece,GROUT_TUBE,GT100-1219-11,100Øx1219 GROUT TUBE,1,ROD102,Zero_Density,813de098-0f87-49b7-b13b-abc70d278490
W10-50,piece-to-piece,GROUT_TUBE,GT100-1219-21,,1,ROD110,Zero_Density,ce787350-7c5d-4efa-80f8-37316272affd
W10-50,piece-to-piece,GROUT_TUBE,GT100-1219-31,,1,ROD76,Zero_Density,5399aacd-9536-47d5-a986-1445e0529ef0
W10-50,piece-to-piece,GROUT_TUBE,GT76-254,76Øx254mm G.TUBE,1,ROD76.2,Zero_Density,69803634-7184-4ac7-960a-2ca5034e7d5e
W10-50,piece-to-piece,GROUT_TUBE,GT76-254,76Øx254mm G.TUBE,1,ROD76.2,Zero_Density,0cf235b4-719d-420b-b7fa-be11d1f9687d
W10-50,piece-to-piece,GROUT_TUBE,GT76-254,76Øx254mm G.TUBE,1,ROD76.2,Zero_Density,6f1a26df-f567-4128-ac42-9fd0003eb70b
W10-50,piece-to-piece,GROUT_TUBE,GT76-254,76Øx254mm G.TUBE,1,ROD76.2,Zero_Density,51d4cc2c-eaa7-4929-a21a-bda5e5ba0efa
W10-50,piece-to-piece,GROUT_TUBE,GT76-254,76Øx254mm G.TUBE,1,ROD76.2,Zero_Density,e6895dc9-626c-4f22-96dd-b6be76e96d78
W10-50,piece-to-piece,GROUT_TUBE,GT76-254,76Øx254mm G.TUBE,1,ROD76.2,Zero_Density,9829654a-5100-4282-b4d8-4d396d8f31fd
W10-50,piece-to-piece,CONDUIT,CNDT37,19MM CONDUIT,1,ROD19,Zero_Density,4a30435b-18cb-4691-9395-e2a6de3823ce
W10-50,piece-to-piece,PLATE,EB-S-PL1,Single Plastic Electr,1,160*50.8,Zero_Density,5ec84b14-57fe-422e-9c27-2eaf54e7069c
W10-50,piece-to-piece,EMBED,P-602-11,13PL. W/STUD,1,PL101.6*12.7,A572-GR.50,977f74bb-977a-436a-aec8-b2541b004fca
W10-50,piece-to-piece,EMBED,P-602-21,,1,STUD_1/2-DIA,A108-C1010-1020,ecacfcab-fb92-4641-8676-e15cd3f0c202
W10-50,piece-to-piece,INSERT,P-300-11,19Ø INSERT (NC),1,ROD23.813,A36,85f82e18-0fe5-4756-b03b-ab87d8069c9f
W10-50,piece-to-piece,EMBED,P-300-21,,1,ROD6.35,A36,cd686fdf-b505-4126-a14f-fe76e62c889e
W10-50,piece-to-piece,INSERT,P-300-11,19Ø INSERT (NC),1,ROD23.813,A36,d390c44a-da55-40e7-9eab-d345b1095a54
W10-50,piece-to-piece,EMBED,P-300-21,,1,ROD6.35,A36,2c3ede8d-c16c-42c2-90d3-6ef4328d0b05
W10-50,piece-to-piece,ANCHOR,P-205-11,12000LB FORGED ANCHOR,1,PL15.88,A36,59e60965-a372-4372-8ab9-850460f3e95e
W10-50,piece-to-piece,EMBED,P-205-21,,1,PL76.2*12.7,A36,6a92132f-94e3-408a-bc31-8e2cf7d4bfc2
W10-50,piece-to-piece,EMBED,P-205-31,,1,SPHERE47.625,A36,07a22de8-4c05-4819-8754-208cec5f4e2e
W10-50,piece-to-piece,EMBED,P-205-32,,1,PL54,Steel_Undefined,73160f31-3850-47c8-a359-7df5e28c02f9
W10-50,piece-to-piece,ANCHOR,P-205-11,12000LB FORGED ANCHOR,1,PL15.88,A36,e57d32ee-7a18-4bcc-b624-8ca82b1d3fca
W10-50,piece-to-piece,EMBED,P-205-21,,1,PL76.2*12.7,A36,c2762a16-6e3d-45e6-88fa-16e10e99fd05
W10-50,piece-to-piece,EMBED,P-205-31,,1,SPHERE47.625,A36,deb23875-4e71-40d5-96ae-8b992f710038
W10-50,piece-to-piece,EMBED,P-205-32,,1,PL54,Steel_Undefined,d70a588e-7260-439e-be53-a582f625a048
W10-50,piece-to-piece,ANCHOR,P-205-11,12000LB FORGED ANCHOR,1,PL15.88,A36,7ca27669-f114-49f4-988d-64ad10b7fda0
W10-50,piece-to-piece,EMBED,P-205-21,,1,PL76.2*12.7,A36,caba158d-452f-4570-bc15-1f89a813627f
W10-50,piece-to-piece,EMBED,P-205-31,,1,SPHERE47.625,A36,406f49a6-3ab7-47f0-a809-1f6eaa7d4c6d
W10-50,piece-to-piece,EMBED,P-205-32,,1,PL54,Steel_Undefined,a4ced1cf-b4c1-4e29-88be-13d496e06d45
W10-50,piece-to-piece,ANCHOR,P-205-11,12000LB FORGED ANCHOR,1,PL15.88,A36,010adebd-54e9-4ff4-bde8-d7586d5a5282
W10-50,piece-to-piece,EMBED,P-205-21,,1,PL76.2*12.7,A36,b0dc98aa-74fc-41c6-8960-09d4f36d368c
W10-50,piece-to-piece,EMBED,P-205-31,,1,SPHERE47.625,A36,27b4021e-b5cc-4d49-83a8-aa904adfda51
W10-50,piece-to-piece,EMBED,P-205-32,,1,PL54,Steel_Undefined,891d7e72-5326-4957-9a3e-a871fa3ba623
