PieceMark,JointType,Kind,Mark,Description,Qty,Profile,Material,Guid
L-5,piece-to-piece,GROUT_TUBE,GT75-254,75Ø GROUT TUBE x 254,1,ROD76.2,Zero_Density,6f105bef-ef57-43be-8b8b-5241c68efcad
L-5,piece-to-piece,EMBED,P-403-11,L102X102X12.7 W/STUDS,1,L102X102X12.7,A572-GR.50,21a01f82-db44-441a-bccc-c83b3ef2da8a
L-5,piece-to-piece,EMBED,P-403-21,,1,STUD_1/2-DIA,A108-C1010-1020,1fd9de69-245b-43d0-9434-a987e0a6593a
L-5,piece-to-piece,EMBED,P-403-21,,1,STUD_1/2-DIA,A108-C1010-1020,70a8615c-4cb5-4eb6-86dd-a8ba42efe6f1
L-5,piece-to-piece,EMBED,P-403-21,,1,STUD_1/2-DIA,A108-C1010-1020,76f6f9e8-a458-4cb5-9ef8-2c30dc754468
L-5,piece-to-piece,EMBED,P-403-21,,1,STUD_1/2-DIA,A108-C1010-1020,ee849f8d-6d93-435b-8a68-13ea905e3bbe
L-5,piece-to-piece,ANCHOR,P-207-11,4000LB T-BAR ANCHOR,1,PL15.88,A36,b355fc8c-9a0e-4ccc-90bb-96eca81136e5
L-5,piece-to-piece,EMBED,P-207-21,,1,ROD12.7,A36,7e9624ee-65f0-4fb3-9d99-57598a7c5f01
L-5,piece-to-piece,EMBED,P-206-31,,1,PL54,Steel_Undefined,ee634299-1e29-4730-9976-f0f0741f04cc
L-5,piece-to-piece,ANCHOR,P-207-11,4000LB T-BAR ANCHOR,1,PL15.88,A36,a9c9faf5-a503-4e75-80f0-b050167ef252
L-5,piece-to-piece,EMBED,P-207-21,,1,ROD12.7,A36,f81b8df8-8e3b-4404-8138-b86d8715819b
L-5,piece-to-piece,EMBED,P-206-31,,1,PL54,Steel_Undefined,392c286f-a532-41b2-af37-02688cf1c7e2
L-5,piece-to-piece,ANCHOR,P-207-11,4000LB T-BAR ANCHOR,1,PL15.88,A36,d6f89c41-fa41-4cd8-bbe5-98e2dc9845a1
L-5,piece-to-piece,EMBED,P-207-21,,1,ROD12.7,A36,629259a6-3ba1-48c2-8176-0add9f5183c2
L-5,piece-to-piece,EMBED,P-206-31,,1,PL54,Steel_Undefined,9c35bf9f-a574-4188-90dc-08b32837a2fe
L-5,piece-to-piece,ANCHOR,P-207-11,4000LB T-BAR ANCHOR,1,PL15.88,A36,a8e0ff80-6a8c-4093-9ecf-ec332a96ded2
L-5,piece-to-piece,EMBED,P-207-21,,1,ROD12.7,A36,470c37fc-666d-4709-bda2-9f2e924d1633
L-5,piece-to-piece,EMBED,P-206-31,,1,PL54,Steel_Undefined,8a0d5dfb-6b59-4b08-89c3-f8091a2baf8f
L-5,piece-to-piece,SLEEVE,SLV-152-254,152Ø x 254 PVC SLEEVE,1,ROD160,Zero_Density,67bbdcaa-249b-4014-a5d1-36283c80ae4e
L-4,piece-to-piece,GROUT_TUBE,GT75-254,75Ø GROUT TUBE x 254,1,ROD76.2,Zero_Density,141f2f30-9d7d-478b-ab8c-590c3c4364a1
L-4,piece-to-piece,EMBED,P-403-11,L102X102X12.7 W/STUDS,1,L102X102X12.7,A572-GR.50,89541242-d7d0-46e7-b186-0f647267e07f
L-4,piece-to-piece,EMBED,P-403-21,,1,STUD_1/2-DIA,A108-C1010-1020,9a4938be-d8ee-4f3b-b394-6f50dc708028
L-4,piece-to-piece,EMBED,P-403-21,,1,STUD_1/2-DIA,A108-C1010-1020,c410e1b0-be39-45db-9b44-da23ae9560a0
L-4,piece-to-piece,EMBED,P-403-21,,1,STUD_1/2-DIA,A108-C1010-1020,d6f31d2a-f417-448e-b71f-ec5eef0a7227
L-4,piece-to-piece,EMBED,P-403-21,,1,STUD_1/2-DIA,A108-C1010-1020,5d3f1d1a-fb91-4246-8fc2-4f93c9213200
L-4,piece-to-piece,ANCHOR,P-207-11,4000LB T-BAR ANCHOR,1,PL15.88,A36,84274df7-5d36-4316-b932-d06e18e8ef5f
L-4,piece-to-piece,EMBED,P-207-21,,1,ROD12.7,A36,b815c096-904e-4a2c-a8e4-7b370bad4bae
L-4,piece-to-piece,EMBED,P-206-31,,1,PL54,Steel_Undefined,ac8400c6-63d5-4c4c-be6c-eb60ccb687f3
L-4,piece-to-piece,ANCHOR,P-207-11,4000LB T-BAR ANCHOR,1,PL15.88,A36,31d517fb-6a73-4a5e-871c-a6a961662c9d
L-4,piece-to-piece,EMBED,P-207-21,,1,ROD12.7,A36,cedb03d0-9dc5-4417-b788-4f4f06081d0a
L-4,piece-to-piece,EMBED,P-206-31,,1,PL54,Steel_Undefined,31fba45a-fc18-424d-8236-ea5eb7cb41f8
L-4,piece-to-piece,ANCHOR,P-207-11,4000LB T-BAR ANCHOR,1,PL15.88,A36,bc8afa8e-7258-4a5d-b6fd-db69426d68d1
L-4,piece-to-piece,EMBED,P-207-21,,1,ROD12.7,A36,e18109d9-ad8f-46b0-a283-5798ebc32d18
L-4,piece-to-piece,EMBED,P-206-31,,1,PL54,Steel_Undefined,a377137e-c27e-4d48-b08b-1c3c3459461f
L-4,piece-to-piece,ANCHOR,P-207-11,4000LB T-BAR ANCHOR,1,PL15.88,A36,9ebff4f0-c722-4f47-bf62-33d94251fdab
L-4,piece-to-piece,EMBED,P-207-21,,1,ROD12.7,A36,0f8db711-7b98-45e4-a2b4-b0a51a417cef
L-4,piece-to-piece,EMBED,P-206-31,,1,PL54,Steel_Undefined,7ebaeb44-e845-4648-b64e-a79bd31543bc
L-4,piece-to-piece,SLEEVE,SLV-102-254,102Ø x 254 PVC SLEEVE,1,ROD108,Zero_Density,c879ddba-7c5c-4d15-a3d6-b1c2345446c6
L-4,piece-to-piece,SLEEVE,SLV-152-254,152Ø x 254 PVC SLEEVE,1,ROD160,Zero_Density,0c101008-4e5c-45cf-9ec7-970f111b4c8f
SR-1,piece-to-piece,EMBED,P-206-11,4000LB LIFTER W/10M V,1,PL69.85*9.53,A36,fe8e8e0d-25fc-42d2-aa6a-c54a738caff2
SR-1,piece-to-piece,EMBED,P-206-31,,1,PL54,Steel_Undefined,7e0d821e-69a2-43c2-9aec-f2685eba4800
SR-1,piece-to-piece,EMBED,P-206-11,4000LB LIFTER W/10M V,1,PL69.85*9.53,A36,bacbb291-8477-4be2-bd69-ed25fab62f55
SR-1,piece-to-piece,EMBED,P-206-31,,1,PL54,Steel_Undefined,4dde0e1d-2433-471c-ab24-9f41a20e68f4
SR-1,piece-to-piece,EMBED,P-206-11,4000LB LIFTER W/10M V,1,PL69.85*9.53,A36,a2dd1bc0-5d0e-454c-a9e9-90ee4edffe13
SR-1,piece-to-piece,EMBED,P-206-31,,1,PL54,Steel_Undefined,510d2852-3345-4edb-9610-8a4d69cc74b3
SR-1,piece-to-piece,EMBED,P-206-11,4000LB LIFTER W/10M V,1,PL69.85*9.53,A36,0d547027-196c-448e-b4f3-193807f593a1
SR-1,piece-to-piece,EMBED,P-206-31,,1,PL54,Steel_Undefined,f55f40b7-dd7e-46da-903e-784335b313a9
SR-2,piece-to-piece,EMBED,P-206-11,4000LB LIFTER W/10M V,1,PL69.85*9.53,A36,5b06539a-2839-4c31-968a-458793900491
SR-2,piece-to-piece,EMBED,P-206-31,,1,PL54,Steel_Undefined,cbadf93c-1dd8-43d6-8602-589e95e02405
SR-2,piece-to-piece,EMBED,P-206-11,4000LB LIFTER W/10M V,1,PL69.85*9.53,A36,d02a1e06-abfa-4436-ab35-0a9c7ebdcaf1
SR-2,piece-to-piece,EMBED,P-206-31,,1,PL54,Steel_Undefined,808ee06a-583c-4d50-bee8-6640efa324f9
SR-2,piece-to-piece,EMBED,P-206-11,4000LB LIFTER W/10M V,1,PL69.85*9.53,A36,e5990708-5c25-4621-b556-937ac6b6b825
SR-2,piece-to-piece,EMBED,P-206-31,,1,PL54,Steel_Undefined,c03fea61-e791-425b-9bd7-2b82b445a50a
SR-2,piece-to-piece,EMBED,P-206-11,4000LB LIFTER W/10M V,1,PL69.85*9.53,A36,de5d8db0-653e-4202-82ea-b6b0f2e1ae0b
SR-2,piece-to-piece,EMBED,P-206-31,,1,PL54,Steel_Undefined,a98872db-5ff8-4b44-af2c-89332e93f654
W10-34,piece-to-piece,EMBED,MPX3,V REVEAL LARGE,1,TRIANGLE12.7*12.7,Misc_Undefined,d2f186c6-7582-4456-ade3-1131f9fff0ac
W10-34,piece-to-piece,GROUT_TUBE,GT100-686-11,100Øx686 GROUT TUBE,1,ROD102,Zero_Density,d07345a0-4bc6-4f38-bd60-acbe3d83e311
W10-34,piece-to-piece,GROUT_TUBE,GT100-686-21,,1,ROD110,Zero_Density,34cfa7a5-a189-42c0-8cb8-c8f93501fa40
W10-34,piece-to-piece,GROUT_TUBE,GT100-686-31,,1,ROD76,Zero_Density,d53a5c36-4dd9-4439-94ef-2c2d19ecbb59
W10-34,piece-to-piece,GROUT_TUBE,GT100-1219-11,100Øx1219 GROUT TUBE,1,ROD102,Zero_Density,e2270bf4-05ed-41be-83a0-764903babe03
W10-34,piece-to-piece,GROUT_TUBE,GT100-1219-21,,1,ROD110,Zero_Density,fd52a933-ba08-4d63-9560-4ccd36316953
W10-34,piece-to-piece,GROUT_TUBE,GT100-1219-31,,1,ROD76,Zero_Density,7c914fd4-897b-4d98-9ab2-56b0cdef9709
W10-34,piece-to-piece,INSERT,P-300-11,19Ø INSERT (NC),1,ROD23.813,A36,57b17aa7-e2e8-4847-96c3-7d0313f123fe
W10-34,piece-to-piece,EMBED,P-300-21,,1,ROD6.35,A36,0c2833a1-1564-4472-891e-adf0aa5cb3e5
W10-34,piece-to-piece,GROUT_TUBE,GT100-1219-11,100Øx1219 GROUT TUBE,1,ROD102,Zero_Density,85d3a7fc-e7c0-40ca-b9da-ad5d1f002737
W10-34,piece-to-piece,GROUT_TUBE,GT100-1219-21,,1,ROD110,Zero_Density,d2917d9f-6ca6-4fbc-b923-7bf6ea9450fa
W10-34,piece-to-piece,GROUT_TUBE,GT100-1219-31,,1,ROD76,Zero_Density,14c04930-7f07-4d52-a019-212a6db259b4
W10-34,piece-to-piece,INSERT,SP25-1067-11,SP25Mx1067 WILLIAMS S,1,ROD25.4,A706-GR.60,3ff01528-e421-4569-bc00-1e6c915eec29
W10-34,piece-to-piece,EMBED,SP25-1067-31,,1,PD66.675*15.875,A706-GR.60,753ab8eb-5c22-4418-9d43-d26b9a00a304
W10-34,piece-to-piece,EMBED,SP25-1067-21,,1,ROD41.275,A706-GR.60,e9452b8c-26e5-493e-9940-deac04a10424
W10-34,piece-to-piece,INSERT,SP25-1067-11,SP25Mx1067 WILLIAMS S,1,ROD25.4,A706-GR.60,048a6d44-f1d0-4cd7-9a59-f4c4c23989dc
W10-34,piece-to-piece,EMBED,SP25-1067-31,,1,PD66.675*15.875,A706-GR.60,26396999-8ca6-4823-8056-33992e5cab1e
W10-34,piece-to-piece,EMBED,SP25-1067-21,,1,ROD41.275,A706-GR.60,f448d809-7e0f-4d2f-b148-87b44151bfe2
W10-34,piece-to-piece,INSERT,SP25-1067-11,SP25Mx1067 WILLIAMS S,1,ROD25.4,A706-GR.60,0d09a7e3-0c96-4b44-b523-fbd6e5c8780c
W10-34,piece-to-piece,EMBED,SP25-1067-31,,1,PD66.675*15.875,A706-GR.60,5dd32fb2-2e60-4ae8-9700-ca361adb0bd2
W10-34,piece-to-piece,EMBED,SP25-1067-21,,1,ROD41.275,A706-GR.60,ee1b75a8-85ff-46dd-ab51-0528178dc2f6
W10-34,piece-to-piece,INSERT,SP25-1067-11,SP25Mx1067 WILLIAMS S,1,ROD25.4,A706-GR.60,9422cc06-a2fa-405b-b18c-793f2441dd72
W10-34,piece-to-piece,EMBED,SP25-1067-31,,1,PD66.675*15.875,A706-GR.60,be9d271a-3026-48cd-96b6-33e5557e0a21
W10-34,piece-to-piece,EMBED,SP25-1067-21,,1,ROD41.275,A706-GR.60,68c68678-cd23-46c0-87eb-f64b82d83b14
W10-34,piece-to-piece,INSERT,SP25-1067-11,SP25Mx1067 WILLIAMS S,1,ROD25.4,A706-GR.60,fc9b8e0a-07b9-4d27-9134-b460fe0eef47
W10-34,piece-to-piece,EMBED,SP25-1067-31,,1,PD66.675*15.875,A706-GR.60,4db2c04a-bd50-49e4-bdb4-cadc97c9c774
W10-34,piece-to-piece,EMBED,SP25-1067-21,,1,ROD41.275,A706-GR.60,206732a3-96b5-4fd8-ab92-f8d4168c4da1
W10-34,piece-to-piece,INSERT,SP15-457-11,15Mx457 WILLIAMS SPL,1,ROD16,400W,9ff35318-0821-45eb-9287-16a21231425c
W10-34,piece-to-piece,INSERT,SP15-457-31,,1,PD52.387*12.7,400W,864f1933-110c-4042-97f3-3ddd68392b8d
W10-34,piece-to-piece,INSERT,SP15-457-21,,1,ROD26.987,400W,4c0cc33e-bbc8-4f54-8580-f65b6ef6ad53
W10-34,piece-to-piece,INSERT,SP15-457-11,15Mx457 WILLIAMS SPL,1,ROD16,400W,5496e5a3-1f06-4413-8617-02ecd6cedc66
W10-34,piece-to-piece,INSERT,SP15-457-31,,1,PD52.387*12.7,400W,d7b1ca6a-8ac5-4357-af1f-42080e9a238f
W10-34,piece-to-piece,INSERT,SP15-457-21,,1,ROD26.987,400W,54e0b574-8c02-4b13-a339-345763bf5c0a
W10-34,piece-to-piece,GROUT_TUBE,GT100-1219-11,100Øx1219 GROUT TUBE,1,ROD102,Zero_Density,bd88632b-a617-41fd-97eb-afb5169d9d7b
W10-34,piece-to-piece,GROUT_TUBE,GT100-1219-21,,1,ROD110,Zero_Density,99b299aa-b10a-44dd-8042-f734eb5e0767
W10-34,piece-to-piece,GROUT_TUBE,GT100-1219-31,,1,ROD76,Zero_Density,a7ccd0dd-9c2c-4586-be65-738a439fdc67
W10-34,piece-to-piece,INSERT,SP25-1067-11,SP25Mx1067 WILLIAMS S,1,ROD25.4,A706-GR.60,1c1ea166-4abb-40b6-b47a-4ce9cd539ffa
W10-34,piece-to-piece,EMBED,SP25-1067-31,,1,PD66.675*15.875,A706-GR.60,04983ebf-7fa7-48f7-ae3a-53161454d061
W10-34,piece-to-piece,EMBED,SP25-1067-21,,1,ROD41.275,A706-GR.60,7cb18834-1b39-481b-95a0-f23064dd10d1
W10-34,piece-to-piece,INSERT,SP25-1067-11,SP25Mx1067 WILLIAMS S,1,ROD25.4,A706-GR.60,cb95553d-2013-4a8d-b3a3-b3ef64bc4eed
W10-34,piece-to-piece,EMBED,SP25-1067-31,,1,PD66.675*15.875,A706-GR.60,5f76fde9-d349-4268-a248-e0423b86bc2a
W10-34,piece-to-piece,EMBED,SP25-1067-21,,1,ROD41.275,A706-GR.60,52886025-5b9c-428c-80c6-64ff66a84403
W10-34,piece-to-piece,INSERT,SP25-1067-11,SP25Mx1067 WILLIAMS S,1,ROD25.4,A706-GR.60,41e10b96-29f8-4e84-8d69-a2a52d0b4ce9
W10-34,piece-to-piece,EMBED,SP25-1067-31,,1,PD66.675*15.875,A706-GR.60,d4541335-2424-4908-ad8d-3f02a9028b4c
W10-34,piece-to-piece,EMBED,SP25-1067-21,,1,ROD41.275,A706-GR.60,8671ff5f-d600-426a-bd7f-1412609133a7
W10-34,piece-to-piece,INSERT,SP30-1219-11,30Mx1219 WILLIAMS SPL,1,ROD30.16,A706-GR.60,ff3671dc-e5d3-4f28-9b3d-b1417bd9a89c
W10-34,piece-to-piece,EMBED,SP30-1219-31,,1,PD71.438*19.05,A706-GR.60,5f3ad31d-9b0c-49a8-b83e-250047f1d113
W10-34,piece-to-piece,EMBED,SP30-1219-21,,1,ROD44.45,A706-GR.60,9e835768-2f9d-40df-b960-0933e4c8e7cd
W10-34,piece-to-piece,INSERT,P-300-11,19Ø INSERT (NC),1,ROD23.813,A36,c7c7d036-c89f-41ec-b977-d8ce365f8655
W10-34,piece-to-piece,EMBED,P-300-21,,1,ROD6.35,A36,619020e7-d4ff-4f89-84da-3c07eb6277b6
W10-34,piece-to-piece,INSERT,P-300-11,19Ø INSERT (NC),1,ROD23.813,A36,28e0d9d2-9994-49e2-83f1-f9e9d4f29dfb
W10-34,piece-to-piece,EMBED,P-300-21,,1,ROD6.35,A36,cbc51dbb-6abd-4acc-93e1-2ac8f96571de
W10-34,piece-to-piece,GROUT_TUBE,GT100-1219-11,100Øx1219 GROUT TUBE,1,ROD102,Zero_Density,06f5c01f-f23d-496b-af1b-b3689ddcdc8f
W10-34,piece-to-piece,GROUT_TUBE,GT100-1219-21,,1,ROD110,Zero_Density,00c8d3b5-95d7-448d-a620-53d79e953c90
W10-34,piece-to-piece,GROUT_TUBE,GT100-1219-31,,1,ROD76,Zero_Density,543f1fdf-8912-4153-bf31-f7dafe2aaad9
W10-34,piece-to-piece,GROUT_TUBE,GT100-1219-11,100Øx1219 GROUT TUBE,1,ROD102,Zero_Density,de07bccc-42c9-43ce-a075-fcccd406d097
W10-34,piece-to-piece,GROUT_TUBE,GT100-1219-21,,1,ROD110,Zero_Density,dc6430ea-5fff-4a3d-a06e-4d36b377f13c
W10-34,piece-to-piece,GROUT_TUBE,GT100-1219-31,,1,ROD76,Zero_Density,48526ef2-8315-455a-91a7-0ba000f2e76a
W10-34,piece-to-piece,GROUT_TUBE,GT100-1219-11,100Øx1219 GROUT TUBE,1,ROD102,Zero_Density,aa14f0aa-40c6-4357-9278-fbd049386d6d
W10-34,piece-to-piece,GROUT_TUBE,GT100-1219-21,,1,ROD110,Zero_Density,dda5837c-5b1b-49db-9c8f-e3fa4eddd6b0
W10-34,piece-to-piece,GROUT_TUBE,GT100-1219-31,,1,ROD76,Zero_Density,8745e079-1799-4e47-b400-8e8d8ca3e494
W10-34,piece-to-piece,GROUT_TUBE,GT100-1219-11,100Øx1219 GROUT TUBE,1,ROD102,Zero_Density,be332289-c3b2-4759-bc7a-77ae6d9924da
W10-34,piece-to-piece,GROUT_TUBE,GT100-1219-21,,1,ROD110,Zero_Density,04af4d0b-bf4e-4a09-9675-732bb064a98e
W10-34,piece-to-piece,GROUT_TUBE,GT100-1219-31,,1,ROD76,Zero_Density,8cec998b-9a6c-46ec-96ec-f06f5fa9ad06
W10-34,piece-to-piece,GROUT_TUBE,GT100-1219-11,100Øx1219 GROUT TUBE,1,ROD102,Zero_Density,261687c5-96b4-435d-a75d-2f0db20d2d5a
W10-34,piece-to-piece,GROUT_TUBE,GT100-1219-21,,1,ROD110,Zero_Density,30bf01e8-be95-4b8b-be36-2570433c0fe4
W10-34,piece-to-piece,GROUT_TUBE,GT100-1219-31,,1,ROD76,Zero_Density,6472d2d6-17b0-443e-ae22-ae6abf60c3ce
W10-34,piece-to-piece,GROUT_TUBE,GT100-1219-11,100Øx1219 GROUT TUBE,1,ROD102,Zero_Density,a1d800d0-32c3-4ff0-94a0-facb740e869f
W10-34,piece-to-piece,GROUT_TUBE,GT100-1219-21,,1,ROD110,Zero_Density,7f193df6-aa76-4937-bbc9-3a4cc919b99c
W10-34,piece-to-piece,GROUT_TUBE,GT100-1219-31,,1,ROD76,Zero_Density,07426979-eb14-4b14-9efa-ab2325b3a042
W10-34,piece-to-piece,GROUT_TUBE,GT100-686-11,100Øx686 GROUT TUBE,1,ROD102,Zero_Density,50569e5b-8dbc-4a24-b8f9-ff2e0e658555
W10-34,piece-to-piece,GROUT_TUBE,GT100-686-21,,1,ROD110,Zero_Density,4bb4e9b4-40ab-4c98-8a3e-ee3812423a3d
W10-34,piece-to-piece,GROUT_TUBE,GT100-686-31,,1,ROD76,Zero_Density,463a3693-cea7-4ce7-adc1-79150b9add1a
W10-34,piece-to-piece,INSERT,P-300-11,19Ø INSERT (NC),1,ROD23.813,A36,56e58ebd-0d96-4dc0-999b-74e2c771672e
W10-34,piece-to-piece,EMBED,P-300-21,,1,ROD6.35,A36,48ae0088-3f04-490c-b312-b731f1f89b2d
W10-34,piece-to-piece,INSERT,P-300-11,19Ø INSERT (NC),1,ROD23.813,A36,ca6402b9-1d98-452c-a1d0-3a3afa635cf5
W10-34,piece-to-piece,EMBED,P-300-21,,1,ROD6.35,A36,c850094a-ff9c-4e2d-83c0-b58ccfd2b516
W10-34,piece-to-piece,ANCHOR,P-205-11,12000LB FORGED ANCHOR,1,PL15.88,A36,e335e868-0a04-43ad-9719-e5e8f595f5ee
W10-34,piece-to-piece,EMBED,P-205-21,,1,PL76.2*12.7,A36,2a3a8089-f5e0-47d2-aefd-1c7dc50e625f
W10-34,piece-to-piece,EMBED,P-205-31,,1,SPHERE47.625,A36,540cce8d-5262-4462-a651-1679e525cf27
W10-34,piece-to-piece,EMBED,P-205-32,,1,PL54,Steel_Undefined,c0d19cf0-c6bb-4b74-8468-933bc6bb9dd0
W10-34,piece-to-piece,ANCHOR,P-205-11,12000LB FORGED ANCHOR,1,PL15.88,A36,e7bc31aa-fb4b-43b9-b1f5-f850d4a84844
W10-34,piece-to-piece,EMBED,P-205-21,,1,PL76.2*12.7,A36,8bb12c3b-8dde-42be-8295-77c47f942ac1
W10-34,piece-to-piece,EMBED,P-205-31,,1,SPHERE47.625,A36,3e7d3aa3-5a31-4eba-89df-d499b52dd7b7
W10-34,piece-to-piece,EMBED,P-205-32,,1,PL54,Steel_Undefined,7eac700d-592a-4c1c-a539-51f2ac948925
W10-34,piece-to-piece,ANCHOR,P-205-11,12000LB FORGED ANCHOR,1,PL15.88,A36,67376780-9141-48c5-9486-273c7d3c2aa6
W10-34,piece-to-piece,EMBED,P-205-21,,1,PL76.2*12.7,A36,a8d278a8-ca31-448e-b417-1ae1ea036080
W10-34,piece-to-piece,EMBED,P-205-31,,1,SPHERE47.625,A36,14a7d3be-0071-446e-8919-5d926d12926f
W10-34,piece-to-piece,EMBED,P-205-32,,1,PL54,Steel_Undefined,71dd5573-e6f8-4c64-a76a-89dbf4a59b8a
W10-34,piece-to-piece,ANCHOR,P-205-11,12000LB FORGED ANCHOR,1,PL15.88,A36,647ca6a5-ce0d-45eb-9635-9f8a81f8ce3d
W10-34,piece-to-piece,EMBED,P-205-21,,1,PL76.2*12.7,A36,c5330351-b6d1-4e82-b430-119852c38b85
W10-34,piece-to-piece,EMBED,P-205-31,,1,SPHERE47.625,A36,72dd61c9-7d0f-4d4f-954d-95ef046e2698
W10-34,piece-to-piece,EMBED,P-205-32,,1,PL54,Steel_Undefined,8aabd694-b91c-4d45-92a6-e2332e395770
W10-34,piece-to-piece,GROUT_TUBE,GT76-254,76Øx254mm G.TUBE,1,ROD76.2,Zero_Density,75d3bca1-f36b-48a2-b2ee-e2529537a3a7
W10-34,piece-to-piece,GROUT_TUBE,GT76-254,76Øx254mm G.TUBE,1,ROD76.2,Zero_Density,18bf3b29-79d3-477b-9525-5724d5bd978b
P6-30,piece-to-piece,EMBED,P-620-11,6PL W/STUDS,1,PL101.6*6.35,A572-GR.50,520f0253-7b23-4e09-aefc-06bdc34caaf4
P6-30,piece-to-piece,EMBED,P-620-21,,1,STUD_1/2-DIA,A108-C1010-1020,a8558192-338f-4935-a284-ea4686518dbd
P6-30,piece-to-piece,EMBED,P-620-21,,1,STUD_1/2-DIA,A108-C1010-1020,414a60c1-b5f4-4851-a796-5c87a5b510ac
P6-30,piece-to-piece,EMBED,P-620-21,,1,STUD_1/2-DIA,A108-C1010-1020,11201c6f-1b09-473b-877a-72eb4f3a01bd
P6-30,piece-to-piece,EMBED,P-620-21,,1,STUD_1/2-DIA,A108-C1010-1020,734f77fd-7ea4-4f64-812d-1925f6003495
P6-30,piece-to-piece,EMBED,P-620-11,6PL W/STUDS,1,PL101.6*6.35,A572-GR.50,2bd7dcfe-35e8-4e72-8c2c-e6a3560f2db8
P6-30,piece-to-piece,EMBED,P-620-21,,1,STUD_1/2-DIA,A108-C1010-1020,0935c586-a3fa-4aa6-b83e-17d44560b155
P6-30,piece-to-piece,EMBED,P-620-21,,1,STUD_1/2-DIA,A108-C1010-1020,86a86a82-5cad-488f-9624-7f6a5850863b
P6-30,piece-to-piece,EMBED,P-620-21,,1,STUD_1/2-DIA,A108-C1010-1020,456a381f-fbba-493a-a146-67ce6e2ea5c3
P6-30,piece-to-piece,EMBED,P-620-21,,1,STUD_1/2-DIA,A108-C1010-1020,511eccc2-b8ac-49ee-933f-04278d95f90c
P6-30,piece-to-piece,EMBED,P-620-11,6PL W/STUDS,1,PL101.6*6.35,A572-GR.50,6f4ccf67-16fd-40e0-9a5d-d368b7c668b4
P6-30,piece-to-piece,EMBED,P-620-21,,1,STUD_1/2-DIA,A108-C1010-1020,9472b35a-fbcd-4f2d-844c-85b9f02e54de
P6-30,piece-to-piece,EMBED,P-620-21,,1,STUD_1/2-DIA,A108-C1010-1020,e39caa90-3434-4c34-b948-6a4b4952f45e
P6-30,piece-to-piece,EMBED,P-620-21,,1,STUD_1/2-DIA,A108-C1010-1020,c2e149fb-2073-4562-8097-7879bd01a04c
P6-30,piece-to-piece,EMBED,P-620-21,,1,STUD_1/2-DIA,A108-C1010-1020,5c4e2ee9-35d2-44d6-8052-370a6cae925e
P6-30,piece-to-piece,EMBED,P-620-11,6PL W/STUDS,1,PL101.6*6.35,A572-GR.50,019c4407-ed1d-47bd-953e-6303af10a969
P6-30,piece-to-piece,EMBED,P-620-21,,1,STUD_1/2-DIA,A108-C1010-1020,502c38e5-a036-4d8c-bd8b-7821a27088c1
P6-30,piece-to-piece,EMBED,P-620-21,,1,STUD_1/2-DIA,A108-C1010-1020,90b99d6b-f76a-442a-a121-2a989872e780
P6-30,piece-to-piece,EMBED,P-620-21,,1,STUD_1/2-DIA,A108-C1010-1020,3281c5cf-4047-4795-ab9b-66960eeb4d8d
P6-30,piece-to-piece,EMBED,P-620-21,,1,STUD_1/2-DIA,A108-C1010-1020,90285e01-090d-433a-8892-bf0dc6a06762
P6-30,piece-to-piece,EMBED,P-620-11,6PL W/STUDS,1,PL101.6*6.35,A572-GR.50,07ed7222-da2b-4c1a-b63a-96007fffa1b1
P6-30,piece-to-piece,EMBED,P-620-21,,1,STUD_1/2-DIA,A108-C1010-1020,af96af82-fe3d-4ca4-9af1-979f530ac501
P6-30,piece-to-piece,EMBED,P-620-21,,1,STUD_1/2-DIA,A108-C1010-1020,f6b08470-3c1c-4f23-9bda-186d580121c3
P6-30,piece-to-piece,EMBED,P-620-21,,1,STUD_1/2-DIA,A108-C1010-1020,e04c4251-0328-4da2-9bf3-b952a0fb7716
P6-30,piece-to-piece,EMBED,P-620-21,,1,STUD_1/2-DIA,A108-C1010-1020,bd2d96a0-7399-414e-9c3f-3f18797eab22
P6-30,piece-to-piece,INSERT,P-300-11,19Ø INSERT (NC),1,ROD23.813,A36,ec4759b9-b050-4a15-9a50-fe3038203e94
P6-30,piece-to-piece,EMBED,P-300-21,,1,ROD6.35,A36,2f60c6b7-43c5-470d-a72b-a3ac42130920
P6-30,piece-to-piece,INSERT,P-300-11,19Ø INSERT (NC),1,ROD23.813,A36,38ab2197-db81-40e0-bc69-b82e3611e978
P6-30,piece-to-piece,EMBED,P-300-21,,1,ROD6.35,A36,1e44050c-6320-42b4-a4ac-b2942078134b
P6-30,piece-to-piece,PLATE,P-900-10,25mm KNIFE PLATE,1,PL127*25,A572-GR.50,d8a6160f-68b0-47cf-bafb-b6b52731e24b
P6-30,piece-to-piece,EMBED,P-900-20,,1,PD28.6*4.76,50W,adc2fd44-0ca8-4707-a324-94eaa0f77fc8
P6-30,piece-to-piece,EMBED,P-900-30,,1,STUD_3/4-DIA,A108-GR.90,bf9f6e6b-3106-423c-89a3-c25a9ec344f3
P6-30,piece-to-piece,PLATE,P-743-10,19PL KNIFE PLATE.,1,PL114.3*19.05,A572-GR.50,bde7717c-6689-4f19-a91c-00d875b5e6c5
P6-30,piece-to-piece,EMBED,P-743-20,,1,PD28.6*4.76,50W,275a1f9f-f58f-43d2-b0d9-a0b2f71b475a
P6-30,piece-to-piece,EMBED,P-743-30,,1,STUD_3/4-DIA,A108-GR.90,6f1d4dde-1dff-425a-add2-b70e531c948a
P6-30,piece-to-piece,INSERT,P-300-11,19Ø INSERT (NC),1,ROD23.813,A36,ad0ad7a6-37c6-42c9-a6b8-e8ad94f1b925
P6-30,piece-to-piece,EMBED,P-300-21,,1,ROD6.35,A36,72230b8b-c33d-48e4-a64c-9a1f65983d3d
P6-30,piece-to-piece,INSERT,P-300-11,19Ø INSERT (NC),1,ROD23.813,A36,1fc17c31-1a95-40d2-8686-d7431284faa1
P6-30,piece-to-piece,EMBED,P-300-21,,1,ROD6.35,A36,1bd215d1-1ca8-45fa-9955-e959c4a5c456
P6-30,piece-to-piece,INSERT,P-300-11,19Ø INSERT (NC),1,ROD23.813,A36,fb64ed69-37af-4cf1-bb67-b03488e2b2f8
P6-30,piece-to-piece,EMBED,P-300-21,,1,ROD6.35,A36,aa58e21b-bfd1-402f-9969-f16b4f05eb02
P6-30,piece-to-piece,INSERT,P-300-11,19Ø INSERT (NC),1,ROD23.813,A36,4c3b77d8-66f4-4ee8-858a-ea012c6ccbcc
P6-30,piece-to-piece,EMBED,P-300-21,,1,ROD6.35,A36,75d38051-4f11-4100-a519-800583aad1d7
P6-30,piece-to-piece,INSERT,P-300-11,19Ø INSERT (NC),1,ROD23.813,A36,88ce6ffe-eda2-4626-a810-e94093a63566
P6-30,piece-to-piece,EMBED,P-300-21,,1,ROD6.35,A36,77fafabf-5592-41ae-bb9a-333108ac7e09
P6-30,piece-to-piece,ANCHOR,P-205-11,12000LB FORGED ANCHOR,1,PL15.88,A36,b55826e3-22af-4f2b-9cd6-c6586758e22b
P6-30,piece-to-piece,EMBED,P-205-21,,1,PL76.2*12.7,A36,1d92bdb4-9e5e-4da6-a949-e7abde05eb2d
P6-30,piece-to-piece,EMBED,P-205-31,,1,SPHERE47.625,A36,ebe1c197-aa25-4931-a5a7-63e78e573e18
P6-30,piece-to-piece,EMBED,P-205-32,,1,PL54,Steel_Undefined,663caa4b-ac3b-4f5a-ba10-47553aa51223
P6-30,piece-to-piece,ANCHOR,P-205-11,12000LB FORGED ANCHOR,1,PL15.88,A36,2c1ec154-59f0-4e50-b51d-1370c7759467
P6-30,piece-to-piece,EMBED,P-205-21,,1,PL76.2*12.7,A36,a28da70f-d4db-4d2e-a74e-1420060de1fc
P6-30,piece-to-piece,EMBED,P-205-31,,1,SPHERE47.625,A36,2108e31d-5ef0-4f84-bd05-b39fe6c8d5a0
P6-30,piece-to-piece,EMBED,P-205-32,,1,PL54,Steel_Undefined,d4787c65-3666-4449-ad6b-32e62d0700c0
P6-30,piece-to-piece,ANCHOR,P-205-11,12000LB FORGED ANCHOR,1,PL15.88,A36,f8745c8a-7b72-4f11-ad0f-9e3b100e514c
P6-30,piece-to-piece,EMBED,P-205-21,,1,PL76.2*12.7,A36,dbb93362-c15e-499c-b886-7b57a408ae01
P6-30,piece-to-piece,EMBED,P-205-31,,1,SPHERE47.625,A36,b988d0d4-84ca-47ef-88e4-b5cd4f0df986
P6-30,piece-to-piece,EMBED,P-205-32,,1,PL54,Steel_Undefined,066f6d11-c16b-4c84-a215-7d73b8019c28
P6-30,piece-to-piece,ANCHOR,P-205-11,12000LB FORGED ANCHOR,1,PL15.88,A36,8df28444-7f0d-40df-9195-856311c8d322
P6-30,piece-to-piece,EMBED,P-205-21,,1,PL76.2*12.7,A36,423026ec-8d6a-42fd-923d-bbe47cffb8ff
P6-30,piece-to-piece,EMBED,P-205-31,,1,SPHERE47.625,A36,0f7e5a7b-ebf1-4193-bb02-676d603b7864
P6-30,piece-to-piece,EMBED,P-205-32,,1,PL54,Steel_Undefined,3ca0a11f-4ec0-4cee-a416-56965f424258
P6-30,piece-to-piece,INSERT,P-300-11,19Ø INSERT (NC),1,ROD23.813,A36,b4d8ef0b-99ad-4f00-819f-409c6e6d22bf
P6-30,piece-to-piece,EMBED,P-300-21,,1,ROD6.35,A36,d374eef7-7815-4897-8946-cdad8ae711ad
P6-30,piece-to-piece,INSERT,P-300-11,19Ø INSERT (NC),1,ROD23.813,A36,ccc634b6-b153-4d96-81ad-6dc7d1973450
P6-30,piece-to-piece,EMBED,P-300-21,,1,ROD6.35,A36,3ee8b567-0869-43a7-88c4-e1f2077f70c5
P6-30,piece-to-piece,INSERT,P-300-11,19Ø INSERT (NC),1,ROD23.813,A36,ff9a9c6d-1316-4f96-aca4-5d648b696ac7
P6-30,piece-to-piece,EMBED,P-300-21,,1,ROD6.35,A36,2abcf0a1-edff-4a2b-b6ae-d288547941b6
P6-1,piece-to-piece,EMBED,MPX10,V REVEAL LARGE,1,TRIANGLE12.7*12.7,Misc_Undefined,ea9129d1-e5b1-4a86-9cdf-fd7b44b76593
P6-1,piece-to-piece,EMBED,MPX10,V REVEAL LARGE,1,TRIANGLE12.7*12.7,Misc_Undefined,3dcb27df-cda4-4318-8d49-97fe1e06f522
P6-1,piece-to-piece,EMBED,P-620-11,6PL W/STUDS,1,PL101.6*6.35,A572-GR.50,c7830542-5536-411d-97ee-871cbaee78bc
P6-1,piece-to-piece,EMBED,P-620-21,,1,STUD_1/2-DIA,A108-C1010-1020,a2693e14-835b-49d9-8916-2092a2e8284c
P6-1,piece-to-piece,EMBED,P-620-21,,1,STUD_1/2-DIA,A108-C1010-1020,3b05d4a5-8d18-4369-973e-1a4c39917d17
P6-1,piece-to-piece,EMBED,P-620-21,,1,STUD_1/2-DIA,A108-C1010-1020,6926c902-eee1-41cc-bc77-eaf29fe2b278
P6-1,piece-to-piece,EMBED,P-620-21,,1,STUD_1/2-DIA,A108-C1010-1020,207e7f6b-4f6b-443c-a3da-32c989adcf94
P6-1,piece-to-piece,EMBED,P-620-11,6PL W/STUDS,1,PL101.6*6.35,A572-GR.50,0960b5f4-582a-40fd-a29c-f869edf24465
P6-1,piece-to-piece,EMBED,P-620-21,,1,STUD_1/2-DIA,A108-C1010-1020,1ae97e47-2c99-4a5b-af81-82a691da2d70
P6-1,piece-to-piece,EMBED,P-620-21,,1,STUD_1/2-DIA,A108-C1010-1020,4268b5de-b2a0-4677-a44c-50fb3bda9208
P6-1,piece-to-piece,EMBED,P-620-21,,1,STUD_1/2-DIA,A108-C1010-1020,152e06b6-08a6-4bf0-88e9-18d3bc931717
P6-1,piece-to-piece,EMBED,P-620-21,,1,STUD_1/2-DIA,A108-C1010-1020,5ec6616d-f509-4975-ab49-9d6177bbf187
P6-1,piece-to-piece,EMBED,P-620-11,6PL W/STUDS,1,PL101.6*6.35,A572-GR.50,98e6adb8-06e8-4258-9afc-9113a568a9e7
P6-1,piece-to-piece,EMBED,P-620-21,,1,STUD_1/2-DIA,A108-C1010-1020,ba096ebf-6b0b-4b62-a029-371f848615e2
P6-1,piece-to-piece,EMBED,P-620-21,,1,STUD_1/2-DIA,A108-C1010-1020,51fd1ab0-42a5-4081-8327-e3d9f4e1ff7f
P6-1,piece-to-piece,EMBED,P-620-21,,1,STUD_1/2-DIA,A108-C1010-1020,2b5fca33-29df-4cac-bf77-bee72bb6093e
P6-1,piece-to-piece,EMBED,P-620-21,,1,STUD_1/2-DIA,A108-C1010-1020,1125b5da-3cf3-4b04-9318-41e17776b38a
P6-1,piece-to-piece,EMBED,P-620-11,6PL W/STUDS,1,PL101.6*6.35,A572-GR.50,9c8eeeec-060e-4753-9d8b-6073eedf5709
P6-1,piece-to-piece,EMBED,P-620-21,,1,STUD_1/2-DIA,A108-C1010-1020,310b9491-e3c5-4c46-a145-abe4db82237f
P6-1,piece-to-piece,EMBED,P-620-21,,1,STUD_1/2-DIA,A108-C1010-1020,7cfded33-3db6-4bbc-80f6-4fa663261237
P6-1,piece-to-piece,EMBED,P-620-21,,1,STUD_1/2-DIA,A108-C1010-1020,4cde8aa3-e6af-41fc-9137-a5a93c2d2f07
P6-1,piece-to-piece,EMBED,P-620-21,,1,STUD_1/2-DIA,A108-C1010-1020,30353ece-3468-4c16-86fa-941eb852f499
P6-1,piece-to-piece,EMBED,P-620-11,6PL W/STUDS,1,PL101.6*6.35,A572-GR.50,ea5708b2-f6fd-4d5a-94b0-493a5d43fa7b
P6-1,piece-to-piece,EMBED,P-620-21,,1,STUD_1/2-DIA,A108-C1010-1020,850da15d-954a-43cd-aa4f-ab6a992d2648
P6-1,piece-to-piece,EMBED,P-620-21,,1,STUD_1/2-DIA,A108-C1010-1020,4de168ed-2af1-44d0-9355-5c76fc45bea5
P6-1,piece-to-piece,EMBED,P-620-21,,1,STUD_1/2-DIA,A108-C1010-1020,dda68dd3-0a7c-4be7-9ebf-1ca6dd8925ad
P6-1,piece-to-piece,EMBED,P-620-21,,1,STUD_1/2-DIA,A108-C1010-1020,34773b44-9925-4771-b043-e138fad6a4cf
P6-1,piece-to-piece,EMBED,P-620-11,6PL W/STUDS,1,PL101.6*6.35,A572-GR.50,759e0ea4-e2cf-4b2c-bed1-45c8296c2940
P6-1,piece-to-piece,EMBED,P-620-21,,1,STUD_1/2-DIA,A108-C1010-1020,61b0c124-4740-44a8-ae3f-90bef329636b
P6-1,piece-to-piece,EMBED,P-620-21,,1,STUD_1/2-DIA,A108-C1010-1020,c512ca21-e598-4e1d-a98b-d2576995da54
P6-1,piece-to-piece,EMBED,P-620-21,,1,STUD_1/2-DIA,A108-C1010-1020,63ab34da-c672-4a6b-80bf-1d4317e91e11
P6-1,piece-to-piece,EMBED,P-620-21,,1,STUD_1/2-DIA,A108-C1010-1020,29721a94-e12f-4f0f-948a-85b3bcf4d35e
P6-1,piece-to-piece,EMBED,P-620-11,6PL W/STUDS,1,PL101.6*6.35,A572-GR.50,c7b4fc4e-035d-4292-b67e-e27bcae51834
P6-1,piece-to-piece,EMBED,P-620-21,,1,STUD_1/2-DIA,A108-C1010-1020,6f98585a-f48c-4f7a-b303-8efe2e757ccd
P6-1,piece-to-piece,EMBED,P-620-21,,1,STUD_1/2-DIA,A108-C1010-1020,8e21d8d3-2a2a-4c8c-a47f-5bb2cdbdb9ab
P6-1,piece-to-piece,EMBED,P-620-21,,1,STUD_1/2-DIA,A108-C1010-1020,fffd7509-7b0d-415f-9077-dcd213f19ec8
P6-1,piece-to-piece,EMBED,P-620-21,,1,STUD_1/2-DIA,A108-C1010-1020,ecc8a213-ca43-4458-904e-ac8a35069433
P6-1,piece-to-piece,INSERT,P-300-11,19Ø INSERT (NC),1,ROD23.813,A36,ac6a7136-f68f-40db-a82a-e618326aab2d
P6-1,piece-to-piece,EMBED,P-300-21,,1,ROD6.35,A36,61146a45-d24d-4fd1-bd55-af8a7f16c766
P6-1,piece-to-piece,INSERT,P-300-11,19Ø INSERT (NC),1,ROD23.813,A36,9e8c39fd-0966-48f4-a618-8cfba4189aed
P6-1,piece-to-piece,EMBED,P-300-21,,1,ROD6.35,A36,97ff6c1d-1a1a-4d3b-adfb-75f32ec6a11a
P6-1,piece-to-piece,INSERT,P-300-11,19Ø INSERT (NC),1,ROD23.813,A36,7181234b-9cb8-4a1d-a61b-82afb4178507
P6-1,piece-to-piece,EMBED,P-300-21,,1,ROD6.35,A36,5ccbfd65-b52a-439f-8db3-21d1f6150b2b
P6-1,piece-to-piece,INSERT,P-300-11,19Ø INSERT (NC),1,ROD23.813,A36,71414cb6-9f93-45e9-885a-5e3a5079e788
P6-1,piece-to-piece,EMBED,P-300-21,,1,ROD6.35,A36,00f1e525-1c3a-41d3-8463-d86424e9861c
P6-1,piece-to-piece,GROUT_TUBE,GT75-305,76Ø x 305 GROUT TUBE,1,ROD76.2,Zero_Density,3619e0d9-4637-4bed-8271-b33e0c526922
P6-1,piece-to-piece,GROUT_TUBE,GT75-305,76Ø x 305 GROUT TUBE,1,ROD76.2,Zero_Density,67cf33e0-aa92-4b6b-b4c9-32a271c0248c
P6-1,piece-to-piece,GROUT_TUBE,GT75-305,76Ø x 305 GROUT TUBE,1,ROD76.2,Zero_Density,df76a014-ed7f-4662-9f97-ed80876ee917
P6-1,piece-to-piece,GROUT_TUBE,GT75-305,76Ø x 305 GROUT TUBE,1,ROD76.2,Zero_Density,4f72210d-ba0e-4881-8831-dbaf43c4a448
P6-1,piece-to-piece,GROUT_TUBE,GT75-305,76Ø x 305 GROUT TUBE,1,ROD76.2,Zero_Density,5258284b-f4ff-41aa-9657-6442701d3b72
P6-1,piece-to-piece,GROUT_TUBE,GT75-305,76Ø x 305 GROUT TUBE,1,ROD76.2,Zero_Density,5aa0a183-66df-421f-a131-4e4069773751
P6-1,piece-to-piece,GROUT_TUBE,GT75-305,76Ø x 305 GROUT TUBE,1,ROD76.2,Zero_Density,a747e939-aa42-40b4-8464-29d02d73291e
P6-1,piece-to-piece,GROUT_TUBE,GT76-152,76Øx152mm G.TUBE,1,ROD76.2,Zero_Density,14b919bb-aa47-4096-9607-059c2be92ece
P6-1,piece-to-piece,GROUT_TUBE,GT76-152,76Øx152mm G.TUBE,1,ROD76.2,Zero_Density,1de93c43-6962-49f7-aa11-bda3d0d00598
P6-1,piece-to-piece,GROUT_TUBE,GT76-152,76Øx152mm G.TUBE,1,ROD76.2,Zero_Density,00fd8770-651b-44fe-9c9f-755bfe23e514
P6-1,piece-to-piece,GROUT_TUBE,GT76-152,76Øx152mm G.TUBE,1,ROD76.2,Zero_Density,8fda990c-dda4-4e51-aec2-6937033ab41c
P6-1,piece-to-piece,GROUT_TUBE,GT76-152,76Øx152mm G.TUBE,1,ROD76.2,Zero_Density,62cda697-132c-4c20-86ed-6e323cdeb2cb
P6-1,piece-to-piece,GROUT_TUBE,GT76-152,76Øx152mm G.TUBE,1,ROD76.2,Zero_Density,a71e14d6-48d9-4308-a096-048c3c37922f
P6-1,piece-to-piece,INSERT,P-300-11,19Ø INSERT (NC),1,ROD23.813,A36,773ae34a-da8e-4daf-abf4-ae5e58b9bb26
P6-1,piece-to-piece,EMBED,P-300-21,,1,ROD6.35,A36,cb64a5d3-e2d3-4d96-be4e-0dd771cccec4
P6-1,piece-to-piece,INSERT,P-300-11,19Ø INSERT (NC),1,ROD23.813,A36,2e4618da-af78-46d8-927d-e71b953277cb
P6-1,piece-to-piece,EMBED,P-300-21,,1,ROD6.35,A36,40b4b02f-bd41-40d6-a532-c81092e48c11
P6-1,piece-to-piece,GROUT_TUBE,GT76-152,76Øx152mm G.TUBE,1,ROD76.2,Zero_Density,d97aad8e-f3c9-446a-be93-eb1eefd072b5
P6-1,piece-to-piece,GROUT_TUBE,GT76-152,76Øx152mm G.TUBE,1,ROD76.2,Zero_Density,0df36d60-ca0d-4f23-960a-b4e8956ce6d3
P6-1,piece-to-piece,GROUT_TUBE,GT76-152,76Øx152mm G.TUBE,1,ROD76.2,Zero_Density,52a882e0-7ddd-45d7-ac14-15967be40e7a
P6-1,piece-to-piece,ANCHOR,P-205-11,12000LB FORGED ANCHOR,1,PL15.88,A36,e8d0c7a9-30e8-4b95-9e9e-063d0f57b7d2
P6-1,piece-to-piece,EMBED,P-205-21,,1,PL76.2*12.7,A36,cba9619e-49d6-46e0-983c-e49f4072a66a
P6-1,piece-to-piece,EMBED,P-205-31,,1,SPHERE47.625,A36,7ffc4454-453b-4cf0-a963-ca1929a1679c
P6-1,piece-to-piece,EMBED,P-205-32,,1,PL54,Steel_Undefined,a2e9b8f4-0a12-47e7-ba36-91c987d2c520
P6-1,piece-to-piece,ANCHOR,P-205-11,12000LB FORGED ANCHOR,1,PL15.88,A36,ea441982-43de-4262-b9ae-1002ceea5ea3
P6-1,piece-to-piece,EMBED,P-205-21,,1,PL76.2*12.7,A36,cf504dc2-aca6-45d1-9eae-56da41b4ba4f
P6-1,piece-to-piece,EMBED,P-205-31,,1,SPHERE47.625,A36,23f1d781-22ce-43ed-8a18-36a2bc6a0a2e
P6-1,piece-to-piece,EMBED,P-205-32,,1,PL54,Steel_Undefined,288f4296-3d62-412c-914c-4a3b99a91aff
P6-1,piece-to-piece,ANCHOR,P-205-11,12000LB FORGED ANCHOR,1,PL15.88,A36,1e74cfdf-5b93-437d-97c4-30171845cee7
P6-1,piece-to-piece,EMBED,P-205-21,,1,PL76.2*12.7,A36,34ac4fe2-db4f-4b79-9592-73efa8ba330f
P6-1,piece-to-piece,EMBED,P-205-31,,1,SPHERE47.625,A36,508c0d4f-9b68-4312-95a3-4e4c9766357f
P6-1,piece-to-piece,EMBED,P-205-32,,1,PL54,Steel_Undefined,c4226d11-ee40-4d9f-a472-657ea6d13618
P6-1,piece-to-piece,ANCHOR,P-205-11,12000LB FORGED ANCHOR,1,PL15.88,A36,db879938-4bdd-4439-84f4-0c884ac5da1b
P6-1,piece-to-piece,EMBED,P-205-21,,1,PL76.2*12.7,A36,5b6efb76-d5a2-4d7e-989b-fe3c17d4ed7f
P6-1,piece-to-piece,EMBED,P-205-31,,1,SPHERE47.625,A36,abfb5bfe-8b38-490d-b7e0-0f4d274f6c9a
P6-1,piece-to-piece,EMBED,P-205-32,,1,PL54,Steel_Undefined,e05c58d4-1728-4ebe-a926-be66c8ec2e11
P6-3,piece-to-piece,EMBED,P-620-11,6PL W/STUDS,1,PL101.6*6.35,A572-GR.50,a89d021e-349a-4b33-9ea2-67ff608df258
P6-3,piece-to-piece,EMBED,P-620-21,,1,STUD_1/2-DIA,A108-C1010-1020,b60514c9-8398-4ab6-9d43-771db3f1399d
P6-3,piece-to-piece,EMBED,P-620-21,,1,STUD_1/2-DIA,A108-C1010-1020,1f37010e-c648-40a7-96b1-feef01ce4363
P6-3,piece-to-piece,EMBED,P-620-21,,1,STUD_1/2-DIA,A108-C1010-1020,2acc8a2b-9683-4f90-b916-2d1b92a9a153
P6-3,piece-to-piece,EMBED,P-620-21,,1,STUD_1/2-DIA,A108-C1010-1020,83e4ce6f-0a90-4cba-b308-bfdeea63f2e1
P6-3,piece-to-piece,EMBED,P-620-11,6PL W/STUDS,1,PL101.6*6.35,A572-GR.50,7957ff12-6666-4a41-9684-cd707879be5f
P6-3,piece-to-piece,EMBED,P-620-21,,1,STUD_1/2-DIA,A108-C1010-1020,948e1321-15ef-4447-8846-62cd95d94304
P6-3,piece-to-piece,EMBED,P-620-21,,1,STUD_1/2-DIA,A108-C1010-1020,1f07d799-e976-4c3e-bb11-76d7af311670
P6-3,piece-to-piece,EMBED,P-620-21,,1,STUD_1/2-DIA,A108-C1010-1020,1d4e8e13-7870-45e6-b1d6-1273ebe4345b
P6-3,piece-to-piece,EMBED,P-620-21,,1,STUD_1/2-DIA,A108-C1010-1020,887b9ef7-cafa-45e7-8564-2b28b3c1def2
P6-3,piece-to-piece,EMBED,P-620-11,6PL W/STUDS,1,PL101.6*6.35,A572-GR.50,164ce65b-8e8c-4410-bcf7-88fb6d6d3439
P6-3,piece-to-piece,EMBED,P-620-21,,1,STUD_1/2-DIA,A108-C1010-1020,c862f639-3ef0-4549-8d91-70c111c06487
P6-3,piece-to-piece,EMBED,P-620-21,,1,STUD_1/2-DIA,A108-C1010-1020,50e25211-0fa0-4873-bc46-347b9de18ab1
P6-3,piece-to-piece,EMBED,P-620-21,,1,STUD_1/2-DIA,A108-C1010-1020,9b245050-7010-4cd0-8a34-ee62d2fd06a1
P6-3,piece-to-piece,EMBED,P-620-21,,1,STUD_1/2-DIA,A108-C1010-1020,6dbd5767-3763-4f40-a617-d281ecf87a93
P6-3,piece-to-piece,EMBED,P-620-11,6PL W/STUDS,1,PL101.6*6.35,A572-GR.50,c7060eaa-f08b-495c-9f4c-a071e21af758
P6-3,piece-to-piece,EMBED,P-620-21,,1,STUD_1/2-DIA,A108-C1010-1020,c93fe69e-3d3d-4976-9f35-b6f10ba2c353
P6-3,piece-to-piece,EMBED,P-620-21,,1,STUD_1/2-DIA,A108-C1010-1020,ebcd7079-7f53-439e-b52b-16cbe101c88d
P6-3,piece-to-piece,EMBED,P-620-21,,1,STUD_1/2-DIA,A108-C1010-1020,4c35d757-21fd-48bd-a521-715cfe9e5f56
P6-3,piece-to-piece,EMBED,P-620-21,,1,STUD_1/2-DIA,A108-C1010-1020,f8609b3a-32e9-4d0a-b9a7-8963fcfebfc4
P6-3,piece-to-piece,EMBED,P-620-11,6PL W/STUDS,1,PL101.6*6.35,A572-GR.50,9f747574-ed63-4375-b953-6130abaafb97
P6-3,piece-to-piece,EMBED,P-620-21,,1,STUD_1/2-DIA,A108-C1010-1020,e88af6b9-ea5d-43a7-a13e-b8e82b594777
P6-3,piece-to-piece,EMBED,P-620-21,,1,STUD_1/2-DIA,A108-C1010-1020,0c68ea38-3f83-49d7-9d9c-c0e4a0ba2303
P6-3,piece-to-piece,EMBED,P-620-21,,1,STUD_1/2-DIA,A108-C1010-1020,1fef1f28-7f07-4416-b732-1c09e7af2601
P6-3,piece-to-piece,EMBED,P-620-21,,1,STUD_1/2-DIA,A108-C1010-1020,f9905476-dec1-4693-ac2e-d04335824d26
P6-3,piece-to-piece,INSERT,P-300-11,19Ø INSERT (NC),1,ROD23.813,A36,001db90d-8dd7-465b-9df4-14a8cd8ee3d5
P6-3,piece-to-piece,EMBED,P-300-21,,1,ROD6.35,A36,1e7b84ca-3721-4a3d-9aff-f47765403d8f
P6-3,piece-to-piece,INSERT,P-300-11,19Ø INSERT (NC),1,ROD23.813,A36,61ff3bba-80ac-4825-8fa6-a41620efa9d7
P6-3,piece-to-piece,EMBED,P-300-21,,1,ROD6.35,A36,4c19e1d7-ea23-4e40-8c2d-b34a847379e1
P6-3,piece-to-piece,INSERT,P-300-11,19Ø INSERT (NC),1,ROD23.813,A36,b0197208-4e92-45b0-a13e-d61a4b7d1aaf
P6-3,piece-to-piece,EMBED,P-300-21,,1,ROD6.35,A36,7718b30f-a508-407e-bddf-d90404e5dd9d
P6-3,piece-to-piece,GROUT_TUBE,GT75-305,76Ø x 305 GROUT TUBE,1,ROD76.2,Zero_Density,03adce8c-eab4-4acb-8e89-0aab9b81dc3b
P6-3,piece-to-piece,GROUT_TUBE,GT75-305,76Ø x 305 GROUT TUBE,1,ROD76.2,Zero_Density,af126d19-2846-43ab-9143-94d180f9ae14
P6-3,piece-to-piece,GROUT_TUBE,GT75-305,76Ø x 305 GROUT TUBE,1,ROD76.2,Zero_Density,b982fbd5-073b-4fbf-9818-36e54350f8ce
P6-3,piece-to-piece,GROUT_TUBE,GT75-305,76Ø x 305 GROUT TUBE,1,ROD76.2,Zero_Density,8cd93d91-298e-4690-8ebd-4dd95cb9a86f
P6-3,piece-to-piece,GROUT_TUBE,GT75-305,76Ø x 305 GROUT TUBE,1,ROD76.2,Zero_Density,3a37ac0f-e703-4de5-a007-d7650f2dba32
P6-3,piece-to-piece,GROUT_TUBE,GT75-305,76Ø x 305 GROUT TUBE,1,ROD76.2,Zero_Density,6139f212-476d-45f9-a1cc-ad2ae4d19e48
P6-3,piece-to-piece,GROUT_TUBE,GT75-305,76Ø x 305 GROUT TUBE,1,ROD76.2,Zero_Density,fa38ae10-da57-454d-bc36-78b815c0515b
P6-3,piece-to-piece,GROUT_TUBE,GT75-305,76Ø x 305 GROUT TUBE,1,ROD76.2,Zero_Density,c83f04f0-6882-48cd-b529-7e05e6c6c7c1
P6-3,piece-to-piece,INSERT,P-300-11,19Ø INSERT (NC),1,ROD23.813,A36,99bb758a-ab7d-489b-b502-762ceb12346b
P6-3,piece-to-piece,EMBED,P-300-21,,1,ROD6.35,A36,66f016c4-47f1-4425-9473-848c7ea20246
P6-3,piece-to-piece,INSERT,P-300-11,19Ø INSERT (NC),1,ROD23.813,A36,d31ab54b-ce57-4fec-a7f2-84f2602ea81b
P6-3,piece-to-piece,EMBED,P-300-21,,1,ROD6.35,A36,467f5fc7-fae8-4433-9613-9a536f06bf65
P6-3,piece-to-piece,ANCHOR,P-205-11,12000LB FORGED ANCHOR,1,PL15.88,A36,307b7b83-9f28-43b5-80a7-8d0e43f3224c
P6-3,piece-to-piece,EMBED,P-205-21,,1,PL76.2*12.7,A36,d355814b-21a3-4a89-b73d-d73ab28e3574
P6-3,piece-to-piece,EMBED,P-205-31,,1,SPHERE47.625,A36,8935f6be-d27b-4437-9422-7ce56e8b1ec1
P6-3,piece-to-piece,EMBED,P-205-32,,1,PL54,Steel_Undefined,b748e8e0-eb45-4fee-9c18-1bedce38b267
P6-3,piece-to-piece,ANCHOR,P-205-11,12000LB FORGED ANCHOR,1,PL15.88,A36,2ec3a7e8-390f-4e44-b5aa-f9d21ecb725e
P6-3,piece-to-piece,EMBED,P-205-21,,1,PL76.2*12.7,A36,c3869dcd-e517-4037-9b48-0cafd53374a8
P6-3,piece-to-piece,EMBED,P-205-31,,1,SPHERE47.625,A36,9c938c71-584c-4fdb-9a50-62c25cd89b97
P6-3,piece-to-piece,EMBED,P-205-32,,1,PL54,Steel_Undefined,8578fd73-4dd4-42db-b876-48da6dc04422
P6-3,piece-to-piece,ANCHOR,P-205-11,12000LB FORGED ANCHOR,1,PL15.88,A36,977d97c9-21de-42a0-9c84-ac7404fac070
P6-3,piece-to-piece,EMBED,P-205-21,,1,PL76.2*12.7,A36,72164d6c-1777-4923-8a56-e1156ad3455b
P6-3,piece-to-piece,EMBED,P-205-31,,1,SPHERE47.625,A36,1a474c90-ab70-40c3-b800-bdb9cc92c1e9
P6-3,piece-to-piece,EMBED,P-205-32,,1,PL54,Steel_Undefined,31e72055-b933-48c1-a85b-ff4acc8a0c8b
P6-3,piece-to-piece,ANCHOR,P-205-11,12000LB FORGED ANCHOR,1,PL15.88,A36,133464e4-1777-48e0-b764-e7c7f1f84a4b
P6-3,piece-to-piece,EMBED,P-205-21,,1,PL76.2*12.7,A36,6276cb1f-3f75-45de-aaa1-6b4bec32f759
P6-3,piece-to-piece,EMBED,P-205-31,,1,SPHERE47.625,A36,1860604e-0809-4017-a6d8-95eca85da401
P6-3,piece-to-piece,EMBED,P-205-32,,1,PL54,Steel_Undefined,8222b01f-8634-4373-881f-ee4715ad122b
P6-5,piece-to-piece,EMBED,P-620-11,6PL W/STUDS,1,PL101.6*6.35,A572-GR.50,36321966-287e-467d-876a-d31c18553d18
P6-5,piece-to-piece,EMBED,P-620-21,,1,STUD_1/2-DIA,A108-C1010-1020,50895770-98b9-46c1-8e0f-f4a2f00de0cf
P6-5,piece-to-piece,EMBED,P-620-21,,1,STUD_1/2-DIA,A108-C1010-1020,6543a867-0e03-4f07-8b00-f18cf3ac900e
P6-5,piece-to-piece,EMBED,P-620-21,,1,STUD_1/2-DIA,A108-C1010-1020,817bddef-7dc7-4293-8d74-c0a20c401d45
P6-5,piece-to-piece,EMBED,P-620-21,,1,STUD_1/2-DIA,A108-C1010-1020,97994de9-5754-41dc-ba9a-137ef1985776
P6-5,piece-to-piece,EMBED,P-620-11,6PL W/STUDS,1,PL101.6*6.35,A572-GR.50,144bc4a6-039f-477a-8905-c3ebb73c53fc
P6-5,piece-to-piece,EMBED,P-620-21,,1,STUD_1/2-DIA,A108-C1010-1020,89261224-d32e-4a17-93d8-3137f87c6084
P6-5,piece-to-piece,EMBED,P-620-21,,1,STUD_1/2-DIA,A108-C1010-1020,19c3d066-74e9-4b43-a165-92d814548235
P6-5,piece-to-piece,EMBED,P-620-21,,1,STUD_1/2-DIA,A108-C1010-1020,de47c3b4-8db4-4dc7-9af8-2364102cd2fb
P6-5,piece-to-piece,EMBED,P-620-21,,1,STUD_1/2-DIA,A108-C1010-1020,e72b606e-ee87-45bc-8504-9c0e6fb4f9ea
P6-5,piece-to-piece,EMBED,P-620-11,6PL W/STUDS,1,PL101.6*6.35,A572-GR.50,85904314-4d93-4b8a-b151-f8f83bb9e581
P6-5,piece-to-piece,EMBED,P-620-21,,1,STUD_1/2-DIA,A108-C1010-1020,4682c76f-3b61-448b-b29d-0529a9afb479
P6-5,piece-to-piece,EMBED,P-620-21,,1,STUD_1/2-DIA,A108-C1010-1020,29698b1a-a3b4-4e5f-af44-4202746db734
P6-5,piece-to-piece,EMBED,P-620-21,,1,STUD_1/2-DIA,A108-C1010-1020,2797291e-5453-4040-8143-d87151b26ef7
P6-5,piece-to-piece,EMBED,P-620-21,,1,STUD_1/2-DIA,A108-C1010-1020,77c7886e-dbde-497f-9b2d-50d8d01c40bd
P6-5,piece-to-piece,EMBED,P-620-11,6PL W/STUDS,1,PL101.6*6.35,A572-GR.50,a09f8dd0-a6bb-4bdf-88b3-e32acde3f976
P6-5,piece-to-piece,EMBED,P-620-21,,1,STUD_1/2-DIA,A108-C1010-1020,fe44598d-15d5-4e45-8fc1-aefb301f78ee
P6-5,piece-to-piece,EMBED,P-620-21,,1,STUD_1/2-DIA,A108-C1010-1020,c40f28d1-2db1-4d9d-aae1-e40fa28f71d9
P6-5,piece-to-piece,EMBED,P-620-21,,1,STUD_1/2-DIA,A108-C1010-1020,fa9889c8-2b4f-4a7a-8745-7beb98d8e8f0
P6-5,piece-to-piece,EMBED,P-620-21,,1,STUD_1/2-DIA,A108-C1010-1020,48cd1447-a302-4518-b195-ca5be7b420c6
P6-5,piece-to-piece,EMBED,P-620-11,6PL W/STUDS,1,PL101.6*6.35,A572-GR.50,a84dc663-65cd-44e9-be86-3eb5676e3380
P6-5,piece-to-piece,EMBED,P-620-21,,1,STUD_1/2-DIA,A108-C1010-1020,b47e832b-e401-4d4c-92d8-e6c359d4d3c5
P6-5,piece-to-piece,EMBED,P-620-21,,1,STUD_1/2-DIA,A108-C1010-1020,094ec26a-9f18-42f2-8936-ff1e87594805
P6-5,piece-to-piece,EMBED,P-620-21,,1,STUD_1/2-DIA,A108-C1010-1020,1231995a-e355-4cc0-972f-b72f352119c8
P6-5,piece-to-piece,EMBED,P-620-21,,1,STUD_1/2-DIA,A108-C1010-1020,56dedca8-6cd9-48ba-85ef-8897bcce718e
P6-5,piece-to-piece,INSERT,P-300-11,19Ø INSERT (NC),1,ROD23.813,A36,15339883-d342-4f2a-bf73-a61602f8e586
P6-5,piece-to-piece,EMBED,P-300-21,,1,ROD6.35,A36,b4b218fc-cc98-410b-8ee8-966a15002a40
P6-5,piece-to-piece,INSERT,P-300-11,19Ø INSERT (NC),1,ROD23.813,A36,cd785039-9de5-4426-8617-6248f6201793
P6-5,piece-to-piece,EMBED,P-300-21,,1,ROD6.35,A36,68b0d477-3a09-4af2-a30f-3e708c655dd2
P6-5,piece-to-piece,INSERT,P-300-11,19Ø INSERT (NC),1,ROD23.813,A36,f5eef93f-d1ec-4a01-b637-f83acdb3287f
P6-5,piece-to-piece,EMBED,P-300-21,,1,ROD6.35,A36,be987b33-2a40-429a-a36a-c21a0d9ee571
P6-5,piece-to-piece,GROUT_TUBE,GT75-305,76Ø x 305 GROUT TUBE,1,ROD76.2,Zero_Density,1cd4feb4-a3d5-4108-a129-703b85348e4c
P6-5,piece-to-piece,GROUT_TUBE,GT75-305,76Ø x 305 GROUT TUBE,1,ROD76.2,Zero_Density,20a77d41-785f-4b41-b2a7-f3de35acc8f7
P6-5,piece-to-piece,GROUT_TUBE,GT75-305,76Ø x 305 GROUT TUBE,1,ROD76.2,Zero_Density,559c7c71-e259-4256-b19b-0c1ed8e96c85
P6-5,piece-to-piece,GROUT_TUBE,GT75-305,76Ø x 305 GROUT TUBE,1,ROD76.2,Zero_Density,f5b14e06-6b40-4604-b868-7d67d9360813
P6-5,piece-to-piece,GROUT_TUBE,GT75-305,76Ø x 305 GROUT TUBE,1,ROD76.2,Zero_Density,94aac458-57fa-445d-97a5-662a234feab5
P6-5,piece-to-piece,GROUT_TUBE,GT75-305,76Ø x 305 GROUT TUBE,1,ROD76.2,Zero_Density,2583c792-adbf-48fc-9b7e-92f313438adb
P6-5,piece-to-piece,GROUT_TUBE,GT75-305,76Ø x 305 GROUT TUBE,1,ROD76.2,Zero_Density,5534ca5c-1a2a-45ae-87f5-fa1f17d16ca8
P6-5,piece-to-piece,GROUT_TUBE,GT75-305,76Ø x 305 GROUT TUBE,1,ROD76.2,Zero_Density,fb0147c7-af4d-4958-ae86-7fd0beee84e5
P6-5,piece-to-piece,INSERT,P-300-11,19Ø INSERT (NC),1,ROD23.813,A36,d6816667-cbf2-4f07-89c2-5b31059bae5c
P6-5,piece-to-piece,EMBED,P-300-21,,1,ROD6.35,A36,3c98f30d-40ec-43f4-9147-3496bc10519e
P6-5,piece-to-piece,INSERT,P-300-11,19Ø INSERT (NC),1,ROD23.813,A36,b73cf8d9-00c0-4b4d-a938-f2a056a84f30
P6-5,piece-to-piece,EMBED,P-300-21,,1,ROD6.35,A36,fe9390bb-ea76-45e9-8d84-e7f9ee137f76
P6-5,piece-to-piece,ANCHOR,P-205-11,12000LB FORGED ANCHOR,1,PL15.88,A36,582b1cbf-a309-47d5-b9b1-088401dec3e0
P6-5,piece-to-piece,EMBED,P-205-21,,1,PL76.2*12.7,A36,39cc0cea-88ff-43e0-ac3e-e53386fca69d
P6-5,piece-to-piece,EMBED,P-205-31,,1,SPHERE47.625,A36,e2ea2bed-6045-4130-aa81-d5d30e4e20a9
P6-5,piece-to-piece,EMBED,P-205-32,,1,PL54,Steel_Undefined,dc350499-425e-4c77-b31c-6ffd3ad4fd53
P6-5,piece-to-piece,ANCHOR,P-205-11,12000LB FORGED ANCHOR,1,PL15.88,A36,0b425d11-e453-4085-a7ef-86fee431ca6f
P6-5,piece-to-piece,EMBED,P-205-21,,1,PL76.2*12.7,A36,f4da148e-65ea-477e-8f15-336d46a4d4d8
P6-5,piece-to-piece,EMBED,P-205-31,,1,SPHERE47.625,A36,c343e7fe-23bd-4872-9c2b-9da14572eab8
P6-5,piece-to-piece,EMBED,P-205-32,,1,PL54,Steel_Undefined,02e37507-6937-417a-9bc8-26dfcf623220
P6-5,piece-to-piece,ANCHOR,P-205-11,12000LB FORGED ANCHOR,1,PL15.88,A36,f68e6cca-5d71-401f-97be-2aaadc554f34
P6-5,piece-to-piece,EMBED,P-205-21,,1,PL76.2*12.7,A36,368befe5-931d-47fd-b144-41512f8b5067
P6-5,piece-to-piece,EMBED,P-205-31,,1,SPHERE47.625,A36,8dc095b3-c1d2-4725-b7aa-cf4800e32432
P6-5,piece-to-piece,EMBED,P-205-32,,1,PL54,Steel_Undefined,82605487-f845-41ca-804c-9481a965954e
P6-5,piece-to-piece,ANCHOR,P-205-11,12000LB FORGED ANCHOR,1,PL15.88,A36,8bb30a50-4be9-47ff-906f-fd77ea07978b
P6-5,piece-to-piece,EMBED,P-205-21,,1,PL76.2*12.7,A36,3c6fee75-847a-4b11-9b32-62bf62418e3c
P6-5,piece-to-piece,EMBED,P-205-31,,1,SPHERE47.625,A36,f5509000-a3af-44c3-9185-8b0d0b4d3a42
P6-5,piece-to-piece,EMBED,P-205-32,,1,PL54,Steel_Undefined,082d73cb-db70-463c-abbd-2e47829628b0
P6-21,piece-to-piece,EMBED,P-620-11,6PL W/STUDS,1,PL101.6*6.35,A572-GR.50,39840627-2de1-4d9d-9cbf-03a3079ebaef
P6-21,piece-to-piece,EMBED,P-620-21,,1,STUD_1/2-DIA,A108-C1010-1020,dcbb917a-4abf-4942-8909-639ec0cf5098
P6-21,piece-to-piece,EMBED,P-620-21,,1,STUD_1/2-DIA,A108-C1010-1020,272fdb34-fc1d-406a-9b9b-13316e4b1fcb
P6-21,piece-to-piece,EMBED,P-620-21,,1,STUD_1/2-DIA,A108-C1010-1020,7badef04-0850-4e93-aa0b-55f833ff47e4
P6-21,piece-to-piece,EMBED,P-620-21,,1,STUD_1/2-DIA,A108-C1010-1020,9dbf856d-4b79-4035-9f44-ad3a6ec2cf80
P6-21,piece-to-piece,EMBED,P-620-11,6PL W/STUDS,1,PL101.6*6.35,A572-GR.50,23dbb202-be47-47e2-9e1c-541da819ba3e
P6-21,piece-to-piece,EMBED,P-620-21,,1,STUD_1/2-DIA,A108-C1010-1020,a5f134ca-fe7b-4d46-a0c1-003028f10f98
P6-21,piece-to-piece,EMBED,P-620-21,,1,STUD_1/2-DIA,A108-C1010-1020,fee91335-c074-4a4c-ad9c-ecf198876ea1
P6-21,piece-to-piece,EMBED,P-620-21,,1,STUD_1/2-DIA,A108-C1010-1020,189695e1-684d-42e2-80b4-ccdfc478b458
P6-21,piece-to-piece,EMBED,P-620-21,,1,STUD_1/2-DIA,A108-C1010-1020,37aab719-063d-4829-94ca-d3914fa40709
P6-21,piece-to-piece,EMBED,P-620-11,6PL W/STUDS,1,PL101.6*6.35,A572-GR.50,081019ac-80fc-4ad7-a6d7-ffdbc2c10919
P6-21,piece-to-piece,EMBED,P-620-21,,1,STUD_1/2-DIA,A108-C1010-1020,10984a27-d046-4d82-b994-740f4a7275c8
P6-21,piece-to-piece,EMBED,P-620-21,,1,STUD_1/2-DIA,A108-C1010-1020,0b5460ba-3722-45d1-bdeb-9c5f01fafe75
P6-21,piece-to-piece,EMBED,P-620-21,,1,STUD_1/2-DIA,A108-C1010-1020,600866c3-6b1a-41f0-af2a-c236b94f07f2
P6-21,piece-to-piece,EMBED,P-620-21,,1,STUD_1/2-DIA,A108-C1010-1020,6d19c068-74c9-413a-93c1-990cced787a8
P6-21,piece-to-piece,EMBED,P-620-11,6PL W/STUDS,1,PL101.6*6.35,A572-GR.50,393ac7b1-0436-419c-b0ef-6f39dd86fe73
P6-21,piece-to-piece,EMBED,P-620-21,,1,STUD_1/2-DIA,A108-C1010-1020,05b5d2c9-ddad-44ab-bf3c-8065de8990c2
P6-21,piece-to-piece,EMBED,P-620-21,,1,STUD_1/2-DIA,A108-C1010-1020,b3b45a94-20d6-4e48-ba3a-44ce2f07c0c0
P6-21,piece-to-piece,EMBED,P-620-21,,1,STUD_1/2-DIA,A108-C1010-1020,63ef83e0-7667-4a60-868f-c82e57617799
P6-21,piece-to-piece,EMBED,P-620-21,,1,STUD_1/2-DIA,A108-C1010-1020,1741ae88-af8c-41d5-a669-a61901dff352
P6-21,piece-to-piece,EMBED,P-620-11,6PL W/STUDS,1,PL101.6*6.35,A572-GR.50,8ded38b3-cfaa-40b6-b281-6b374eaa182f
P6-21,piece-to-piece,EMBED,P-620-21,,1,STUD_1/2-DIA,A108-C1010-1020,2c95ced6-45a0-423d-92cb-e3a62d62de18
P6-21,piece-to-piece,EMBED,P-620-21,,1,STUD_1/2-DIA,A108-C1010-1020,a99f5924-c3fa-47f8-8e7c-ad0ca545ae8b
P6-21,piece-to-piece,EMBED,P-620-21,,1,STUD_1/2-DIA,A108-C1010-1020,e67003b1-fe99-4fce-9c78-18749b372f97
P6-21,piece-to-piece,EMBED,P-620-21,,1,STUD_1/2-DIA,A108-C1010-1020,4a34ab4c-5724-4e09-a5dd-0a5682a9bb73
P6-21,piece-to-piece,INSERT,P-300-11,19Ø INSERT (NC),1,ROD23.813,A36,40574e89-4530-4702-97ac-eb6eac7d2a4f
P6-21,piece-to-piece,EMBED,P-300-21,,1,ROD6.35,A36,b9488ab3-4a6c-49fe-95b1-181bc0bca8f1
P6-21,piece-to-piece,INSERT,P-300-11,19Ø INSERT (NC),1,ROD23.813,A36,fc07e157-a694-41af-bfc8-1ba04920cca7
P6-21,piece-to-piece,EMBED,P-300-21,,1,ROD6.35,A36,be6dc073-703c-4b10-933d-4e40544614ed
P6-21,piece-to-piece,PLATE,P-900-10,25mm KNIFE PLATE,1,PL127*25,A572-GR.50,b177d3e9-2bad-48d4-80be-64056d5bc03a
P6-21,piece-to-piece,EMBED,P-900-20,,1,PD28.6*4.76,50W,5910be85-e217-4515-a905-a3bd655eb65d
P6-21,piece-to-piece,EMBED,P-900-30,,1,STUD_3/4-DIA,A108-GR.90,bac58387-492f-4a7d-9de4-453eed6b3514
P6-21,piece-to-piece,PLATE,P-742-10,19PL KNIFE PLATE,1,PL114.3*19.05,A572-GR.50,eb3a49b9-9685-48c4-a879-f072edb64f43
P6-21,piece-to-piece,EMBED,P-742-20,,1,PD28.6*4.76,50W,690e06e5-9944-4af6-821e-815995b290cd
P6-21,piece-to-piece,EMBED,P-742-30,,1,STUD_3/4-DIA,A108-GR.90,73e36b6e-d905-4956-a68e-de7a0aa14d44
P6-21,piece-to-piece,INSERT,P-300-11,19Ø INSERT (NC),1,ROD23.813,A36,62e1df7e-e51b-4d1a-a7a1-60d19fb41c03
P6-21,piece-to-piece,EMBED,P-300-21,,1,ROD6.35,A36,fc3272bd-238b-4d31-a4e9-0f4692271677
P6-21,piece-to-piece,INSERT,P-300-11,19Ø INSERT (NC),1,ROD23.813,A36,4184e105-fc36-4123-a491-7aca6484f741
P6-21,piece-to-piece,EMBED,P-300-21,,1,ROD6.35,A36,f82b2320-e245-493d-9df1-e60e54809186
P6-21,piece-to-piece,INSERT,P-300-11,19Ø INSERT (NC),1,ROD23.813,A36,6a51cc79-60ab-49d3-89f5-49e8bb576a32
P6-21,piece-to-piece,EMBED,P-300-21,,1,ROD6.35,A36,77535654-aaed-4faa-a6a4-114f83d2b58f
P6-21,piece-to-piece,INSERT,P-300-11,19Ø INSERT (NC),1,ROD23.813,A36,e93a532c-ba83-4892-997a-c12755e3861f
P6-21,piece-to-piece,EMBED,P-300-21,,1,ROD6.35,A36,6b4b8c4f-ef72-42d8-84be-64605b2cac4c
P6-21,piece-to-piece,INSERT,P-300-11,19Ø INSERT (NC),1,ROD23.813,A36,d99be414-0346-4aff-9c87-464e514e6219
P6-21,piece-to-piece,EMBED,P-300-21,,1,ROD6.35,A36,f1539192-4957-4ca5-92d6-dee6308d034c
P6-21,piece-to-piece,INSERT,P-300-11,19Ø INSERT (NC),1,ROD23.813,A36,e97e6800-fffc-450c-9a07-c9e7b594562c
P6-21,piece-to-piece,EMBED,P-300-21,,1,ROD6.35,A36,f75cbccb-9e43-4703-8b91-1df4f9750a85
P6-21,piece-to-piece,INSERT,P-300-11,19Ø INSERT (NC),1,ROD23.813,A36,5df55f6d-20b8-4dff-80c6-93eca978ff53
P6-21,piece-to-piece,EMBED,P-300-21,,1,ROD6.35,A36,0dcf8fe1-9d75-4cfc-894e-1e4b94d58d97
P6-21,piece-to-piece,INSERT,P-300-11,19Ø INSERT (NC),1,ROD23.813,A36,67b68d27-a7e6-4459-890f-9f66bc1e3478
P6-21,piece-to-piece,EMBED,P-300-21,,1,ROD6.35,A36,a09d7ec0-d9a1-4083-8e79-65d4594a7b84
P6-21,piece-to-piece,ANCHOR,P-205-11,12000LB FORGED ANCHOR,1,PL15.88,A36,65bb2e21-f0fa-400f-b9b8-bc37421c4cc5
P6-21,piece-to-piece,EMBED,P-205-21,,1,PL76.2*12.7,A36,130c3878-ae2f-4561-9d8a-7c10d59d9b2f
P6-21,piece-to-piece,EMBED,P-205-31,,1,SPHERE47.625,A36,99781f0f-fa3a-4453-a12e-5f36e82f911a
P6-21,piece-to-piece,EMBED,P-205-32,,1,PL54,Steel_Undefined,4f8fa189-741f-4f27-a22a-c3edad5121af
P6-21,piece-to-piece,ANCHOR,P-205-11,12000LB FORGED ANCHOR,1,PL15.88,A36,94cea418-bdb2-4b32-9324-257a1971e6c2
P6-21,piece-to-piece,EMBED,P-205-21,,1,PL76.2*12.7,A36,86390519-ad34-4991-832b-0e5d562db15d
P6-21,piece-to-piece,EMBED,P-205-31,,1,SPHERE47.625,A36,340aa539-c5ff-4ce7-99f5-70467fbade3f
P6-21,piece-to-piece,EMBED,P-205-32,,1,PL54,Steel_Undefined,f603b94c-c8a1-4cc6-b744-856ec3d6b16d
P6-21,piece-to-piece,ANCHOR,P-205-11,12000LB FORGED ANCHOR,1,PL15.88,A36,b2cf1cbb-3bfa-491a-9b77-939c40fcce28
P6-21,piece-to-piece,EMBED,P-205-21,,1,PL76.2*12.7,A36,57a45a65-cc27-45b3-bdf9-55aad7650911
P6-21,piece-to-piece,EMBED,P-205-31,,1,SPHERE47.625,A36,3e890230-7374-4bba-b24f-90fc1b8b8f56
P6-21,piece-to-piece,EMBED,P-205-32,,1,PL54,Steel_Undefined,b5854c16-b0ba-4477-8f73-41bd1eb1e01e
P6-21,piece-to-piece,ANCHOR,P-205-11,12000LB FORGED ANCHOR,1,PL15.88,A36,80612a24-8c7e-4095-968f-999c279fad1c
P6-21,piece-to-piece,EMBED,P-205-21,,1,PL76.2*12.7,A36,f05c88d1-8670-4f0e-b493-123b59c199f9
P6-21,piece-to-piece,EMBED,P-205-31,,1,SPHERE47.625,A36,aed337e5-b4ca-407a-b8f5-4e0969607760
P6-21,piece-to-piece,EMBED,P-205-32,,1,PL54,Steel_Undefined,4ee4f87c-3ecf-41d1-9223-3f2584f35593
P6-19,piece-to-piece,INSERT,P-300-11,19Ø INSERT (NC),1,ROD23.813,A36,7611bc21-907f-4531-81e7-e14c1514e61d
P6-19,piece-to-piece,EMBED,P-300-21,,1,ROD6.35,A36,bfaa4f61-9b56-4ebf-8a2a-ff08c7b84aeb
P6-19,piece-to-piece,INSERT,P-300-11,19Ø INSERT (NC),1,ROD23.813,A36,5ecd19fc-31d5-4903-9123-55df15866126
P6-19,piece-to-piece,EMBED,P-300-21,,1,ROD6.35,A36,cf40eaf0-8b89-4193-bbef-9029df07fb3d
P6-19,piece-to-piece,PLATE,P-900-10,25mm KNIFE PLATE,1,PL127*25,A572-GR.50,f47a3047-a1eb-4a7c-b74d-49004159f61c
P6-19,piece-to-piece,EMBED,P-900-20,,1,PD28.6*4.76,50W,954ead16-cc6e-4bd2-97c7-e73e45cf2d66
P6-19,piece-to-piece,EMBED,P-900-30,,1,STUD_3/4-DIA,A108-GR.90,0d7975d4-e926-4c2e-9305-0fd4534090f8
P6-19,piece-to-piece,PLATE,P-743-10,19PL KNIFE PLATE.,1,PL114.3*19.05,A572-GR.50,6766c2cd-0e9f-499e-9e48-fc52340d3a2c
P6-19,piece-to-piece,EMBED,P-743-20,,1,PD28.6*4.76,50W,ba4244eb-2e7f-41b4-97c4-984c854867b7
P6-19,piece-to-piece,EMBED,P-743-30,,1,STUD_3/4-DIA,A108-GR.90,51ba73f4-f0b4-4a5e-985a-c76dd5197719
P6-19,piece-to-piece,INSERT,P-300-11,19Ø INSERT (NC),1,ROD23.813,A36,972baeac-0077-41d4-bdd2-3466524ad6c5
P6-19,piece-to-piece,EMBED,P-300-21,,1,ROD6.35,A36,3fb7571c-c61f-47e5-9003-60a0d0586f64
P6-19,piece-to-piece,INSERT,P-300-11,19Ø INSERT (NC),1,ROD23.813,A36,86c0ef58-8cb7-42ec-89a8-46b19f57746b
P6-19,piece-to-piece,EMBED,P-300-21,,1,ROD6.35,A36,9bd38770-555a-4d3f-87e9-34a8dd29f8f7
P6-19,piece-to-piece,INSERT,P-300-11,19Ø INSERT (NC),1,ROD23.813,A36,5cc99053-f8d9-4c08-93a2-54532fd69ae4
P6-19,piece-to-piece,EMBED,P-300-21,,1,ROD6.35,A36,c09066a0-7b29-4e8d-848a-a37ef5cec473
P6-19,piece-to-piece,INSERT,P-300-11,19Ø INSERT (NC),1,ROD23.813,A36,85b759f9-ef4c-4ad1-8a4c-dc8e8c5c588f
P6-19,piece-to-piece,EMBED,P-300-21,,1,ROD6.35,A36,63cc13bc-98fe-4538-9976-dd19f9de074b
P6-19,piece-to-piece,INSERT,P-300-11,19Ø INSERT (NC),1,ROD23.813,A36,64d0bffe-c466-4959-b1f7-181ccf206c1b
P6-19,piece-to-piece,EMBED,P-300-21,,1,ROD6.35,A36,f81ab32f-09c6-4397-bbfb-f5c63a8805fe
P6-19,piece-to-piece,INSERT,P-300-11,19Ø INSERT (NC),1,ROD23.813,A36,f261bfb3-e1ed-40b0-9809-50e92bfe6d70
P6-19,piece-to-piece,EMBED,P-300-21,,1,ROD6.35,A36,41ac5af2-9131-48aa-be77-b0a11db1d947
P6-19,piece-to-piece,INSERT,P-300-11,19Ø INSERT (NC),1,ROD23.813,A36,1aa55fac-d182-4c82-9c03-7e820a71c6e6
P6-19,piece-to-piece,EMBED,P-300-21,,1,ROD6.35,A36,392a9db3-54b0-4614-afe2-f48c6476e21d
P6-19,piece-to-piece,INSERT,P-300-11,19Ø INSERT (NC),1,ROD23.813,A36,447eaf40-5613-455e-8669-e44a3915c5ee
P6-19,piece-to-piece,EMBED,P-300-21,,1,ROD6.35,A36,7b74ba6f-3884-4787-8165-e27bb26afd7a
P6-19,piece-to-piece,INSERT,P-300-11,19Ø INSERT (NC),1,ROD23.813,A36,3310fae4-27a0-40a5-872a-a04aaea7c8d0
P6-19,piece-to-piece,EMBED,P-300-21,,1,ROD6.35,A36,f49a0718-6cef-4da0-bd1b-5fcf3f48f9c9
P6-19,piece-to-piece,INSERT,P-300-11,19Ø INSERT (NC),1,ROD23.813,A36,df4ef706-b1e3-4bdf-9e4d-6bb2bf619d6d
P6-19,piece-to-piece,EMBED,P-300-21,,1,ROD6.35,A36,bbc4678a-ec46-49fd-8c03-3cdbfbf83881
P6-19,piece-to-piece,INSERT,P-300-11,19Ø INSERT (NC),1,ROD23.813,A36,e27dc54c-a781-420d-b6b9-cdd09f813868
P6-19,piece-to-piece,EMBED,P-300-21,,1,ROD6.35,A36,4aa7b326-9f50-447d-9c1d-f66a6d3b8de7
P6-19,piece-to-piece,INSERT,P-300-11,19Ø INSERT (NC),1,ROD23.813,A36,0d93e1ab-380c-470a-b27f-165b2f286962
P6-19,piece-to-piece,EMBED,P-300-21,,1,ROD6.35,A36,21096228-1895-4add-a6b4-bb5d692a7c07
P6-19,piece-to-piece,INSERT,P-300-11,19Ø INSERT (NC),1,ROD23.813,A36,36e2f6ea-e630-4f3f-aea8-c0b1bbfe4a74
P6-19,piece-to-piece,EMBED,P-300-21,,1,ROD6.35,A36,6282517a-615a-4f46-ad3a-47a26599a907
P6-19,piece-to-piece,ANCHOR,P-205-11,12000LB FORGED ANCHOR,1,PL15.88,A36,d3b1c7cd-1c1c-4212-9aac-0617438d4339
P6-19,piece-to-piece,EMBED,P-205-21,,1,PL76.2*12.7,A36,7e44f07d-74c9-441d-823d-b4b773fd4dc7
P6-19,piece-to-piece,EMBED,P-205-31,,1,SPHERE47.625,A36,9f728ff9-7ff5-4887-ad46-45e515ecd4c0
P6-19,piece-to-piece,EMBED,P-205-32,,1,PL54,Steel_Undefined,07ba3553-b25d-4d46-8604-5420d8e8a66d
P6-19,piece-to-piece,ANCHOR,P-205-11,12000LB FORGED ANCHOR,1,PL15.88,A36,b3c92a1d-6143-4d34-8bb6-910b55afbf34
P6-19,piece-to-piece,EMBED,P-205-21,,1,PL76.2*12.7,A36,89f2d766-b7db-4457-bd4f-b986a76c3247
P6-19,piece-to-piece,EMBED,P-205-31,,1,SPHERE47.625,A36,7c96243f-92eb-4505-b597-076862aa36b1
P6-19,piece-to-piece,EMBED,P-205-32,,1,PL54,Steel_Undefined,7e2bdbad-522c-4b5f-966a-4a4ad8585e81
P6-19,piece-to-piece,ANCHOR,P-205-11,12000LB FORGED ANCHOR,1,PL15.88,A36,608383d1-4558-476f-9d1c-4f3a5940aa8e
P6-19,piece-to-piece,EMBED,P-205-21,,1,PL76.2*12.7,A36,266d3773-2bfe-4160-bcfc-84c83c52796e
P6-19,piece-to-piece,EMBED,P-205-31,,1,SPHERE47.625,A36,4f0bd6ea-587a-493d-9ba9-f50e3ac4c1d2
P6-19,piece-to-piece,EMBED,P-205-32,,1,PL54,Steel_Undefined,681a8384-9d55-4d0e-8bd4-1db2388170c7
P6-19,piece-to-piece,ANCHOR,P-205-11,12000LB FORGED ANCHOR,1,PL15.88,A36,6d888a88-3051-496d-8948-123557c94f9d
P6-19,piece-to-piece,EMBED,P-205-21,,1,PL76.2*12.7,A36,276bf0f4-a30c-42dc-94f0-4ff83bcd1764
P6-19,piece-to-piece,EMBED,P-205-31,,1,SPHERE47.625,A36,d625ea79-a99e-4a57-8551-9fd3080c6aac
P6-19,piece-to-piece,EMBED,P-205-32,,1,PL54,Steel_Undefined,9588c4a1-5e5e-4d25-8881-55a14ac34a97
P6-19,piece-to-piece,INSERT,P-300-11,19Ø INSERT (NC),1,ROD23.813,A36,cef19df8-fe4c-46d7-9c04-1a32e82756d0
P6-19,piece-to-piece,EMBED,P-300-21,,1,ROD6.35,A36,acf3f8b8-8389-4eae-b28b-a889d9fc4860
P6-19,piece-to-piece,INSERT,P-300-11,19Ø INSERT (NC),1,ROD23.813,A36,341d01a9-e50c-4d98-92ff-8917b6692a0e
P6-19,piece-to-piece,EMBED,P-300-21,,1,ROD6.35,A36,c85f6ade-6091-4e49-92bc-bb4c6705cdeb
W10-124,piece-to-piece,EMBED,MPX14,V REVEAL LARGE,1,TRIANGLE12.7*12.7,Misc_Undefined,a289af0e-8342-4484-8078-dc5add3e2188
W10-124,piece-to-piece,EMBED,MPX12,MOUNTPART,1,TRIANGLE51.0*12.7,Misc_Undefined,0b854798-350a-4f94-8326-0f3c7edb1d31
W10-124,piece-to-piece,EMBED,MPX11,V REVEAL LARGE,1,TRIANGLE12.7*12.7,Misc_Undefined,7fa96af8-9785-4106-a25e-790d36482fb9
W10-124,piece-to-piece,INSERT,P-300-11,19Ø INSERT (NC),1,ROD23.813,A36,a116a820-e7ee-4af9-9890-3859a953a570
W10-124,piece-to-piece,EMBED,P-300-21,,1,ROD6.35,A36,ced8058f-8509-428d-b3f3-c2d9844fa5fd
W10-124,piece-to-piece,INSERT,P-300-11,19Ø INSERT (NC),1,ROD23.813,A36,3129f4ad-041b-44f9-ab6e-b6ad6d47bdac
W10-124,piece-to-piece,EMBED,P-300-21,,1,ROD6.35,A36,23c30e53-53af-4eb3-816c-f627b61e365c
W10-124,piece-to-piece,GROUT_TUBE,GT75-1219,75Ø x 1219 GROUT TUBE,1,ROD76,Zero_Density,7cabd49d-13a6-40c1-bd97-0ab037394a96
W10-124,piece-to-piece,GROUT_TUBE,GT75-1219,75Ø x 1219 GROUT TUBE,1,ROD76,Zero_Density,4ca601c2-8056-401c-82e5-f9141c21fd84
W10-124,piece-to-piece,INSERT,SP25-1067-11,SP25Mx1067 WILLIAMS S,1,ROD25.4,A706-GR.60,af4e7d21-20ed-41c0-bdb6-d4dc9546710a
W10-124,piece-to-piece,EMBED,SP25-1067-31,,1,PD66.675*15.875,A706-GR.60,110cb79b-b173-4dba-99bd-06c84d66911e
W10-124,piece-to-piece,EMBED,SP25-1067-21,,1,ROD41.275,A706-GR.60,00065811-3762-487c-995f-3f7da89f5042
W10-124,piece-to-piece,GROUT_TUBE,GT75-1219,75Ø x 1219 GROUT TUBE,1,ROD76,Zero_Density,bace1151-cd7d-441c-8b8f-9de96d0fe0f5
W10-124,piece-to-piece,GROUT_TUBE,GT75-1219,75Ø x 1219 GROUT TUBE,1,ROD76,Zero_Density,77b7a4a3-8c7b-4b7a-94b1-6ceb60fd1bac
W10-124,piece-to-piece,GROUT_TUBE,GT75-1219,75Ø x 1219 GROUT TUBE,1,ROD76,Zero_Density,f40a711f-06b2-470c-84af-d2ab96db9c21
W10-124,piece-to-piece,GROUT_TUBE,GT75-1219,75Ø x 1219 GROUT TUBE,1,ROD76,Zero_Density,7b7d8fa0-c155-4106-9605-33a804d52b87
W10-124,piece-to-piece,INSERT,SP25-1067-11,SP25Mx1067 WILLIAMS S,1,ROD25.4,A706-GR.60,74c320a4-aa2a-43c1-8e5d-be61ac43b8e0
W10-124,piece-to-piece,EMBED,SP25-1067-31,,1,PD66.675*15.875,A706-GR.60,8e90a2ff-ca2f-4343-8338-408a1e089b36
W10-124,piece-to-piece,EMBED,SP25-1067-21,,1,ROD41.275,A706-GR.60,592d82fb-5048-47a6-bc4b-d83d631e9334
W10-124,piece-to-piece,INSERT,SP25-1067-11,SP25Mx1067 WILLIAMS S,1,ROD25.4,A706-GR.60,c08a0f26-3f10-4aff-94f8-12685bdfecad
W10-124,piece-to-piece,EMBED,SP25-1067-31,,1,PD66.675*15.875,A706-GR.60,73b29ddb-bb4c-4a91-85b9-8744804597da
W10-124,piece-to-piece,EMBED,SP25-1067-21,,1,ROD41.275,A706-GR.60,7530068d-9c5c-4458-af79-9c27b937c787
W10-124,piece-to-piece,INSERT,SP25-1067-11,SP25Mx1067 WILLIAMS S,1,ROD25.4,A706-GR.60,f8a67d14-290b-4a46-8937-99acca1cbebd
W10-124,piece-to-piece,EMBED,SP25-1067-31,,1,PD66.675*15.875,A706-GR.60,7b56636f-d392-474b-b61e-82678503150d
W10-124,piece-to-piece,EMBED,SP25-1067-21,,1,ROD41.275,A706-GR.60,7fcb41d9-5eef-4a4d-857b-ae05672ae6c3
W10-124,piece-to-piece,INSERT,SP25-1067-11,SP25Mx1067 WILLIAMS S,1,ROD25.4,A706-GR.60,31b8ade1-aab9-402f-92c8-41afd10f4dd4
W10-124,piece-to-piece,EMBED,SP25-1067-31,,1,PD66.675*15.875,A706-GR.60,d6373d70-64d5-4759-950c-efa3f30443c1
W10-124,piece-to-piece,EMBED,SP25-1067-21,,1,ROD41.275,A706-GR.60,f9b4429c-c82b-4d99-babe-e341f23061cb
W10-124,piece-to-piece,INSERT,SP25-1067-11,SP25Mx1067 WILLIAMS S,1,ROD25.4,A706-GR.60,38effafe-4a4d-4459-bdd0-7429fa4d5f48
W10-124,piece-to-piece,EMBED,SP25-1067-31,,1,PD66.675*15.875,A706-GR.60,428d87f5-a12a-45ad-b5c0-0ec0bdb1ef9e
W10-124,piece-to-piece,EMBED,SP25-1067-21,,1,ROD41.275,A706-GR.60,69f579d1-4158-470f-8558-4a50092bab8a
W10-124,piece-to-piece,INSERT,SP25-1067-11,SP25Mx1067 WILLIAMS S,1,ROD25.4,A706-GR.60,6f0dc626-f151-42cb-80c5-ab648c1227ff
W10-124,piece-to-piece,EMBED,SP25-1067-31,,1,PD66.675*15.875,A706-GR.60,bbd1218e-c3ed-4b14-b3fb-5a833626a7c9
W10-124,piece-to-piece,EMBED,SP25-1067-21,,1,ROD41.275,A706-GR.60,c60f73fa-71c8-4a86-9fd3-e066cfb9c154
W10-124,piece-to-piece,GROUT_TUBE,GT75-1219,75Ø x 1219 GROUT TUBE,1,ROD76,Zero_Density,f30d2df5-60fb-4b42-9cd8-f860ade978b1
W10-124,piece-to-piece,INSERT,SP25-1067-11,SP25Mx1067 WILLIAMS S,1,ROD25.4,A706-GR.60,f9525629-cf00-405a-be71-012fe709bb8e
W10-124,piece-to-piece,EMBED,SP25-1067-31,,1,PD66.675*15.875,A706-GR.60,95cfae16-0121-4456-b3c5-9585c99cf3e0
W10-124,piece-to-piece,EMBED,SP25-1067-21,,1,ROD41.275,A706-GR.60,c69fcc61-9f4b-458e-bc1e-7d19b2d75c7e
W10-124,piece-to-piece,GROUT_TUBE,GT75-686,75Ø x 686 GROUT TUBE,1,ROD76,Zero_Density,b1554e44-3548-4efa-8046-7fbb20c7aa46
W10-124,piece-to-piece,INSERT,SP15-457-11,15Mx457 WILLIAMS SPL,1,ROD16,400W,c10847aa-c6ad-429a-af49-14b34fbaed59
W10-124,piece-to-piece,INSERT,SP15-457-31,,1,PD52.387*12.7,400W,b43802e6-8427-4c01-a9aa-25df9ae07afc
W10-124,piece-to-piece,INSERT,SP15-457-21,,1,ROD26.987,400W,202f3ff3-f911-438f-8bfd-a70395f0f8d8
W10-124,piece-to-piece,GROUT_TUBE,GT75-1219,75Ø x 1219 GROUT TUBE,1,ROD76,Zero_Density,fce4c9af-c969-494a-ab46-adb87e0e8346
W10-124,piece-to-piece,CONDUIT,CNDT48,19MM CONDUIT,1,ROD19,Zero_Density,868af4a7-211b-4dde-9575-4dd2390ae6e8
W10-124,piece-to-piece,PLATE,EB-S-PL1,Single Plastic Electr,1,160*50.8,Zero_Density,0392fe5a-4dda-42bf-a4b0-a6b8932e8957
W10-124,piece-to-piece,INSERT,P-300-11,19Ø INSERT (NC),1,ROD23.813,A36,9d8b3344-e29b-4bec-9696-5126bb720506
W10-124,piece-to-piece,EMBED,P-300-21,,1,ROD6.35,A36,6288e4bb-5555-4c3f-831f-0693fb5ac379
W10-124,piece-to-piece,INSERT,P-300-11,19Ø INSERT (NC),1,ROD23.813,A36,e1ac35c5-fa2a-4e83-936f-01f01c708183
W10-124,piece-to-piece,EMBED,P-300-21,,1,ROD6.35,A36,c45edfc0-84ea-42db-9538-ec2a5bcceb47
W10-124,piece-to-piece,GROUT_TUBE,GT76-254,76Øx254mm G.TUBE,1,ROD76.2,Zero_Density,331f5495-72bd-4ece-9ee2-5101aa7bddd2
W10-124,piece-to-piece,GROUT_TUBE,GT76-254,76Øx254mm G.TUBE,1,ROD76.2,Zero_Density,3b75945f-1b8b-4a3d-b3e1-de184594fb48
W10-124,piece-to-piece,ANCHOR,P-205-11,12000LB FORGED ANCHOR,1,PL15.88,A36,7f48ff99-3b78-481a-b55a-9a6524a36d6f
W10-124,piece-to-piece,EMBED,P-205-21,,1,PL76.2*12.7,A36,84c92a41-c6fc-439a-9872-6e6de16ed6e1
W10-124,piece-to-piece,EMBED,P-205-31,,1,SPHERE47.625,A36,c599d11b-d0e9-4e42-bbfd-f4bfb9405754
W10-124,piece-to-piece,EMBED,P-205-32,,1,PL54,Steel_Undefined,6ac43747-fba8-4757-875f-859c25fef961
W10-124,piece-to-piece,ANCHOR,P-205-11,12000LB FORGED ANCHOR,1,PL15.88,A36,e5b87e1d-3b84-45c2-8f77-2ad868833cfc
W10-124,piece-to-piece,EMBED,P-205-21,,1,PL76.2*12.7,A36,80088629-66d4-42b2-8d10-394b87e812c1
W10-124,piece-to-piece,EMBED,P-205-31,,1,SPHERE47.625,A36,d9538979-3724-4a1e-803b-81fadfedee39
W10-124,piece-to-piece,EMBED,P-205-32,,1,PL54,Steel_Undefined,2baec5b6-8122-49cd-9d2c-b4e91f0cc405
W10-80,piece-to-piece,GROUT_TUBE,GT75-575,75Ø GROUT TUBE x 575,1,ROD76.2,Zero_Density,2e2b1e6c-85a7-4368-823d-cab8b3638158
W10-80,piece-to-piece,GROUT_TUBE,GT75-575,75Ø GROUT TUBE x 575,1,ROD76.2,Zero_Density,cb7e3e4c-2a1e-4b22-a58e-a731b43dc437
W10-80,piece-to-piece,GROUT_TUBE,GT75-575,75Ø GROUT TUBE x 575,1,ROD76.2,Zero_Density,ad93b369-13db-45e2-a0e6-74abf021ff0d
W10-80,piece-to-piece,GROUT_TUBE,GT75-575,75Ø GROUT TUBE x 575,1,ROD76.2,Zero_Density,b4180d93-1218-459a-beb5-09c375db1316
W10-80,piece-to-piece,GROUT_TUBE,GT75-575,75Ø GROUT TUBE x 575,1,ROD76.2,Zero_Density,0b1bd2ff-45a5-4f1f-bd1b-9abbac17e5b3
W10-80,piece-to-piece,GROUT_TUBE,GT75-575,75Ø GROUT TUBE x 575,1,ROD76.2,Zero_Density,02ca191c-33dc-4d8e-90f2-74fb45d7b03d
W10-80,piece-to-piece,GROUT_TUBE,GT75-575,75Ø GROUT TUBE x 575,1,ROD76.2,Zero_Density,b7fd87bd-b315-4e70-a2cf-8933c65c8364
W10-80,piece-to-piece,GROUT_TUBE,GT75-575,75Ø GROUT TUBE x 575,1,ROD76.2,Zero_Density,7271cefa-6a0d-4566-bf69-b868a423fb51
W10-80,piece-to-piece,GROUT_TUBE,GT75-575,75Ø GROUT TUBE x 575,1,ROD76.2,Zero_Density,86949832-fd2a-4a41-ab41-9ebad7dc212c
W10-80,piece-to-piece,INSERT,P-300-11,19Ø INSERT (NC),1,ROD23.813,A36,008f83ea-3c23-403d-8d9c-7b2214e109b1
W10-80,piece-to-piece,EMBED,P-300-21,,1,ROD6.35,A36,99c23af8-9c98-40e8-874f-849e96a017b5
W10-80,piece-to-piece,INSERT,P-300-11,19Ø INSERT (NC),1,ROD23.813,A36,214c7f99-6442-4bbe-9d4f-964698ca9d53
W10-80,piece-to-piece,EMBED,P-300-21,,1,ROD6.35,A36,27a99414-1d85-41e4-bdf2-9d89721b851e
W10-80,piece-to-piece,ANCHOR,P-205-11,12000LB FORGED ANCHOR,1,PL15.88,A36,7aad5fe2-50f8-44f7-9d6f-f656a8846a35
W10-80,piece-to-piece,EMBED,P-205-21,,1,PL76.2*12.7,A36,ed6a073a-c213-4b6a-b3fe-69bb090ae8ad
W10-80,piece-to-piece,EMBED,P-205-31,,1,SPHERE47.625,A36,2193b73c-4e82-4b98-b45e-7b6371aebc4d
W10-80,piece-to-piece,EMBED,P-205-32,,1,PL54,Steel_Undefined,47f1bb3a-c77b-449f-8549-6aaa9bffa885
W10-80,piece-to-piece,ANCHOR,P-205-11,12000LB FORGED ANCHOR,1,PL15.88,A36,09feef18-9289-452b-8837-3309d0aa963d
W10-80,piece-to-piece,EMBED,P-205-21,,1,PL76.2*12.7,A36,8670d5ee-0021-41d6-8ba0-11439a233237
W10-80,piece-to-piece,EMBED,P-205-31,,1,SPHERE47.625,A36,412efbcb-3cb6-43ff-9c3c-3eba8fc8045e
W10-80,piece-to-piece,EMBED,P-205-32,,1,PL54,Steel_Undefined,9da7db2b-f989-4deb-90f3-eecfe7e9eb62
W10-80,piece-to-piece,ANCHOR,P-205-11,12000LB FORGED ANCHOR,1,PL15.88,A36,6fc632b4-3ad1-4cb5-95fd-045b1f396b70
W10-80,piece-to-piece,EMBED,P-205-21,,1,PL76.2*12.7,A36,afbfb689-ba78-4bfd-bbe8-3829e3371a83
W10-80,piece-to-piece,EMBED,P-205-31,,1,SPHERE47.625,A36,cba7f7dd-6b38-4e94-80b8-d71bfc0d7884
W10-80,piece-to-piece,EMBED,P-205-32,,1,PL54,Steel_Undefined,f5d897c0-cc8b-4732-8ad3-404d717a8d0e
W10-80,piece-to-piece,ANCHOR,P-205-11,12000LB FORGED ANCHOR,1,PL15.88,A36,4c58dbc4-b9ea-4112-8794-d73e0c5a330c
W10-80,piece-to-piece,EMBED,P-205-21,,1,PL76.2*12.7,A36,64ac7481-fa3c-4ab5-9387-79a64b3c1532
W10-80,piece-to-piece,EMBED,P-205-31,,1,SPHERE47.625,A36,573e4224-f340-462f-8e96-c1bcfa7ccdf5
W10-80,piece-to-piece,EMBED,P-205-32,,1,PL54,Steel_Undefined,4d99b571-080e-4b0a-9209-ee2843c12ed0
W10-67,piece-to-piece,EMBED,MPX11,V REVEAL LARGE,1,TRIANGLE12.7*12.7,Misc_Undefined,d07187f7-a100-4272-b8e2-078deade0de8
W10-67,piece-to-piece,INSERT,P-300-11,19Ø INSERT (NC),1,ROD23.813,A36,5d72b022-42ec-469d-a2ef-a0ae095e4db2
W10-67,piece-to-piece,EMBED,P-300-21,,1,ROD6.35,A36,bae869b1-c463-455e-abe8-12b1f8c83eae
W10-67,piece-to-piece,INSERT,P-300-11,19Ø INSERT (NC),1,ROD23.813,A36,6a0d3cdd-ba8f-490c-9225-95c3e71b6888
W10-67,piece-to-piece,EMBED,P-300-21,,1,ROD6.35,A36,985d2074-5060-4bd7-b846-b2fb5db67b15
W10-67,piece-to-piece,INSERT,P-300-11,19Ø INSERT (NC),1,ROD23.813,A36,317a4b02-8886-4f1b-b20b-e96e720a17d0
W10-67,piece-to-piece,EMBED,P-300-21,,1,ROD6.35,A36,f653a607-11f3-450f-91a1-d71d80ff4564
W10-67,piece-to-piece,GROUT_TUBE,GT75-686,75Ø x 686 GROUT TUBE,1,ROD76,Zero_Density,28ba2625-eed0-468c-9847-70483d22614a
W10-67,piece-to-piece,GROUT_TUBE,GT75-686,75Ø x 686 GROUT TUBE,1,ROD76,Zero_Density,48982e26-bf2f-4fdc-8ae8-78be012791a5
W10-67,piece-to-piece,INSERT,SP15-457-11,15Mx457 WILLIAMS SPL,1,ROD16,400W,ec414f87-c6a7-444e-a0ef-ffd04bde58b5
W10-67,piece-to-piece,INSERT,SP15-457-31,,1,PD52.387*12.7,400W,88aa84e9-09d1-473f-b243-4deda0c13056
W10-67,piece-to-piece,INSERT,SP15-457-21,,1,ROD26.987,400W,5c84faf2-14cb-4ca4-8e09-0ca003de6cd4
W10-67,piece-to-piece,INSERT,SP15-457-11,15Mx457 WILLIAMS SPL,1,ROD16,400W,e1aef6fd-c223-4354-895b-8883fab80292
W10-67,piece-to-piece,INSERT,SP15-457-31,,1,PD52.387*12.7,400W,954b8b64-c746-4a34-93fd-01625dcd5aea
W10-67,piece-to-piece,INSERT,SP15-457-21,,1,ROD26.987,400W,7235d5ba-3d29-4ec5-924f-35a58c2a6b89
W10-67,piece-to-piece,GROUT_TUBE,GT75-1219,75Ø x 1219 GROUT TUBE,1,ROD76,Zero_Density,aeb40017-19a8-4057-8209-ce5c92663363
W10-67,piece-to-piece,GROUT_TUBE,GT75-1219,75Ø x 1219 GROUT TUBE,1,ROD76,Zero_Density,9fcddabd-2324-4464-8df8-c2f51e6984d8
W10-67,piece-to-piece,GROUT_TUBE,GT75-1219,75Ø x 1219 GROUT TUBE,1,ROD76,Zero_Density,2851899a-b042-4bc0-9d5d-3704b7500b2c
W10-67,piece-to-piece,GROUT_TUBE,GT75-1219,75Ø x 1219 GROUT TUBE,1,ROD76,Zero_Density,6da990ed-a48a-499d-b39b-0ac2290cc389
W10-67,piece-to-piece,GROUT_TUBE,GT75-1219,75Ø x 1219 GROUT TUBE,1,ROD76,Zero_Density,15a1d4a0-ce54-4ab6-b7ea-1c6660d4b0d3
W10-67,piece-to-piece,GROUT_TUBE,GT75-1219,75Ø x 1219 GROUT TUBE,1,ROD76,Zero_Density,33110cd3-f3c6-4088-9560-d22a496aea16
W10-67,piece-to-piece,GROUT_TUBE,GT75-1219,75Ø x 1219 GROUT TUBE,1,ROD76,Zero_Density,e00853d8-d7f2-4d3c-97a0-0d636d1fa855
W10-67,piece-to-piece,GROUT_TUBE,GT75-1219,75Ø x 1219 GROUT TUBE,1,ROD76,Zero_Density,68fa812e-bfdd-4acb-9ed6-1693feac19fa
W10-67,piece-to-piece,GROUT_TUBE,GT100-1219-11,100Øx1219 GROUT TUBE,1,ROD102,Zero_Density,04479b0c-b1e1-4f5e-ab56-0704d8578b0b
W10-67,piece-to-piece,GROUT_TUBE,GT100-1219-21,,1,ROD110,Zero_Density,f78a8525-a3b2-4f02-810a-6c5d15ebd927
W10-67,piece-to-piece,GROUT_TUBE,GT100-1219-31,,1,ROD76,Zero_Density,968ff2cb-87bb-482f-953b-ed2cd2ab5af6
W10-67,piece-to-piece,INSERT,SP25-1067-11,SP25Mx1067 WILLIAMS S,1,ROD25.4,A706-GR.60,24aa0394-6f84-4158-b6f3-abc29aeb3ee5
W10-67,piece-to-piece,EMBED,SP25-1067-31,,1,PD66.675*15.875,A706-GR.60,e5473959-ad6a-437f-a1c0-4ac0c0874f0e
W10-67,piece-to-piece,EMBED,SP25-1067-21,,1,ROD41.275,A706-GR.60,d0d19829-150e-4de1-898c-1698cc05c306
W10-67,piece-to-piece,INSERT,SP25-1067-11,SP25Mx1067 WILLIAMS S,1,ROD25.4,A706-GR.60,b277c5da-d07f-49df-8c6e-ea10c8bc309a
W10-67,piece-to-piece,EMBED,SP25-1067-31,,1,PD66.675*15.875,A706-GR.60,064f75ff-5309-4282-8b3b-8373dacef5d6
W10-67,piece-to-piece,EMBED,SP25-1067-21,,1,ROD41.275,A706-GR.60,595bb608-f1cc-4c5d-866e-d92b2a72d669
W10-67,piece-to-piece,INSERT,SP25-1067-11,SP25Mx1067 WILLIAMS S,1,ROD25.4,A706-GR.60,89acd80b-f8cc-47c4-9b0d-ebbee71289f1
W10-67,piece-to-piece,EMBED,SP25-1067-31,,1,PD66.675*15.875,A706-GR.60,c53c3464-18f9-49f1-a578-891ff7e90e88
W10-67,piece-to-piece,EMBED,SP25-1067-21,,1,ROD41.275,A706-GR.60,84c842fd-3478-461a-837e-4b6e89df5a28
W10-67,piece-to-piece,INSERT,SP25-1067-11,SP25Mx1067 WILLIAMS S,1,ROD25.4,A706-GR.60,2edb9594-925e-4851-be73-52f583038b2c
W10-67,piece-to-piece,EMBED,SP25-1067-31,,1,PD66.675*15.875,A706-GR.60,bf670f8e-5e32-4164-bd47-015a4fa8eac3
W10-67,piece-to-piece,EMBED,SP25-1067-21,,1,ROD41.275,A706-GR.60,0931a627-bd2a-4d7e-a1d4-feaae4f518ef
W10-67,piece-to-piece,INSERT,SP25-1067-11,SP25Mx1067 WILLIAMS S,1,ROD25.4,A706-GR.60,8ce79183-d9a5-4e75-8d0b-797b11167991
W10-67,piece-to-piece,EMBED,SP25-1067-31,,1,PD66.675*15.875,A706-GR.60,d888138c-c0fb-449c-abf6-2f02860bcebc
W10-67,piece-to-piece,EMBED,SP25-1067-21,,1,ROD41.275,A706-GR.60,1a4000ca-cc41-4cff-b2e0-2dd791f68e17
W10-67,piece-to-piece,INSERT,SP25-1067-11,SP25Mx1067 WILLIAMS S,1,ROD25.4,A706-GR.60,d5a14590-ac33-4664-ac33-44455d09d0f6
W10-67,piece-to-piece,EMBED,SP25-1067-31,,1,PD66.675*15.875,A706-GR.60,4f198f39-02f1-47d3-964a-5fb43201307d
W10-67,piece-to-piece,EMBED,SP25-1067-21,,1,ROD41.275,A706-GR.60,7c1483cb-e38c-4a13-ab2d-55a51c5a12c5
W10-67,piece-to-piece,INSERT,SP25-1067-11,SP25Mx1067 WILLIAMS S,1,ROD25.4,A706-GR.60,87fb1861-44ff-451b-b87a-a94d37c62f28
W10-67,piece-to-piece,EMBED,SP25-1067-31,,1,PD66.675*15.875,A706-GR.60,34ca9bd0-7c93-4b1f-bae6-e91a54c7e9df
W10-67,piece-to-piece,EMBED,SP25-1067-21,,1,ROD41.275,A706-GR.60,de130d16-c1fb-4840-b8c2-a3b0af2e3b09
W10-67,piece-to-piece,INSERT,SP25-1067-11,SP25Mx1067 WILLIAMS S,1,ROD25.4,A706-GR.60,3ff9ff4c-b9bf-408c-97ec-80536113309d
W10-67,piece-to-piece,EMBED,SP25-1067-31,,1,PD66.675*15.875,A706-GR.60,9f28b1ca-6202-485a-aec2-be44e8bc72e4
W10-67,piece-to-piece,EMBED,SP25-1067-21,,1,ROD41.275,A706-GR.60,af35a956-4886-4aa6-aab2-2c56f4c466e6
W10-67,piece-to-piece,INSERT,SP30-1219-11,30Mx1219 WILLIAMS SPL,1,ROD30.16,A706-GR.60,9c624f47-01f8-47aa-9b59-cd3025b82168
W10-67,piece-to-piece,EMBED,SP30-1219-31,,1,PD71.438*19.05,A706-GR.60,7ab7d13b-771b-47c1-93ad-863ed7b757a9
W10-67,piece-to-piece,EMBED,SP30-1219-21,,1,ROD44.45,A706-GR.60,aa86070a-d8fd-462a-af96-ecdf3a470691
W10-67,piece-to-piece,GROUT_TUBE,GT76-254,76Øx254mm G.TUBE,1,ROD76.2,Zero_Density,c25bc895-8491-467f-a10a-72c88e46a670
W10-67,piece-to-piece,GROUT_TUBE,GT76-254,76Øx254mm G.TUBE,1,ROD76.2,Zero_Density,197aaf6b-b0a5-4dc0-9248-7022bd519b4d
W10-67,piece-to-piece,GROUT_TUBE,GT76-254,76Øx254mm G.TUBE,1,ROD76.2,Zero_Density,7e0a02f8-cc2f-4268-976f-a704001144b3
W10-67,piece-to-piece,GROUT_TUBE,GT76-254,76Øx254mm G.TUBE,1,ROD76.2,Zero_Density,9f20a69b-0105-4718-8307-974c19187b35
W10-67,piece-to-piece,GROUT_TUBE,GT76-254,76Øx254mm G.TUBE,1,ROD76.2,Zero_Density,f15ba94c-1c46-46c6-88b7-dc7485724a81
W10-67,piece-to-piece,GROUT_TUBE,GT76-254,76Øx254mm G.TUBE,1,ROD76.2,Zero_Density,66d3656f-cf52-4804-a3e1-6f60935e6e94
W10-67,piece-to-piece,CONDUIT,CNDT37,19MM CONDUIT,1,ROD19,Zero_Density,d2e4e0bb-1513-417f-8ccd-790f97cf9354
W10-67,piece-to-piece,PLATE,EB-S-PL1,Single Plastic Electr,1,160*50.8,Zero_Density,ceb23fbb-5c50-4baf-a6dc-3f6fdd2fe0a2
W10-67,piece-to-piece,EMBED,P-602-11,13PL. W/STUD,1,PL101.6*12.7,A572-GR.50,24d12828-c5fc-4747-83c1-9a3ad039635f
W10-67,piece-to-piece,EMBED,P-602-21,,1,STUD_1/2-DIA,A108-C1010-1020,22b26b29-c102-4bca-bbc3-3d9ccf9125fe
W10-67,piece-to-piece,INSERT,P-300-11,19Ø INSERT (NC),1,ROD23.813,A36,8b67687b-9d05-43d9-89dd-003962f24107
W10-67,piece-to-piece,EMBED,P-300-21,,1,ROD6.35,A36,0e1edce1-be46-4002-8903-c64c57b047c2
W10-67,piece-to-piece,INSERT,P-300-11,19Ø INSERT (NC),1,ROD23.813,A36,66fce9c7-39e8-42e9-831d-b284dc8b2ac8
W10-67,piece-to-piece,EMBED,P-300-21,,1,ROD6.35,A36,9b9ce7e0-b4ed-46aa-aea4-168be442d379
W10-67,piece-to-piece,ANCHOR,P-205-11,12000LB FORGED ANCHOR,1,PL15.88,A36,8bd12415-caa8-47e1-b8a2-09516e32fd37
W10-67,piece-to-piece,EMBED,P-205-21,,1,PL76.2*12.7,A36,6b59c8a4-a658-4c25-ab81-6930874f8687
W10-67,piece-to-piece,EMBED,P-205-31,,1,SPHERE47.625,A36,6e1d070a-da2d-45d2-bc25-670779ae585a
W10-67,piece-to-piece,EMBED,P-205-32,,1,PL54,Steel_Undefined,a14d1f27-e79a-4eb8-a671-560b3b3d245f
W10-67,piece-to-piece,ANCHOR,P-205-11,12000LB FORGED ANCHOR,1,PL15.88,A36,9ad1e266-2738-43a9-ae46-cfb34de037ec
W10-67,piece-to-piece,EMBED,P-205-21,,1,PL76.2*12.7,A36,cb1226bb-8469-4bb9-9520-26b485ef65d4
W10-67,piece-to-piece,EMBED,P-205-31,,1,SPHERE47.625,A36,2c2ec512-5915-48b9-881d-4d4daa179b7f
W10-67,piece-to-piece,EMBED,P-205-32,,1,PL54,Steel_Undefined,3d32102a-dce6-4514-839b-4162ee50f707
W10-67,piece-to-piece,ANCHOR,P-205-11,12000LB FORGED ANCHOR,1,PL15.88,A36,e15ad556-60f0-44eb-af2c-6c5a277a5f3c
W10-67,piece-to-piece,EMBED,P-205-21,,1,PL76.2*12.7,A36,a7e388b4-f2b9-4f24-ab4e-6f836b1cccfc
W10-67,piece-to-piece,EMBED,P-205-31,,1,SPHERE47.625,A36,a81f0736-f9f7-4c19-81f5-5aa329287c91
W10-67,piece-to-piece,EMBED,P-205-32,,1,PL54,Steel_Undefined,68fe2832-4aa9-43df-b1bd-a5744e386149
W10-67,piece-to-piece,ANCHOR,P-205-11,12000LB FORGED ANCHOR,1,PL15.88,A36,78007668-05e0-4acb-942e-b2f9735677bb
W10-67,piece-to-piece,EMBED,P-205-21,,1,PL76.2*12.7,A36,8da4ee5b-a77a-4df5-bab8-55ab11a6c6ee
W10-67,piece-to-piece,EMBED,P-205-31,,1,SPHERE47.625,A36,5075210e-4375-41c4-af67-055b733dba98
W10-67,piece-to-piece,EMBED,P-205-32,,1,PL54,Steel_Undefined,749debd5-fc75-4696-b5e2-f42d1d67e6e6
W10-175,piece-to-piece,EMBED,MPX11,V REVEAL LARGE,1,TRIANGLE12.7*12.7,Misc_Undefined,537cf6d7-66f0-4907-bdc6-bd6c6f96b999
W10-175,piece-to-piece,INSERT,P-300-11,19Ø INSERT (NC),1,ROD23.813,A36,f0690f9d-60a5-4c2c-81bf-7a3463b816ca
W10-175,piece-to-piece,EMBED,P-300-21,,1,ROD6.35,A36,eb642961-8f7f-4c1f-8763-d47fb38c2a7d
W10-175,piece-to-piece,INSERT,P-300-11,19Ø INSERT (NC),1,ROD23.813,A36,bb48f03e-ded3-4c70-89a6-305f7e0d86b3
W10-175,piece-to-piece,EMBED,P-300-21,,1,ROD6.35,A36,5127cf80-4d07-42cc-aa8a-7b3482af2dfe
W10-175,piece-to-piece,INSERT,P-300-11,19Ø INSERT (NC),1,ROD23.813,A36,4ca4ae16-6e48-49ad-b5fd-76e4989a0a13
W10-175,piece-to-piece,EMBED,P-300-21,,1,ROD6.35,A36,c37201e0-274b-4210-a782-a336ed53752e
W10-175,piece-to-piece,GROUT_TUBE,GT75-686,75Ø x 686 GROUT TUBE,1,ROD76,Zero_Density,f36bb48e-70a9-4d6b-96d8-f3907a3c8d5c
W10-175,piece-to-piece,GROUT_TUBE,GT75-686,75Ø x 686 GROUT TUBE,1,ROD76,Zero_Density,d48b4a46-3df3-40f1-af8e-89e662a9b365
W10-175,piece-to-piece,INSERT,SP15-457-11,15Mx457 WILLIAMS SPL,1,ROD16,400W,08fbf696-3f06-4b51-8a17-85e49a5a5e72
W10-175,piece-to-piece,INSERT,SP15-457-31,,1,PD52.387*12.7,400W,81613010-2d46-498a-a0a5-bd8d5e917967
W10-175,piece-to-piece,INSERT,SP15-457-21,,1,ROD26.987,400W,95aa8b63-fda7-42d0-bb33-fcca42536d9b
W10-175,piece-to-piece,INSERT,SP15-457-11,15Mx457 WILLIAMS SPL,1,ROD16,400W,c515750a-e32a-4bed-ba83-d31bfcc42a0a
W10-175,piece-to-piece,INSERT,SP15-457-31,,1,PD52.387*12.7,400W,350453d8-d6ab-49a0-9627-152fd04da80a
W10-175,piece-to-piece,INSERT,SP15-457-21,,1,ROD26.987,400W,df0a6f77-c648-4438-9327-3d548b0bb088
W10-175,piece-to-piece,GROUT_TUBE,GT75-1219,75Ø x 1219 GROUT TUBE,1,ROD76,Zero_Density,675587cb-9536-4f13-81e7-fce0a4e34c56
W10-175,piece-to-piece,GROUT_TUBE,GT75-1219,75Ø x 1219 GROUT TUBE,1,ROD76,Zero_Density,079466ed-5aa0-46a2-9791-4f9cd19a67a8
W10-175,piece-to-piece,GROUT_TUBE,GT75-1219,75Ø x 1219 GROUT TUBE,1,ROD76,Zero_Density,e04d1039-72f8-4520-ac96-49e241dc1fe1
W10-175,piece-to-piece,GROUT_TUBE,GT75-1219,75Ø x 1219 GROUT TUBE,1,ROD76,Zero_Density,f0f0ec81-87fc-4851-b56d-75ae5c84d55d
W10-175,piece-to-piece,GROUT_TUBE,GT75-1219,75Ø x 1219 GROUT TUBE,1,ROD76,Zero_Density,e5b9b815-44d7-4571-8564-08b24ed35cc8
W10-175,piece-to-piece,GROUT_TUBE,GT75-1219,75Ø x 1219 GROUT TUBE,1,ROD76,Zero_Density,c3733152-17c4-4bf3-ab9a-f8cb6b9808fe
W10-175,piece-to-piece,GROUT_TUBE,GT75-1219,75Ø x 1219 GROUT TUBE,1,ROD76,Zero_Density,cc7dab33-d463-47e2-8322-8bdd768ceb30
W10-175,piece-to-piece,GROUT_TUBE,GT75-1219,75Ø x 1219 GROUT TUBE,1,ROD76,Zero_Density,f04ff3a4-3f06-4a08-a140-09875cb3be1c
W10-175,piece-to-piece,GROUT_TUBE,GT100-1219-11,100Øx1219 GROUT TUBE,1,ROD102,Zero_Density,67bd676c-4270-4ec2-81c5-3d609f71bda2
W10-175,piece-to-piece,GROUT_TUBE,GT100-1219-21,,1,ROD110,Zero_Density,9ddcd247-be94-433c-a173-d32a322386ff
W10-175,piece-to-piece,GROUT_TUBE,GT100-1219-31,,1,ROD76,Zero_Density,ca1644cd-93e0-460e-a4b4-7e2c8e02b3af
W10-175,piece-to-piece,INSERT,SP25-1067-11,SP25Mx1067 WILLIAMS S,1,ROD25.4,A706-GR.60,5a2b201e-7b76-4945-abcb-f4e34d0a62f8
W10-175,piece-to-piece,EMBED,SP25-1067-31,,1,PD66.675*15.875,A706-GR.60,49aaf9af-309a-42d7-89d4-acf04146727d
W10-175,piece-to-piece,EMBED,SP25-1067-21,,1,ROD41.275,A706-GR.60,32d69256-74ee-44c2-a47d-88eea7a7e978
W10-175,piece-to-piece,INSERT,SP25-1067-11,SP25Mx1067 WILLIAMS S,1,ROD25.4,A706-GR.60,5d63a7f3-2815-4434-ac1a-1f0a4159b386
W10-175,piece-to-piece,EMBED,SP25-1067-31,,1,PD66.675*15.875,A706-GR.60,2dac7736-7386-469f-aafe-aaf559801a0c
W10-175,piece-to-piece,EMBED,SP25-1067-21,,1,ROD41.275,A706-GR.60,131ebc4d-b1cd-4711-9aa2-f50f68f768ed
W10-175,piece-to-piece,INSERT,SP25-1067-11,SP25Mx1067 WILLIAMS S,1,ROD25.4,A706-GR.60,7a58a071-0ee5-4f91-ad36-72f8fd84ce67
W10-175,piece-to-piece,EMBED,SP25-1067-31,,1,PD66.675*15.875,A706-GR.60,4793e89f-3b8a-49da-99ce-49d345a87d9b
W10-175,piece-to-piece,EMBED,SP25-1067-21,,1,ROD41.275,A706-GR.60,9ca41416-723f-4f59-ad47-6fe126c34ee6
W10-175,piece-to-piece,INSERT,SP25-1067-11,SP25Mx1067 WILLIAMS S,1,ROD25.4,A706-GR.60,1b50a2bd-43db-4e2a-ab3c-027e417a624a
W10-175,piece-to-piece,EMBED,SP25-1067-31,,1,PD66.675*15.875,A706-GR.60,6ce01931-e37b-4542-bae6-ad29542f1c49
W10-175,piece-to-piece,EMBED,SP25-1067-21,,1,ROD41.275,A706-GR.60,7375fb4c-a128-4ae3-afa9-48594529c2d2
W10-175,piece-to-piece,INSERT,SP25-1067-11,SP25Mx1067 WILLIAMS S,1,ROD25.4,A706-GR.60,090ba467-c863-477f-b900-39fda30e505f
W10-175,piece-to-piece,EMBED,SP25-1067-31,,1,PD66.675*15.875,A706-GR.60,6de4841a-5aaf-43bf-91db-5f566a73fc30
W10-175,piece-to-piece,EMBED,SP25-1067-21,,1,ROD41.275,A706-GR.60,87c2d066-1a08-4760-8cfa-ffbcb0a2dd1c
W10-175,piece-to-piece,INSERT,SP25-1067-11,SP25Mx1067 WILLIAMS S,1,ROD25.4,A706-GR.60,24f016e0-61ad-417a-b89c-8ca65c0622f3
W10-175,piece-to-piece,EMBED,SP25-1067-31,,1,PD66.675*15.875,A706-GR.60,0a01e45e-793a-4a5a-b366-db36f5c57fba
W10-175,piece-to-piece,EMBED,SP25-1067-21,,1,ROD41.275,A706-GR.60,b212a1a3-9d99-4bb8-a385-bf991a73eccb
W10-175,piece-to-piece,INSERT,SP25-1067-11,SP25Mx1067 WILLIAMS S,1,ROD25.4,A706-GR.60,93d3555a-23aa-4a7b-a4e4-01c83bf0f130
W10-175,piece-to-piece,EMBED,SP25-1067-31,,1,PD66.675*15.875,A706-GR.60,aa229e8d-f684-4120-b3e7-b193868cfeb3
W10-175,piece-to-piece,EMBED,SP25-1067-21,,1,ROD41.275,A706-GR.60,5ee19314-3d25-4f69-b6ba-9c395a7934d5
W10-175,piece-to-piece,INSERT,SP25-1067-11,SP25Mx1067 WILLIAMS S,1,ROD25.4,A706-GR.60,5f73714e-9fe3-4d01-9687-7b3bce1c6f91
W10-175,piece-to-piece,EMBED,SP25-1067-31,,1,PD66.675*15.875,A706-GR.60,f90d481b-5979-4d7d-ab22-e136affa11f1
W10-175,piece-to-piece,EMBED,SP25-1067-21,,1,ROD41.275,A706-GR.60,536a0bc0-0b2e-4b0c-92ef-3afd60768569
W10-175,piece-to-piece,INSERT,SP30-1219-11,30Mx1219 WILLIAMS SPL,1,ROD30.16,A706-GR.60,157b2433-7572-42f2-80bd-909a1aab07ae
W10-175,piece-to-piece,EMBED,SP30-1219-31,,1,PD71.438*19.05,A706-GR.60,ca1cc0d4-4932-465b-a275-53bcd6ebd259
W10-175,piece-to-piece,EMBED,SP30-1219-21,,1,ROD44.45,A706-GR.60,36b7f02d-6634-4fe6-a99e-0aca38e2a307
W10-175,piece-to-piece,GROUT_TUBE,GT76-254,76Øx254mm G.TUBE,1,ROD76.2,Zero_Density,4cd1d32b-db62-4b7b-a2a9-a491c1ca264a
W10-175,piece-to-piece,GROUT_TUBE,GT76-254,76Øx254mm G.TUBE,1,ROD76.2,Zero_Density,5a0e132a-0433-4813-a5b5-3b7ef308cb11
W10-175,piece-to-piece,GROUT_TUBE,GT76-254,76Øx254mm G.TUBE,1,ROD76.2,Zero_Density,fc378025-e240-4912-86da-b83766044832
W10-175,piece-to-piece,GROUT_TUBE,GT76-254,76Øx254mm G.TUBE,1,ROD76.2,Zero_Density,0ef3aa14-038e-41fa-a6c5-a6f1c3628f7a
W10-175,piece-to-piece,GROUT_TUBE,GT76-254,76Øx254mm G.TUBE,1,ROD76.2,Zero_Density,e9c4bc85-4db1-4cbb-b448-8c0a1184c236
W10-175,piece-to-piece,GROUT_TUBE,GT76-254,76Øx254mm G.TUBE,1,ROD76.2,Zero_Density,21135b00-f7d9-4107-9973-63ff4b53a8f8
W10-175,piece-to-piece,CONDUIT,CNDT37,19MM CONDUIT,1,ROD19,Zero_Density,5efd40dc-159b-4a08-a9d5-f4e8e6f86199
W10-175,piece-to-piece,PLATE,EB-S-PL1,Single Plastic Electr,1,160*50.8,Zero_Density,b440b481-a866-4e35-98d4-04d4f91fb8ed
W10-175,piece-to-piece,EMBED,P-602-11,13PL. W/STUD,1,PL101.6*12.7,A572-GR.50,fe26089a-4ff6-4306-8c03-ab1aa538c4fe
W10-175,piece-to-piece,EMBED,P-602-21,,1,STUD_1/2-DIA,A108-C1010-1020,99c712a7-70e8-4023-a474-6d483fe067af
W10-175,piece-to-piece,INSERT,P-300-11,19Ø INSERT (NC),1,ROD23.813,A36,dfe96c5a-b763-466e-8f77-0def8b234c8c
W10-175,piece-to-piece,EMBED,P-300-21,,1,ROD6.35,A36,f3dac0b4-db99-4b5e-b4de-8f77e3fbec52
W10-175,piece-to-piece,INSERT,P-300-11,19Ø INSERT (NC),1,ROD23.813,A36,ffe11c22-42d0-463a-aa6d-3e430b3ea894
W10-175,piece-to-piece,EMBED,P-300-21,,1,ROD6.35,A36,6d8d7b67-129f-4701-8c31-477807a033c7
W10-175,piece-to-piece,ANCHOR,P-205-11,12000LB FORGED ANCHOR,1,PL15.88,A36,92e4fd36-13d1-4655-a7de-fcae240e0e63
W10-175,piece-to-piece,EMBED,P-205-21,,1,PL76.2*12.7,A36,0dca3bcf-1c42-4f41-81de-b0ef07bc9dd4
W10-175,piece-to-piece,EMBED,P-205-31,,1,SPHERE47.625,A36,501a5975-a13d-4b2b-b83b-0ea739c5a90a
W10-175,piece-to-piece,EMBED,P-205-32,,1,PL54,Steel_Undefined,cda46740-ace7-448d-b321-9f6d208dbcfd
W10-175,piece-to-piece,ANCHOR,P-205-11,12000LB FORGED ANCHOR,1,PL15.88,A36,e48ceb52-5cef-4586-a334-6c34bc896b38
W10-175,piece-to-piece,EMBED,P-205-21,,1,PL76.2*12.7,A36,5c712ffd-6247-4570-899b-63fe339159eb
W10-175,piece-to-piece,EMBED,P-205-31,,1,SPHERE47.625,A36,cbfdaded-f8cb-48f7-b4f5-4b27c8f86c9b
W10-175,piece-to-piece,EMBED,P-205-32,,1,PL54,Steel_Undefined,3fff613f-a864-4ac9-a323-ab1a5544b9f0
W10-175,piece-to-piece,ANCHOR,P-205-11,12000LB FORGED ANCHOR,1,PL15.88,A36,1736981f-ffdf-411f-b6d1-ee858eba8d6b
W10-175,piece-to-piece,EMBED,P-205-21,,1,PL76.2*12.7,A36,bc8f9467-b5b5-499a-b3e3-4c9f0e40bd64
W10-175,piece-to-piece,EMBED,P-205-31,,1,SPHERE47.625,A36,80192d9b-11b0-41ec-a8e6-0ff6bdbffbf8
W10-175,piece-to-piece,EMBED,P-205-32,,1,PL54,Steel_Undefined,deaf2fd0-dd77-42da-8a4d-10c8294b27b8
W10-175,piece-to-piece,ANCHOR,P-205-11,12000LB FORGED ANCHOR,1,PL15.88,A36,e2b6cf5a-977c-4932-9ba4-2ef83016012b
W10-175,piece-to-piece,EMBED,P-205-21,,1,PL76.2*12.7,A36,f2fb4003-a041-4166-90d1-6b19853cf7f8
W10-175,piece-to-piece,EMBED,P-205-31,,1,SPHERE47.625,A36,65c12227-ce40-4598-9b05-91aecdfff46a
W10-175,piece-to-piece,EMBED,P-205-32,,1,PL54,Steel_Undefined,cfb09bc6-c80e-4d1b-a92a-18a9081c61de
SW17-2,piece-to-piece,GROUT_TUBE,GT75-686,75Ø x 686 GROUT TUBE,1,ROD76,Zero_Density,2baa0ff3-64c8-40bb-aff5-606f2c732b20
SW17-2,piece-to-piece,EMBED,P-722-11,13PL. w/STUD,1,PL152.4*12.7,A572-GR.50,25813937-614e-4aec-b6f5-5e02ad217521
SW17-2,piece-to-piece,EMBED,P-722-21,,1,STUD_1/2-DIA,A108-C1010-1020,997cec1e-5521-45a3-88a6-df17ab95424d
SW17-2,piece-to-piece,EMBED,P-722-21,,1,STUD_1/2-DIA,A108-C1010-1020,02df2bb1-63d2-4337-bdc2-d4d104e2c998
SW17-2,piece-to-piece,GROUT_TUBE,GT75-686,75Ø x 686 GROUT TUBE,1,ROD76,Zero_Density,00add991-7582-416f-accc-95db70e1f9aa
SW17-2,piece-to-piece,GROUT_TUBE,GT75-686,75Ø x 686 GROUT TUBE,1,ROD76,Zero_Density,29757e56-abe7-4024-bfe3-e68783ec59ac
SW17-2,piece-to-piece,GROUT_TUBE,GT75-686,75Ø x 686 GROUT TUBE,1,ROD76,Zero_Density,a1b62ef7-b0b8-46e7-b071-6b4bf1d81e7a
SW17-2,piece-to-piece,GROUT_TUBE,GT75-686,75Ø x 686 GROUT TUBE,1,ROD76,Zero_Density,d21535d9-1092-42a1-a61a-6138cf617c69
SW17-2,piece-to-piece,EMBED,P-802,SBO 203x800 DELTA PLA,1,PL203*25,A572-GR.50,cf408171-0617-4da3-9426-05de5d1a2552
SW17-2,piece-to-piece,EMBED,P-801,SBO 203x725 DELTA PLA,1,PL203*25,A572-GR.50,22fc370e-82bb-43f1-8ee4-ff9603164eae
SW17-2,piece-to-piece,EMBED,P-803,SBO 203x1670 DELTA PL,1,PL203*25,A572-GR.50,8b806497-3e01-42dd-a519-92991cd0d4b3
SW17-2,piece-to-piece,EMBED,P-781-11,13PL. w/STUD,1,PL152.4*12.7,A572-GR.50,409295c3-22d6-45cf-bcec-b66547aa8f81
SW17-2,piece-to-piece,EMBED,P-781-21,,1,STUD_1/2-DIA,A108-C1010-1020,62f00795-66a8-47a5-ac74-45c4bfa3eba3
SW17-2,piece-to-piece,EMBED,P-781-21,,1,STUD_1/2-DIA,A108-C1010-1020,67714dbc-3cf7-4eb3-978d-aee4403092ab
SW17-2,piece-to-piece,GROUT_TUBE,GT75-686,75Ø x 686 GROUT TUBE,1,ROD76,Zero_Density,c48f2551-f5a8-4c18-bc05-6d7f0f49fad2
SW17-2,piece-to-piece,GROUT_TUBE,GT75-686,75Ø x 686 GROUT TUBE,1,ROD76,Zero_Density,fd932298-22bc-4beb-8ebd-049969685adb
SW17-2,piece-to-piece,GROUT_TUBE,GT75-686,75Ø x 686 GROUT TUBE,1,ROD76,Zero_Density,f69cc288-6e99-4516-a81e-d0432b8e519c
SW17-2,piece-to-piece,EMBED,INS-8,INSULATION,1,PL3600*102,Insulation,95e94dd8-7b2d-4351-b11e-37138f96d8f2
SW17-2,piece-to-piece,INSERT,P-300-11,19Ø INSERT (NC),1,ROD23.813,A36,d088bd8d-4e5e-4957-8344-4e1d1d25b253
SW17-2,piece-to-piece,EMBED,P-300-21,,1,ROD6.35,A36,b82a4063-c330-4c78-ac16-f52bb814eefd
SW17-2,piece-to-piece,INSERT,P-300-11,19Ø INSERT (NC),1,ROD23.813,A36,69e00e47-def8-4f27-8f8e-93a87f691694
SW17-2,piece-to-piece,EMBED,P-300-21,,1,ROD6.35,A36,d20ab54d-4214-476e-a2a6-2315afddf449
SW17-2,piece-to-piece,ANCHOR,P-205-11,12000LB FORGED ANCHOR,1,PL15.88,A36,c7e8a36e-5bf0-4708-bd68-62c96fcd0078
SW17-2,piece-to-piece,EMBED,P-205-21,,1,PL76.2*12.7,A36,baefc0cc-1849-46e0-bae5-7f188c8d9bba
SW17-2,piece-to-piece,EMBED,P-205-31,,1,SPHERE47.625,A36,c0ad1299-8366-4376-86ac-d2e46c3433a0
SW17-2,piece-to-piece,EMBED,P-205-32,,1,PL54,Steel_Undefined,659ece78-c5c9-49ec-844e-d8ed4f240dda
SW17-2,piece-to-piece,ANCHOR,P-205-11,12000LB FORGED ANCHOR,1,PL15.88,A36,c1bf9f46-df83-4f05-bd01-5979c0d4262a
SW17-2,piece-to-piece,EMBED,P-205-21,,1,PL76.2*12.7,A36,665e9675-4af7-4b97-a736-ece289b561a9
SW17-2,piece-to-piece,EMBED,P-205-31,,1,SPHERE47.625,A36,12d32fe0-428b-4187-8f21-eb1ba96be62a
SW17-2,piece-to-piece,EMBED,P-205-32,,1,PL54,Steel_Undefined,d89c9538-4818-426c-8d48-9e81292a2721
SW17-2,piece-to-piece,INSERT,P-300-11,19Ø INSERT (NC),1,ROD23.813,A36,14dbf04a-0fa4-46f7-9cae-9bf5262bf8cf
SW17-2,piece-to-piece,EMBED,P-300-21,,1,ROD6.35,A36,d5cffe05-7520-4bbf-99bd-72259d2e02bd
SW17-2,piece-to-piece,INSERT,P-300-11,19Ø INSERT (NC),1,ROD23.813,A36,01901a53-0cf6-403a-a89f-1d99495c966b
SW17-2,piece-to-piece,EMBED,P-300-21,,1,ROD6.35,A36,2bb9c362-7442-4dcc-b251-98162ac92a30
SW17-2,piece-to-piece,ANCHOR,P-205-11,12000LB FORGED ANCHOR,1,PL15.88,A36,be328d55-aa04-4ce9-ac1b-c5db7e57d2bf
SW17-2,piece-to-piece,EMBED,P-205-21,,1,PL76.2*12.7,A36,ef76ad1d-9f6d-4666-8093-7ea3eebfd8c5
SW17-2,piece-to-piece,EMBED,P-205-31,,1,SPHERE47.625,A36,fce14fad-70b4-4dfb-806b-1bdca9767a3e
SW17-2,piece-to-piece,EMBED,P-205-32,,1,PL54,Steel_Undefined,0a22546b-d3fe-422e-968e-0cfd7382e0fe
SW17-2,piece-to-piece,ANCHOR,P-205-11,12000LB FORGED ANCHOR,1,PL15.88,A36,90692ae2-25d4-4d08-9a4e-56740d865508
SW17-2,piece-to-piece,EMBED,P-205-21,,1,PL76.2*12.7,A36,f3e9e09d-f88e-4af3-ab12-7a6e86fb073c
SW17-2,piece-to-piece,EMBED,P-205-31,,1,SPHERE47.625,A36,a492b103-5e83-4480-a6d3-22d24959b44a
SW17-2,piece-to-piece,EMBED,P-205-32,,1,PL54,Steel_Undefined,dc89e1ea-6fc8-42c8-a7ca-b11bef99bc19
SW17-2,piece-to-piece,EMBED,EI-1505,ELEV. INS. 1505LG.,1,PL35*41,Zero_Density,f76ed7a8-9f66-41bc-b47d-dc5e1b7059e8
SW17-1,piece-to-piece,EMBED,INS-1,INSULATION,1,PL3600*102,Insulation,091600dd-6b48-4183-a9a1-c5038d52e6cb
SW17-1,piece-to-piece,EMBED,P-781-11,13PL. w/STUD,1,PL152.4*12.7,A572-GR.50,b6b3004b-e5ed-4a1f-a670-db46bd9357c2
SW17-1,piece-to-piece,EMBED,P-781-21,,1,STUD_1/2-DIA,A108-C1010-1020,412ee9f4-a865-49e3-9c96-6de7c70b0067
SW17-1,piece-to-piece,EMBED,P-781-21,,1,STUD_1/2-DIA,A108-C1010-1020,7fc6f813-0122-47fa-ab2c-505c76d1d9e7
SW17-1,piece-to-piece,EMBED,P-802,SBO 203x800 DELTA PLA,1,PL203*25,A572-GR.50,3394c9e4-e746-4810-b42f-13fae8c5ebf9
SW17-1,piece-to-piece,EMBED,P-801,SBO 203x725 DELTA PLA,1,PL203*25,A572-GR.50,1579b469-2207-4868-8cea-5e65cb76a0dc
SW17-1,piece-to-piece,EMBED,P-782-11,13PL. w/STUD,1,PL152.4*12.7,A572-GR.50,aa468e75-4de4-40fd-b1bb-c8aed0f0c594
SW17-1,piece-to-piece,EMBED,P-782-21,,1,STUD_1/2-DIA,A108-C1010-1020,e6d5a2b9-aa85-43f8-8de3-af3f835575eb
SW17-1,piece-to-piece,EMBED,P-782,,1,STUD_1/2-DIA,A108-C1010-1020,1eb018d4-0eab-4d77-9571-324be0978c3b
SW17-1,piece-to-piece,EMBED,P-782,,1,STUD_1/2-DIA,A108-C1010-1020,8cf38d99-8631-479e-8ee7-cd87f3c8cb5a
SW17-1,piece-to-piece,GROUT_TUBE,GT75-686,75Ø x 686 GROUT TUBE,1,ROD76,Zero_Density,61842542-ee3d-4f93-9c66-e9ed878d3fee
SW17-1,piece-to-piece,GROUT_TUBE,GT75-686,75Ø x 686 GROUT TUBE,1,ROD76,Zero_Density,8206ace6-ef88-440d-b50e-a1e96555c856
SW17-1,piece-to-piece,GROUT_TUBE,GT75-686,75Ø x 686 GROUT TUBE,1,ROD76,Zero_Density,85c5565e-8fb5-4364-a744-c5c0e16b33fc
SW17-1,piece-to-piece,GROUT_TUBE,GT75-686,75Ø x 686 GROUT TUBE,1,ROD76,Zero_Density,50839a4d-390e-4870-a6e5-e0e0662c3cb9
SW17-1,piece-to-piece,GROUT_TUBE,GT75-686,75Ø x 686 GROUT TUBE,1,ROD76,Zero_Density,197b24d1-fa44-42e9-a987-33721d26ead2
SW17-1,piece-to-piece,GROUT_TUBE,GT75-686,75Ø x 686 GROUT TUBE,1,ROD76,Zero_Density,086ea5a1-038e-41f2-a47d-7de949ea4ffc
SW17-1,piece-to-piece,ANCHOR,P-205-11,12000LB FORGED ANCHOR,1,PL15.88,A36,183cde5b-a7d7-4c66-a763-5c73de6780c0
SW17-1,piece-to-piece,EMBED,P-205-21,,1,PL76.2*12.7,A36,3fb5145d-2214-41be-b3b4-800743179138
SW17-1,piece-to-piece,EMBED,P-205-31,,1,SPHERE47.625,A36,fd809c6f-89e5-4b8e-9c26-05e83032f23b
SW17-1,piece-to-piece,EMBED,P-205-32,,1,PL54,Steel_Undefined,d2b2475c-80a1-4ea6-9b24-7475606c446b
SW17-1,piece-to-piece,ANCHOR,P-205-11,12000LB FORGED ANCHOR,1,PL15.88,A36,bed9e93a-b341-4bc9-952d-e3499cff1321
SW17-1,piece-to-piece,EMBED,P-205-21,,1,PL76.2*12.7,A36,f39bba55-20b0-4fe4-a5ec-bc5911ac3e54
SW17-1,piece-to-piece,EMBED,P-205-31,,1,SPHERE47.625,A36,3972f8e2-6831-4880-80c3-ecc8bb0a4d62
SW17-1,piece-to-piece,EMBED,P-205-32,,1,PL54,Steel_Undefined,5ca9c821-475a-4086-8d0a-5be2605662fa
SW17-1,piece-to-piece,INSERT,P-300-11,19Ø INSERT (NC),1,ROD23.813,A36,772db84b-b127-43e2-bc10-7337c865b2cc
SW17-1,piece-to-piece,EMBED,P-300-21,,1,ROD6.35,A36,26474c65-8904-4c52-8500-7831cd6bd02d
SW17-1,piece-to-piece,INSERT,P-300-11,19Ø INSERT (NC),1,ROD23.813,A36,0e70d82a-cf91-40c1-8f5c-17272f0cd492
SW17-1,piece-to-piece,EMBED,P-300-21,,1,ROD6.35,A36,9e2678ed-85f9-4572-a4c8-83ce706fd613
SW17-1,piece-to-piece,ANCHOR,P-205-11,12000LB FORGED ANCHOR,1,PL15.88,A36,35c5f2a7-d50e-4510-9826-7320cd584cdd
SW17-1,piece-to-piece,EMBED,P-205-21,,1,PL76.2*12.7,A36,61baceaa-3cec-40e4-bdc6-d0687d05672b
SW17-1,piece-to-piece,EMBED,P-205-31,,1,SPHERE47.625,A36,8413fd8a-116f-40d5-8da6-b92eb2467c85
SW17-1,piece-to-piece,EMBED,P-205-32,,1,PL54,Steel_Undefined,c5072a18-0f73-4760-a5b3-c92617ca7e5b
SW17-1,piece-to-piece,ANCHOR,P-205-11,12000LB FORGED ANCHOR,1,PL15.88,A36,e902ed2f-9fdc-4b0c-aa67-574294ee67f1
SW17-1,piece-to-piece,EMBED,P-205-21,,1,PL76.2*12.7,A36,f3b6d608-d094-456e-ac70-47277f44fa75
SW17-1,piece-to-piece,EMBED,P-205-31,,1,SPHERE47.625,A36,e3559284-54d0-4d85-8201-5bb7465ca305
SW17-1,piece-to-piece,EMBED,P-205-32,,1,PL54,Steel_Undefined,251fb4b0-94ac-4065-9ef1-ed7f012356f3
W10-112,piece-to-piece,GROUT_TUBE,GT75-1219,75Ø x 1219 GROUT TUBE,1,ROD76,Zero_Density,38e68d2e-2b26-4f3b-b4a4-0c7be9c98bc1
W10-112,piece-to-piece,GROUT_TUBE,GT75-1219,75Ø x 1219 GROUT TUBE,1,ROD76,Zero_Density,e6231204-98cd-44d4-acd9-5fc56a57d086
W10-112,piece-to-piece,GROUT_TUBE,GT75-1219,75Ø x 1219 GROUT TUBE,1,ROD76,Zero_Density,1be560f5-d36b-48f0-ae2f-18f17e470c6a
W10-112,piece-to-piece,EMBED,P-301-11,19Ø EXP.  INS. (NC),1,ROD23.81,A36,281169f4-5132-45e9-adce-b840bedb2743
W10-112,piece-to-piece,EMBED,P-301-21,,1,ROD6.35,A36,3b848073-4f7e-4996-bef3-44e3b2f29dae
W10-112,piece-to-piece,EMBED,P-301-21,,1,ROD6.35,A36,363ddaeb-d1d4-4837-9d21-e7b2a7ce1e95
W10-112,piece-to-piece,EMBED,P-301-31,,1,ROD4.762,A36,a07332fe-e7b9-4ac7-b338-55b03edc60e5
W10-112,piece-to-piece,EMBED,P-301-11,19Ø EXP.  INS. (NC),1,ROD23.81,A36,e6642c42-1a96-4bfb-8245-4ba89a3aa74b
W10-112,piece-to-piece,EMBED,P-301-21,,1,ROD6.35,A36,59af013f-d94c-4d29-a80d-32343b7584b3
W10-112,piece-to-piece,EMBED,P-301-21,,1,ROD6.35,A36,95144d06-75bd-4e78-8cd5-b7d4db2a5c2e
W10-112,piece-to-piece,EMBED,P-301-31,,1,ROD4.762,A36,281eb636-f96f-42e9-a39b-665fdd75f417
W10-112,piece-to-piece,EMBED,P-301-11,19Ø EXP.  INS. (NC),1,ROD23.81,A36,2d5ab425-e755-4f1c-a478-1ad5342bdb80
W10-112,piece-to-piece,EMBED,P-301-21,,1,ROD6.35,A36,741f11a5-1290-459f-af08-399abf086222
W10-112,piece-to-piece,EMBED,P-301-21,,1,ROD6.35,A36,153da8a0-9a84-4a44-9218-2bdd501d924e
W10-112,piece-to-piece,EMBED,P-301-31,,1,ROD4.762,A36,c575f5a1-c1ee-42d9-9ac4-7f8ca18e51a8
W10-112,piece-to-piece,ANCHOR,P-205-11,12000LB FORGED ANCHOR,1,PL15.88,A36,82b57738-8ec8-4497-a3df-b62446dfabf4
W10-112,piece-to-piece,EMBED,P-205-21,,1,PL76.2*12.7,A36,f194edbc-c2a8-4584-b7d3-b1dc3957f4f4
W10-112,piece-to-piece,EMBED,P-205-31,,1,SPHERE47.625,A36,ec453093-9852-45ae-996e-d2bfeb7a085c
W10-112,piece-to-piece,EMBED,P-205-32,,1,PL54,Steel_Undefined,548d244b-c72f-4a81-8c7f-99793e5c90e2
W10-112,piece-to-piece,ANCHOR,P-205-11,12000LB FORGED ANCHOR,1,PL15.88,A36,a4561f55-8fc6-4de6-9cc9-bb76c270b72e
W10-112,piece-to-piece,EMBED,P-205-21,,1,PL76.2*12.7,A36,9b8b913e-fb36-4e00-a375-4ed8471d2abe
W10-112,piece-to-piece,EMBED,P-205-31,,1,SPHERE47.625,A36,f87df6b0-2833-4900-af10-6213f253fb46
W10-112,piece-to-piece,EMBED,P-205-32,,1,PL54,Steel_Undefined,71de83eb-c454-44a0-8bdc-e0cf7e516dfa
W10-112,piece-to-piece,INSERT,P-300-11,19Ø INSERT (NC),1,ROD23.813,A36,4fd75364-defd-4b4a-b4f5-c29d88b0941c
W10-112,piece-to-piece,EMBED,P-300-21,,1,ROD6.35,A36,1488bd75-9a4a-4e7e-aedb-704d4c5fbd12
W10-112,piece-to-piece,INSERT,P-300-11,19Ø INSERT (NC),1,ROD23.813,A36,3cebb8f3-4422-46df-aa62-95f1fb0ec760
W10-112,piece-to-piece,EMBED,P-300-21,,1,ROD6.35,A36,4fdd0101-6fbd-440a-9578-831bf1f1abaa
W10-99,piece-to-piece,GROUT_TUBE,GT75-1219,75Ø x 1219 GROUT TUBE,1,ROD76,Zero_Density,dc96a578-46bd-4676-b552-f131e48180a2
W10-99,piece-to-piece,GROUT_TUBE,GT75-1219,75Ø x 1219 GROUT TUBE,1,ROD76,Zero_Density,df8a11be-1969-4fdc-8f98-f06613dcbc70
W10-99,piece-to-piece,GROUT_TUBE,GT75-1219,75Ø x 1219 GROUT TUBE,1,ROD76,Zero_Density,e61e76e3-31f2-4a0f-bf96-618a0a4a69d2
W10-99,piece-to-piece,ANCHOR,P-205-11,12000LB FORGED ANCHOR,1,PL15.88,A36,634f71be-444f-4496-8ee3-90c12b7573bb
W10-99,piece-to-piece,EMBED,P-205-21,,1,PL76.2*12.7,A36,55f3a35d-8ebd-4ccd-92be-3f880df157ea
W10-99,piece-to-piece,EMBED,P-205-31,,1,SPHERE47.625,A36,ccb9e2a6-5d3b-4ee8-aa2c-52b146bdaa34
W10-99,piece-to-piece,EMBED,P-205-32,,1,PL54,Steel_Undefined,f5ac63c7-a5c7-4b96-97be-0dc3749bc147
W10-99,piece-to-piece,ANCHOR,P-205-11,12000LB FORGED ANCHOR,1,PL15.88,A36,471e36af-08fb-4fd2-a3ca-9d88c7748feb
W10-99,piece-to-piece,EMBED,P-205-21,,1,PL76.2*12.7,A36,834251e8-d552-477a-8602-c311345f85c2
W10-99,piece-to-piece,EMBED,P-205-31,,1,SPHERE47.625,A36,d594a073-fc18-42c2-8876-6bb2acdcd8a8
W10-99,piece-to-piece,EMBED,P-205-32,,1,PL54,Steel_Undefined,827e1bd5-38ad-4431-9e7f-fdee5d0f4589
W10-99,piece-to-piece,INSERT,P-300-11,19Ø INSERT (NC),1,ROD23.813,A36,ba081a60-c1c3-438a-b8d0-fd68a7b06641
W10-99,piece-to-piece,EMBED,P-300-21,,1,ROD6.35,A36,0515eecd-8017-4770-8247-4c16dec8ebfd
W10-99,piece-to-piece,INSERT,P-300-11,19Ø INSERT (NC),1,ROD23.813,A36,9b0345ed-10d7-4954-8a4c-71f2975ffea8
W10-99,piece-to-piece,EMBED,P-300-21,,1,ROD6.35,A36,3fe793d6-3d8d-4237-ba87-5c8eef63b101
W10-99,piece-to-piece,EMBED,P-301-11,19Ø EXP.  INS. (NC),1,ROD23.81,A36,ffe49ac3-7bb5-4e52-ac96-737e2085fd57
W10-99,piece-to-piece,EMBED,P-301-21,,1,ROD6.35,A36,4b558f15-f511-44c7-9081-5f4f8d131050
W10-99,piece-to-piece,EMBED,P-301-21,,1,ROD6.35,A36,8d0a4c70-97b3-4c83-9294-bddee361d886
W10-99,piece-to-piece,EMBED,P-301-31,,1,ROD4.762,A36,ad96539c-13f7-424d-936a-b17eb5af67b2
W10-99,piece-to-piece,EMBED,P-301-11,19Ø EXP.  INS. (NC),1,ROD23.81,A36,705653d6-05c9-4408-ae87-d90fea27cb92
W10-99,piece-to-piece,EMBED,P-301-21,,1,ROD6.35,A36,f53d8ec7-992e-4d15-ae5f-601fa51eae0d
W10-99,piece-to-piece,EMBED,P-301-21,,1,ROD6.35,A36,f507ef18-d0d9-4222-968f-a9f14c5d1c2a
W10-99,piece-to-piece,EMBED,P-301-31,,1,ROD4.762,A36,8b135911-a13b-4248-8f01-493a967c318c
W10-99,piece-to-piece,EMBED,P-301-11,19Ø EXP.  INS. (NC),1,ROD23.81,A36,a82cd529-ea6d-461a-9a38-a42006a9c732
W10-99,piece-to-piece,EMBED,P-301-21,,1,ROD6.35,A36,602612a3-be33-4108-9381-096a99ce6634
W10-99,piece-to-piece,EMBED,P-301-21,,1,ROD6.35,A36,092955a6-1681-445e-a146-5c13a142dd66
W10-99,piece-to-piece,EMBED,P-301-31,,1,ROD4.762,A36,9370066f-5a2a-4388-b3db-c3577376dcc5
W10-107,piece-to-piece,GROUT_TUBE,GT75-1219,75Ø x 1219 GROUT TUBE,1,ROD76,Zero_Density,71bfad7f-ef25-48db-8e15-30f77ddd2849
W10-107,piece-to-piece,GROUT_TUBE,GT75-1219,75Ø x 1219 GROUT TUBE,1,ROD76,Zero_Density,3e7bee12-aed3-41f6-87ca-5bddf2ec3869
W10-107,piece-to-piece,GROUT_TUBE,GT75-1219,75Ø x 1219 GROUT TUBE,1,ROD76,Zero_Density,c88fdd33-118b-4dfd-ad63-52f66fb4268f
W10-107,piece-to-piece,EMBED,P-301-11,19Ø EXP.  INS. (NC),1,ROD23.81,A36,228cb6d9-00cf-47ff-a18d-48fcab688851
W10-107,piece-to-piece,EMBED,P-301-21,,1,ROD6.35,A36,4ab769dd-89f0-4e9d-8f4d-b631d5dde9d6
W10-107,piece-to-piece,EMBED,P-301-21,,1,ROD6.35,A36,340e4547-d7a8-49b5-ad58-98f1c2ce2b8a
W10-107,piece-to-piece,EMBED,P-301-31,,1,ROD4.762,A36,b06caf02-8fb4-41e9-bd62-9f84795ea6a8
W10-107,piece-to-piece,EMBED,P-301-11,19Ø EXP.  INS. (NC),1,ROD23.81,A36,0c40fe47-f9fb-457d-b295-7a40cba23dd3
W10-107,piece-to-piece,EMBED,P-301-21,,1,ROD6.35,A36,ae814683-0c18-4562-b093-900f2b24e9b1
W10-107,piece-to-piece,EMBED,P-301-21,,1,ROD6.35,A36,530fe026-6908-4b80-ae5a-603ae6fda914
W10-107,piece-to-piece,EMBED,P-301-31,,1,ROD4.762,A36,e330fd41-76be-4508-b86d-1afb7b88e8fe
W10-107,piece-to-piece,EMBED,P-301-11,19Ø EXP.  INS. (NC),1,ROD23.81,A36,766e2687-195c-4475-80f6-0c88bb746d27
W10-107,piece-to-piece,EMBED,P-301-21,,1,ROD6.35,A36,695d4f2a-2ff2-4bbc-8ff5-e7e1a35da787
W10-107,piece-to-piece,EMBED,P-301-21,,1,ROD6.35,A36,4f9bce21-9018-4f32-974c-fc3d95f3b153
W10-107,piece-to-piece,EMBED,P-301-31,,1,ROD4.762,A36,081d8bb4-7fe1-4123-aaaa-891d527234c8
W10-107,piece-to-piece,ANCHOR,P-205-11,12000LB FORGED ANCHOR,1,PL15.88,A36,05ad0998-a4f9-4b27-bb74-e3547f4aa7fb
W10-107,piece-to-piece,EMBED,P-205-21,,1,PL76.2*12.7,A36,72285271-d845-4f52-8032-bef73f56cd85
W10-107,piece-to-piece,EMBED,P-205-31,,1,SPHERE47.625,A36,7bc520f5-93ea-4b33-ab6c-f5724cc6c79b
W10-107,piece-to-piece,EMBED,P-205-32,,1,PL54,Steel_Undefined,a2e4c9a8-fc1d-4efd-b30e-eb260377e52f
W10-107,piece-to-piece,ANCHOR,P-205-11,12000LB FORGED ANCHOR,1,PL15.88,A36,4715fdad-ef0a-4d57-9a58-ec254a0c841c
W10-107,piece-to-piece,EMBED,P-205-21,,1,PL76.2*12.7,A36,0fb1b658-079e-4207-bd6f-534f42206a32
W10-107,piece-to-piece,EMBED,P-205-31,,1,SPHERE47.625,A36,fb914f69-ebdb-4fc7-9e9f-92a1f38fe204
W10-107,piece-to-piece,EMBED,P-205-32,,1,PL54,Steel_Undefined,04a61bd8-e2f9-478f-903f-8cd78788264a
W10-107,piece-to-piece,INSERT,P-300-11,19Ø INSERT (NC),1,ROD23.813,A36,67dac797-d4bb-421d-9179-6f25f47d7994
W10-107,piece-to-piece,EMBED,P-300-21,,1,ROD6.35,A36,6e449011-b92f-4961-88ed-8345576ed0fd
W10-107,piece-to-piece,INSERT,P-300-11,19Ø INSERT (NC),1,ROD23.813,A36,f1371388-f10b-40eb-800b-a9ff964a7edc
W10-107,piece-to-piece,EMBED,P-300-21,,1,ROD6.35,A36,e40a3cea-db98-4271-8836-8c40e7c0476b
W10-85,piece-to-piece,INSERT,P-300-11,19Ø INSERT (NC),1,ROD23.813,A36,cb2c6e59-7a55-463e-8eb2-3acd800c1466
W10-85,piece-to-piece,EMBED,P-300-21,,1,ROD6.35,A36,a2b500bc-82f8-4788-b95b-5469680b786c
W10-85,piece-to-piece,INSERT,P-300-11,19Ø INSERT (NC),1,ROD23.813,A36,9f366269-4346-469a-9f80-f1c53087361d
W10-85,piece-to-piece,EMBED,P-300-21,,1,ROD6.35,A36,139213f2-306e-4cf9-bc34-3c6f38fe74bc
W10-85,piece-to-piece,GROUT_TUBE,GT75-1219,75Ø x 1219 GROUT TUBE,1,ROD76,Zero_Density,4f4105d6-4f3c-485f-8990-036a7fac4196
W10-85,piece-to-piece,GROUT_TUBE,GT75-1219,75Ø x 1219 GROUT TUBE,1,ROD76,Zero_Density,23fe01d5-8398-47eb-9db9-7e5558407e8f
W10-85,piece-to-piece,INSERT,P-300-11,19Ø INSERT (NC),1,ROD23.813,A36,c3b0ee29-511f-4431-8cd9-11ffb16bfbab
W10-85,piece-to-piece,EMBED,P-300-21,,1,ROD6.35,A36,d71b0189-1975-4822-b545-b1a8742b8ea3
W10-85,piece-to-piece,INSERT,P-300-11,19Ø INSERT (NC),1,ROD23.813,A36,8e67697b-7d15-4a1f-914e-46454b46eac6
W10-85,piece-to-piece,EMBED,P-300-21,,1,ROD6.35,A36,c26066d7-7198-4f10-b4aa-1c308e242183
W10-85,piece-to-piece,EMBED,P-220,10Øx2743 AC 5625LB CA,1,CABLE9.53,Steel_Undefined,debd7657-0026-4f18-bda4-dbdf6e0bdebc
W10-85,piece-to-piece,EMBED,P-220,10Øx2743 AC 5625LB CA,1,CABLE9.53,Steel_Undefined,a1e6f1f3-defa-427c-b269-6a77ff339494
W10-85,piece-to-piece,INSERT,P-300-11,19Ø INSERT (NC),1,ROD23.813,A36,51e2de43-4fd4-4b80-acb5-61e37c6ec270
W10-85,piece-to-piece,EMBED,P-300-21,,1,ROD6.35,A36,58800362-46c4-481c-9048-5e81c219c8f0
W10-85,piece-to-piece,INSERT,P-300-11,19Ø INSERT (NC),1,ROD23.813,A36,01d1c4a7-f08b-45ad-9c59-5c6b8ba63fe9
W10-85,piece-to-piece,EMBED,P-300-21,,1,ROD6.35,A36,4c0194e3-e67e-4289-a8d8-0683f06a149c
W10-26,piece-to-piece,EMBED,MPX14,V REVEAL LARGE,1,TRIANGLE12.7*12.7,Misc_Undefined,685586e6-abe2-4c05-b8ac-a9eff18b64e6
W10-26,piece-to-piece,EMBED,MPX12,MOUNTPART,1,TRIANGLE51.0*12.7,Misc_Undefined,54b93857-ebbc-452d-a9e8-4e83f32514f7
W10-26,piece-to-piece,EMBED,MPX11,V REVEAL LARGE,1,TRIANGLE12.7*12.7,Misc_Undefined,eef42a9a-a6fb-4f81-9190-65c9c29c3eb9
W10-26,piece-to-piece,INSERT,P-300-11,19Ø INSERT (NC),1,ROD23.813,A36,7cfdca43-c915-4dca-980b-ceed39ab5a78
W10-26,piece-to-piece,EMBED,P-300-21,,1,ROD6.35,A36,7a802ef2-2984-4ddc-a36f-efe2b7d6aa5a
W10-26,piece-to-piece,INSERT,P-300-11,19Ø INSERT (NC),1,ROD23.813,A36,49b31fc4-718e-4cde-bcb2-97e4387eed80
W10-26,piece-to-piece,EMBED,P-300-21,,1,ROD6.35,A36,a0d94e4d-35f6-4ec6-b7ef-ad6c9b13f83e
W10-26,piece-to-piece,INSERT,SP15-457-11,15Mx457 WILLIAMS SPL,1,ROD16,400W,deca9ab7-ed40-44fc-ac0a-ea821d1d09fb
W10-26,piece-to-piece,INSERT,SP15-457-31,,1,PD52.387*12.7,400W,6b91057f-3910-4cab-834d-ab381e5342cb
W10-26,piece-to-piece,INSERT,SP15-457-21,,1,ROD26.987,400W,63b7c7d6-69af-41ca-a272-aa42d96653f4
W10-26,piece-to-piece,INSERT,SP15-457-11,15Mx457 WILLIAMS SPL,1,ROD16,400W,eee1e503-68aa-48ba-b12f-f720496aa429
W10-26,piece-to-piece,INSERT,SP15-457-31,,1,PD52.387*12.7,400W,83185bc1-6025-4d10-bee0-6027846bcf92
W10-26,piece-to-piece,INSERT,SP15-457-21,,1,ROD26.987,400W,730a8af0-ee26-47f6-837b-e391802c0e1c
W10-26,piece-to-piece,INSERT,SP15-457-11,15Mx457 WILLIAMS SPL,1,ROD16,400W,ae37f002-5c12-43d8-815b-ce421f52933d
W10-26,piece-to-piece,INSERT,SP15-457-31,,1,PD52.387*12.7,400W,336e21ff-3549-4863-81c0-6e9c461cb4dc
W10-26,piece-to-piece,INSERT,SP15-457-21,,1,ROD26.987,400W,6399fc0a-2cbd-4d45-b7e1-a9ad17c487a2
W10-26,piece-to-piece,INSERT,SP15-457-11,15Mx457 WILLIAMS SPL,1,ROD16,400W,1c37900c-bfb6-448a-b464-7e748a90a2b5
W10-26,piece-to-piece,INSERT,SP15-457-31,,1,PD52.387*12.7,400W,cf99e89f-e7ff-43b1-85ee-dbd0cfb286da
W10-26,piece-to-piece,INSERT,SP15-457-21,,1,ROD26.987,400W,b95c493d-ca1f-4f29-a60a-c3c57b6b0c42
W10-26,piece-to-piece,INSERT,SP15-457-11,15Mx457 WILLIAMS SPL,1,ROD16,400W,667704a3-7770-44d2-8c7b-4bcefc93c68e
W10-26,piece-to-piece,INSERT,SP15-457-31,,1,PD52.387*12.7,400W,f022c894-1c5c-4076-8939-6227a92e20a3
W10-26,piece-to-piece,INSERT,SP15-457-21,,1,ROD26.987,400W,0262b00d-0f1b-4bb3-8b19-52d62469223a
W10-26,piece-to-piece,INSERT,SP15-457-11,15Mx457 WILLIAMS SPL,1,ROD16,400W,3e919479-c18b-4c42-9fb2-7ed2fef30849
W10-26,piece-to-piece,INSERT,SP15-457-31,,1,PD52.387*12.7,400W,d88538b3-77a0-4223-bf34-710fafadc6b8
W10-26,piece-to-piece,INSERT,SP15-457-21,,1,ROD26.987,400W,aefaa60e-8716-4a06-8762-254ec1cd6f09
W10-26,piece-to-piece,GROUT_TUBE,GT75-1219,75Ø x 1219 GROUT TUBE,1,ROD76,Zero_Density,0cb8a1bb-339f-49c7-a7a9-c1ec2f63874d
W10-26,piece-to-piece,GROUT_TUBE,GT75-1219,75Ø x 1219 GROUT TUBE,1,ROD76,Zero_Density,d202a196-c726-4e51-ac8b-01b38426d0bc
W10-26,piece-to-piece,GROUT_TUBE,GT75-1219,75Ø x 1219 GROUT TUBE,1,ROD76,Zero_Density,400435f0-b3ae-41a8-a965-d736979809e8
W10-26,piece-to-piece,GROUT_TUBE,GT75-1219,75Ø x 1219 GROUT TUBE,1,ROD76,Zero_Density,4ed3e8ed-7ca3-475c-a3b2-f89d316e6472
W10-26,piece-to-piece,GROUT_TUBE,GT75-1219,75Ø x 1219 GROUT TUBE,1,ROD76,Zero_Density,dc28fd4f-5144-4142-ab82-f3c2fe42b762
W10-26,piece-to-piece,GROUT_TUBE,GT75-1219,75Ø x 1219 GROUT TUBE,1,ROD76,Zero_Density,34eda8a5-a23d-4a88-ad60-35213e5482bb
W10-26,piece-to-piece,GROUT_TUBE,GT75-686,75Ø x 686 GROUT TUBE,1,ROD76,Zero_Density,c7daca2e-c45b-473b-b4fc-99e26f2ba3a7
W10-26,piece-to-piece,GROUT_TUBE,GT75-1219,75Ø x 1219 GROUT TUBE,1,ROD76,Zero_Density,3eaba396-9a5d-4958-ad93-332e081a41fd
W10-26,piece-to-piece,GROUT_TUBE,GT75-1219,75Ø x 1219 GROUT TUBE,1,ROD76,Zero_Density,0133e4e7-7274-4573-aea1-6aa709813a80
W10-26,piece-to-piece,GROUT_TUBE,GT76-254,76Øx254mm G.TUBE,1,ROD76.2,Zero_Density,d2993e4c-af26-4fdd-b3bd-fdad92dd6b9f
W10-26,piece-to-piece,GROUT_TUBE,GT76-254,76Øx254mm G.TUBE,1,ROD76.2,Zero_Density,e6afccd2-ee7c-45dd-a7e3-b0d6d2e18451
W10-26,piece-to-piece,GROUT_TUBE,GT76-254,76Øx254mm G.TUBE,1,ROD76.2,Zero_Density,dad6eb58-315f-4697-8af4-30ba865b9474
W10-26,piece-to-piece,CONDUIT,CNDT37,19MM CONDUIT,1,ROD19,Zero_Density,f909cf7d-8555-48bf-8c45-f346fadf30a5
W10-26,piece-to-piece,PLATE,EB-S-PL1,Single Plastic Electr,1,160*50.8,Zero_Density,53f03940-84e8-4b43-9fe7-b7f70422e565
W10-26,piece-to-piece,INSERT,P-300-11,19Ø INSERT (NC),1,ROD23.813,A36,b893986f-f13a-4ed2-90d7-48af486f42ce
W10-26,piece-to-piece,EMBED,P-300-21,,1,ROD6.35,A36,cf24da78-a482-4928-aead-a044d1355296
W10-26,piece-to-piece,INSERT,P-300-11,19Ø INSERT (NC),1,ROD23.813,A36,5bcadb54-6fcc-4516-bc49-7c5637cc0393
W10-26,piece-to-piece,EMBED,P-300-21,,1,ROD6.35,A36,36798877-7d04-457e-8373-074adb1865b6
W10-26,piece-to-piece,ANCHOR,P-205-11,12000LB FORGED ANCHOR,1,PL15.88,A36,64a9290a-b3d7-4a85-821a-483d929ad2e6
W10-26,piece-to-piece,EMBED,P-205-21,,1,PL76.2*12.7,A36,6e7e4275-d505-465e-8776-dbd3bd2bf46e
W10-26,piece-to-piece,EMBED,P-205-31,,1,SPHERE47.625,A36,7f006c2c-f2dd-478c-85bf-912adc296b99
W10-26,piece-to-piece,EMBED,P-205-32,,1,PL54,Steel_Undefined,95f5b8cc-f9ec-4370-9636-4bf46232e333
W10-26,piece-to-piece,ANCHOR,P-205-11,12000LB FORGED ANCHOR,1,PL15.88,A36,d3d0977e-ff12-461c-94cd-75a86f535cd4
W10-26,piece-to-piece,EMBED,P-205-21,,1,PL76.2*12.7,A36,c2136f34-dc05-427c-a538-4949cfeaa40c
W10-26,piece-to-piece,EMBED,P-205-31,,1,SPHERE47.625,A36,8c1ca706-d401-4d31-9dac-16949171a145
W10-26,piece-to-piece,EMBED,P-205-32,,1,PL54,Steel_Undefined,e8992d1d-5646-4b23-9215-4e6045ec6ff6
W10-26,piece-to-piece,GROUT_TUBE,GT76-254,76Øx254mm G.TUBE,1,ROD76.2,Zero_Density,faa95394-16b0-4cc0-8c59-54256dc91ed9
W10-26,piece-to-piece,GROUT_TUBE,GT76-254,76Øx254mm G.TUBE,1,ROD76.2,Zero_Density,1a3799e0-9011-40d6-bd9c-62feca23d11b
W10-26,piece-to-piece,GROUT_TUBE,GT76-254,76Øx254mm G.TUBE,1,ROD76.2,Zero_Density,46ae3e5e-539d-4f0c-b604-1973f6fc33cf
W10-86,piece-to-piece,EMBED,MPX14,V REVEAL LARGE,1,TRIANGLE12.7*12.7,Misc_Undefined,d356957c-5567-43a3-ae62-878613ad51d5
W10-86,piece-to-piece,EMBED,MPX12,MOUNTPART,1,TRIANGLE51.0*12.7,Misc_Undefined,82e41f88-697a-4f29-9145-0ef6693bd68c
W10-86,piece-to-piece,EMBED,MPX11,V REVEAL LARGE,1,TRIANGLE12.7*12.7,Misc_Undefined,dae40cc8-7dbd-4f28-9eaf-5fc09f2ba6bb
W10-86,piece-to-piece,INSERT,P-300-11,19Ø INSERT (NC),1,ROD23.813,A36,0de0519c-5c6b-421a-a03c-8b0cc65b74d8
W10-86,piece-to-piece,EMBED,P-300-21,,1,ROD6.35,A36,b401f18d-e132-4dfc-98d1-4e74c9d1bc74
W10-86,piece-to-piece,INSERT,P-300-11,19Ø INSERT (NC),1,ROD23.813,A36,8fd5c6ad-539f-4549-a69a-15bbb464a67a
W10-86,piece-to-piece,EMBED,P-300-21,,1,ROD6.35,A36,f5842df6-d5c0-47ee-9132-cd6e55a5ccf4
W10-86,piece-to-piece,GROUT_TUBE,GT75-1219,75Ø x 1219 GROUT TUBE,1,ROD76,Zero_Density,d5fccfa0-6a9c-4e93-b932-d47c1aafad65
W10-86,piece-to-piece,INSERT,SP25-1067-11,SP25Mx1067 WILLIAMS S,1,ROD25.4,A706-GR.60,47a6698d-98a6-45c9-8278-0b0a9fcdc2e8
W10-86,piece-to-piece,EMBED,SP25-1067-31,,1,PD66.675*15.875,A706-GR.60,447778ac-2789-4450-8f8d-45d78fdb792d
W10-86,piece-to-piece,EMBED,SP25-1067-21,,1,ROD41.275,A706-GR.60,ebec770f-4108-4afb-aad8-d0a3a367c9d7
W10-86,piece-to-piece,GROUT_TUBE,GT75-1219,75Ø x 1219 GROUT TUBE,1,ROD76,Zero_Density,27d22354-dcd0-4dd5-a501-268fd78abb3e
W10-86,piece-to-piece,GROUT_TUBE,GT75-1219,75Ø x 1219 GROUT TUBE,1,ROD76,Zero_Density,b9fc841d-f993-4104-bce9-fca341499de8
W10-86,piece-to-piece,GROUT_TUBE,GT75-1219,75Ø x 1219 GROUT TUBE,1,ROD76,Zero_Density,5aa37b8d-5331-4dcd-9275-84a861852f66
W10-86,piece-to-piece,GROUT_TUBE,GT75-1219,75Ø x 1219 GROUT TUBE,1,ROD76,Zero_Density,d3fc160c-4873-4428-be6a-3a7fd71d54f7
W10-86,piece-to-piece,GROUT_TUBE,GT75-1219,75Ø x 1219 GROUT TUBE,1,ROD76,Zero_Density,5a2524fe-b15a-4d68-a066-e731112766d8
W10-86,piece-to-piece,INSERT,SP25-1067-11,SP25Mx1067 WILLIAMS S,1,ROD25.4,A706-GR.60,bc3e0848-4210-43a4-aff0-206b2cd831e0
W10-86,piece-to-piece,EMBED,SP25-1067-31,,1,PD66.675*15.875,A706-GR.60,b4783b95-ea5e-4692-9e06-4c3099b9490b
W10-86,piece-to-piece,EMBED,SP25-1067-21,,1,ROD41.275,A706-GR.60,b04ce986-e5a1-4710-a93d-069b2ee2ea80
W10-86,piece-to-piece,INSERT,SP25-1067-11,SP25Mx1067 WILLIAMS S,1,ROD25.4,A706-GR.60,808b0247-8039-49a2-ad28-116850986bb3
W10-86,piece-to-piece,EMBED,SP25-1067-31,,1,PD66.675*15.875,A706-GR.60,54467027-816b-47da-8767-1b93a0b27345
W10-86,piece-to-piece,EMBED,SP25-1067-21,,1,ROD41.275,A706-GR.60,d0acae11-257d-43f6-8e9f-c7ff93314c8c
W10-86,piece-to-piece,INSERT,SP25-1067-11,SP25Mx1067 WILLIAMS S,1,ROD25.4,A706-GR.60,7cbadf87-7fce-4c37-b5cd-6be71d710ea6
W10-86,piece-to-piece,EMBED,SP25-1067-31,,1,PD66.675*15.875,A706-GR.60,463eabe0-f221-49bf-9d9e-3ea7a9e784a4
W10-86,piece-to-piece,EMBED,SP25-1067-21,,1,ROD41.275,A706-GR.60,b91a25c8-5e89-4b81-b5b8-21bdd29e3d48
W10-86,piece-to-piece,INSERT,SP25-1067-11,SP25Mx1067 WILLIAMS S,1,ROD25.4,A706-GR.60,e57cb9a1-5d21-4529-b10f-c85ef84d8208
W10-86,piece-to-piece,EMBED,SP25-1067-31,,1,PD66.675*15.875,A706-GR.60,58ab16fc-d4ba-47ba-8687-5a7f04b6f3b0
W10-86,piece-to-piece,EMBED,SP25-1067-21,,1,ROD41.275,A706-GR.60,3eed4be7-6484-4ccd-863d-85585e3de801
W10-86,piece-to-piece,INSERT,SP25-1067-11,SP25Mx1067 WILLIAMS S,1,ROD25.4,A706-GR.60,ded59c56-3974-423e-a046-66c2e978ddff
W10-86,piece-to-piece,EMBED,SP25-1067-31,,1,PD66.675*15.875,A706-GR.60,ad9135b4-3749-4fa9-9bbe-1110a1fbb525
W10-86,piece-to-piece,EMBED,SP25-1067-21,,1,ROD41.275,A706-GR.60,e9b9e6b2-2bc6-4052-853e-2c17dc887269
W10-86,piece-to-piece,GROUT_TUBE,GT75-1219,75Ø x 1219 GROUT TUBE,1,ROD76,Zero_Density,7093d4a6-7b39-416c-900f-50cf0a08c7f6
W10-86,piece-to-piece,INSERT,SP25-1067-11,SP25Mx1067 WILLIAMS S,1,ROD25.4,A706-GR.60,0bdbb571-d89a-4a9d-9c02-d7faa4c57d61
W10-86,piece-to-piece,EMBED,SP25-1067-31,,1,PD66.675*15.875,A706-GR.60,07fafab8-c91b-475a-9864-c238ab7111a8
W10-86,piece-to-piece,EMBED,SP25-1067-21,,1,ROD41.275,A706-GR.60,3b87226b-d812-47cf-bc4e-8799fb118a17
W10-86,piece-to-piece,GROUT_TUBE,GT75-1219,75Ø x 1219 GROUT TUBE,1,ROD76,Zero_Density,23d2859e-7fdc-409b-898a-bd3b66b12b63
W10-86,piece-to-piece,INSERT,SP25-1067-11,SP25Mx1067 WILLIAMS S,1,ROD25.4,A706-GR.60,d622038e-4583-4274-be82-e271f1f19653
W10-86,piece-to-piece,EMBED,SP25-1067-31,,1,PD66.675*15.875,A706-GR.60,2a5e1b2d-1358-4d31-a7c7-3c2eaec51a76
W10-86,piece-to-piece,EMBED,SP25-1067-21,,1,ROD41.275,A706-GR.60,1eacce24-fc48-4ddd-8bdf-0ef17ec4171f
W10-86,piece-to-piece,GROUT_TUBE,GT75-686,75Ø x 686 GROUT TUBE,1,ROD76,Zero_Density,319e57a3-f445-4021-9bb0-d7a4769d3225
W10-86,piece-to-piece,INSERT,SP15-457-11,15Mx457 WILLIAMS SPL,1,ROD16,400W,d7add1d5-5f90-43d1-b4fb-f0ec53e8a69a
W10-86,piece-to-piece,INSERT,SP15-457-31,,1,PD52.387*12.7,400W,053aff48-1656-42b9-b5c4-419460fcaf97
W10-86,piece-to-piece,INSERT,SP15-457-21,,1,ROD26.987,400W,90a050ba-72de-4eb1-aaac-b58bee61135a
W10-86,piece-to-piece,GROUT_TUBE,GT76-254,76Øx254mm G.TUBE,1,ROD76.2,Zero_Density,004d54e5-c5a2-43b1-b1c8-a6451ab48392
W10-86,piece-to-piece,GROUT_TUBE,GT76-254,76Øx254mm G.TUBE,1,ROD76.2,Zero_Density,5bd65f8f-99c7-449b-9596-498569b5f082
W10-86,piece-to-piece,GROUT_TUBE,GT76-254,76Øx254mm G.TUBE,1,ROD76.2,Zero_Density,3cad61f0-b939-4803-a3bc-4e5844f04d33
W10-86,piece-to-piece,GROUT_TUBE,GT76-254,76Øx254mm G.TUBE,1,ROD76.2,Zero_Density,f1d47ec9-05db-4dc3-9757-02584b096e7c
W10-86,piece-to-piece,GROUT_TUBE,GT76-254,76Øx254mm G.TUBE,1,ROD76.2,Zero_Density,ea55dab2-75a6-4210-b449-2467d61cb1f9
W10-86,piece-to-piece,GROUT_TUBE,GT76-254,76Øx254mm G.TUBE,1,ROD76.2,Zero_Density,cb57bd93-cb6d-4549-9fbc-b4f6e7662dc5
W10-86,piece-to-piece,CONDUIT,CNDT27,19MM CONDUIT,1,ROD19,Zero_Density,b2920c3c-8c3a-4b39-a46b-012539829152
W10-86,piece-to-piece,PLATE,EB-S-PL1,Single Plastic Electr,1,160*50.8,Zero_Density,6c9c1d57-a59b-4261-a069-356e3cbab206
W10-86,piece-to-piece,INSERT,P-300-11,19Ø INSERT (NC),1,ROD23.813,A36,7b8a9bfe-8a46-4584-9493-4111e59abda4
W10-86,piece-to-piece,EMBED,P-300-21,,1,ROD6.35,A36,092ddf74-5c9e-491d-9a47-38bd848a8043
W10-86,piece-to-piece,INSERT,P-300-11,19Ø INSERT (NC),1,ROD23.813,A36,962eb99d-e25d-4c78-91db-9923627bb312
W10-86,piece-to-piece,EMBED,P-300-21,,1,ROD6.35,A36,16d89dc4-85f3-45f8-a719-ad45dd10ee94
W10-86,piece-to-piece,ANCHOR,P-205-11,12000LB FORGED ANCHOR,1,PL15.88,A36,8fe7065e-0e9a-4955-b804-cbc1b915cfd3
W10-86,piece-to-piece,EMBED,P-205-21,,1,PL76.2*12.7,A36,039f2b54-c7bd-4add-ad22-9065a54b6fc2
W10-86,piece-to-piece,EMBED,P-205-31,,1,SPHERE47.625,A36,9c661c71-b5f7-4bf8-ba36-23553a15a6d6
W10-86,piece-to-piece,EMBED,P-205-32,,1,PL54,Steel_Undefined,609ef32e-1e62-4fa2-bbe3-028b0a98e4bc
W10-86,piece-to-piece,ANCHOR,P-205-11,12000LB FORGED ANCHOR,1,PL15.88,A36,e11cc0e5-c67d-42fe-8967-13ccb4538e9c
W10-86,piece-to-piece,EMBED,P-205-21,,1,PL76.2*12.7,A36,a5467dae-bfb3-4734-bff0-5156ad4682e5
W10-86,piece-to-piece,EMBED,P-205-31,,1,SPHERE47.625,A36,acfb0836-9780-40e0-8026-dbb83cf04dd3
W10-86,piece-to-piece,EMBED,P-205-32,,1,PL54,Steel_Undefined,a2d85b8b-e320-4c3b-8d94-6dd61a4d855c
W10-95,piece-to-piece,EMBED,MPX11,V REVEAL LARGE,1,TRIANGLE12.7*12.7,Misc_Undefined,6f86296b-6378-462b-9dde-8667c0f7762d
W10-95,piece-to-piece,EMBED,MPX14,V REVEAL LARGE,1,TRIANGLE12.7*12.7,Misc_Undefined,8638e022-2dfd-4906-9e4f-26acdebadfe9
W10-95,piece-to-piece,EMBED,MPX12,MOUNTPART,1,TRIANGLE51.0*12.7,Misc_Undefined,b071a1e4-f3c1-4df9-9bf2-08097f8acee6
W10-95,piece-to-piece,INSERT,P-300-11,19Ø INSERT (NC),1,ROD23.813,A36,e7a98e0d-f94a-4162-a6ca-060fe1fe33b9
W10-95,piece-to-piece,EMBED,P-300-21,,1,ROD6.35,A36,525e3699-2cd0-4d37-9db2-f4ff85192730
W10-95,piece-to-piece,INSERT,P-300-11,19Ø INSERT (NC),1,ROD23.813,A36,2df208a2-a474-4ab4-a1d0-9a542d5d9775
W10-95,piece-to-piece,EMBED,P-300-21,,1,ROD6.35,A36,4fe48cc0-06aa-4824-8047-2740b7c525ca
W10-95,piece-to-piece,GROUT_TUBE,GT75-1219,75Ø x 1219 GROUT TUBE,1,ROD76,Zero_Density,10dd7e07-3006-4e24-86d8-813f6a237f5b
W10-95,piece-to-piece,INSERT,SP15-457-11,15Mx457 WILLIAMS SPL,1,ROD16,400W,1787f919-df11-4cd8-88c8-24cc0c27e1f4
W10-95,piece-to-piece,INSERT,SP15-457-31,,1,PD52.387*12.7,400W,0662e321-42cb-41bf-a4ab-10f526a193e0
W10-95,piece-to-piece,INSERT,SP15-457-21,,1,ROD26.987,400W,a73812ad-ab3c-4d5e-897d-065d39a20f2c
W10-95,piece-to-piece,INSERT,SP15-457-11,15Mx457 WILLIAMS SPL,1,ROD16,400W,d2726e6f-6f2b-46c5-8ca3-c7bf49cb5595
W10-95,piece-to-piece,INSERT,SP15-457-31,,1,PD52.387*12.7,400W,eb9e9e8f-bac8-4ea6-bad2-0849b67cd994
W10-95,piece-to-piece,INSERT,SP15-457-21,,1,ROD26.987,400W,63a16f9e-58c6-436a-94ad-a296a8fe1284
W10-95,piece-to-piece,INSERT,SP15-457-11,15Mx457 WILLIAMS SPL,1,ROD16,400W,9ba6a261-e0a0-4baa-b1d7-90475300e171
W10-95,piece-to-piece,INSERT,SP15-457-31,,1,PD52.387*12.7,400W,efcbfaeb-a0f9-430b-a2be-b1b12e9bf80a
W10-95,piece-to-piece,INSERT,SP15-457-21,,1,ROD26.987,400W,8baeb10c-1a20-406e-9590-25f8cb23ee63
W10-95,piece-to-piece,INSERT,SP15-457-11,15Mx457 WILLIAMS SPL,1,ROD16,400W,19c6c28d-09a0-436b-9c87-e2551f30fbbb
W10-95,piece-to-piece,INSERT,SP15-457-31,,1,PD52.387*12.7,400W,b1f65df4-db12-4e06-81b5-fd4cd1b98989
W10-95,piece-to-piece,INSERT,SP15-457-21,,1,ROD26.987,400W,9cf96f4a-b949-4368-ad8f-1769c0d128cc
W10-95,piece-to-piece,INSERT,SP15-457-11,15Mx457 WILLIAMS SPL,1,ROD16,400W,63ee6aae-1857-4498-84a5-c5f878e47303
W10-95,piece-to-piece,INSERT,SP15-457-31,,1,PD52.387*12.7,400W,27a27d60-3398-4391-be0c-a95c4ca89038
W10-95,piece-to-piece,INSERT,SP15-457-21,,1,ROD26.987,400W,2a39a99d-ccae-418f-9716-f933b29114fa
W10-95,piece-to-piece,INSERT,SP15-457-11,15Mx457 WILLIAMS SPL,1,ROD16,400W,554e8996-e519-4b64-98cd-5df1f72221ed
W10-95,piece-to-piece,INSERT,SP15-457-31,,1,PD52.387*12.7,400W,c2f09ff5-7e71-4afa-8b7f-7d8072f0e7d5
W10-95,piece-to-piece,INSERT,SP15-457-21,,1,ROD26.987,400W,92005801-f5ed-4f92-a7cb-6b2263a77317
W10-95,piece-to-piece,GROUT_TUBE,GT75-1219,75Ø x 1219 GROUT TUBE,1,ROD76,Zero_Density,7e789c29-13d8-45ef-8cdb-b7ccebf15968
W10-95,piece-to-piece,GROUT_TUBE,GT75-1219,75Ø x 1219 GROUT TUBE,1,ROD76,Zero_Density,84762735-6d19-431a-a0f9-40c8c67a5486
W10-95,piece-to-piece,GROUT_TUBE,GT75-1219,75Ø x 1219 GROUT TUBE,1,ROD76,Zero_Density,5d79321f-c5dc-4a5d-8697-fcfcb47dd512
W10-95,piece-to-piece,GROUT_TUBE,GT75-1219,75Ø x 1219 GROUT TUBE,1,ROD76,Zero_Density,5678b82e-95e7-4aa4-90e4-54bed27a0bb7
W10-95,piece-to-piece,GROUT_TUBE,GT75-1219,75Ø x 1219 GROUT TUBE,1,ROD76,Zero_Density,d908fd25-c88d-4469-9836-06b06b90bd2f
W10-95,piece-to-piece,GROUT_TUBE,GT75-1219,75Ø x 1219 GROUT TUBE,1,ROD76,Zero_Density,f4ef0fa2-a4a4-4e49-a565-097d3df05ff2
W10-95,piece-to-piece,GROUT_TUBE,GT75-1219,75Ø x 1219 GROUT TUBE,1,ROD76,Zero_Density,4879a7e2-7b88-4e4f-93fb-76f80cc3f259
W10-95,piece-to-piece,GROUT_TUBE,GT75-686,75Ø x 686 GROUT TUBE,1,ROD76,Zero_Density,0b132d71-61ee-4cbd-a0b8-a26e8cd36493
W10-95,piece-to-piece,GROUT_TUBE,GT76-254,76Øx254mm G.TUBE,1,ROD76.2,Zero_Density,3badedf0-2de7-4966-8dbb-b8a632adb10f
W10-95,piece-to-piece,GROUT_TUBE,GT76-254,76Øx254mm G.TUBE,1,ROD76.2,Zero_Density,74567ee4-6387-4d01-a32e-968cebec55a8
W10-95,piece-to-piece,GROUT_TUBE,GT76-254,76Øx254mm G.TUBE,1,ROD76.2,Zero_Density,1869b307-da78-453e-8b6e-ffec8d5d7623
W10-95,piece-to-piece,GROUT_TUBE,GT76-254,76Øx254mm G.TUBE,1,ROD76.2,Zero_Density,4e27a1e8-ce76-47ba-9f70-a0a8b36e3c97
W10-95,piece-to-piece,GROUT_TUBE,GT76-254,76Øx254mm G.TUBE,1,ROD76.2,Zero_Density,494d8f98-bb34-4c3f-ab1a-b1c505eae8e3
W10-95,piece-to-piece,GROUT_TUBE,GT76-254,76Øx254mm G.TUBE,1,ROD76.2,Zero_Density,6541799a-b1b1-4ad5-a22d-b4158cfd80ce
W10-95,piece-to-piece,CONDUIT,CNDT27,19MM CONDUIT,1,ROD19,Zero_Density,b72a371c-38e3-4365-ac09-a9f00fabc60f
W10-95,piece-to-piece,PLATE,EB-S-PL1,Single Plastic Electr,1,160*50.8,Zero_Density,208f4688-5685-44d1-b760-7299e9b6b85a
W10-95,piece-to-piece,INSERT,P-300-11,19Ø INSERT (NC),1,ROD23.813,A36,bd25a11a-1128-4827-a502-59cd5bb236bf
W10-95,piece-to-piece,EMBED,P-300-21,,1,ROD6.35,A36,592ae59a-28b1-44bd-a22a-ea9681e868ad
W10-95,piece-to-piece,INSERT,P-300-11,19Ø INSERT (NC),1,ROD23.813,A36,39c667fb-728c-4573-b214-8e5889848b39
W10-95,piece-to-piece,EMBED,P-300-21,,1,ROD6.35,A36,cfea5dc9-f02a-483b-a1ae-f2f438efec30
W10-95,piece-to-piece,ANCHOR,P-205-11,12000LB FORGED ANCHOR,1,PL15.88,A36,9dfc38f6-b43e-4fb3-9c90-0a114f42eb1b
W10-95,piece-to-piece,EMBED,P-205-21,,1,PL76.2*12.7,A36,ec6d9ec3-501f-46fb-bbed-b84236adf9df
W10-95,piece-to-piece,EMBED,P-205-31,,1,SPHERE47.625,A36,ddb86ff8-1b29-4a42-8515-0d099e3d22f9
W10-95,piece-to-piece,EMBED,P-205-32,,1,PL54,Steel_Undefined,8bd40d5a-a108-4642-ae53-9d072cd2c52f
W10-95,piece-to-piece,ANCHOR,P-205-11,12000LB FORGED ANCHOR,1,PL15.88,A36,03f93d1f-4b90-46d3-9249-cf6afffa17ad
W10-95,piece-to-piece,EMBED,P-205-21,,1,PL76.2*12.7,A36,6c96e24f-279e-4017-b22f-ccce09e82207
W10-95,piece-to-piece,EMBED,P-205-31,,1,SPHERE47.625,A36,12f285b0-ae7e-4586-b463-84a79a38cf78
W10-95,piece-to-piece,EMBED,P-205-32,,1,PL54,Steel_Undefined,2006b3f5-3590-4dc6-a4be-986f98a033e3
W10-95,piece-to-piece,INSERT,SP15-457-11,15Mx457 WILLIAMS SPL,1,ROD16,400W,b88b6bdf-ba77-4326-807f-61b08c4c37f1
W10-95,piece-to-piece,INSERT,SP15-457-31,,1,PD52.387*12.7,400W,6d18b81c-0e26-46af-9d60-3085ad6cabac
W10-95,piece-to-piece,INSERT,SP15-457-21,,1,ROD26.987,400W,9330f51a-c9bb-4775-9ecd-b40ce37d3e93
W10-63,piece-to-piece,EMBED,MPX14,V REVEAL LARGE,1,TRIANGLE12.7*12.7,Misc_Undefined,c7a073a0-ae03-4bad-b00f-4c3675aca795
W10-63,piece-to-piece,EMBED,MPX12,MOUNTPART,1,TRIANGLE51.0*12.7,Misc_Undefined,944161f3-3535-40fc-b212-42c8dc801a92
W10-63,piece-to-piece,EMBED,MPX11,V REVEAL LARGE,1,TRIANGLE12.7*12.7,Misc_Undefined,b41acd6d-5702-4ae0-876f-f68454b3f3fb
W10-63,piece-to-piece,INSERT,P-300-11,19Ø INSERT (NC),1,ROD23.813,A36,7ee777f9-ca2a-4c44-8f29-6c7883da0b99
W10-63,piece-to-piece,EMBED,P-300-21,,1,ROD6.35,A36,8bce69e4-1a75-4a01-b0c2-c259f2f8915d
W10-63,piece-to-piece,INSERT,P-300-11,19Ø INSERT (NC),1,ROD23.813,A36,2ee9935b-3120-4917-81bd-c84268f10733
W10-63,piece-to-piece,EMBED,P-300-21,,1,ROD6.35,A36,ed24f4c5-0c3f-431f-83c4-ae033316ec70
W10-63,piece-to-piece,GROUT_TUBE,GT75-1219,75Ø x 1219 GROUT TUBE,1,ROD76,Zero_Density,2019cecd-389d-4e61-9a6f-41b222108f88
W10-63,piece-to-piece,GROUT_TUBE,GT75-1219,75Ø x 1219 GROUT TUBE,1,ROD76,Zero_Density,6d8c82cb-749f-41b4-905c-6e115b9c30b0
W10-63,piece-to-piece,GROUT_TUBE,GT75-1219,75Ø x 1219 GROUT TUBE,1,ROD76,Zero_Density,1010c176-ce30-4168-b8ae-a2dcc744587f
W10-63,piece-to-piece,GROUT_TUBE,GT75-1219,75Ø x 1219 GROUT TUBE,1,ROD76,Zero_Density,66df3ad0-14d5-414f-82d3-f9d7fef8d43e
W10-63,piece-to-piece,GROUT_TUBE,GT75-1219,75Ø x 1219 GROUT TUBE,1,ROD76,Zero_Density,042df319-2739-488d-be6d-fb1f5d217089
W10-63,piece-to-piece,GROUT_TUBE,GT75-1219,75Ø x 1219 GROUT TUBE,1,ROD76,Zero_Density,8e91849c-dbd9-4df8-a4b3-d0a71e749707
W10-63,piece-to-piece,INSERT,SP25-1067-11,SP25Mx1067 WILLIAMS S,1,ROD25.4,A706-GR.60,a6ea7a41-eb9e-49f7-985a-8b0ac6f1317d
W10-63,piece-to-piece,EMBED,SP25-1067-31,,1,PD66.675*15.875,A706-GR.60,513f829b-dca7-4a0a-821d-1a908723d25d
W10-63,piece-to-piece,EMBED,SP25-1067-21,,1,ROD41.275,A706-GR.60,3989facd-1c92-4fa2-9830-1905fb1468ea
W10-63,piece-to-piece,INSERT,SP25-1067-11,SP25Mx1067 WILLIAMS S,1,ROD25.4,A706-GR.60,eeca8699-e91f-4bfb-9cd9-b0ab2c9e7072
W10-63,piece-to-piece,EMBED,SP25-1067-31,,1,PD66.675*15.875,A706-GR.60,3fa9d043-a5b2-49eb-b3fa-b7ae91c0f0bb
W10-63,piece-to-piece,EMBED,SP25-1067-21,,1,ROD41.275,A706-GR.60,8bf1a7e1-057e-4fbf-8dff-cd00fe732194
W10-63,piece-to-piece,INSERT,SP25-1067-11,SP25Mx1067 WILLIAMS S,1,ROD25.4,A706-GR.60,364d6d71-a52f-4feb-84cd-7260d1d72e75
W10-63,piece-to-piece,EMBED,SP25-1067-31,,1,PD66.675*15.875,A706-GR.60,ed85a9bc-9f9f-4ded-915c-72cb07001c80
W10-63,piece-to-piece,EMBED,SP25-1067-21,,1,ROD41.275,A706-GR.60,a937b98c-d88e-4bca-8259-842c76a85764
W10-63,piece-to-piece,INSERT,SP25-1067-11,SP25Mx1067 WILLIAMS S,1,ROD25.4,A706-GR.60,a4c57b6a-8478-459e-bc07-e725f4247db8
W10-63,piece-to-piece,EMBED,SP25-1067-31,,1,PD66.675*15.875,A706-GR.60,bb3cf2ca-c39b-454d-a3de-03775dd43a07
W10-63,piece-to-piece,EMBED,SP25-1067-21,,1,ROD41.275,A706-GR.60,2e0b59d6-6cc1-475e-82ca-71b5dd615922
W10-63,piece-to-piece,INSERT,SP25-1067-11,SP25Mx1067 WILLIAMS S,1,ROD25.4,A706-GR.60,d7d12ab1-08a9-4be7-a2d6-b8cf482fa0f7
W10-63,piece-to-piece,EMBED,SP25-1067-31,,1,PD66.675*15.875,A706-GR.60,38590a6b-fb6d-4c7d-8b00-567b8294e8ad
W10-63,piece-to-piece,EMBED,SP25-1067-21,,1,ROD41.275,A706-GR.60,76d626ac-09a3-4ece-a137-6f1daf33443a
W10-63,piece-to-piece,INSERT,SP25-1067-11,SP25Mx1067 WILLIAMS S,1,ROD25.4,A706-GR.60,c2dac506-62a7-4fa7-bc9d-c902475494b3
W10-63,piece-to-piece,EMBED,SP25-1067-31,,1,PD66.675*15.875,A706-GR.60,483e1f4e-d6d9-48e5-b796-ed0288c103cb
W10-63,piece-to-piece,EMBED,SP25-1067-21,,1,ROD41.275,A706-GR.60,9886e9e9-fd31-48c4-b9b8-1aacbb1d01a3
W10-63,piece-to-piece,GROUT_TUBE,GT75-686,75Ø x 686 GROUT TUBE,1,ROD76,Zero_Density,36f249d9-7299-43e5-bc5e-b7ece7268af6
W10-63,piece-to-piece,INSERT,SP15-457-11,15Mx457 WILLIAMS SPL,1,ROD16,400W,2b3fc597-dfcb-4735-8675-e25cd4a27c8f
W10-63,piece-to-piece,INSERT,SP15-457-31,,1,PD52.387*12.7,400W,0ec1f798-7dda-44e5-a7c8-be2ac63d503c
W10-63,piece-to-piece,INSERT,SP15-457-21,,1,ROD26.987,400W,fa7b3a21-6271-4e63-ba7f-473b605b857d
W10-63,piece-to-piece,GROUT_TUBE,GT75-1219,75Ø x 1219 GROUT TUBE,1,ROD76,Zero_Density,1681b060-06ed-4dc2-a1f8-76a1190065a4
W10-63,piece-to-piece,INSERT,SP25-1067-11,SP25Mx1067 WILLIAMS S,1,ROD25.4,A706-GR.60,2ab7b3cb-34a8-4371-9312-316b9b29fd8c
W10-63,piece-to-piece,EMBED,SP25-1067-31,,1,PD66.675*15.875,A706-GR.60,40bf481c-ce87-45ed-92db-41138f296cc2
W10-63,piece-to-piece,EMBED,SP25-1067-21,,1,ROD41.275,A706-GR.60,42f65651-ba58-4987-8077-368cf54a6854
W10-63,piece-to-piece,GROUT_TUBE,GT75-1219,75Ø x 1219 GROUT TUBE,1,ROD76,Zero_Density,61815f87-bbdb-4bd4-9584-55d93a186229
W10-63,piece-to-piece,INSERT,SP25-1067-11,SP25Mx1067 WILLIAMS S,1,ROD25.4,A706-GR.60,30ee6772-19a3-4b11-bab2-110780a0597a
W10-63,piece-to-piece,EMBED,SP25-1067-31,,1,PD66.675*15.875,A706-GR.60,de48c512-b955-45e8-95c3-793e6cb158f0
W10-63,piece-to-piece,EMBED,SP25-1067-21,,1,ROD41.275,A706-GR.60,b763e1bd-d306-42b5-a048-49116e8f6d40
W10-63,piece-to-piece,GROUT_TUBE,GT76-254,76Øx254mm G.TUBE,1,ROD76.2,Zero_Density,e3a49ddf-738f-46d4-a0ba-59fed35c7903
W10-63,piece-to-piece,GROUT_TUBE,GT76-254,76Øx254mm G.TUBE,1,ROD76.2,Zero_Density,e1d1d3b0-3f68-4179-a174-557e86776360
W10-63,piece-to-piece,GROUT_TUBE,GT76-254,76Øx254mm G.TUBE,1,ROD76.2,Zero_Density,1ac98eda-1d73-4f75-a1c1-b34447223c10
W10-63,piece-to-piece,GROUT_TUBE,GT76-254,76Øx254mm G.TUBE,1,ROD76.2,Zero_Density,dc2c5999-4e9d-48bb-86b5-fb94df80ae59
W10-63,piece-to-piece,GROUT_TUBE,GT76-254,76Øx254mm G.TUBE,1,ROD76.2,Zero_Density,01061eb4-14a8-40c2-aee7-5c72caff9f78
W10-63,piece-to-piece,GROUT_TUBE,GT76-254,76Øx254mm G.TUBE,1,ROD76.2,Zero_Density,9890d675-6589-41c3-a4e2-f9696a9d1c1c
W10-63,piece-to-piece,CONDUIT,CNDT37,19MM CONDUIT,1,ROD19,Zero_Density,cc649769-55ce-4f87-bdac-5ce4ba125011
W10-63,piece-to-piece,PLATE,EB-S-PL1,Single Plastic Electr,1,160*50.8,Zero_Density,3931ed13-1b1a-4aa9-876a-944ae972efb1
W10-63,piece-to-piece,INSERT,P-300-11,19Ø INSERT (NC),1,ROD23.813,A36,64160253-fb84-4c3b-b437-42b8cc11134f
W10-63,piece-to-piece,EMBED,P-300-21,,1,ROD6.35,A36,b0e4338a-8e83-404b-a540-2c7b5fac1d25
W10-63,piece-to-piece,INSERT,P-300-11,19Ø INSERT (NC),1,ROD23.813,A36,5c268efa-c7ba-4fbd-9514-4630af4f4657
W10-63,piece-to-piece,EMBED,P-300-21,,1,ROD6.35,A36,a8c55486-666b-4f27-a7d1-6ca6458df925
W10-63,piece-to-piece,ANCHOR,P-205-11,12000LB FORGED ANCHOR,1,PL15.88,A36,0cad75e7-b062-4582-904c-2a295297d15b
W10-63,piece-to-piece,EMBED,P-205-21,,1,PL76.2*12.7,A36,b6ba7848-aa6f-4679-b4fa-e6ce2bf1cc6d
W10-63,piece-to-piece,EMBED,P-205-31,,1,SPHERE47.625,A36,89bd9840-8385-47ba-8015-617d88c4d5a6
W10-63,piece-to-piece,EMBED,P-205-32,,1,PL54,Steel_Undefined,b3537eb8-84ac-4e67-8488-a58a48f09e10
W10-63,piece-to-piece,ANCHOR,P-205-11,12000LB FORGED ANCHOR,1,PL15.88,A36,20b13605-d490-49e6-85fa-6505faf72540
W10-63,piece-to-piece,EMBED,P-205-21,,1,PL76.2*12.7,A36,5c8f4de7-580b-4059-92bf-d49183255337
W10-63,piece-to-piece,EMBED,P-205-31,,1,SPHERE47.625,A36,61f154cd-3e48-41d6-b92e-68235c59c469
W10-63,piece-to-piece,EMBED,P-205-32,,1,PL54,Steel_Undefined,6872c345-bda8-4cde-bd73-c2555e03c8c8
W10-106,piece-to-piece,GROUT_TUBE,GT75-575,75Ø GROUT TUBE x 575,1,ROD76.2,Zero_Density,6a27d0e3-d760-4610-b74b-110273d4c9a0
W10-106,piece-to-piece,GROUT_TUBE,GT75-575,75Ø GROUT TUBE x 575,1,ROD76.2,Zero_Density,842b4813-a614-41a7-a0be-a6954206af0e
W10-106,piece-to-piece,GROUT_TUBE,GT75-575,75Ø GROUT TUBE x 575,1,ROD76.2,Zero_Density,6647d1a5-ba74-4115-81f2-df07c65f01d7
W10-106,piece-to-piece,GROUT_TUBE,GT75-575,75Ø GROUT TUBE x 575,1,ROD76.2,Zero_Density,a432078e-8cc2-4442-8d04-3baf7147e68f
W10-106,piece-to-piece,GROUT_TUBE,GT75-575,75Ø GROUT TUBE x 575,1,ROD76.2,Zero_Density,a218df58-618e-40f7-9913-3acfce03d858
W10-106,piece-to-piece,GROUT_TUBE,GT75-575,75Ø GROUT TUBE x 575,1,ROD76.2,Zero_Density,9dcd3ada-ccc1-4ae5-a2be-e10e3b80252e
W10-106,piece-to-piece,GROUT_TUBE,GT75-575,75Ø GROUT TUBE x 575,1,ROD76.2,Zero_Density,2c2a9d34-67e2-455d-b7c0-e4f329549ff3
W10-106,piece-to-piece,GROUT_TUBE,GT75-575,75Ø GROUT TUBE x 575,1,ROD76.2,Zero_Density,f839b54d-653d-4513-803b-e095cd1062d4
W10-106,piece-to-piece,GROUT_TUBE,GT75-575,75Ø GROUT TUBE x 575,1,ROD76.2,Zero_Density,ad1c2970-9f0f-4860-889c-c6bd7a2c61dc
W10-106,piece-to-piece,INSERT,P-300-11,19Ø INSERT (NC),1,ROD23.813,A36,6c287147-e22f-40c4-8356-d264cc2ba358
W10-106,piece-to-piece,EMBED,P-300-21,,1,ROD6.35,A36,cf37b0d5-3b70-410d-9e97-f546fa1e7a02
W10-106,piece-to-piece,INSERT,P-300-11,19Ø INSERT (NC),1,ROD23.813,A36,85fa8907-8529-44d1-897c-8296a136508f
W10-106,piece-to-piece,EMBED,P-300-21,,1,ROD6.35,A36,7b59fa07-7390-4225-8942-828d8e749237
W10-106,piece-to-piece,ANCHOR,P-205-11,12000LB FORGED ANCHOR,1,PL15.88,A36,d02e9450-c594-42d1-a69c-7254c3907f86
W10-106,piece-to-piece,EMBED,P-205-21,,1,PL76.2*12.7,A36,706b6298-3c80-4b4e-9c0a-7e9b7d918512
W10-106,piece-to-piece,EMBED,P-205-31,,1,SPHERE47.625,A36,e952beff-b851-4a0c-8eda-37feeb0bb078
W10-106,piece-to-piece,EMBED,P-205-32,,1,PL54,Steel_Undefined,534960e0-1aad-4888-a523-097517de7c3b
W10-106,piece-to-piece,ANCHOR,P-205-11,12000LB FORGED ANCHOR,1,PL15.88,A36,f002641e-ae7f-4b65-870d-95ba0feb1b93
W10-106,piece-to-piece,EMBED,P-205-21,,1,PL76.2*12.7,A36,cf98c28b-88e3-49c1-900a-32134a94f504
W10-106,piece-to-piece,EMBED,P-205-31,,1,SPHERE47.625,A36,b48d9569-377b-4056-b2d4-963e60a81b54
W10-106,piece-to-piece,EMBED,P-205-32,,1,PL54,Steel_Undefined,07157f4f-fbca-4de7-9f4a-95fb72aad2f3
W10-106,piece-to-piece,ANCHOR,P-205-11,12000LB FORGED ANCHOR,1,PL15.88,A36,da718450-ec7a-459e-8bd6-116599ae0446
W10-106,piece-to-piece,EMBED,P-205-21,,1,PL76.2*12.7,A36,22028fad-9fec-4d72-8204-eb1fa489b123
W10-106,piece-to-piece,EMBED,P-205-31,,1,SPHERE47.625,A36,9ac9d6ab-35cc-40b0-a796-bb69745f702e
W10-106,piece-to-piece,EMBED,P-205-32,,1,PL54,Steel_Undefined,ed144d75-bf0f-4e00-884e-64e6e91ad698
W10-106,piece-to-piece,ANCHOR,P-205-11,12000LB FORGED ANCHOR,1,PL15.88,A36,18f5f508-e8e4-4c37-a6ff-2f4420f811d1
W10-106,piece-to-piece,EMBED,P-205-21,,1,PL76.2*12.7,A36,43d6d6fe-87c6-4ecb-a496-5325453bcf7e
W10-106,piece-to-piece,EMBED,P-205-31,,1,SPHERE47.625,A36,01647493-21aa-4b9e-8aee-712b25ab7cee
W10-106,piece-to-piece,EMBED,P-205-32,,1,PL54,Steel_Undefined,7e84f3fa-0bae-442c-82cf-c5c06820bd91
W10-21,piece-to-piece,GROUT_TUBE,GT75-575,75Ø GROUT TUBE x 575,1,ROD76.2,Zero_Density,8a6411f0-1c80-46eb-92c7-ac770cd5cc70
W10-21,piece-to-piece,GROUT_TUBE,GT75-575,75Ø GROUT TUBE x 575,1,ROD76.2,Zero_Density,a9761d31-8e14-4d11-88fb-6db70e227d6f
W10-21,piece-to-piece,GROUT_TUBE,GT75-575,75Ø GROUT TUBE x 575,1,ROD76.2,Zero_Density,edf80c6c-dd05-4aa7-ac17-517fffeb5bab
W10-21,piece-to-piece,GROUT_TUBE,GT75-575,75Ø GROUT TUBE x 575,1,ROD76.2,Zero_Density,2aa83493-271f-4a14-9b63-fa2809e59e98
W10-21,piece-to-piece,GROUT_TUBE,GT75-575,75Ø GROUT TUBE x 575,1,ROD76.2,Zero_Density,8f2710f8-9bdb-46cc-b994-f4a9fcc16017
W10-21,piece-to-piece,GROUT_TUBE,GT75-575,75Ø GROUT TUBE x 575,1,ROD76.2,Zero_Density,27e43875-1187-4734-aa22-bb41d581c559
W10-21,piece-to-piece,GROUT_TUBE,GT75-575,75Ø GROUT TUBE x 575,1,ROD76.2,Zero_Density,f48acb79-9c0c-4f0f-b3a3-cfba537d14e6
W10-21,piece-to-piece,GROUT_TUBE,GT75-575,75Ø GROUT TUBE x 575,1,ROD76.2,Zero_Density,2db10ae2-9d29-4d67-9344-939f4f74e374
W10-21,piece-to-piece,GROUT_TUBE,GT75-575,75Ø GROUT TUBE x 575,1,ROD76.2,Zero_Density,d36ee801-12ae-4266-a21c-4aa5aafc82a8
W10-21,piece-to-piece,INSERT,P-300-11,19Ø INSERT (NC),1,ROD23.813,A36,c2f030e1-39c8-481d-9782-aa473456a7b7
W10-21,piece-to-piece,EMBED,P-300-21,,1,ROD6.35,A36,104fb6f6-70ca-4a33-ba5c-757fb20c9cc4
W10-21,piece-to-piece,INSERT,P-300-11,19Ø INSERT (NC),1,ROD23.813,A36,98191a9a-8f15-402a-ae84-1f6a24e110a4
W10-21,piece-to-piece,EMBED,P-300-21,,1,ROD6.35,A36,192279ae-819e-4d0c-b7bb-f55347e16432
W10-21,piece-to-piece,ANCHOR,P-205-11,12000LB FORGED ANCHOR,1,PL15.88,A36,665b075d-b05c-45d8-a292-c5ed067b2591
W10-21,piece-to-piece,EMBED,P-205-21,,1,PL76.2*12.7,A36,9b71376c-41ed-4d0e-93dc-88f6b127219e
W10-21,piece-to-piece,EMBED,P-205-31,,1,SPHERE47.625,A36,64c0c3d5-dcaf-45ba-ac68-ceafe565653d
W10-21,piece-to-piece,EMBED,P-205-32,,1,PL54,Steel_Undefined,82d34327-8568-45fa-8fed-b0089dda8fbc
W10-21,piece-to-piece,ANCHOR,P-205-11,12000LB FORGED ANCHOR,1,PL15.88,A36,210b1fe6-b4eb-461b-9698-63e47c13f3d0
W10-21,piece-to-piece,EMBED,P-205-21,,1,PL76.2*12.7,A36,596db05b-6d9f-4e93-b51a-3916277d25ba
W10-21,piece-to-piece,EMBED,P-205-31,,1,SPHERE47.625,A36,9d5d882c-f3d4-4fc3-9ed1-92c3c7dfa685
W10-21,piece-to-piece,EMBED,P-205-32,,1,PL54,Steel_Undefined,549efcf8-ece0-4e4a-8164-513645db701a
W10-21,piece-to-piece,ANCHOR,P-205-11,12000LB FORGED ANCHOR,1,PL15.88,A36,0e5220fc-0720-4a0d-b58b-b4e1fac35750
W10-21,piece-to-piece,EMBED,P-205-21,,1,PL76.2*12.7,A36,787a5d05-1443-4eb5-a553-a2760d270010
W10-21,piece-to-piece,EMBED,P-205-31,,1,SPHERE47.625,A36,f49d3cce-0283-4b44-bb67-a6052d2d22d8
W10-21,piece-to-piece,EMBED,P-205-32,,1,PL54,Steel_Undefined,b1c742d3-fb82-46f1-abab-2c8195f7e726
W10-21,piece-to-piece,ANCHOR,P-205-11,12000LB FORGED ANCHOR,1,PL15.88,A36,21debba0-0fb6-4453-a635-f49467807f39
W10-21,piece-to-piece,EMBED,P-205-21,,1,PL76.2*12.7,A36,c7f9dfa9-6935-4356-b03d-062f55c94fe4
W10-21,piece-to-piece,EMBED,P-205-31,,1,SPHERE47.625,A36,4b3eb812-c329-4672-8d6c-ddde99861be1
W10-21,piece-to-piece,EMBED,P-205-32,,1,PL54,Steel_Undefined,5b0a9702-1242-4c5c-8821-3c73e8e7cdc8
W10-52,piece-to-piece,GROUT_TUBE,GT75-575,75Ø GROUT TUBE x 575,1,ROD76.2,Zero_Density,a731d61d-45df-4c1f-8a14-10acbaa1fb3e
W10-52,piece-to-piece,INSERT,P-300-11,19Ø INSERT (NC),1,ROD23.813,A36,e19d299c-982b-488f-b6f0-2a3249262a6f
W10-52,piece-to-piece,EMBED,P-300-21,,1,ROD6.35,A36,e7a4b007-e9db-4062-8fe1-12f302a04c4e
W10-52,piece-to-piece,INSERT,P-300-11,19Ø INSERT (NC),1,ROD23.813,A36,8677c085-46c5-4464-88bb-5c4f3bf256b8
W10-52,piece-to-piece,EMBED,P-300-21,,1,ROD6.35,A36,8e440896-0314-4411-a9b2-76b57ad41b1c
W10-52,piece-to-piece,EMBED,P-221,13Øx2743 AC 10375LB,1,CABLE12.7,Steel_Undefined,d405abd4-69bc-48d5-bfc9-22551b987140
W10-52,piece-to-piece,EMBED,P-221,13Øx2743 AC 10375LB,1,CABLE12.7,Steel_Undefined,7bc4b02f-570f-47bc-aa1f-0acc4b6e92fe
W10-74,piece-to-piece,GROUT_TUBE,GT75-575,75Ø GROUT TUBE x 575,1,ROD76.2,Zero_Density,6a86dc2a-d335-42d8-8f02-76b97278c393
W10-74,piece-to-piece,INSERT,P-300-11,19Ø INSERT (NC),1,ROD23.813,A36,86623f9d-b73c-470f-9965-4a2bb64cea62
W10-74,piece-to-piece,EMBED,P-300-21,,1,ROD6.35,A36,40f540f2-38fe-4122-b2d0-cffcd64c6a01
W10-74,piece-to-piece,INSERT,P-300-11,19Ø INSERT (NC),1,ROD23.813,A36,7c58bf15-4708-4e5a-bbb4-ff0641cf869d
W10-74,piece-to-piece,EMBED,P-300-21,,1,ROD6.35,A36,827d10a0-4e03-4d28-8aec-604cc5ce97ee
W10-74,piece-to-piece,EMBED,P-221,13Øx2743 AC 10375LB,1,CABLE12.7,Steel_Undefined,761b9248-0bae-4e8c-86c6-7b6b34fae514
W10-74,piece-to-piece,EMBED,P-221,13Øx2743 AC 10375LB,1,CABLE12.7,Steel_Undefined,7299f735-771e-4a1b-99cd-933bccb64868
W10-117,piece-to-piece,GROUT_TUBE,GT75-575,75Ø GROUT TUBE x 575,1,ROD76.2,Zero_Density,47cfa413-dbf7-4e17-aa79-e6ea26012b36
W10-117,piece-to-piece,INSERT,P-300-11,19Ø INSERT (NC),1,ROD23.813,A36,762ca830-c79b-477d-a2f6-cd4b032d5249
W10-117,piece-to-piece,EMBED,P-300-21,,1,ROD6.35,A36,6e80f38d-fe01-41bf-8135-a09302e26705
W10-117,piece-to-piece,INSERT,P-300-11,19Ø INSERT (NC),1,ROD23.813,A36,82bc2a29-ac87-4de3-aadc-65dddd6d4a07
W10-117,piece-to-piece,EMBED,P-300-21,,1,ROD6.35,A36,c7bc96c8-b147-45bb-a1de-519298fc49f8
W10-117,piece-to-piece,EMBED,P-221,13Øx2743 AC 10375LB,1,CABLE12.7,Steel_Undefined,0f606a5b-4847-49bc-888f-5f937a524841
W10-117,piece-to-piece,EMBED,P-221,13Øx2743 AC 10375LB,1,CABLE12.7,Steel_Undefined,7c17d3d9-edc5-4c39-8ade-5a28d20cffa4
W10-102,piece-to-piece,GROUT_TUBE,GT75-575,75Ø GROUT TUBE x 575,1,ROD76.2,Zero_Density,446af360-cbed-435d-b82d-bc97c2a0abc3
W10-102,piece-to-piece,INSERT,P-300-11,19Ø INSERT (NC),1,ROD23.813,A36,3e769d80-9367-4347-91ed-ffe648561b29
W10-102,piece-to-piece,EMBED,P-300-21,,1,ROD6.35,A36,e81488ce-9dd4-4e55-bc9d-e84712e9601f
W10-102,piece-to-piece,INSERT,P-300-11,19Ø INSERT (NC),1,ROD23.813,A36,a9314aeb-4a3f-41c3-bc17-9634ebc26ffc
W10-102,piece-to-piece,EMBED,P-300-21,,1,ROD6.35,A36,407ef5d1-ef97-4e61-bc49-adfee0ccf191
W10-102,piece-to-piece,EMBED,P-221,13Øx2743 AC 10375LB,1,CABLE12.7,Steel_Undefined,cfc67b2d-4496-481b-b625-db1ba4befd50
W10-102,piece-to-piece,EMBED,P-221,13Øx2743 AC 10375LB,1,CABLE12.7,Steel_Undefined,930029ae-0151-4175-a054-2d6e8b756497
W10-101,piece-to-piece,GROUT_TUBE,GT75-575,75Ø GROUT TUBE x 575,1,ROD76.2,Zero_Density,cb0c58b0-782e-4fe5-a9a0-4ac6b190816d
W10-101,piece-to-piece,GROUT_TUBE,GT75-575,75Ø GROUT TUBE x 575,1,ROD76.2,Zero_Density,7cba3213-16ef-44e7-a1b5-7a12ea8256ce
W10-101,piece-to-piece,GROUT_TUBE,GT75-575,75Ø GROUT TUBE x 575,1,ROD76.2,Zero_Density,5daea460-752d-4dce-ad6e-8ac98d138f72
W10-101,piece-to-piece,GROUT_TUBE,GT75-575,75Ø GROUT TUBE x 575,1,ROD76.2,Zero_Density,cb0b55cc-7c82-440c-b9df-f6f07700a72b
W10-101,piece-to-piece,GROUT_TUBE,GT75-575,75Ø GROUT TUBE x 575,1,ROD76.2,Zero_Density,0794d2a1-b878-4278-a57a-be80932f0c32
W10-101,piece-to-piece,GROUT_TUBE,GT75-575,75Ø GROUT TUBE x 575,1,ROD76.2,Zero_Density,fbeb668e-7027-4612-9753-6f2e8f820ecb
W10-101,piece-to-piece,INSERT,P-300-11,19Ø INSERT (NC),1,ROD23.813,A36,c14a6996-213a-4a7f-834c-efc21b21f893
W10-101,piece-to-piece,EMBED,P-300-21,,1,ROD6.35,A36,9e93e430-2ec4-44f2-822b-045c2c15b22e
W10-101,piece-to-piece,INSERT,P-300-11,19Ø INSERT (NC),1,ROD23.813,A36,95c37982-4013-4660-a902-90a7ea37997a
W10-101,piece-to-piece,EMBED,P-300-21,,1,ROD6.35,A36,435cf7f5-2591-41ac-94d1-f168c412be32
W10-101,piece-to-piece,GROUT_TUBE,GT75-575,75Ø GROUT TUBE x 575,1,ROD76.2,Zero_Density,dce13992-b13c-4659-ac25-b2c18110fbf3
W10-101,piece-to-piece,ANCHOR,P-205-11,12000LB FORGED ANCHOR,1,PL15.88,A36,518cdc12-49d9-480d-87cd-67d7addff49e
W10-101,piece-to-piece,EMBED,P-205-21,,1,PL76.2*12.7,A36,da267087-e7ff-44e5-834b-10289276a5a0
W10-101,piece-to-piece,EMBED,P-205-31,,1,SPHERE47.625,A36,71938ad2-ed82-4e50-8f6b-763c8f1ab311
W10-101,piece-to-piece,EMBED,P-205-32,,1,PL54,Steel_Undefined,dd95174b-0f97-42d2-8c6a-8bd0f26b88ca
W10-101,piece-to-piece,ANCHOR,P-205-11,12000LB FORGED ANCHOR,1,PL15.88,A36,0900840a-7eb1-424a-84c9-649f48d08cd0
W10-101,piece-to-piece,EMBED,P-205-21,,1,PL76.2*12.7,A36,8404d007-866d-4b24-9e8b-a266a61df327
W10-101,piece-to-piece,EMBED,P-205-31,,1,SPHERE47.625,A36,2d6f4d7d-8b52-4058-9744-c2a48a6596c1
W10-101,piece-to-piece,EMBED,P-205-32,,1,PL54,Steel_Undefined,f5e41981-b45a-41ed-a184-78c36448a164
W10-108,piece-to-piece,GROUT_TUBE,GT75-575,75Ø GROUT TUBE x 575,1,ROD76.2,Zero_Density,34f000b5-43ff-49f4-858d-7489b1e2f102
W10-108,piece-to-piece,GROUT_TUBE,GT75-575,75Ø GROUT TUBE x 575,1,ROD76.2,Zero_Density,0af38d58-be43-4107-856e-6ae930d62fc0
W10-108,piece-to-piece,GROUT_TUBE,GT75-575,75Ø GROUT TUBE x 575,1,ROD76.2,Zero_Density,85fac921-bd8c-4162-a361-c757f11c23cb
W10-108,piece-to-piece,GROUT_TUBE,GT75-575,75Ø GROUT TUBE x 575,1,ROD76.2,Zero_Density,1fa6e981-6f78-44a9-a70c-28bc8408ab87
W10-108,piece-to-piece,GROUT_TUBE,GT75-575,75Ø GROUT TUBE x 575,1,ROD76.2,Zero_Density,dad2da0c-9174-4452-8352-b5a284063781
W10-108,piece-to-piece,GROUT_TUBE,GT75-575,75Ø GROUT TUBE x 575,1,ROD76.2,Zero_Density,42065c82-c30d-4f12-bfe9-a391e3601906
W10-108,piece-to-piece,INSERT,P-300-11,19Ø INSERT (NC),1,ROD23.813,A36,816f9065-ee0c-488c-96cb-15058b586e7f
W10-108,piece-to-piece,EMBED,P-300-21,,1,ROD6.35,A36,8275ab65-4c71-4db3-b524-7d1f52e7c15c
W10-108,piece-to-piece,INSERT,P-300-11,19Ø INSERT (NC),1,ROD23.813,A36,5c3e3ed3-51fe-4e24-a11f-62a6766b8f81
W10-108,piece-to-piece,EMBED,P-300-21,,1,ROD6.35,A36,e01f0f18-657a-49fc-be8d-fd4c80dc1bac
W10-108,piece-to-piece,ANCHOR,P-205-11,12000LB FORGED ANCHOR,1,PL15.88,A36,c0b346a0-4f4e-4c89-bbb3-4dafc45d0946
W10-108,piece-to-piece,EMBED,P-205-21,,1,PL76.2*12.7,A36,ace9ef9d-a775-4607-9446-63ca316039f3
W10-108,piece-to-piece,EMBED,P-205-31,,1,SPHERE47.625,A36,b002ac01-bc8d-44d3-8989-c18178c6f0ee
W10-108,piece-to-piece,EMBED,P-205-32,,1,PL54,Steel_Undefined,d9e70ba0-8fe4-4615-8cf0-5d48241a6e94
W10-108,piece-to-piece,ANCHOR,P-205-11,12000LB FORGED ANCHOR,1,PL15.88,A36,28d6c95e-d55c-4b2e-8c16-2740a19a7abb
W10-108,piece-to-piece,EMBED,P-205-21,,1,PL76.2*12.7,A36,ee5a73e1-10a7-4894-b8d9-8c74aa099b67
W10-108,piece-to-piece,EMBED,P-205-31,,1,SPHERE47.625,A36,2d206856-05f3-4fd4-8f68-05514f717e19
W10-108,piece-to-piece,EMBED,P-205-32,,1,PL54,Steel_Undefined,11e66c9d-9d00-4eb7-bd3d-14e9b21edd19
W10-111,piece-to-piece,GROUT_TUBE,GT75-575,75Ø GROUT TUBE x 575,1,ROD76.2,Zero_Density,cbb1415e-ffb6-4e23-b74a-232109297c03
W10-111,piece-to-piece,GROUT_TUBE,GT75-575,75Ø GROUT TUBE x 575,1,ROD76.2,Zero_Density,a42c7eb7-7f19-424e-8f37-6afe7bfc822e
W10-111,piece-to-piece,GROUT_TUBE,GT75-575,75Ø GROUT TUBE x 575,1,ROD76.2,Zero_Density,ca2a243c-b07b-4763-b698-de7e99277b0e
W10-111,piece-to-piece,GROUT_TUBE,GT75-575,75Ø GROUT TUBE x 575,1,ROD76.2,Zero_Density,86e08ec8-61b6-4231-9853-83006714e53f
W10-111,piece-to-piece,GROUT_TUBE,GT75-575,75Ø GROUT TUBE x 575,1,ROD76.2,Zero_Density,ea466ecc-9664-4851-a04c-ebe8a4bfd23d
W10-111,piece-to-piece,GROUT_TUBE,GT75-575,75Ø GROUT TUBE x 575,1,ROD76.2,Zero_Density,c7610575-6a00-4388-be8f-ee92b9443220
W10-111,piece-to-piece,GROUT_TUBE,GT75-575,75Ø GROUT TUBE x 575,1,ROD76.2,Zero_Density,6308267a-1c5f-48dd-b6ce-70d3658c40f9
W10-111,piece-to-piece,GROUT_TUBE,GT75-575,75Ø GROUT TUBE x 575,1,ROD76.2,Zero_Density,e407223b-264d-434a-94e7-7b46d7f234d2
W10-111,piece-to-piece,GROUT_TUBE,GT75-575,75Ø GROUT TUBE x 575,1,ROD76.2,Zero_Density,d59d116a-9997-4a7f-bdf9-58c9f569bf2f
W10-111,piece-to-piece,INSERT,P-300-11,19Ø INSERT (NC),1,ROD23.813,A36,468736d8-1bdf-4a44-aa26-9811f47becaa
W10-111,piece-to-piece,EMBED,P-300-21,,1,ROD6.35,A36,6060d689-9ad7-43e3-8e02-b2da1267ce15
W10-111,piece-to-piece,INSERT,P-300-11,19Ø INSERT (NC),1,ROD23.813,A36,57cc1100-888a-43d4-b3bc-99583292de7f
W10-111,piece-to-piece,EMBED,P-300-21,,1,ROD6.35,A36,01f4a28d-b5fe-477b-a86d-d75b818085d8
W10-111,piece-to-piece,ANCHOR,P-205-11,12000LB FORGED ANCHOR,1,PL15.88,A36,ff6aa6b4-f838-4322-a4fb-889e51112c2b
W10-111,piece-to-piece,EMBED,P-205-21,,1,PL76.2*12.7,A36,4b6c9126-4101-49b1-b936-924bbedfd9fe
W10-111,piece-to-piece,EMBED,P-205-31,,1,SPHERE47.625,A36,0a571201-b6bc-4691-8d39-35dd051ef4d2
W10-111,piece-to-piece,EMBED,P-205-32,,1,PL54,Steel_Undefined,d8c534b7-7650-4771-9258-43abeef09edf
W10-111,piece-to-piece,ANCHOR,P-205-11,12000LB FORGED ANCHOR,1,PL15.88,A36,a25ef904-8b8b-46a2-bd08-924861d4c7e2
W10-111,piece-to-piece,EMBED,P-205-21,,1,PL76.2*12.7,A36,9fd1a264-7c2f-4edd-b97a-0396b6d445cf
W10-111,piece-to-piece,EMBED,P-205-31,,1,SPHERE47.625,A36,3f060557-f265-4ceb-9302-92d12e868463
W10-111,piece-to-piece,EMBED,P-205-32,,1,PL54,Steel_Undefined,7e1e3cbf-c45c-4685-a2c9-356f8ee6a454
W10-111,piece-to-piece,ANCHOR,P-205-11,12000LB FORGED ANCHOR,1,PL15.88,A36,dce5730f-ff4e-4f72-b8c7-3922edc4340a
W10-111,piece-to-piece,EMBED,P-205-21,,1,PL76.2*12.7,A36,4efb41f8-c43a-42ae-84e5-a3973f054679
W10-111,piece-to-piece,EMBED,P-205-31,,1,SPHERE47.625,A36,ddd130ab-07a2-4ef0-958a-e4a7ec60cba6
W10-111,piece-to-piece,EMBED,P-205-32,,1,PL54,Steel_Undefined,ab58ca86-a548-4384-9d5b-e3122541bf42
W10-111,piece-to-piece,ANCHOR,P-205-11,12000LB FORGED ANCHOR,1,PL15.88,A36,7f452368-c50a-4889-af90-ae5c443228e4
W10-111,piece-to-piece,EMBED,P-205-21,,1,PL76.2*12.7,A36,f3786c55-de08-4db8-9d46-a2345a3126ef
W10-111,piece-to-piece,EMBED,P-205-31,,1,SPHERE47.625,A36,d864e249-17a4-45b0-92cd-986fae23f965
W10-111,piece-to-piece,EMBED,P-205-32,,1,PL54,Steel_Undefined,54248c2f-cd5a-4865-bebf-490b08d1a4fd
P6-14,piece-to-piece,EMBED,MPX14,V REVEAL LARGE,1,TRIANGLE12.7*12.7,Misc_Undefined,a54f3bb2-0b21-4c15-81eb-9df3c654607c
P6-14,piece-to-piece,EMBED,MPX12,MOUNTPART,1,TRIANGLE51.0*12.7,Misc_Undefined,41c424c0-90b7-4a72-8517-f468bff47795
P6-14,piece-to-piece,EMBED,MPX14,V REVEAL LARGE,1,TRIANGLE12.7*12.7,Misc_Undefined,15161cdb-8b24-49bc-8240-b4d31521dcc4
P6-14,piece-to-piece,EMBED,MPX12,MOUNTPART,1,TRIANGLE51.0*12.7,Misc_Undefined,aecde0af-bc8a-4539-95e3-76dfe6366ca7
P6-14,piece-to-piece,EMBED,MPX13,V REVEAL LARGE,1,TRIANGLE12.7*12.7,Misc_Undefined,8ff69659-ef1b-4abc-98bb-7c9d2004dba7
P6-14,piece-to-piece,INSERT,P-300-11,19Ø INSERT (NC),1,ROD23.813,A36,a4aba802-75d9-4c1b-b8fc-0ba5de70d2ed
P6-14,piece-to-piece,EMBED,P-300-21,,1,ROD6.35,A36,2ed9a5e3-6bca-45da-aa89-1e7e4d1dcea9
P6-14,piece-to-piece,INSERT,P-300-11,19Ø INSERT (NC),1,ROD23.813,A36,728d53ff-d6f3-4553-927c-43ec57d9279f
P6-14,piece-to-piece,EMBED,P-300-21,,1,ROD6.35,A36,f687b80a-7b1a-4a5b-a62e-be92b90126b1
P6-14,piece-to-piece,INSERT,P-300-11,19Ø INSERT (NC),1,ROD23.813,A36,0400bc13-d2bd-4693-b6b8-ef251f03deb6
P6-14,piece-to-piece,EMBED,P-300-21,,1,ROD6.35,A36,5d87a63b-656e-4dec-8b0e-44a5903e8ae3
P6-14,piece-to-piece,INSERT,P-300-11,19Ø INSERT (NC),1,ROD23.813,A36,105c06dd-483d-4fe2-88e4-05517bf71b62
P6-14,piece-to-piece,EMBED,P-300-21,,1,ROD6.35,A36,1b1002c5-1946-4993-98ca-a0e4a4857ea8
P6-14,piece-to-piece,PLATE,P-900-10,25mm KNIFE PLATE,1,PL127*25,A572-GR.50,700f6134-dfc5-442c-bfb4-7ed0b92541a8
P6-14,piece-to-piece,EMBED,P-900-20,,1,PD28.6*4.76,50W,6926d1bf-e5b4-4991-9a90-6a32e5ada59e
P6-14,piece-to-piece,EMBED,P-900-30,,1,STUD_3/4-DIA,A108-GR.90,80418a39-e4f3-4ed8-b276-026d4bdc3604
P6-14,piece-to-piece,PLATE,P-900-10,25mm KNIFE PLATE,1,PL127*25,A572-GR.50,d8055313-5b78-436d-b194-03feca424b75
P6-14,piece-to-piece,EMBED,P-900-20,,1,PD28.6*4.76,50W,e0523b70-bab5-4afe-ba00-27907bec5b3b
P6-14,piece-to-piece,EMBED,P-900-30,,1,STUD_3/4-DIA,A108-GR.90,b7604c7f-e759-4ebe-b0ea-dc624c26ce45
P6-14,piece-to-piece,INSERT,P-300-11,19Ø INSERT (NC),1,ROD23.813,A36,34089f30-82cc-40ff-8d31-5b240fe02034
P6-14,piece-to-piece,EMBED,P-300-21,,1,ROD6.35,A36,009de4da-4996-4dc2-bbdc-1331926fd01f
P6-14,piece-to-piece,INSERT,P-300-11,19Ø INSERT (NC),1,ROD23.813,A36,67b6fc02-0b4f-4915-b6a2-bff70774cf6a
P6-14,piece-to-piece,EMBED,P-300-21,,1,ROD6.35,A36,1de8a793-0c14-4d30-8ae5-3b0c8428d413
P6-14,piece-to-piece,INSERT,P-300-11,19Ø INSERT (NC),1,ROD23.813,A36,ccfe4698-eee3-4c02-95f4-e33432971c2c
P6-14,piece-to-piece,EMBED,P-300-21,,1,ROD6.35,A36,931052d7-ffad-4363-b443-ab78eb924c25
P6-14,piece-to-piece,INSERT,P-300-11,19Ø INSERT (NC),1,ROD23.813,A36,a2109782-7bbc-4730-b1bd-d3074630918f
P6-14,piece-to-piece,EMBED,P-300-21,,1,ROD6.35,A36,7ba5d693-855b-46ad-b632-214863d02148
P6-14,piece-to-piece,INSERT,P-300-11,19Ø INSERT (NC),1,ROD23.813,A36,eba39d61-e2fa-4c16-9e66-3fdd6cfb4273
P6-14,piece-to-piece,EMBED,P-300-21,,1,ROD6.35,A36,dd4c4412-b531-4b1f-a3df-8aec0dded205
P6-14,piece-to-piece,INSERT,P-300-11,19Ø INSERT (NC),1,ROD23.813,A36,fc8edd03-c31b-4cc8-abeb-0a5671382958
P6-14,piece-to-piece,EMBED,P-300-21,,1,ROD6.35,A36,b58762c8-f13f-43b5-b1b1-d216b5824727
P6-14,piece-to-piece,INSERT,P-300-11,19Ø INSERT (NC),1,ROD23.813,A36,0c15a81a-ec3c-4bd1-9153-956de556de06
P6-14,piece-to-piece,EMBED,P-300-21,,1,ROD6.35,A36,309d83d9-e889-484f-be85-97f746a4ba2d
P6-14,piece-to-piece,INSERT,P-300-11,19Ø INSERT (NC),1,ROD23.813,A36,8e0004ea-0935-4d62-ac7c-74e16286cf8f
P6-14,piece-to-piece,EMBED,P-300-21,,1,ROD6.35,A36,976520b3-d729-4d40-a518-9c201e362fc8
P6-14,piece-to-piece,INSERT,P-300-11,19Ø INSERT (NC),1,ROD23.813,A36,9b803c5b-7dea-4a09-8031-fd2f0aca5010
P6-14,piece-to-piece,EMBED,P-300-21,,1,ROD6.35,A36,25d1b875-28be-4767-8daf-289f1f0a1836
P6-14,piece-to-piece,GROUT_TUBE,GT76-152,76Øx152mm G.TUBE,1,ROD76.2,Zero_Density,1a1a63fd-26a6-4bff-bb26-6e12ede3f817
P6-14,piece-to-piece,GROUT_TUBE,GT76-152,76Øx152mm G.TUBE,1,ROD76.2,Zero_Density,fde4adf5-b39c-44f2-8add-68f099896277
P6-14,piece-to-piece,GROUT_TUBE,GT76-152,76Øx152mm G.TUBE,1,ROD76.2,Zero_Density,abba35d2-d31e-4907-8c46-4c45b5bba640
P6-14,piece-to-piece,GROUT_TUBE,GT76-152,76Øx152mm G.TUBE,1,ROD76.2,Zero_Density,768f82fe-779d-4120-a6fc-8076f9a2c99b
P6-14,piece-to-piece,GROUT_TUBE,GT76-152,76Øx152mm G.TUBE,1,ROD76.2,Zero_Density,286b784c-5aea-439a-9762-b0103a8b790b
P6-14,piece-to-piece,GROUT_TUBE,GT76-152,76Øx152mm G.TUBE,1,ROD76.2,Zero_Density,d5831505-0228-41b9-8cd9-73ca02a8b8a7
P6-14,piece-to-piece,INSERT,P-300-11,19Ø INSERT (NC),1,ROD23.813,A36,dc9c2647-bf27-405f-a4f8-0ff3aa6a6d0d
P6-14,piece-to-piece,EMBED,P-300-21,,1,ROD6.35,A36,c35a3185-3642-446a-a8fb-10d09c43c67c
P6-14,piece-to-piece,INSERT,P-300-11,19Ø INSERT (NC),1,ROD23.813,A36,e986cde6-6874-44ed-87bb-36656ccf0746
P6-14,piece-to-piece,EMBED,P-300-21,,1,ROD6.35,A36,b03d8109-e574-42bc-837d-1b9f4ed6b649
P6-14,piece-to-piece,INSERT,P-300-11,19Ø INSERT (NC),1,ROD23.813,A36,4d570f14-5111-41a5-827c-9bb2f03d478d
P6-14,piece-to-piece,EMBED,P-300-21,,1,ROD6.35,A36,512271a5-0c50-4404-88d1-2d67552077f9
P6-14,piece-to-piece,INSERT,P-300-11,19Ø INSERT (NC),1,ROD23.813,A36,c28b7d1d-4f0d-4077-be76-bf5c183d727a
P6-14,piece-to-piece,EMBED,P-300-21,,1,ROD6.35,A36,733f9aae-c939-4bf8-9b03-7da734247bf9
P6-14,piece-to-piece,INSERT,P-300-11,19Ø INSERT (NC),1,ROD23.813,A36,e5394759-0088-431d-bfda-7331dd973d88
P6-14,piece-to-piece,EMBED,P-300-21,,1,ROD6.35,A36,6aa8e3ee-175a-49a9-9578-62642ba74760
P6-14,piece-to-piece,CONDUIT,CNDT24,19MM CONDUIT,1,ROD19,Zero_Density,58541101-d732-42db-951b-efbdd0f9cbbd
P6-14,piece-to-piece,PLATE,EB-S-PL1,Single Plastic Electr,1,160*50.8,Zero_Density,74ed1d42-9aef-4487-837e-272842e05bef
P6-14,piece-to-piece,ANCHOR,P-205-11,12000LB FORGED ANCHOR,1,PL15.88,A36,a52dd888-ffe4-4d99-b217-bd953df09adb
P6-14,piece-to-piece,EMBED,P-205-21,,1,PL76.2*12.7,A36,623e8156-4929-4030-bb97-0a5303357e2b
P6-14,piece-to-piece,EMBED,P-205-31,,1,SPHERE47.625,A36,cdbb4016-2e9c-40be-983a-c748fb205082
P6-14,piece-to-piece,EMBED,P-205-32,,1,PL54,Steel_Undefined,9829e4fc-9586-4bf9-b520-838ef942c111
P6-14,piece-to-piece,ANCHOR,P-205-11,12000LB FORGED ANCHOR,1,PL15.88,A36,158aab1b-51a5-466c-9387-fef4c026553a
P6-14,piece-to-piece,EMBED,P-205-21,,1,PL76.2*12.7,A36,479517bc-ea49-41cc-aad0-3d2777233e55
P6-14,piece-to-piece,EMBED,P-205-31,,1,SPHERE47.625,A36,2c5b1b63-68fb-4f01-94e8-736714f01631
P6-14,piece-to-piece,EMBED,P-205-32,,1,PL54,Steel_Undefined,0c20cf02-d15f-4219-9090-27db036e3af4
P6-14,piece-to-piece,ANCHOR,P-205-11,12000LB FORGED ANCHOR,1,PL15.88,A36,82103723-5a13-4faa-b300-ad5bcd872b86
P6-14,piece-to-piece,EMBED,P-205-21,,1,PL76.2*12.7,A36,7285769a-4607-42d9-a708-f2f270ed4f4d
P6-14,piece-to-piece,EMBED,P-205-31,,1,SPHERE47.625,A36,c1c9dea4-c718-47a5-b337-683c6d8ee1b2
P6-14,piece-to-piece,EMBED,P-205-32,,1,PL54,Steel_Undefined,deabf65b-9633-452f-8ba5-0b831f7a987b
P6-14,piece-to-piece,ANCHOR,P-205-11,12000LB FORGED ANCHOR,1,PL15.88,A36,f35679b1-c885-4308-8ffb-bed660c4dd3f
P6-14,piece-to-piece,EMBED,P-205-21,,1,PL76.2*12.7,A36,3ea40629-3eed-478b-9d55-f53a132c28ee
P6-14,piece-to-piece,EMBED,P-205-31,,1,SPHERE47.625,A36,024ef834-b624-4893-90c3-4d55b8b3deda
P6-14,piece-to-piece,EMBED,P-205-32,,1,PL54,Steel_Undefined,95d3c0d4-34af-48b4-8ed7-b66ee304b6ec
P6-14,piece-to-piece,INSERT,P-300-11,19Ø INSERT (NC),1,ROD23.813,A36,77ca59b6-21bc-4d24-a2a0-32fda35eb033
P6-14,piece-to-piece,EMBED,P-300-21,,1,ROD6.35,A36,0c45b5f6-10aa-432d-acdc-fe61cf55e44a
P6-14,piece-to-piece,INSERT,P-300-11,19Ø INSERT (NC),1,ROD23.813,A36,531e8ae5-4a4b-4a83-a406-72bcafb5b950
P6-14,piece-to-piece,EMBED,P-300-21,,1,ROD6.35,A36,ca40dbb9-0585-4979-9ff3-36ed891a05d1
P6-13,piece-to-piece,EMBED,MPX13,V REVEAL LARGE,1,TRIANGLE12.7*12.7,Misc_Undefined,f59424be-f2b7-40cc-b449-3f1805c90f5e
P6-13,piece-to-piece,EMBED,MPX14,V REVEAL LARGE,1,TRIANGLE12.7*12.7,Misc_Undefined,f65f962d-95c6-4711-b09d-2176fce04bf6
P6-13,piece-to-piece,EMBED,MPX12,MOUNTPART,1,TRIANGLE51.0*12.7,Misc_Undefined,837c92ad-c211-406b-8a78-98a80592f9ea
P6-13,piece-to-piece,INSERT,P-300-11,19Ø INSERT (NC),1,ROD23.813,A36,ff2cc275-eacd-4a8d-841a-88a647a7048e
P6-13,piece-to-piece,EMBED,P-300-21,,1,ROD6.35,A36,9b486b3b-71c0-44b7-9fb3-8628b4c41228
P6-13,piece-to-piece,INSERT,P-300-11,19Ø INSERT (NC),1,ROD23.813,A36,a6b367ef-3d52-43f1-9649-37b7d7ae6834
P6-13,piece-to-piece,EMBED,P-300-21,,1,ROD6.35,A36,4b351f0b-4904-4911-a277-0d7c3bea06cd
P6-13,piece-to-piece,INSERT,P-300-11,19Ø INSERT (NC),1,ROD23.813,A36,a76f4930-f4ab-4794-8446-3a1e9afde1fd
P6-13,piece-to-piece,EMBED,P-300-21,,1,ROD6.35,A36,a081097c-c8c1-4271-b1ce-cdef23bd33e4
P6-13,piece-to-piece,INSERT,P-300-11,19Ø INSERT (NC),1,ROD23.813,A36,30b2f9e1-5821-4646-902b-41f0bc9b049c
P6-13,piece-to-piece,EMBED,P-300-21,,1,ROD6.35,A36,4935312d-357e-4236-a2f2-d0667f25e5ec
P6-13,piece-to-piece,PLATE,P-900-10,25mm KNIFE PLATE,1,PL127*25,A572-GR.50,1d5e7ac8-a121-4536-b8ab-36cbb0654cc0
P6-13,piece-to-piece,EMBED,P-900-20,,1,PD28.6*4.76,50W,60c8cef6-3040-4451-b427-048df839b5ab
P6-13,piece-to-piece,EMBED,P-900-30,,1,STUD_3/4-DIA,A108-GR.90,7248a5a3-a92d-4809-9c01-3c94e5a1437a
P6-13,piece-to-piece,PLATE,P-900-10,25mm KNIFE PLATE,1,PL127*25,A572-GR.50,43c9f6b1-6e13-4a23-b076-75737366b3eb
P6-13,piece-to-piece,EMBED,P-900-20,,1,PD28.6*4.76,50W,cb1da830-cb2b-47b1-ae9a-654b7f854259
P6-13,piece-to-piece,EMBED,P-900-30,,1,STUD_3/4-DIA,A108-GR.90,43f50fae-415d-4d94-bfd8-b121e7f16c7e
P6-13,piece-to-piece,INSERT,P-300-11,19Ø INSERT (NC),1,ROD23.813,A36,630f7a2e-01a5-4394-ab00-e170d2d6773a
P6-13,piece-to-piece,EMBED,P-300-21,,1,ROD6.35,A36,9d6ee259-dcfb-47ef-86a1-9ec9863002b6
P6-13,piece-to-piece,INSERT,P-300-11,19Ø INSERT (NC),1,ROD23.813,A36,896f5884-b236-40f7-a6b7-f2553eb33271
P6-13,piece-to-piece,EMBED,P-300-21,,1,ROD6.35,A36,91041084-b4c8-49a3-ba08-3dc532a9f834
P6-13,piece-to-piece,INSERT,P-300-11,19Ø INSERT (NC),1,ROD23.813,A36,daa23caf-cc3c-496e-aa6f-f444e873a4d8
P6-13,piece-to-piece,EMBED,P-300-21,,1,ROD6.35,A36,8dd0b468-51eb-4536-8033-065e395e936e
P6-13,piece-to-piece,INSERT,P-300-11,19Ø INSERT (NC),1,ROD23.813,A36,473e6cd0-8997-4499-88fe-4a7ae713b2d7
P6-13,piece-to-piece,EMBED,P-300-21,,1,ROD6.35,A36,621c0ef3-ce8f-40f2-a6e8-8bce3299994c
P6-13,piece-to-piece,INSERT,P-300-11,19Ø INSERT (NC),1,ROD23.813,A36,f7decaf9-4433-4d2a-8589-05e8bbef84e9
P6-13,piece-to-piece,EMBED,P-300-21,,1,ROD6.35,A36,9874c229-0102-41de-b18b-122d8a6c79e7
P6-13,piece-to-piece,INSERT,P-300-11,19Ø INSERT (NC),1,ROD23.813,A36,c7d3e7db-a684-4053-8115-5889f39165a6
P6-13,piece-to-piece,EMBED,P-300-21,,1,ROD6.35,A36,9ca736fc-d89f-4063-8ac5-8cc7e4137acc
P6-13,piece-to-piece,INSERT,P-300-11,19Ø INSERT (NC),1,ROD23.813,A36,b848d2a5-6f05-4e88-8a71-f646e3857721
P6-13,piece-to-piece,EMBED,P-300-21,,1,ROD6.35,A36,71ab1bfb-30fa-49bd-b8ad-519bab049326
P6-13,piece-to-piece,INSERT,P-300-11,19Ø INSERT (NC),1,ROD23.813,A36,bb97bbff-734c-463e-a8be-798091c02297
P6-13,piece-to-piece,EMBED,P-300-21,,1,ROD6.35,A36,e0d39712-5568-44bc-a81a-db053353b404
P6-13,piece-to-piece,INSERT,P-300-11,19Ø INSERT (NC),1,ROD23.813,A36,b6bc6023-d3bb-4bae-85a0-3203885c5f9a
P6-13,piece-to-piece,EMBED,P-300-21,,1,ROD6.35,A36,cb27ded3-d3a2-4eed-937a-5199fdb83717
P6-13,piece-to-piece,GROUT_TUBE,GT76-152,76Øx152mm G.TUBE,1,ROD76.2,Zero_Density,3c15714d-1836-4718-9469-f0ef8b1a6b92
P6-13,piece-to-piece,GROUT_TUBE,GT76-152,76Øx152mm G.TUBE,1,ROD76.2,Zero_Density,23bd68ab-9fd4-498a-a53a-ce0217df9902
P6-13,piece-to-piece,GROUT_TUBE,GT76-152,76Øx152mm G.TUBE,1,ROD76.2,Zero_Density,0cff3aca-2259-4d06-9a25-0809fbd69fda
P6-13,piece-to-piece,GROUT_TUBE,GT76-152,76Øx152mm G.TUBE,1,ROD76.2,Zero_Density,11267aea-b285-4725-9324-ede4d45a00df
P6-13,piece-to-piece,GROUT_TUBE,GT76-152,76Øx152mm G.TUBE,1,ROD76.2,Zero_Density,7236cdb7-fd68-4fa5-b2d4-864c5b5b7065
P6-13,piece-to-piece,GROUT_TUBE,GT76-152,76Øx152mm G.TUBE,1,ROD76.2,Zero_Density,61b4822c-c814-4539-a689-f70e747d1fce
P6-13,piece-to-piece,INSERT,P-300-11,19Ø INSERT (NC),1,ROD23.813,A36,2ecaac05-00e4-479b-a406-5e5bdb1a7533
P6-13,piece-to-piece,EMBED,P-300-21,,1,ROD6.35,A36,b1f38bd2-7e6c-4a6d-b5ce-e4363b1671ff
P6-13,piece-to-piece,INSERT,P-300-11,19Ø INSERT (NC),1,ROD23.813,A36,2a5ebdfe-c5f1-4b6c-a8c0-6cfa037a4935
P6-13,piece-to-piece,EMBED,P-300-21,,1,ROD6.35,A36,11e7d972-8746-4c6c-9640-130eb960130a
P6-13,piece-to-piece,INSERT,P-300-11,19Ø INSERT (NC),1,ROD23.813,A36,59307b57-9665-45b4-a09d-f2ad89d9a947
P6-13,piece-to-piece,EMBED,P-300-21,,1,ROD6.35,A36,e16d6fd4-7a0d-4bfe-834b-109d1b1e8d9a
P6-13,piece-to-piece,INSERT,P-300-11,19Ø INSERT (NC),1,ROD23.813,A36,b7a1fcb1-a482-40ff-8613-f5c2444db50a
P6-13,piece-to-piece,EMBED,P-300-21,,1,ROD6.35,A36,72911deb-0713-4f89-904e-86a2c65920b9
P6-13,piece-to-piece,INSERT,P-300-11,19Ø INSERT (NC),1,ROD23.813,A36,66d523f3-6186-444f-be8b-ee43401e43a0
P6-13,piece-to-piece,EMBED,P-300-21,,1,ROD6.35,A36,5b0dc35e-ec03-4d3e-b6df-7d42dd45982e
P6-13,piece-to-piece,CONDUIT,CNDT43,19MM CONDUIT,1,ROD19,Zero_Density,bc2af7fa-1d26-4327-8802-837ceedfd793
P6-13,piece-to-piece,CONDUIT,CNDT42,19MM CONDUIT,1,ROD19,Zero_Density,08f0dc60-a1bc-4083-9d9b-019b61846f6e
P6-13,piece-to-piece,ANCHOR,P-205-11,12000LB FORGED ANCHOR,1,PL15.88,A36,62586af9-c72c-41e1-a435-2223a24cbec0
P6-13,piece-to-piece,EMBED,P-205-21,,1,PL76.2*12.7,A36,808260a0-5a14-44df-976a-6553beef5f6b
P6-13,piece-to-piece,EMBED,P-205-31,,1,SPHERE47.625,A36,d9494453-df77-4976-8cb4-a00c7ac08294
P6-13,piece-to-piece,EMBED,P-205-32,,1,PL54,Steel_Undefined,193fddef-9a89-4355-9be2-f25381012502
P6-13,piece-to-piece,ANCHOR,P-205-11,12000LB FORGED ANCHOR,1,PL15.88,A36,06d97b73-e5b8-4f22-ab77-6c3985b3f233
P6-13,piece-to-piece,EMBED,P-205-21,,1,PL76.2*12.7,A36,abc84db3-7983-4595-b6c5-00f0c7d7e3cf
P6-13,piece-to-piece,EMBED,P-205-31,,1,SPHERE47.625,A36,137c361a-8977-4e2e-9466-5c15605c49a6
P6-13,piece-to-piece,EMBED,P-205-32,,1,PL54,Steel_Undefined,d82295d5-0fc6-491a-ba82-e383512f3cf6
P6-13,piece-to-piece,ANCHOR,P-205-11,12000LB FORGED ANCHOR,1,PL15.88,A36,0b27a725-720d-4650-941d-0bf5b7be28bb
P6-13,piece-to-piece,EMBED,P-205-21,,1,PL76.2*12.7,A36,90b41fd5-bf79-4b9c-833e-868156080c80
P6-13,piece-to-piece,EMBED,P-205-31,,1,SPHERE47.625,A36,d67302ec-878e-4aa1-bb6e-2804873f75e1
P6-13,piece-to-piece,EMBED,P-205-32,,1,PL54,Steel_Undefined,c2869f05-7745-461c-b68f-85bb61f1c057
P6-13,piece-to-piece,ANCHOR,P-205-11,12000LB FORGED ANCHOR,1,PL15.88,A36,3455b091-2067-44d6-9ab9-42af7a804d04
P6-13,piece-to-piece,EMBED,P-205-21,,1,PL76.2*12.7,A36,16ec6a4e-094e-432c-9eff-ae06f1535fdf
P6-13,piece-to-piece,EMBED,P-205-31,,1,SPHERE47.625,A36,f2c1f08d-f4c8-4281-bdf4-5872a1c88b29
P6-13,piece-to-piece,EMBED,P-205-32,,1,PL54,Steel_Undefined,c928ee25-b83b-4044-85ca-df90dc3d8d62
P6-13,piece-to-piece,PLATE,EB-S-PL1,Single Plastic Electr,1,160*50.8,Zero_Density,747ace73-b2e3-42a3-9f86-2f8176b7fd15
P6-13,piece-to-piece,PLATE,EB-S-PL1,Single Plastic Electr,1,160*50.8,Zero_Density,36c4425b-ab2c-49b1-9f7e-b0187411fdd6
P6-13,piece-to-piece,INSERT,P-300-11,19Ø INSERT (NC),1,ROD23.813,A36,bd5df07b-1041-4387-a11d-36091157d812
P6-13,piece-to-piece,EMBED,P-300-21,,1,ROD6.35,A36,bf757b14-8341-45ff-bf86-63942b13fd30
P6-13,piece-to-piece,INSERT,P-300-11,19Ø INSERT (NC),1,ROD23.813,A36,9a010a15-c967-40c7-b837-4d73d7c0cf23
P6-13,piece-to-piece,EMBED,P-300-21,,1,ROD6.35,A36,17ee4e43-1117-43a3-bd78-392c5c3b0587
P6-15,piece-to-piece,EMBED,MPX14,V REVEAL LARGE,1,TRIANGLE12.7*12.7,Misc_Undefined,9cd99249-cd32-4e94-a43a-1770686c2e44
P6-15,piece-to-piece,EMBED,MPX12,MOUNTPART,1,TRIANGLE51.0*12.7,Misc_Undefined,3c08d16e-16ed-46c7-a165-cf4ffec15e60
P6-15,piece-to-piece,EMBED,MPX13,V REVEAL LARGE,1,TRIANGLE12.7*12.7,Misc_Undefined,a65cacbc-07e7-495d-9de5-cdb397bc6861
P6-15,piece-to-piece,EMBED,P-620-11,6PL W/STUDS,1,PL101.6*6.35,A572-GR.50,d210dc3d-de77-4fbd-b400-31eebdb258c7
P6-15,piece-to-piece,EMBED,P-620-21,,1,STUD_1/2-DIA,A108-C1010-1020,3e8d6444-5033-4495-a5cf-2ec45f2df153
P6-15,piece-to-piece,EMBED,P-620-21,,1,STUD_1/2-DIA,A108-C1010-1020,5fe4524c-0be9-43db-a5f5-a6d87cf86830
P6-15,piece-to-piece,EMBED,P-620-21,,1,STUD_1/2-DIA,A108-C1010-1020,d142f2b2-0d83-4154-8331-a9d637e55f20
P6-15,piece-to-piece,EMBED,P-620-21,,1,STUD_1/2-DIA,A108-C1010-1020,8cb869d1-54a3-4baa-9a8a-d739d2243b8d
P6-15,piece-to-piece,EMBED,P-620-11,6PL W/STUDS,1,PL101.6*6.35,A572-GR.50,0ca23b45-9345-45e3-9928-e290e3cd26a2
P6-15,piece-to-piece,EMBED,P-620-21,,1,STUD_1/2-DIA,A108-C1010-1020,14fd1f24-fc45-4ebb-8687-5e6755cc8aa7
P6-15,piece-to-piece,EMBED,P-620-21,,1,STUD_1/2-DIA,A108-C1010-1020,694b74ee-f0a5-4adb-9909-9632aff68d50
P6-15,piece-to-piece,EMBED,P-620-21,,1,STUD_1/2-DIA,A108-C1010-1020,ffd05ea3-3426-457c-8a9a-500c0b361b8a
P6-15,piece-to-piece,EMBED,P-620-21,,1,STUD_1/2-DIA,A108-C1010-1020,f43f4327-4b98-4fc2-8648-6b4be133fb99
P6-15,piece-to-piece,EMBED,P-620-11,6PL W/STUDS,1,PL101.6*6.35,A572-GR.50,808e7534-8e33-41e1-922d-4cd5bf3a117a
P6-15,piece-to-piece,EMBED,P-620-21,,1,STUD_1/2-DIA,A108-C1010-1020,0f79cdb5-13ae-4a7d-82d5-5c5e757387ca
P6-15,piece-to-piece,EMBED,P-620-21,,1,STUD_1/2-DIA,A108-C1010-1020,9f4c3ede-5204-4b02-9d33-fc6368816d74
P6-15,piece-to-piece,EMBED,P-620-21,,1,STUD_1/2-DIA,A108-C1010-1020,2837d06d-e5d9-41a8-9f12-a84cecf68ca3
P6-15,piece-to-piece,EMBED,P-620-21,,1,STUD_1/2-DIA,A108-C1010-1020,24e902ba-5cc3-44a7-9dbb-fe3f0cd5dd77
P6-15,piece-to-piece,EMBED,P-620-11,6PL W/STUDS,1,PL101.6*6.35,A572-GR.50,572a40c8-7155-491e-a9b0-2a6802132743
P6-15,piece-to-piece,EMBED,P-620-21,,1,STUD_1/2-DIA,A108-C1010-1020,d897efc3-b38c-4853-852d-4f498a10224b
P6-15,piece-to-piece,EMBED,P-620-21,,1,STUD_1/2-DIA,A108-C1010-1020,4c15eea9-4843-40d5-b2cf-54b07cd0da43
P6-15,piece-to-piece,EMBED,P-620-21,,1,STUD_1/2-DIA,A108-C1010-1020,d5291376-6ac0-44b3-b703-af660afea604
P6-15,piece-to-piece,EMBED,P-620-21,,1,STUD_1/2-DIA,A108-C1010-1020,b9cb42bf-2741-4dc0-affe-678b637df3ac
P6-15,piece-to-piece,EMBED,P-620-11,6PL W/STUDS,1,PL101.6*6.35,A572-GR.50,48e6bb07-a60e-46ef-82f2-860b47fdd940
P6-15,piece-to-piece,EMBED,P-620-21,,1,STUD_1/2-DIA,A108-C1010-1020,68635ab7-a021-4695-be9e-e1da1ee243fc
P6-15,piece-to-piece,EMBED,P-620-21,,1,STUD_1/2-DIA,A108-C1010-1020,5fc82bf0-7136-40a1-8cde-dbe3f4c058be
P6-15,piece-to-piece,EMBED,P-620-21,,1,STUD_1/2-DIA,A108-C1010-1020,6edcfe8a-762e-40af-916b-2f4e66922c3a
P6-15,piece-to-piece,EMBED,P-620-21,,1,STUD_1/2-DIA,A108-C1010-1020,d3c96ea5-63e3-4d8c-b09a-f2f6f50ceb1d
P6-15,piece-to-piece,EMBED,P-620-11,6PL W/STUDS,1,PL101.6*6.35,A572-GR.50,226faae8-caae-4e94-a302-0d009fa5b478
P6-15,piece-to-piece,EMBED,P-620-21,,1,STUD_1/2-DIA,A108-C1010-1020,f12a5ef5-4150-43e6-8cf2-fe28d0c7ae80
P6-15,piece-to-piece,EMBED,P-620-21,,1,STUD_1/2-DIA,A108-C1010-1020,8276da28-1bb1-4347-b734-306403223838
P6-15,piece-to-piece,EMBED,P-620-21,,1,STUD_1/2-DIA,A108-C1010-1020,674dd578-8aad-4766-8b28-cfb774eb084b
P6-15,piece-to-piece,EMBED,P-620-21,,1,STUD_1/2-DIA,A108-C1010-1020,4d37f021-ff17-467a-a008-244a7edebe7d
P6-15,piece-to-piece,EMBED,P-620-11,6PL W/STUDS,1,PL101.6*6.35,A572-GR.50,e3ac34f9-bab6-436b-9e32-ba394da4e850
P6-15,piece-to-piece,EMBED,P-620-21,,1,STUD_1/2-DIA,A108-C1010-1020,35a44f78-c5f9-4c11-a71d-c0faed908ec8
P6-15,piece-to-piece,EMBED,P-620-21,,1,STUD_1/2-DIA,A108-C1010-1020,7b30ed0c-2298-4edd-8e61-aef584d60a42
P6-15,piece-to-piece,EMBED,P-620-21,,1,STUD_1/2-DIA,A108-C1010-1020,76621b9a-5b8c-4a06-a227-ae74561eb1ed
P6-15,piece-to-piece,EMBED,P-620-21,,1,STUD_1/2-DIA,A108-C1010-1020,c8089202-2a2c-4094-805c-33b8af74412c
P6-15,piece-to-piece,INSERT,P-300-11,19Ø INSERT (NC),1,ROD23.813,A36,ece59712-22ff-4894-a3fa-7ef21501847b
P6-15,piece-to-piece,EMBED,P-300-21,,1,ROD6.35,A36,32b4cb80-60bf-41fd-b810-fd67bf2b4828
P6-15,piece-to-piece,INSERT,P-300-11,19Ø INSERT (NC),1,ROD23.813,A36,1dd4e9fe-3574-4e6e-9c12-9642cc2a1846
P6-15,piece-to-piece,EMBED,P-300-21,,1,ROD6.35,A36,ba1490f9-f26e-4edd-a5f1-8afb9190d9f4
P6-15,piece-to-piece,INSERT,P-300-11,19Ø INSERT (NC),1,ROD23.813,A36,d2e269c2-dc88-464c-bd06-b42597b50664
P6-15,piece-to-piece,EMBED,P-300-21,,1,ROD6.35,A36,07006462-dd3e-45f4-8354-6d1916114a51
P6-15,piece-to-piece,INSERT,P-300-11,19Ø INSERT (NC),1,ROD23.813,A36,5ae178ec-528f-4b96-950a-aac013059087
P6-15,piece-to-piece,EMBED,P-300-21,,1,ROD6.35,A36,527a7fd5-6561-495c-bbc1-3bb9fe80745e
P6-15,piece-to-piece,PLATE,P-900-10,25mm KNIFE PLATE,1,PL127*25,A572-GR.50,370f5a5b-825b-408b-bb48-cd40211c86ae
P6-15,piece-to-piece,EMBED,P-900-20,,1,PD28.6*4.76,50W,0743792b-f88b-4e47-bd00-b5999e20f25e
P6-15,piece-to-piece,EMBED,P-900-30,,1,STUD_3/4-DIA,A108-GR.90,56166360-7d97-49c0-9beb-3d1a531cf7e9
P6-15,piece-to-piece,PLATE,P-900-10,25mm KNIFE PLATE,1,PL127*25,A572-GR.50,44d9e091-3178-4642-b2f2-2fcc587ea3b5
P6-15,piece-to-piece,EMBED,P-900-20,,1,PD28.6*4.76,50W,738e5370-76d6-43ca-a8d6-42f48791a992
P6-15,piece-to-piece,EMBED,P-900-30,,1,STUD_3/4-DIA,A108-GR.90,bf31180e-2385-4219-9f13-2863920cd5c0
P6-15,piece-to-piece,INSERT,P-300-11,19Ø INSERT (NC),1,ROD23.813,A36,be4da0df-77f2-4543-9584-0a292f446681
P6-15,piece-to-piece,EMBED,P-300-21,,1,ROD6.35,A36,24680049-6b07-4a31-a45b-e09ecc69d4cc
P6-15,piece-to-piece,INSERT,P-300-11,19Ø INSERT (NC),1,ROD23.813,A36,4c825575-5089-464b-af52-8117edf6c4e3
P6-15,piece-to-piece,EMBED,P-300-21,,1,ROD6.35,A36,5c7326cb-d3e4-4978-96a9-850584606718
P6-15,piece-to-piece,INSERT,P-300-11,19Ø INSERT (NC),1,ROD23.813,A36,18199548-134b-44a4-95ee-b6e8c80fdb77
P6-15,piece-to-piece,EMBED,P-300-21,,1,ROD6.35,A36,844acce0-49e4-4f96-a34a-9dc310cf8b1e
P6-15,piece-to-piece,INSERT,P-300-11,19Ø INSERT (NC),1,ROD23.813,A36,dc0c2d22-f603-48d0-8155-38aae3c6c278
P6-15,piece-to-piece,EMBED,P-300-21,,1,ROD6.35,A36,aa4bdbb3-494d-41b3-befa-870ce4f828ab
P6-15,piece-to-piece,INSERT,P-300-11,19Ø INSERT (NC),1,ROD23.813,A36,977c2eff-5e3d-4b37-82d9-2888f4f1cb51
P6-15,piece-to-piece,EMBED,P-300-21,,1,ROD6.35,A36,01ac8c2f-2bd3-48e0-9d44-3cec397773ae
P6-15,piece-to-piece,INSERT,P-300-11,19Ø INSERT (NC),1,ROD23.813,A36,551145d8-a22e-459f-bc8e-c04d2b75430b
P6-15,piece-to-piece,EMBED,P-300-21,,1,ROD6.35,A36,bf9ff78e-071f-4e33-ada6-5a2af17683f6
P6-15,piece-to-piece,INSERT,P-300-11,19Ø INSERT (NC),1,ROD23.813,A36,def4bece-8f10-41b5-8d5f-ae10529daa16
P6-15,piece-to-piece,EMBED,P-300-21,,1,ROD6.35,A36,ad903286-ed01-4d97-8388-e0ddabd83482
P6-15,piece-to-piece,GROUT_TUBE,GT76-152,76Øx152mm G.TUBE,1,ROD76.2,Zero_Density,10a11594-ae5f-4130-a290-afb9aeca203e
P6-15,piece-to-piece,GROUT_TUBE,GT76-152,76Øx152mm G.TUBE,1,ROD76.2,Zero_Density,5d23e285-00cc-4442-8c9e-09804773319a
P6-15,piece-to-piece,GROUT_TUBE,GT76-152,76Øx152mm G.TUBE,1,ROD76.2,Zero_Density,48e6dd0b-c6f5-4436-934c-f39e71d045cd
P6-15,piece-to-piece,CONDUIT,CNDT24,19MM CONDUIT,1,ROD19,Zero_Density,2c476d72-6cdb-4501-967a-9588a1f729af
P6-15,piece-to-piece,PLATE,EB-S-PL1,Single Plastic Electr,1,160*50.8,Zero_Density,b793412a-6f97-4022-81f9-560ec84db510
P6-15,piece-to-piece,INSERT,P-300-11,19Ø INSERT (NC),1,ROD23.813,A36,2276c0bf-6265-4dbb-bdf0-92b822d9058f
P6-15,piece-to-piece,EMBED,P-300-21,,1,ROD6.35,A36,94a0c988-d172-45f1-98a2-b578dc00349e
P6-15,piece-to-piece,INSERT,P-300-11,19Ø INSERT (NC),1,ROD23.813,A36,2b4b69b4-d198-42b4-8723-7159536b4e71
P6-15,piece-to-piece,EMBED,P-300-21,,1,ROD6.35,A36,fe7797f1-4b4f-4e0e-983d-38a810374c96
P6-15,piece-to-piece,ANCHOR,P-205-11,12000LB FORGED ANCHOR,1,PL15.88,A36,534dfb00-cb63-4453-9f66-0ac954c47943
P6-15,piece-to-piece,EMBED,P-205-21,,1,PL76.2*12.7,A36,4833150f-c2a8-46da-9c1c-25e82c345c35
P6-15,piece-to-piece,EMBED,P-205-31,,1,SPHERE47.625,A36,f2359602-9638-4595-b95a-07535ec8723f
P6-15,piece-to-piece,EMBED,P-205-32,,1,PL54,Steel_Undefined,b9b72e01-0e15-4ff1-a5d8-bf6cf0faa087
P6-15,piece-to-piece,ANCHOR,P-205-11,12000LB FORGED ANCHOR,1,PL15.88,A36,a3f6faf6-c9c5-4e01-86f5-485379c7d951
P6-15,piece-to-piece,EMBED,P-205-21,,1,PL76.2*12.7,A36,296792dd-7b7e-4745-9d3b-1146cba0e3d8
P6-15,piece-to-piece,EMBED,P-205-31,,1,SPHERE47.625,A36,f9ae0477-edf8-4375-8424-a3615607ea5b
P6-15,piece-to-piece,EMBED,P-205-32,,1,PL54,Steel_Undefined,92fe5bbc-6187-4746-a25f-a192169bd66b
P6-15,piece-to-piece,ANCHOR,P-205-11,12000LB FORGED ANCHOR,1,PL15.88,A36,cd9ace9d-0cca-460e-a0a9-656c9b06f16b
P6-15,piece-to-piece,EMBED,P-205-21,,1,PL76.2*12.7,A36,bccf2c15-0ebb-4cfb-a800-bf77460cb8c5
P6-15,piece-to-piece,EMBED,P-205-31,,1,SPHERE47.625,A36,baa9be64-51de-47ed-8d62-bc72d300a126
P6-15,piece-to-piece,EMBED,P-205-32,,1,PL54,Steel_Undefined,9d9ee924-d63f-4dee-b009-406f456bcef9
P6-15,piece-to-piece,ANCHOR,P-205-11,12000LB FORGED ANCHOR,1,PL15.88,A36,49bae676-bf08-4134-8e67-25f02d2cb0ca
P6-15,piece-to-piece,EMBED,P-205-21,,1,PL76.2*12.7,A36,a0fcd9f8-0733-45c4-a8ac-1adad64dc1b8
P6-15,piece-to-piece,EMBED,P-205-31,,1,SPHERE47.625,A36,d5156fac-f7f7-4619-9afc-af465c439835
P6-15,piece-to-piece,EMBED,P-205-32,,1,PL54,Steel_Undefined,d9dff3b2-8ffa-4db2-b912-f36a55c05a67
P6-15,piece-to-piece,GROUT_TUBE,GT76-152,76Øx152mm G.TUBE,1,ROD76.2,Zero_Density,95895654-615a-42ba-82a4-4f9c16bd46b6
P6-15,piece-to-piece,GROUT_TUBE,GT76-152,76Øx152mm G.TUBE,1,ROD76.2,Zero_Density,444cfc77-b1fa-4373-b558-872e33c44d6b
P6-15,piece-to-piece,GROUT_TUBE,GT76-152,76Øx152mm G.TUBE,1,ROD76.2,Zero_Density,409d9182-8250-4908-b8b5-b2044c2a9344
W10-66,piece-to-piece,EMBED,MPX11,V REVEAL LARGE,1,TRIANGLE12.7*12.7,Misc_Undefined,903dd3ca-1f34-4365-8794-79626260cb7e
W10-66,piece-to-piece,INSERT,P-300-11,19Ø INSERT (NC),1,ROD23.813,A36,beedb2aa-6e54-46ed-bdee-f328bffe7e9e
W10-66,piece-to-piece,EMBED,P-300-21,,1,ROD6.35,A36,71143cf8-760c-4854-aa16-6c0b08c6e098
W10-66,piece-to-piece,INSERT,P-300-11,19Ø INSERT (NC),1,ROD23.813,A36,52b56a12-5db4-4aea-85fc-331de017b72f
W10-66,piece-to-piece,EMBED,P-300-21,,1,ROD6.35,A36,4e777a86-6095-4933-a5a2-a9b355a53dcd
W10-66,piece-to-piece,INSERT,P-300-11,19Ø INSERT (NC),1,ROD23.813,A36,acc8da8e-b944-4731-ac62-387e188046bd
W10-66,piece-to-piece,EMBED,P-300-21,,1,ROD6.35,A36,4425c98a-27d4-4cf8-93b7-724f1dad7eb2
W10-66,piece-to-piece,GROUT_TUBE,GT75-1219,75Ø x 1219 GROUT TUBE,1,ROD76,Zero_Density,186da758-c841-4d06-bb39-0ce22f416681
W10-66,piece-to-piece,GROUT_TUBE,GT75-1219,75Ø x 1219 GROUT TUBE,1,ROD76,Zero_Density,33677c7d-908f-4338-9e42-fadfb7de4ada
W10-66,piece-to-piece,GROUT_TUBE,GT75-1219,75Ø x 1219 GROUT TUBE,1,ROD76,Zero_Density,974ec0ea-887c-4142-9723-b2912e7b0def
W10-66,piece-to-piece,GROUT_TUBE,GT75-1219,75Ø x 1219 GROUT TUBE,1,ROD76,Zero_Density,574c87e7-8112-41a2-9d84-19d9e8268a4c
W10-66,piece-to-piece,GROUT_TUBE,GT75-686,75Ø x 686 GROUT TUBE,1,ROD76,Zero_Density,b8bdf470-c6ac-4fbd-b089-1e9a8233462e
W10-66,piece-to-piece,GROUT_TUBE,GT75-686,75Ø x 686 GROUT TUBE,1,ROD76,Zero_Density,1ded63b3-ce49-4a19-b3c0-c66c573e6fad
W10-66,piece-to-piece,INSERT,SP25-1067-11,SP25Mx1067 WILLIAMS S,1,ROD25.4,A706-GR.60,9199b26d-a6d0-47ab-ad5c-3c1b6932412e
W10-66,piece-to-piece,EMBED,SP25-1067-31,,1,PD66.675*15.875,A706-GR.60,78929355-c52d-46b5-a675-edc89fbe4e82
W10-66,piece-to-piece,EMBED,SP25-1067-21,,1,ROD41.275,A706-GR.60,7d9110e5-6cc8-46bf-8789-5d066d16cf6f
W10-66,piece-to-piece,INSERT,SP25-1067-11,SP25Mx1067 WILLIAMS S,1,ROD25.4,A706-GR.60,f0b54863-37e2-40b6-b843-4899d52535b5
W10-66,piece-to-piece,EMBED,SP25-1067-31,,1,PD66.675*15.875,A706-GR.60,5f05fe59-68ed-46d4-8eee-18c35c7bdf44
W10-66,piece-to-piece,EMBED,SP25-1067-21,,1,ROD41.275,A706-GR.60,29b77305-aa72-4a6e-82bc-39e3caa37b2d
W10-66,piece-to-piece,INSERT,SP25-1067-11,SP25Mx1067 WILLIAMS S,1,ROD25.4,A706-GR.60,767aff88-898e-43ca-a679-454e02a8bc51
W10-66,piece-to-piece,EMBED,SP25-1067-31,,1,PD66.675*15.875,A706-GR.60,b28933e4-2cf3-4950-9d1e-ff93c9d4df75
W10-66,piece-to-piece,EMBED,SP25-1067-21,,1,ROD41.275,A706-GR.60,607ca626-521e-43e5-92c9-a2b4ec852d63
W10-66,piece-to-piece,INSERT,SP25-1067-11,SP25Mx1067 WILLIAMS S,1,ROD25.4,A706-GR.60,c5d56252-b08d-4e18-a607-f6a1ca465539
W10-66,piece-to-piece,EMBED,SP25-1067-31,,1,PD66.675*15.875,A706-GR.60,f0e68bb7-aa99-4326-b317-44c0d912089a
W10-66,piece-to-piece,EMBED,SP25-1067-21,,1,ROD41.275,A706-GR.60,dd4215f4-aa31-4dc3-9660-a1e7c21ce067
W10-66,piece-to-piece,INSERT,SP15-457-11,15Mx457 WILLIAMS SPL,1,ROD16,400W,5ebc4ae5-eda2-41a4-981d-47116616664b
W10-66,piece-to-piece,INSERT,SP15-457-31,,1,PD52.387*12.7,400W,c242c6fd-a29f-45ee-ab1a-97609a988efd
W10-66,piece-to-piece,INSERT,SP15-457-21,,1,ROD26.987,400W,4e82e6f2-6ee1-4b41-8db3-e0da65fa7221
W10-66,piece-to-piece,INSERT,SP15-457-11,15Mx457 WILLIAMS SPL,1,ROD16,400W,b5c1f335-d075-4de6-bef0-3e519c1456d3
W10-66,piece-to-piece,INSERT,SP15-457-31,,1,PD52.387*12.7,400W,e8817944-b85a-4f07-b9c1-a9e31c8bf698
W10-66,piece-to-piece,INSERT,SP15-457-21,,1,ROD26.987,400W,758f5c72-cf98-422a-948a-f9e767c95e85
W10-66,piece-to-piece,GROUT_TUBE,GT75-1219,75Ø x 1219 GROUT TUBE,1,ROD76,Zero_Density,8bc16d9e-19ed-45bb-a365-a30d2ddac2d3
W10-66,piece-to-piece,GROUT_TUBE,GT75-1219,75Ø x 1219 GROUT TUBE,1,ROD76,Zero_Density,6b653d5b-ab51-49c4-94c3-9c54df55a1ac
W10-66,piece-to-piece,GROUT_TUBE,GT75-1219,75Ø x 1219 GROUT TUBE,1,ROD76,Zero_Density,b2e6e2df-54a1-4f8d-84b4-3bcb7e20cfc4
W10-66,piece-to-piece,GROUT_TUBE,GT75-1219,75Ø x 1219 GROUT TUBE,1,ROD76,Zero_Density,180cbcad-e0f9-4249-8916-e8a7667a3442
W10-66,piece-to-piece,GROUT_TUBE,GT100-1219-11,100Øx1219 GROUT TUBE,1,ROD102,Zero_Density,26ee840c-b551-4db8-a120-2c269cf353f6
W10-66,piece-to-piece,GROUT_TUBE,GT100-1219-21,,1,ROD110,Zero_Density,61575cbf-4ba2-45ac-b689-72177383d767
W10-66,piece-to-piece,GROUT_TUBE,GT100-1219-31,,1,ROD76,Zero_Density,e2ad8a93-6b1d-4e45-9518-fb882332f79c
W10-66,piece-to-piece,INSERT,SP25-1067-11,SP25Mx1067 WILLIAMS S,1,ROD25.4,A706-GR.60,fd3d9cbe-4ecf-469e-8629-625dfb8f708f
W10-66,piece-to-piece,EMBED,SP25-1067-31,,1,PD66.675*15.875,A706-GR.60,bc6de469-19b8-4258-94c3-4e00aef2ac98
W10-66,piece-to-piece,EMBED,SP25-1067-21,,1,ROD41.275,A706-GR.60,b082d0d0-b029-4a3a-9571-4f6b55796ee1
W10-66,piece-to-piece,INSERT,SP25-1067-11,SP25Mx1067 WILLIAMS S,1,ROD25.4,A706-GR.60,442c77ec-1cc3-4d67-abe2-41d8ae60c8eb
W10-66,piece-to-piece,EMBED,SP25-1067-31,,1,PD66.675*15.875,A706-GR.60,78e34b26-7824-4d5f-8a33-cb685969cdb9
W10-66,piece-to-piece,EMBED,SP25-1067-21,,1,ROD41.275,A706-GR.60,479f89b1-5903-4fe1-a8ec-19613310eb4f
W10-66,piece-to-piece,INSERT,SP25-1067-11,SP25Mx1067 WILLIAMS S,1,ROD25.4,A706-GR.60,b7dd151b-319d-4f26-b6aa-c957f825b938
W10-66,piece-to-piece,EMBED,SP25-1067-31,,1,PD66.675*15.875,A706-GR.60,5bf81f73-de22-48e4-827d-b4dace653eb7
W10-66,piece-to-piece,EMBED,SP25-1067-21,,1,ROD41.275,A706-GR.60,640a1d07-e6ce-442d-8883-37fe6da963e1
W10-66,piece-to-piece,INSERT,SP25-1067-11,SP25Mx1067 WILLIAMS S,1,ROD25.4,A706-GR.60,27e53c52-8049-4963-951d-5f0832f45f39
W10-66,piece-to-piece,EMBED,SP25-1067-31,,1,PD66.675*15.875,A706-GR.60,99b9cd8f-487a-4323-8216-d5f1912578ef
W10-66,piece-to-piece,EMBED,SP25-1067-21,,1,ROD41.275,A706-GR.60,5c88c5fc-e625-488d-910f-7f8168135b9b
W10-66,piece-to-piece,INSERT,SP30-1219-11,30Mx1219 WILLIAMS SPL,1,ROD30.16,A706-GR.60,2150f167-e9c8-4222-8687-cebcfe2fa808
W10-66,piece-to-piece,EMBED,SP30-1219-31,,1,PD71.438*19.05,A706-GR.60,9818ccd6-e703-462f-8ce1-0a0db2d7ce34
W10-66,piece-to-piece,EMBED,SP30-1219-21,,1,ROD44.45,A706-GR.60,80256052-f93d-43c7-8c6d-7a0aa02e5b98
W10-66,piece-to-piece,GROUT_TUBE,GT76-254,76Øx254mm G.TUBE,1,ROD76.2,Zero_Density,bd56758f-bf8e-4b04-8229-1052c6169678
W10-66,piece-to-piece,GROUT_TUBE,GT76-254,76Øx254mm G.TUBE,1,ROD76.2,Zero_Density,17089028-ccc4-4f62-a990-036e8e26a0a1
W10-66,piece-to-piece,GROUT_TUBE,GT76-254,76Øx254mm G.TUBE,1,ROD76.2,Zero_Density,a832a6af-85fb-4299-9ff7-03fce2ece14c
W10-66,piece-to-piece,GROUT_TUBE,GT76-254,76Øx254mm G.TUBE,1,ROD76.2,Zero_Density,21f55c2a-5280-4f07-8591-2837e1883969
W10-66,piece-to-piece,GROUT_TUBE,GT76-254,76Øx254mm G.TUBE,1,ROD76.2,Zero_Density,c3cc8163-7e45-4da2-bc9f-6f6521c548f0
W10-66,piece-to-piece,GROUT_TUBE,GT76-254,76Øx254mm G.TUBE,1,ROD76.2,Zero_Density,613d017c-b0f6-41b2-8cb9-0f432554c501
W10-66,piece-to-piece,CONDUIT,CNDT37,19MM CONDUIT,1,ROD19,Zero_Density,9f9d9530-10ac-4922-b68b-6d6d3c3cbfdf
W10-66,piece-to-piece,PLATE,EB-S-PL1,Single Plastic Electr,1,160*50.8,Zero_Density,be532836-fce6-4fba-a944-2593ad87ec53
W10-66,piece-to-piece,EMBED,P-602-11,13PL. W/STUD,1,PL101.6*12.7,A572-GR.50,b6b1a5f8-73af-4c21-b287-ce6a4c64bbf0
W10-66,piece-to-piece,EMBED,P-602-21,,1,STUD_1/2-DIA,A108-C1010-1020,6e3cd56a-6411-409f-870e-96bb11ce7960
W10-66,piece-to-piece,INSERT,P-300-11,19Ø INSERT (NC),1,ROD23.813,A36,97b52178-7477-41b8-bcce-efee9a0bce63
W10-66,piece-to-piece,EMBED,P-300-21,,1,ROD6.35,A36,3b7303fa-66e4-43fd-b951-6f3f7ad6c751
W10-66,piece-to-piece,INSERT,P-300-11,19Ø INSERT (NC),1,ROD23.813,A36,3d29c017-ad69-4190-9db3-1f51f037a7b7
W10-66,piece-to-piece,EMBED,P-300-21,,1,ROD6.35,A36,1751cdbf-b79e-48a6-86a4-e8ab8cf16b92
W10-66,piece-to-piece,ANCHOR,P-205-11,12000LB FORGED ANCHOR,1,PL15.88,A36,912b4e1a-502b-4f36-819d-aeb1fa66f068
W10-66,piece-to-piece,EMBED,P-205-21,,1,PL76.2*12.7,A36,4dfad3a2-9d50-4cb7-9c2c-c684fa88f01a
W10-66,piece-to-piece,EMBED,P-205-31,,1,SPHERE47.625,A36,651fdb21-84b9-4ecd-80f1-be9e2ac5d108
W10-66,piece-to-piece,EMBED,P-205-32,,1,PL54,Steel_Undefined,df0732d1-b9ab-4408-a467-fb1e69556d74
W10-66,piece-to-piece,ANCHOR,P-205-11,12000LB FORGED ANCHOR,1,PL15.88,A36,e8a4c3c1-7d95-4a02-9031-b0bfc1c24eb0
W10-66,piece-to-piece,EMBED,P-205-21,,1,PL76.2*12.7,A36,d90147e5-5b16-4cf1-a00a-efd15766dcdc
W10-66,piece-to-piece,EMBED,P-205-31,,1,SPHERE47.625,A36,2b85f9ff-a36a-4cec-b69b-f2b82edc065b
W10-66,piece-to-piece,EMBED,P-205-32,,1,PL54,Steel_Undefined,0c959c13-0edd-4b2e-890a-d0f65f022049
W10-66,piece-to-piece,ANCHOR,P-205-11,12000LB FORGED ANCHOR,1,PL15.88,A36,b9c8ac50-8b57-45eb-bdeb-592edfd6a675
W10-66,piece-to-piece,EMBED,P-205-21,,1,PL76.2*12.7,A36,1d84c77a-a30a-4188-8198-c49cea7eec3f
W10-66,piece-to-piece,EMBED,P-205-31,,1,SPHERE47.625,A36,6ce700c2-32db-4c3a-a899-5dff56e59fe1
W10-66,piece-to-piece,EMBED,P-205-32,,1,PL54,Steel_Undefined,c8f8e98f-3eac-410f-b58b-7d61a9a55811
W10-66,piece-to-piece,ANCHOR,P-205-11,12000LB FORGED ANCHOR,1,PL15.88,A36,37052232-9829-4faf-ba2d-df85359dd7af
W10-66,piece-to-piece,EMBED,P-205-21,,1,PL76.2*12.7,A36,3b77a049-8cb9-4dd9-a050-29754950eefe
W10-66,piece-to-piece,EMBED,P-205-31,,1,SPHERE47.625,A36,d8433643-4af4-4778-bd56-2d75f104efbf
W10-66,piece-to-piece,EMBED,P-205-32,,1,PL54,Steel_Undefined,94c901a0-c36a-44e2-bdab-bdd4bd8e14b4
W10-68,piece-to-piece,EMBED,MPX11,V REVEAL LARGE,1,TRIANGLE12.7*12.7,Misc_Undefined,d24c0d62-1be1-423f-b9bf-1cc432bc32c2
W10-68,piece-to-piece,INSERT,P-300-11,19Ø INSERT (NC),1,ROD23.813,A36,08be5bee-8945-49b5-a5cc-58de22a02e3f
W10-68,piece-to-piece,EMBED,P-300-21,,1,ROD6.35,A36,68f039ce-46d0-46b8-9104-e1ea5372df49
W10-68,piece-to-piece,INSERT,P-300-11,19Ø INSERT (NC),1,ROD23.813,A36,94a62e19-8e85-43a6-a7d3-2db270e5bbf9
W10-68,piece-to-piece,EMBED,P-300-21,,1,ROD6.35,A36,dfa47a91-9ad7-448c-a0ab-f5095d8168f6
W10-68,piece-to-piece,INSERT,P-300-11,19Ø INSERT (NC),1,ROD23.813,A36,b3cf7a4a-15b3-46d3-bc97-8f52ff38de66
W10-68,piece-to-piece,EMBED,P-300-21,,1,ROD6.35,A36,4e903d50-bba3-4695-87d0-181e894dd1bc
W10-68,piece-to-piece,GROUT_TUBE,GT75-1219,75Ø x 1219 GROUT TUBE,1,ROD76,Zero_Density,9935603f-1223-45c5-8fb4-fa33ba2247ef
W10-68,piece-to-piece,GROUT_TUBE,GT75-1219,75Ø x 1219 GROUT TUBE,1,ROD76,Zero_Density,a7cbda68-6cb9-4fab-bde1-28ab4e0e194b
W10-68,piece-to-piece,GROUT_TUBE,GT75-1219,75Ø x 1219 GROUT TUBE,1,ROD76,Zero_Density,c5561c16-14a7-46e3-bfff-809edc263628
W10-68,piece-to-piece,GROUT_TUBE,GT75-1219,75Ø x 1219 GROUT TUBE,1,ROD76,Zero_Density,8302419f-88f2-493a-ae52-349fefb59f2c
W10-68,piece-to-piece,GROUT_TUBE,GT75-686,75Ø x 686 GROUT TUBE,1,ROD76,Zero_Density,f4673a15-9103-4092-9620-d7e71796006a
W10-68,piece-to-piece,GROUT_TUBE,GT75-686,75Ø x 686 GROUT TUBE,1,ROD76,Zero_Density,57b53664-6295-476b-931a-f493906469d4
W10-68,piece-to-piece,INSERT,SP25-1067-11,SP25Mx1067 WILLIAMS S,1,ROD25.4,A706-GR.60,bfd36aed-1c46-42a3-ac03-7f0f165dfbf4
W10-68,piece-to-piece,EMBED,SP25-1067-31,,1,PD66.675*15.875,A706-GR.60,881ab6d0-8afa-4550-bb1a-e5f2e148d83a
W10-68,piece-to-piece,EMBED,SP25-1067-21,,1,ROD41.275,A706-GR.60,f431b2f1-d3fe-4a45-966b-947a55e3041c
W10-68,piece-to-piece,INSERT,SP25-1067-11,SP25Mx1067 WILLIAMS S,1,ROD25.4,A706-GR.60,437190f8-4c42-4dec-bdfa-3b7565b1d316
W10-68,piece-to-piece,EMBED,SP25-1067-31,,1,PD66.675*15.875,A706-GR.60,7d108588-3535-4c7e-8b16-5c3d5e497810
W10-68,piece-to-piece,EMBED,SP25-1067-21,,1,ROD41.275,A706-GR.60,ec5555d1-866a-463e-9ec7-f0da2c8af0e6
W10-68,piece-to-piece,INSERT,SP25-1067-11,SP25Mx1067 WILLIAMS S,1,ROD25.4,A706-GR.60,bad3169c-3875-4c41-affd-288976d0ccd8
W10-68,piece-to-piece,EMBED,SP25-1067-31,,1,PD66.675*15.875,A706-GR.60,b09d3fe5-a3f3-413f-a6e2-12e04657a3e6
W10-68,piece-to-piece,EMBED,SP25-1067-21,,1,ROD41.275,A706-GR.60,bb40605f-6197-4a27-ac9a-528453b4eed7
W10-68,piece-to-piece,INSERT,SP25-1067-11,SP25Mx1067 WILLIAMS S,1,ROD25.4,A706-GR.60,8c091763-a111-4177-a894-0ea532097322
W10-68,piece-to-piece,EMBED,SP25-1067-31,,1,PD66.675*15.875,A706-GR.60,ae090257-3fb9-41d0-a79b-c3d93e9768b5
W10-68,piece-to-piece,EMBED,SP25-1067-21,,1,ROD41.275,A706-GR.60,235d8af5-4f5b-46f0-968c-5a289d22a169
W10-68,piece-to-piece,INSERT,SP15-457-11,15Mx457 WILLIAMS SPL,1,ROD16,400W,2fae0a52-722f-429a-9532-73e19a01af46
W10-68,piece-to-piece,INSERT,SP15-457-31,,1,PD52.387*12.7,400W,cf071dbe-040a-45ca-abe0-b50b6e057567
W10-68,piece-to-piece,INSERT,SP15-457-21,,1,ROD26.987,400W,1c15418f-9b20-405c-9cb3-70d2e79e81c4
W10-68,piece-to-piece,INSERT,SP15-457-11,15Mx457 WILLIAMS SPL,1,ROD16,400W,f37aa819-d433-45d2-8bc4-404ea1125e0b
W10-68,piece-to-piece,INSERT,SP15-457-31,,1,PD52.387*12.7,400W,145934fd-e70c-44ce-ad2b-cd8d060a042d
W10-68,piece-to-piece,INSERT,SP15-457-21,,1,ROD26.987,400W,e080ebaf-f874-455c-9367-cc5ddce93e74
W10-68,piece-to-piece,GROUT_TUBE,GT75-1219,75Ø x 1219 GROUT TUBE,1,ROD76,Zero_Density,970f9b2c-cc27-4384-b87d-3089c327e4ba
W10-68,piece-to-piece,GROUT_TUBE,GT75-1219,75Ø x 1219 GROUT TUBE,1,ROD76,Zero_Density,21455aef-6aae-4800-b494-2450f7871709
W10-68,piece-to-piece,GROUT_TUBE,GT75-1219,75Ø x 1219 GROUT TUBE,1,ROD76,Zero_Density,95efd023-d1fd-47c8-9243-dc8219d75bf1
W10-68,piece-to-piece,GROUT_TUBE,GT75-1219,75Ø x 1219 GROUT TUBE,1,ROD76,Zero_Density,936b7349-8c95-4136-8472-e270b72eb104
W10-68,piece-to-piece,GROUT_TUBE,GT100-1219-11,100Øx1219 GROUT TUBE,1,ROD102,Zero_Density,44fe01b0-0a79-4a33-bcdc-cfa31106accd
W10-68,piece-to-piece,GROUT_TUBE,GT100-1219-21,,1,ROD110,Zero_Density,6255da99-ea1b-4ce8-991f-4782bc334277
W10-68,piece-to-piece,GROUT_TUBE,GT100-1219-31,,1,ROD76,Zero_Density,a3eba7cc-47ec-4126-8f0f-3bd53057c210
W10-68,piece-to-piece,INSERT,SP25-1067-11,SP25Mx1067 WILLIAMS S,1,ROD25.4,A706-GR.60,6f21db74-92fd-4ac4-aef6-4445a66cf60e
W10-68,piece-to-piece,EMBED,SP25-1067-31,,1,PD66.675*15.875,A706-GR.60,baa2eab7-5bdf-4847-a0c6-c8703cb41a81
W10-68,piece-to-piece,EMBED,SP25-1067-21,,1,ROD41.275,A706-GR.60,ba106039-1fd2-4a0e-9147-5a5916747203
W10-68,piece-to-piece,INSERT,SP25-1067-11,SP25Mx1067 WILLIAMS S,1,ROD25.4,A706-GR.60,8bb3b17c-7620-4921-a2cd-31294fe7a47c
W10-68,piece-to-piece,EMBED,SP25-1067-31,,1,PD66.675*15.875,A706-GR.60,5a7e2806-b708-432e-8abf-56a523d70240
W10-68,piece-to-piece,EMBED,SP25-1067-21,,1,ROD41.275,A706-GR.60,a390c17a-8103-463a-83c8-7731bf10350d
W10-68,piece-to-piece,INSERT,SP25-1067-11,SP25Mx1067 WILLIAMS S,1,ROD25.4,A706-GR.60,92bbb839-642e-411e-a02c-ff4969909d25
W10-68,piece-to-piece,EMBED,SP25-1067-31,,1,PD66.675*15.875,A706-GR.60,24b7024e-7e28-437b-b78f-26a86bcd171b
W10-68,piece-to-piece,EMBED,SP25-1067-21,,1,ROD41.275,A706-GR.60,ac265a8b-6d2e-4d54-8c21-5bcf92975429
W10-68,piece-to-piece,INSERT,SP25-1067-11,SP25Mx1067 WILLIAMS S,1,ROD25.4,A706-GR.60,17d58330-71d6-49c4-9b8b-c711bf315bad
W10-68,piece-to-piece,EMBED,SP25-1067-31,,1,PD66.675*15.875,A706-GR.60,7dbd602b-4419-45ab-bf23-418943ed53a4
W10-68,piece-to-piece,EMBED,SP25-1067-21,,1,ROD41.275,A706-GR.60,4315e644-6135-4ef0-91d0-208ada8a030f
W10-68,piece-to-piece,INSERT,SP30-1219-11,30Mx1219 WILLIAMS SPL,1,ROD30.16,A706-GR.60,8b020fc5-6ed9-471a-ace2-af609637b35d
W10-68,piece-to-piece,EMBED,SP30-1219-31,,1,PD71.438*19.05,A706-GR.60,5019d31b-fad3-4e0e-b1d9-79e14f4f05e2
W10-68,piece-to-piece,EMBED,SP30-1219-21,,1,ROD44.45,A706-GR.60,52a80c58-7cb7-4e0a-9e54-bb71935e62ae
W10-68,piece-to-piece,GROUT_TUBE,GT76-254,76Øx254mm G.TUBE,1,ROD76.2,Zero_Density,b94d8a85-dd98-450a-ac91-2acbc3d28943
W10-68,piece-to-piece,GROUT_TUBE,GT76-254,76Øx254mm G.TUBE,1,ROD76.2,Zero_Density,0630c35c-abc8-4db2-9396-c38e33bc38cc
W10-68,piece-to-piece,GROUT_TUBE,GT76-254,76Øx254mm G.TUBE,1,ROD76.2,Zero_Density,8cc0c64e-0dc2-4b21-83f9-466d454b0d6f
W10-68,piece-to-piece,GROUT_TUBE,GT76-254,76Øx254mm G.TUBE,1,ROD76.2,Zero_Density,53e6a19d-11ce-425c-99d9-844b66f4e56e
W10-68,piece-to-piece,GROUT_TUBE,GT76-254,76Øx254mm G.TUBE,1,ROD76.2,Zero_Density,d2439b53-2bba-42ec-866b-488756a095a3
W10-68,piece-to-piece,GROUT_TUBE,GT76-254,76Øx254mm G.TUBE,1,ROD76.2,Zero_Density,e4e33a5a-9574-4791-afd8-75114290877d
W10-68,piece-to-piece,CONDUIT,CNDT37,19MM CONDUIT,1,ROD19,Zero_Density,56b208c9-cc60-4a0b-9a4d-b9bfdec98c0f
W10-68,piece-to-piece,PLATE,EB-S-PL1,Single Plastic Electr,1,160*50.8,Zero_Density,0ea2b6c4-9a1b-47f3-b73a-74681f23c1dd
W10-68,piece-to-piece,EMBED,P-602-11,13PL. W/STUD,1,PL101.6*12.7,A572-GR.50,7d75749b-e004-4bef-9f6b-b14d017d5cf1
W10-68,piece-to-piece,EMBED,P-602-21,,1,STUD_1/2-DIA,A108-C1010-1020,890a1a4d-5f85-47b6-a9a7-d948841b2b54
W10-68,piece-to-piece,INSERT,P-300-11,19Ø INSERT (NC),1,ROD23.813,A36,f1c610f5-516f-4063-a432-ed8d0ee1e969
W10-68,piece-to-piece,EMBED,P-300-21,,1,ROD6.35,A36,64437e78-d517-4075-aadd-6cc19699c006
W10-68,piece-to-piece,INSERT,P-300-11,19Ø INSERT (NC),1,ROD23.813,A36,b9d917d3-45b8-4152-93fe-652c0841bb8e
W10-68,piece-to-piece,EMBED,P-300-21,,1,ROD6.35,A36,6dced17e-2f7a-42e4-9d77-70230896e363
W10-68,piece-to-piece,ANCHOR,P-205-11,12000LB FORGED ANCHOR,1,PL15.88,A36,dde8b884-388b-4275-b4fd-13d4f3417b82
W10-68,piece-to-piece,EMBED,P-205-21,,1,PL76.2*12.7,A36,9ec3dbd5-5b50-46d7-b523-f4f9eb1dbe7c
W10-68,piece-to-piece,EMBED,P-205-31,,1,SPHERE47.625,A36,2bb0b4c3-1d5f-4c3a-80a8-482c5d31ffcb
W10-68,piece-to-piece,EMBED,P-205-32,,1,PL54,Steel_Undefined,d499ec36-0980-480a-b04e-b3230404a860
W10-68,piece-to-piece,ANCHOR,P-205-11,12000LB FORGED ANCHOR,1,PL15.88,A36,492fca32-3960-4bf5-ae04-28a9046e8d4a
W10-68,piece-to-piece,EMBED,P-205-21,,1,PL76.2*12.7,A36,5b8f6e30-d926-4fa5-b995-0ce2950b8617
W10-68,piece-to-piece,EMBED,P-205-31,,1,SPHERE47.625,A36,a9e97c74-076d-47aa-8c50-239edabdbf80
W10-68,piece-to-piece,EMBED,P-205-32,,1,PL54,Steel_Undefined,352d93cd-2459-4cc3-ae36-f236df5ca7fd
W10-68,piece-to-piece,ANCHOR,P-205-11,12000LB FORGED ANCHOR,1,PL15.88,A36,25d26cf2-3f6b-4080-b2af-bb69414acb64
W10-68,piece-to-piece,EMBED,P-205-21,,1,PL76.2*12.7,A36,896144d3-881f-428f-9596-b8e472a37714
W10-68,piece-to-piece,EMBED,P-205-31,,1,SPHERE47.625,A36,127bca29-5c3a-4f6f-af80-2f73f87dca34
W10-68,piece-to-piece,EMBED,P-205-32,,1,PL54,Steel_Undefined,31d85069-604c-4969-8992-fca3c8acc3e9
W10-68,piece-to-piece,ANCHOR,P-205-11,12000LB FORGED ANCHOR,1,PL15.88,A36,17856134-2880-4101-b2ff-bce3319db30b
W10-68,piece-to-piece,EMBED,P-205-21,,1,PL76.2*12.7,A36,ae012a84-5812-4a4f-812b-a8c75155b9cf
W10-68,piece-to-piece,EMBED,P-205-31,,1,SPHERE47.625,A36,28030fbb-376b-4b37-b9d7-80ef345965c4
W10-68,piece-to-piece,EMBED,P-205-32,,1,PL54,Steel_Undefined,0eaa4bd9-b12d-41a1-a45a-7840a9daa5ad
W10-69,piece-to-piece,EMBED,MPX11,V REVEAL LARGE,1,TRIANGLE12.7*12.7,Misc_Undefined,3ff2ec83-5f43-443f-8464-c7c9886303d5
W10-69,piece-to-piece,INSERT,P-300-11,19Ø INSERT (NC),1,ROD23.813,A36,d693cb81-2901-4381-befd-b98df95e2400
W10-69,piece-to-piece,EMBED,P-300-21,,1,ROD6.35,A36,23378149-985a-4d5b-9fc1-efac6e008713
W10-69,piece-to-piece,INSERT,P-300-11,19Ø INSERT (NC),1,ROD23.813,A36,0cdf184e-1d30-4e99-b8ef-c1ef323d7988
W10-69,piece-to-piece,EMBED,P-300-21,,1,ROD6.35,A36,f6e27b72-e7f0-48b5-b3be-e36e184cfd59
W10-69,piece-to-piece,INSERT,P-300-11,19Ø INSERT (NC),1,ROD23.813,A36,be030096-a3f1-45f7-a0e9-39e812850338
W10-69,piece-to-piece,EMBED,P-300-21,,1,ROD6.35,A36,265114f4-9dbe-4e26-8f50-df74e8170a07
W10-69,piece-to-piece,GROUT_TUBE,GT75-686,75Ø x 686 GROUT TUBE,1,ROD76,Zero_Density,b40bafeb-7f12-4e1f-b088-7d55afc41d5b
W10-69,piece-to-piece,GROUT_TUBE,GT75-686,75Ø x 686 GROUT TUBE,1,ROD76,Zero_Density,ab24b550-bab9-4263-856c-cfa6f84123a2
W10-69,piece-to-piece,INSERT,SP15-457-11,15Mx457 WILLIAMS SPL,1,ROD16,400W,836c79e7-b521-4c48-9e56-3b1e8301b318
W10-69,piece-to-piece,INSERT,SP15-457-31,,1,PD52.387*12.7,400W,3278778c-8737-4cc5-8e26-4d1a51b86b1d
W10-69,piece-to-piece,INSERT,SP15-457-21,,1,ROD26.987,400W,a039789c-5a60-4530-9801-31085a15dd2a
W10-69,piece-to-piece,INSERT,SP15-457-11,15Mx457 WILLIAMS SPL,1,ROD16,400W,b3b19720-6af1-4490-b8cf-9a59f727e7a0
W10-69,piece-to-piece,INSERT,SP15-457-31,,1,PD52.387*12.7,400W,c78d3020-a95e-4c8f-9424-b87c99c8b8b8
W10-69,piece-to-piece,INSERT,SP15-457-21,,1,ROD26.987,400W,7716332e-62bc-4f94-aa96-54b6867d5254
W10-69,piece-to-piece,GROUT_TUBE,GT75-1219,75Ø x 1219 GROUT TUBE,1,ROD76,Zero_Density,69c8cc62-feed-413d-b2cd-5eb18804bb77
W10-69,piece-to-piece,GROUT_TUBE,GT75-1219,75Ø x 1219 GROUT TUBE,1,ROD76,Zero_Density,d8c8962c-5e74-4880-a7b4-17cb63953249
W10-69,piece-to-piece,GROUT_TUBE,GT75-1219,75Ø x 1219 GROUT TUBE,1,ROD76,Zero_Density,267d5a5e-c5d1-4f06-9d12-e631a2cc4243
W10-69,piece-to-piece,GROUT_TUBE,GT75-1219,75Ø x 1219 GROUT TUBE,1,ROD76,Zero_Density,a4812e05-259d-4291-ac71-1d71e3f81a6a
W10-69,piece-to-piece,GROUT_TUBE,GT75-1219,75Ø x 1219 GROUT TUBE,1,ROD76,Zero_Density,d546887e-01e6-44e1-a9bb-40de353e3e18
W10-69,piece-to-piece,GROUT_TUBE,GT75-1219,75Ø x 1219 GROUT TUBE,1,ROD76,Zero_Density,3f476209-3ee8-4aa7-86ae-a912060a0504
W10-69,piece-to-piece,GROUT_TUBE,GT75-1219,75Ø x 1219 GROUT TUBE,1,ROD76,Zero_Density,7dd16d2c-5541-4ae4-bafc-12f95d542ec3
W10-69,piece-to-piece,GROUT_TUBE,GT75-1219,75Ø x 1219 GROUT TUBE,1,ROD76,Zero_Density,ea9da639-c6dd-4c27-9a8a-c0514021e554
W10-69,piece-to-piece,GROUT_TUBE,GT100-1219-11,100Øx1219 GROUT TUBE,1,ROD102,Zero_Density,0549bc2e-cb93-4554-8157-c78554caf0c1
W10-69,piece-to-piece,GROUT_TUBE,GT100-1219-21,,1,ROD110,Zero_Density,dd6f215f-2f74-424e-b844-94eed0d1ff2e
W10-69,piece-to-piece,GROUT_TUBE,GT100-1219-31,,1,ROD76,Zero_Density,15602c98-fee5-45b8-8961-50e5a83e0326
W10-69,piece-to-piece,INSERT,SP25-1067-11,SP25Mx1067 WILLIAMS S,1,ROD25.4,A706-GR.60,38981b5c-22b7-4cb8-bed6-80ae002e7e81
W10-69,piece-to-piece,EMBED,SP25-1067-31,,1,PD66.675*15.875,A706-GR.60,760cf4ca-369d-41e5-a0f1-8184e3350c3e
W10-69,piece-to-piece,EMBED,SP25-1067-21,,1,ROD41.275,A706-GR.60,b72e4945-a2f5-4905-ad61-352310b02177
W10-69,piece-to-piece,INSERT,SP25-1067-11,SP25Mx1067 WILLIAMS S,1,ROD25.4,A706-GR.60,10576aa9-443e-4ff1-b031-babf44dc6528
W10-69,piece-to-piece,EMBED,SP25-1067-31,,1,PD66.675*15.875,A706-GR.60,02384b03-795c-44fc-b790-e5c6662518f3
W10-69,piece-to-piece,EMBED,SP25-1067-21,,1,ROD41.275,A706-GR.60,5fe4a510-bbb5-4e7d-a302-055a7cb99872
W10-69,piece-to-piece,INSERT,SP25-1067-11,SP25Mx1067 WILLIAMS S,1,ROD25.4,A706-GR.60,80b49813-8bb6-4bff-9d48-bc5fd78892ea
W10-69,piece-to-piece,EMBED,SP25-1067-31,,1,PD66.675*15.875,A706-GR.60,e0556572-7ee9-462d-8240-1c554c104f2b
W10-69,piece-to-piece,EMBED,SP25-1067-21,,1,ROD41.275,A706-GR.60,76e81a0e-823c-4e69-9850-7d3e731c6ad3
W10-69,piece-to-piece,INSERT,SP25-1067-11,SP25Mx1067 WILLIAMS S,1,ROD25.4,A706-GR.60,5cfe4fb4-5c06-48a2-9812-f20ede964655
W10-69,piece-to-piece,EMBED,SP25-1067-31,,1,PD66.675*15.875,A706-GR.60,39b8d58c-0a72-4c38-a087-95816289a04e
W10-69,piece-to-piece,EMBED,SP25-1067-21,,1,ROD41.275,A706-GR.60,2698239d-c6bf-40db-8860-b37e1cbf0f9d
W10-69,piece-to-piece,INSERT,SP25-1067-11,SP25Mx1067 WILLIAMS S,1,ROD25.4,A706-GR.60,38008d3c-6ef7-482b-8e70-ea22ef1e21be
W10-69,piece-to-piece,EMBED,SP25-1067-31,,1,PD66.675*15.875,A706-GR.60,6fd66838-373a-43e2-8888-7c1a8845fbf1
W10-69,piece-to-piece,EMBED,SP25-1067-21,,1,ROD41.275,A706-GR.60,b45f0b81-19dc-40c3-9cc3-7ba35aad2725
W10-69,piece-to-piece,INSERT,SP25-1067-11,SP25Mx1067 WILLIAMS S,1,ROD25.4,A706-GR.60,905d213b-a6e9-46ee-a72a-c3eb1e6878d3
W10-69,piece-to-piece,EMBED,SP25-1067-31,,1,PD66.675*15.875,A706-GR.60,b7c43ced-125e-40b8-9bd3-18ee4bebc935
W10-69,piece-to-piece,EMBED,SP25-1067-21,,1,ROD41.275,A706-GR.60,cc836714-5872-4dce-a519-c361011dd227
W10-69,piece-to-piece,INSERT,SP25-1067-11,SP25Mx1067 WILLIAMS S,1,ROD25.4,A706-GR.60,d866a65d-963b-4b5a-9078-e819994ec644
W10-69,piece-to-piece,EMBED,SP25-1067-31,,1,PD66.675*15.875,A706-GR.60,10c31102-a0d2-40c4-ae6d-e2df0dcfe4ca
W10-69,piece-to-piece,EMBED,SP25-1067-21,,1,ROD41.275,A706-GR.60,4fdfc419-91cc-4598-a18f-51c4deb3e3b5
W10-69,piece-to-piece,INSERT,SP25-1067-11,SP25Mx1067 WILLIAMS S,1,ROD25.4,A706-GR.60,3df75c32-1fdb-4aa4-bad7-6dfbe0026e9e
W10-69,piece-to-piece,EMBED,SP25-1067-31,,1,PD66.675*15.875,A706-GR.60,76bd59c5-10e3-49df-b9c8-dc02e387d357
W10-69,piece-to-piece,EMBED,SP25-1067-21,,1,ROD41.275,A706-GR.60,4890bd09-5536-4217-876b-e4184e66fb5f
W10-69,piece-to-piece,INSERT,SP30-1219-11,30Mx1219 WILLIAMS SPL,1,ROD30.16,A706-GR.60,2caff932-fc26-4c2e-8f89-f650718afcdf
W10-69,piece-to-piece,EMBED,SP30-1219-31,,1,PD71.438*19.05,A706-GR.60,7e617e21-3182-45fd-afd0-e26ddaf7c2c5
W10-69,piece-to-piece,EMBED,SP30-1219-21,,1,ROD44.45,A706-GR.60,a76e14ed-8206-4cae-aa37-6ebc734e93b6
W10-69,piece-to-piece,GROUT_TUBE,GT76-254,76Øx254mm G.TUBE,1,ROD76.2,Zero_Density,73eac5ff-0355-4ce1-ba8e-4d1664eaab63
W10-69,piece-to-piece,GROUT_TUBE,GT76-254,76Øx254mm G.TUBE,1,ROD76.2,Zero_Density,e79b4557-503a-4e13-b774-5a49e9320062
W10-69,piece-to-piece,GROUT_TUBE,GT76-254,76Øx254mm G.TUBE,1,ROD76.2,Zero_Density,663f500f-b758-42ab-b818-d5a0cb83af62
W10-69,piece-to-piece,GROUT_TUBE,GT76-254,76Øx254mm G.TUBE,1,ROD76.2,Zero_Density,64e010e8-6306-49f0-8671-f55091074841
W10-69,piece-to-piece,GROUT_TUBE,GT76-254,76Øx254mm G.TUBE,1,ROD76.2,Zero_Density,3b5efae5-ba71-405b-bc46-9687c3701737
W10-69,piece-to-piece,GROUT_TUBE,GT76-254,76Øx254mm G.TUBE,1,ROD76.2,Zero_Density,b69283b1-049d-4d40-9224-4b67df1d2ef6
W10-69,piece-to-piece,CONDUIT,CNDT37,19MM CONDUIT,1,ROD19,Zero_Density,1353d6eb-4d28-479b-9fcb-3e7c1b3d00ca
W10-69,piece-to-piece,PLATE,EB-S-PL1,Single Plastic Electr,1,160*50.8,Zero_Density,233d63dc-344b-489c-b168-813e3bfc8718
W10-69,piece-to-piece,EMBED,P-602-11,13PL. W/STUD,1,PL101.6*12.7,A572-GR.50,d1e979f5-4761-4a12-8c7e-1afed4fd7e69
W10-69,piece-to-piece,EMBED,P-602-21,,1,STUD_1/2-DIA,A108-C1010-1020,84a40ac1-a305-40d7-adff-9dceaf28be35
W10-69,piece-to-piece,INSERT,P-300-11,19Ø INSERT (NC),1,ROD23.813,A36,1f7ee600-084b-428d-91b8-32a47651dde7
W10-69,piece-to-piece,EMBED,P-300-21,,1,ROD6.35,A36,7f685473-f120-4c85-953f-37d7fe2148d3
W10-69,piece-to-piece,INSERT,P-300-11,19Ø INSERT (NC),1,ROD23.813,A36,f6553ed7-7d54-413d-9330-c46e97286a5a
W10-69,piece-to-piece,EMBED,P-300-21,,1,ROD6.35,A36,98ccaf73-a1d7-4e46-bd66-8abcca1019a3
W10-69,piece-to-piece,ANCHOR,P-205-11,12000LB FORGED ANCHOR,1,PL15.88,A36,8d8af113-8295-4b6f-87aa-708eb4f9972f
W10-69,piece-to-piece,EMBED,P-205-21,,1,PL76.2*12.7,A36,24d4f713-d01c-4f67-a6dc-3724afb55151
W10-69,piece-to-piece,EMBED,P-205-31,,1,SPHERE47.625,A36,e4c7a991-bfd4-4ca2-b8d6-73055a7cefb5
W10-69,piece-to-piece,EMBED,P-205-32,,1,PL54,Steel_Undefined,e2b79fe9-1fc8-4fc2-9c7c-1cf895a98c9c
W10-69,piece-to-piece,ANCHOR,P-205-11,12000LB FORGED ANCHOR,1,PL15.88,A36,a7c44d58-6359-457c-9297-5dcd3ee16f08
W10-69,piece-to-piece,EMBED,P-205-21,,1,PL76.2*12.7,A36,06f11d7a-d50f-4485-ab01-24ae4e075a03
W10-69,piece-to-piece,EMBED,P-205-31,,1,SPHERE47.625,A36,c471888f-ec8f-4bf8-9180-0498e69b9b06
W10-69,piece-to-piece,EMBED,P-205-32,,1,PL54,Steel_Undefined,3e2c2a6f-d5a3-4806-8cae-27335119c1bc
W10-69,piece-to-piece,ANCHOR,P-205-11,12000LB FORGED ANCHOR,1,PL15.88,A36,066531d3-5593-4416-8436-85bdbe4f7f5b
W10-69,piece-to-piece,EMBED,P-205-21,,1,PL76.2*12.7,A36,a7e5adcc-a0ae-4d65-b817-466d39fbcfe0
W10-69,piece-to-piece,EMBED,P-205-31,,1,SPHERE47.625,A36,e49201e8-dd0b-405a-8129-8d89a3b7c969
W10-69,piece-to-piece,EMBED,P-205-32,,1,PL54,Steel_Undefined,b3d9f4a4-c486-4359-a82e-24393353000e
W10-69,piece-to-piece,ANCHOR,P-205-11,12000LB FORGED ANCHOR,1,PL15.88,A36,1b311697-19e3-4d80-af7b-cdd39dadfdac
W10-69,piece-to-piece,EMBED,P-205-21,,1,PL76.2*12.7,A36,9171dfcf-3f2b-46bd-a80c-6d4572338f45
W10-69,piece-to-piece,EMBED,P-205-31,,1,SPHERE47.625,A36,8e50dad9-3361-472b-8ecf-349f1c7f62b5
W10-69,piece-to-piece,EMBED,P-205-32,,1,PL54,Steel_Undefined,75795265-5d23-4756-af05-5c7c3c5c4d8f
W10-73,piece-to-piece,EMBED,MPX11,V REVEAL LARGE,1,TRIANGLE12.7*12.7,Misc_Undefined,0098798f-e8d6-4d98-9478-d0c6c184fb2f
W10-73,piece-to-piece,INSERT,P-300-11,19Ø INSERT (NC),1,ROD23.813,A36,6760d728-b507-4898-ba4a-4850d911aa6d
W10-73,piece-to-piece,EMBED,P-300-21,,1,ROD6.35,A36,f30f1899-256d-4358-9c9d-57771c4fb478
W10-73,piece-to-piece,INSERT,P-300-11,19Ø INSERT (NC),1,ROD23.813,A36,9852097a-8f33-4090-ba3d-8aba7545cd22
W10-73,piece-to-piece,EMBED,P-300-21,,1,ROD6.35,A36,12e8f02a-3343-4123-aeee-d9bf00c8ba55
W10-73,piece-to-piece,INSERT,P-300-11,19Ø INSERT (NC),1,ROD23.813,A36,c720f4fc-7446-4fec-ad7e-1ef0c365824c
W10-73,piece-to-piece,EMBED,P-300-21,,1,ROD6.35,A36,06f0bfcd-77fd-4ac7-bb26-76b0c718f5a2
W10-73,piece-to-piece,GROUT_TUBE,GT75-1219,75Ø x 1219 GROUT TUBE,1,ROD76,Zero_Density,6fecdfa6-9ddd-4d23-8ddd-1de6a4235cab
W10-73,piece-to-piece,GROUT_TUBE,GT75-1219,75Ø x 1219 GROUT TUBE,1,ROD76,Zero_Density,f53fec2a-041f-47d5-bae7-1ef25c1c7602
W10-73,piece-to-piece,GROUT_TUBE,GT75-1219,75Ø x 1219 GROUT TUBE,1,ROD76,Zero_Density,c65c9ceb-74b8-45ef-8c7e-475557fb6f0a
W10-73,piece-to-piece,GROUT_TUBE,GT75-1219,75Ø x 1219 GROUT TUBE,1,ROD76,Zero_Density,bbd5ac5a-b582-44fa-9778-279252e917fa
W10-73,piece-to-piece,GROUT_TUBE,GT75-686,75Ø x 686 GROUT TUBE,1,ROD76,Zero_Density,d4b6f176-ac07-47cd-97cf-8e9cf0f0fd63
W10-73,piece-to-piece,GROUT_TUBE,GT75-686,75Ø x 686 GROUT TUBE,1,ROD76,Zero_Density,77a2a69c-ba74-4cc0-93d3-15698059f257
W10-73,piece-to-piece,INSERT,SP15-457-11,15Mx457 WILLIAMS SPL,1,ROD16,400W,0ba06ccf-9587-4a40-91c0-8644c5f0532f
W10-73,piece-to-piece,INSERT,SP15-457-31,,1,PD52.387*12.7,400W,f02b216d-10b1-4025-9b8c-524eaf01ca58
W10-73,piece-to-piece,INSERT,SP15-457-21,,1,ROD26.987,400W,8d3d09fd-be3c-4406-a7a2-022e7ba4b7f6
W10-73,piece-to-piece,INSERT,SP15-457-11,15Mx457 WILLIAMS SPL,1,ROD16,400W,4f2d84a9-b00b-4369-8c7a-21725adfec48
W10-73,piece-to-piece,INSERT,SP15-457-31,,1,PD52.387*12.7,400W,ff644760-be18-4dfe-999c-c381e5de11c0
W10-73,piece-to-piece,INSERT,SP15-457-21,,1,ROD26.987,400W,dadf32aa-942d-45bf-a1e2-ca4550de8e87
W10-73,piece-to-piece,INSERT,SP15-457-11,15Mx457 WILLIAMS SPL,1,ROD16,400W,d5c66038-7637-4bc4-bf0f-4ca9e0b64812
W10-73,piece-to-piece,INSERT,SP15-457-31,,1,PD52.387*12.7,400W,f1db2f85-ef53-42b2-b483-212e24e8657b
W10-73,piece-to-piece,INSERT,SP15-457-21,,1,ROD26.987,400W,b2fe20aa-d907-4e99-b4f4-c6069a98b2b6
W10-73,piece-to-piece,INSERT,SP15-457-11,15Mx457 WILLIAMS SPL,1,ROD16,400W,b96dbabe-fb50-4fe5-a9a2-d92671127433
W10-73,piece-to-piece,INSERT,SP15-457-31,,1,PD52.387*12.7,400W,ee26c0f0-2375-4c16-b9da-2ae66e4193aa
W10-73,piece-to-piece,INSERT,SP15-457-21,,1,ROD26.987,400W,443f403a-b99c-4d93-808b-5da5ad63a03a
W10-73,piece-to-piece,INSERT,SP15-457-11,15Mx457 WILLIAMS SPL,1,ROD16,400W,d8eeb1c7-69d4-4c08-ae04-22fdc6b5c8e9
W10-73,piece-to-piece,INSERT,SP15-457-31,,1,PD52.387*12.7,400W,08015d77-2b2a-46ff-92d1-d59a6a9c0ada
W10-73,piece-to-piece,INSERT,SP15-457-21,,1,ROD26.987,400W,82c05267-282a-483f-b759-2c22f8acf8c6
W10-73,piece-to-piece,INSERT,SP15-457-11,15Mx457 WILLIAMS SPL,1,ROD16,400W,d8f052a2-cee9-40ae-b7b3-b7ac737e099f
W10-73,piece-to-piece,INSERT,SP15-457-31,,1,PD52.387*12.7,400W,ee194a37-1500-441d-b91b-1d543c85cfc5
W10-73,piece-to-piece,INSERT,SP15-457-21,,1,ROD26.987,400W,020beb6f-136b-4b0a-aa00-03f81e7c2b02
W10-73,piece-to-piece,INSERT,SP15-457-11,15Mx457 WILLIAMS SPL,1,ROD16,400W,3ded5553-3c76-4228-96fc-cc1f79990237
W10-73,piece-to-piece,INSERT,SP15-457-31,,1,PD52.387*12.7,400W,6b6540ec-1a11-4c68-8981-54a007500cbd
W10-73,piece-to-piece,INSERT,SP15-457-21,,1,ROD26.987,400W,d708f8f3-e519-41a2-8503-729e28af176f
W10-73,piece-to-piece,INSERT,SP15-457-11,15Mx457 WILLIAMS SPL,1,ROD16,400W,d0900bd4-8777-4485-837d-851ea798e038
W10-73,piece-to-piece,INSERT,SP15-457-31,,1,PD52.387*12.7,400W,c6bf204d-c74a-453c-8703-7059dc2a5a9b
W10-73,piece-to-piece,INSERT,SP15-457-21,,1,ROD26.987,400W,fa4d54bf-54ac-42b7-a260-552146d95dc1
W10-73,piece-to-piece,INSERT,SP15-457-11,15Mx457 WILLIAMS SPL,1,ROD16,400W,12fb8a99-7b18-4fc9-8e9b-970786963ea9
W10-73,piece-to-piece,INSERT,SP15-457-31,,1,PD52.387*12.7,400W,f3556eca-237e-494a-8e05-3ef67f5f9166
W10-73,piece-to-piece,INSERT,SP15-457-21,,1,ROD26.987,400W,dc0f6647-556e-42fa-81f3-c1db6f08ea26
W10-73,piece-to-piece,GROUT_TUBE,GT75-1219,75Ø x 1219 GROUT TUBE,1,ROD76,Zero_Density,92afaf5a-0d36-4e8b-b53a-286080c77bb7
W10-73,piece-to-piece,GROUT_TUBE,GT75-1219,75Ø x 1219 GROUT TUBE,1,ROD76,Zero_Density,62b2c16a-4b58-438b-917e-19f2057c5395
W10-73,piece-to-piece,GROUT_TUBE,GT75-1219,75Ø x 1219 GROUT TUBE,1,ROD76,Zero_Density,61763de9-553c-409d-b579-d1e4f354b7be
W10-73,piece-to-piece,GROUT_TUBE,GT75-1219,75Ø x 1219 GROUT TUBE,1,ROD76,Zero_Density,65d94a94-12b0-403f-b09d-d6ffe9e62608
W10-73,piece-to-piece,GROUT_TUBE,GT100-1219-11,100Øx1219 GROUT TUBE,1,ROD102,Zero_Density,ede64378-e839-4925-8cbe-61dc294df07c
W10-73,piece-to-piece,GROUT_TUBE,GT100-1219-21,,1,ROD110,Zero_Density,42a2ac52-ae55-4a23-9281-80b949b8be1d
W10-73,piece-to-piece,GROUT_TUBE,GT100-1219-31,,1,ROD76,Zero_Density,28b7b690-fa8b-4cd4-b9a6-2f71162952d6
W10-73,piece-to-piece,GROUT_TUBE,GT76-254,76Øx254mm G.TUBE,1,ROD76.2,Zero_Density,938c0f0f-3e49-451c-bad9-5daaed9856fd
W10-73,piece-to-piece,GROUT_TUBE,GT76-254,76Øx254mm G.TUBE,1,ROD76.2,Zero_Density,9a8d1055-f6f2-4362-8eea-38f300cd9bc7
W10-73,piece-to-piece,GROUT_TUBE,GT76-254,76Øx254mm G.TUBE,1,ROD76.2,Zero_Density,1a7a4e2f-252e-46b4-944d-fae3bf96cf84
W10-73,piece-to-piece,CONDUIT,CNDT37,19MM CONDUIT,1,ROD19,Zero_Density,e79bf4d3-29d0-493a-837a-39ae19c58b3c
W10-73,piece-to-piece,PLATE,EB-S-PL1,Single Plastic Electr,1,160*50.8,Zero_Density,fefc2731-93b4-4f19-87ba-ee81861df125
W10-73,piece-to-piece,EMBED,P-602-11,13PL. W/STUD,1,PL101.6*12.7,A572-GR.50,38dc91dd-db6c-4dd3-92bb-7da1080949f7
W10-73,piece-to-piece,EMBED,P-602-21,,1,STUD_1/2-DIA,A108-C1010-1020,23431cc7-e2c0-4986-baef-544a8b193a57
W10-73,piece-to-piece,INSERT,P-300-11,19Ø INSERT (NC),1,ROD23.813,A36,ec162840-bee2-4bdf-8174-7cf917a1b2b1
W10-73,piece-to-piece,EMBED,P-300-21,,1,ROD6.35,A36,1b4b5f00-89ec-465a-b55c-47e87e4dfa9d
W10-73,piece-to-piece,INSERT,P-300-11,19Ø INSERT (NC),1,ROD23.813,A36,2bf6e144-e2fa-419c-8913-cf6e7bc4e5db
W10-73,piece-to-piece,EMBED,P-300-21,,1,ROD6.35,A36,708a855c-fc2a-4aa4-80c0-2d429f795272
W10-73,piece-to-piece,ANCHOR,P-205-11,12000LB FORGED ANCHOR,1,PL15.88,A36,471e85e4-f8eb-487c-9883-57b1e22c94b3
W10-73,piece-to-piece,EMBED,P-205-21,,1,PL76.2*12.7,A36,45322fb0-331c-48a0-b3af-34d5fc2d6e32
W10-73,piece-to-piece,EMBED,P-205-31,,1,SPHERE47.625,A36,34385b88-a321-4e9d-a4ac-f3ad4f3b09b5
W10-73,piece-to-piece,EMBED,P-205-32,,1,PL54,Steel_Undefined,db267f45-8e82-49d8-a7e1-b28fce54eb3e
W10-73,piece-to-piece,ANCHOR,P-205-11,12000LB FORGED ANCHOR,1,PL15.88,A36,c456c12c-cfb4-4d8a-be50-5db1f4618a85
W10-73,piece-to-piece,EMBED,P-205-21,,1,PL76.2*12.7,A36,67a17ee6-37e9-425b-aaea-0d7b26860a99
W10-73,piece-to-piece,EMBED,P-205-31,,1,SPHERE47.625,A36,858480bd-7800-4ac4-b86b-c75c16503b62
W10-73,piece-to-piece,EMBED,P-205-32,,1,PL54,Steel_Undefined,23bed062-48fe-485a-9dfe-15cfbcd3278e
W10-73,piece-to-piece,ANCHOR,P-205-11,12000LB FORGED ANCHOR,1,PL15.88,A36,aca8d11f-100a-4009-8de2-1f92ff49da65
W10-73,piece-to-piece,EMBED,P-205-21,,1,PL76.2*12.7,A36,a7f5dc4e-7e1e-4207-abe0-622aed49b9db
W10-73,piece-to-piece,EMBED,P-205-31,,1,SPHERE47.625,A36,2cc23a51-f52b-4465-9522-e2ee23400536
W10-73,piece-to-piece,EMBED,P-205-32,,1,PL54,Steel_Undefined,e66c0054-b494-4dd9-b00e-df01cec38a6c
W10-73,piece-to-piece,ANCHOR,P-205-11,12000LB FORGED ANCHOR,1,PL15.88,A36,8a8beabb-67e1-46f1-befb-8f84e5c2ec18
W10-73,piece-to-piece,EMBED,P-205-21,,1,PL76.2*12.7,A36,39eaded9-3f14-4eea-b04c-9a239b76225e
W10-73,piece-to-piece,EMBED,P-205-31,,1,SPHERE47.625,A36,3c8abbca-6ee7-4162-b91d-e31a5d049698
W10-73,piece-to-piece,EMBED,P-205-32,,1,PL54,Steel_Undefined,33c1e59f-7163-4d0b-a024-0a9d81b1bfb2
W10-73,piece-to-piece,GROUT_TUBE,GT76-254,76Øx254mm G.TUBE,1,ROD76.2,Zero_Density,5a8f22e0-550c-4f5d-acb7-01123a45fec6
W10-73,piece-to-piece,GROUT_TUBE,GT76-254,76Øx254mm G.TUBE,1,ROD76.2,Zero_Density,dc217386-0e68-45cd-9866-25f1aa2806fc
W10-73,piece-to-piece,GROUT_TUBE,GT76-254,76Øx254mm G.TUBE,1,ROD76.2,Zero_Density,985f1b0c-e7a4-4be5-a318-b447d1e98eeb
W10-182,piece-to-piece,EMBED,MPX11,V REVEAL LARGE,1,TRIANGLE12.7*12.7,Misc_Undefined,d400ec39-48aa-46f4-bf8b-049172307810
W10-182,piece-to-piece,INSERT,P-300-11,19Ø INSERT (NC),1,ROD23.813,A36,365969f3-438f-4a7e-8d19-e46b8b2a58f1
W10-182,piece-to-piece,EMBED,P-300-21,,1,ROD6.35,A36,f2d44bf9-7fd1-4d93-8232-a7093bd2ebaa
W10-182,piece-to-piece,INSERT,P-300-11,19Ø INSERT (NC),1,ROD23.813,A36,ce1b0316-b02d-4b42-970b-d3766f0c4a2b
W10-182,piece-to-piece,EMBED,P-300-21,,1,ROD6.35,A36,f1c85eb6-dd74-4457-80f1-d39fdf7d8eb8
W10-182,piece-to-piece,INSERT,P-300-11,19Ø INSERT (NC),1,ROD23.813,A36,2b865226-abad-4728-8359-032f7dbb8fab
W10-182,piece-to-piece,EMBED,P-300-21,,1,ROD6.35,A36,f0edec5f-6ea1-45b0-8dd6-e4a53d381a94
W10-182,piece-to-piece,GROUT_TUBE,GT75-1219,75Ø x 1219 GROUT TUBE,1,ROD76,Zero_Density,bcdc2bba-4c86-4cae-9ce5-9208ecca076d
W10-182,piece-to-piece,GROUT_TUBE,GT75-1219,75Ø x 1219 GROUT TUBE,1,ROD76,Zero_Density,58e70a4f-2f13-4a8f-86bd-a6ac57ba7c48
W10-182,piece-to-piece,GROUT_TUBE,GT75-1219,75Ø x 1219 GROUT TUBE,1,ROD76,Zero_Density,e7d38ec1-9ec3-4844-b72e-b3176cb8e791
W10-182,piece-to-piece,GROUT_TUBE,GT75-1219,75Ø x 1219 GROUT TUBE,1,ROD76,Zero_Density,4cd6f9b4-0720-4a9b-9e82-ea7a79478048
W10-182,piece-to-piece,INSERT,SP25-1067-11,SP25Mx1067 WILLIAMS S,1,ROD25.4,A706-GR.60,2784e067-5884-49c6-8a91-b4e4ae5560bf
W10-182,piece-to-piece,EMBED,SP25-1067-31,,1,PD66.675*15.875,A706-GR.60,13a819a8-5c10-4e04-b36e-ce1bcc1a98c9
W10-182,piece-to-piece,EMBED,SP25-1067-21,,1,ROD41.275,A706-GR.60,b4f896eb-2684-491c-bc07-795b037347aa
W10-182,piece-to-piece,INSERT,SP25-1067-11,SP25Mx1067 WILLIAMS S,1,ROD25.4,A706-GR.60,9e6b65c1-cef9-4270-a09a-19b3c7591df8
W10-182,piece-to-piece,EMBED,SP25-1067-31,,1,PD66.675*15.875,A706-GR.60,b3241568-3ce9-4385-8dd7-a575efd15558
W10-182,piece-to-piece,EMBED,SP25-1067-21,,1,ROD41.275,A706-GR.60,5c2c191f-a3b0-4e07-9d9e-6273c300c9dd
W10-182,piece-to-piece,INSERT,SP25-1067-11,SP25Mx1067 WILLIAMS S,1,ROD25.4,A706-GR.60,ae71bc39-4503-42dc-88ed-ba45693af86e
W10-182,piece-to-piece,EMBED,SP25-1067-31,,1,PD66.675*15.875,A706-GR.60,0cd3e1db-ecca-4a2e-8abe-f307f62a8d79
W10-182,piece-to-piece,EMBED,SP25-1067-21,,1,ROD41.275,A706-GR.60,1e118d6b-740c-4b2f-8812-65e753fc45e0
W10-182,piece-to-piece,INSERT,SP25-1067-11,SP25Mx1067 WILLIAMS S,1,ROD25.4,A706-GR.60,25f75a8d-e619-44e4-af5f-9759c7ea3d52
W10-182,piece-to-piece,EMBED,SP25-1067-31,,1,PD66.675*15.875,A706-GR.60,08fa3315-79f8-414c-a34a-7ec8032f0127
W10-182,piece-to-piece,EMBED,SP25-1067-21,,1,ROD41.275,A706-GR.60,6501d914-022a-46ad-a356-35715e2b70d9
W10-182,piece-to-piece,GROUT_TUBE,GT75-686,75Ø x 686 GROUT TUBE,1,ROD76,Zero_Density,bd877ded-2cd1-42dc-a67f-e11bd4280fa5
W10-182,piece-to-piece,GROUT_TUBE,GT75-686,75Ø x 686 GROUT TUBE,1,ROD76,Zero_Density,3eb2dcbe-66ae-4700-bcc4-d5a73ece9e51
W10-182,piece-to-piece,INSERT,SP15-457-11,15Mx457 WILLIAMS SPL,1,ROD16,400W,0ee9311e-8903-4666-8047-299eb48d6496
W10-182,piece-to-piece,INSERT,SP15-457-31,,1,PD52.387*12.7,400W,53702d20-a07f-4ade-883e-39d1de356e07
W10-182,piece-to-piece,INSERT,SP15-457-21,,1,ROD26.987,400W,de3da6f7-0404-4128-a92d-ffbb40b45c73
W10-182,piece-to-piece,INSERT,SP15-457-11,15Mx457 WILLIAMS SPL,1,ROD16,400W,f60c8dd5-d0be-4cb9-9bbc-d3858bbc6200
W10-182,piece-to-piece,INSERT,SP15-457-31,,1,PD52.387*12.7,400W,bea9a64c-6425-4d52-a5a6-441b1f9e7701
W10-182,piece-to-piece,INSERT,SP15-457-21,,1,ROD26.987,400W,ef49e25e-2bd5-4651-b75c-661b1d7f49f7
W10-182,piece-to-piece,GROUT_TUBE,GT75-1219,75Ø x 1219 GROUT TUBE,1,ROD76,Zero_Density,907b8858-2565-4b04-840f-0e68a72d8693
W10-182,piece-to-piece,GROUT_TUBE,GT75-1219,75Ø x 1219 GROUT TUBE,1,ROD76,Zero_Density,c666dd08-31ec-471b-91e8-9458fc53c9ee
W10-182,piece-to-piece,GROUT_TUBE,GT75-1219,75Ø x 1219 GROUT TUBE,1,ROD76,Zero_Density,deaea7c9-b66f-4ed8-9b98-11bc4a901eb4
W10-182,piece-to-piece,GROUT_TUBE,GT75-1219,75Ø x 1219 GROUT TUBE,1,ROD76,Zero_Density,028868fe-cbe5-401a-8bdd-1bf9d8719171
W10-182,piece-to-piece,GROUT_TUBE,GT100-1219-11,100Øx1219 GROUT TUBE,1,ROD102,Zero_Density,31a1737b-871a-471d-aee1-dfeaed98ccdf
W10-182,piece-to-piece,GROUT_TUBE,GT100-1219-21,,1,ROD110,Zero_Density,1410688e-0dad-46df-a8bb-775f9040e289
W10-182,piece-to-piece,GROUT_TUBE,GT100-1219-31,,1,ROD76,Zero_Density,25d33992-5937-4531-98c4-7f11738b2caf
W10-182,piece-to-piece,INSERT,SP25-1067-11,SP25Mx1067 WILLIAMS S,1,ROD25.4,A706-GR.60,c03a5cc8-8a9e-41c8-ab0d-59f5196977e4
W10-182,piece-to-piece,EMBED,SP25-1067-31,,1,PD66.675*15.875,A706-GR.60,0664b2a6-3648-4579-bdb2-579e3d0037bb
W10-182,piece-to-piece,EMBED,SP25-1067-21,,1,ROD41.275,A706-GR.60,c88d8a9e-9cdf-4dab-b3bd-4e9e89bd0a26
W10-182,piece-to-piece,INSERT,SP25-1067-11,SP25Mx1067 WILLIAMS S,1,ROD25.4,A706-GR.60,d874804f-9d17-4e5f-a940-92d5576c67c7
W10-182,piece-to-piece,EMBED,SP25-1067-31,,1,PD66.675*15.875,A706-GR.60,abfa4145-64ed-489d-9a7f-1a4d06671bee
W10-182,piece-to-piece,EMBED,SP25-1067-21,,1,ROD41.275,A706-GR.60,190fc393-288c-491b-828a-cbe597a214cd
W10-182,piece-to-piece,INSERT,SP25-1067-11,SP25Mx1067 WILLIAMS S,1,ROD25.4,A706-GR.60,0b3469dc-79f0-47e2-87a8-5a4ed888e64d
W10-182,piece-to-piece,EMBED,SP25-1067-31,,1,PD66.675*15.875,A706-GR.60,045cd5fb-153c-490a-a61b-9fd64df5691c
W10-182,piece-to-piece,EMBED,SP25-1067-21,,1,ROD41.275,A706-GR.60,17077bde-1595-46b2-a074-1ab646e09d80
W10-182,piece-to-piece,INSERT,SP25-1067-11,SP25Mx1067 WILLIAMS S,1,ROD25.4,A706-GR.60,a30a5e3f-be53-4b49-8012-b8ab784e1edc
W10-182,piece-to-piece,EMBED,SP25-1067-31,,1,PD66.675*15.875,A706-GR.60,29e4a67a-94d3-4085-a0ce-93e63a0861b8
W10-182,piece-to-piece,EMBED,SP25-1067-21,,1,ROD41.275,A706-GR.60,e867503a-e692-47be-b98d-abf9593822a2
W10-182,piece-to-piece,INSERT,SP30-1219-11,30Mx1219 WILLIAMS SPL,1,ROD30.16,A706-GR.60,af279a30-6cf2-45d4-8ea0-19b0d5310e69
W10-182,piece-to-piece,EMBED,SP30-1219-31,,1,PD71.438*19.05,A706-GR.60,9487d5dc-c0df-4830-8db0-5e500cab0380
W10-182,piece-to-piece,EMBED,SP30-1219-21,,1,ROD44.45,A706-GR.60,5eea25a3-85dd-434d-ad70-b2a66fd7e67b
W10-182,piece-to-piece,GROUT_TUBE,GT76-254,76Øx254mm G.TUBE,1,ROD76.2,Zero_Density,1f100667-c344-45e4-aabf-c82204801573
W10-182,piece-to-piece,GROUT_TUBE,GT76-254,76Øx254mm G.TUBE,1,ROD76.2,Zero_Density,5c8c7a86-d1b3-429a-b21b-33fc972f5eba
W10-182,piece-to-piece,GROUT_TUBE,GT76-254,76Øx254mm G.TUBE,1,ROD76.2,Zero_Density,2d508c1b-3784-4324-82bd-bac32bb01128
W10-182,piece-to-piece,GROUT_TUBE,GT76-254,76Øx254mm G.TUBE,1,ROD76.2,Zero_Density,de3f7aaa-5461-4590-b645-2447553b1dd1
W10-182,piece-to-piece,GROUT_TUBE,GT76-254,76Øx254mm G.TUBE,1,ROD76.2,Zero_Density,9b44a359-f4da-4446-8384-4f9de5ef7b9a
W10-182,piece-to-piece,GROUT_TUBE,GT76-254,76Øx254mm G.TUBE,1,ROD76.2,Zero_Density,8a0c73b7-db0e-48e9-aa7b-0b36af8aa7be
W10-182,piece-to-piece,CONDUIT,CNDT37,19MM CONDUIT,1,ROD19,Zero_Density,51198199-46a5-4798-8cb0-4d32c25c3ffb
W10-182,piece-to-piece,PLATE,EB-S-PL1,Single Plastic Electr,1,160*50.8,Zero_Density,d2ff367b-2acd-4c0d-9bab-05b6d26ad990
W10-182,piece-to-piece,EMBED,P-602-11,13PL. W/STUD,1,PL101.6*12.7,A572-GR.50,642f4ec6-bbd5-4a8a-9eb1-2dbed84d4bb1
W10-182,piece-to-piece,EMBED,P-602-21,,1,STUD_1/2-DIA,A108-C1010-1020,a9f36fe1-140b-4ec4-9f44-f12771595fd8
W10-182,piece-to-piece,INSERT,P-300-11,19Ø INSERT (NC),1,ROD23.813,A36,d177bac3-a294-4344-821f-2cefa4ca3884
W10-182,piece-to-piece,EMBED,P-300-21,,1,ROD6.35,A36,dc03d56b-6bce-4e79-8bbc-fb8c97e5267c
W10-182,piece-to-piece,INSERT,P-300-11,19Ø INSERT (NC),1,ROD23.813,A36,85d14ce2-3031-4ad3-9aad-4ad1f27e6269
W10-182,piece-to-piece,EMBED,P-300-21,,1,ROD6.35,A36,b6df818f-b6c3-499c-8873-28fadeb8afcd
W10-182,piece-to-piece,ANCHOR,P-205-11,12000LB FORGED ANCHOR,1,PL15.88,A36,63c4a19c-9b8b-4015-8ead-a110762cb06a
W10-182,piece-to-piece,EMBED,P-205-21,,1,PL76.2*12.7,A36,38cce481-fc89-4c3e-94f7-ca13d26b6dac
W10-182,piece-to-piece,EMBED,P-205-31,,1,SPHERE47.625,A36,50499ff6-f395-4e8d-a421-2b70d624191c
W10-182,piece-to-piece,EMBED,P-205-32,,1,PL54,Steel_Undefined,d2e94923-bfd2-419f-8f36-87b1273daf1e
W10-182,piece-to-piece,ANCHOR,P-205-11,12000LB FORGED ANCHOR,1,PL15.88,A36,e6ec96fb-cc48-44ca-8dc8-7a6fa293b2b0
W10-182,piece-to-piece,EMBED,P-205-21,,1,PL76.2*12.7,A36,3e708829-4637-4afc-b8c2-7646bc7c1607
W10-182,piece-to-piece,EMBED,P-205-31,,1,SPHERE47.625,A36,435c0d78-75a0-42ec-a641-a1c22a30866d
W10-182,piece-to-piece,EMBED,P-205-32,,1,PL54,Steel_Undefined,320c84c3-67d9-443e-a2df-f9407d9c8c46
W10-182,piece-to-piece,ANCHOR,P-205-11,12000LB FORGED ANCHOR,1,PL15.88,A36,424a6c4a-9a1c-4de6-99c2-a027a35ca0ae
W10-182,piece-to-piece,EMBED,P-205-21,,1,PL76.2*12.7,A36,57a03589-bc99-4df3-9d3e-88868c1df2dd
W10-182,piece-to-piece,EMBED,P-205-31,,1,SPHERE47.625,A36,098b026b-96fb-46d8-9e03-76f85edfd7f0
W10-182,piece-to-piece,EMBED,P-205-32,,1,PL54,Steel_Undefined,2d9b2bd2-7dff-4685-b3f8-ac70e747b43b
W10-182,piece-to-piece,ANCHOR,P-205-11,12000LB FORGED ANCHOR,1,PL15.88,A36,9582671d-bb50-489d-a862-c934c6d37157
W10-182,piece-to-piece,EMBED,P-205-21,,1,PL76.2*12.7,A36,402ab991-0a6d-4120-a43f-ee73d20638e5
W10-182,piece-to-piece,EMBED,P-205-31,,1,SPHERE47.625,A36,b4be462b-6052-449c-990e-ddef76bce01c
W10-182,piece-to-piece,EMBED,P-205-32,,1,PL54,Steel_Undefined,3cd664cc-1ca6-46e6-81a7-ede654683ec1
W10-45,piece-to-piece,EMBED,MPX11,V REVEAL LARGE,1,TRIANGLE12.7*12.7,Misc_Undefined,b355eaac-e8b0-4ba5-b95e-58e2d2a0cef8
W10-45,piece-to-piece,INSERT,P-300-11,19Ø INSERT (NC),1,ROD23.813,A36,e0941970-6342-4a9e-accb-ce218f001637
W10-45,piece-to-piece,EMBED,P-300-21,,1,ROD6.35,A36,3419ac26-c80a-41e4-8be1-71b43ea0d622
W10-45,piece-to-piece,INSERT,P-300-11,19Ø INSERT (NC),1,ROD23.813,A36,5b886227-279e-4172-bd0e-e309123ff79b
W10-45,piece-to-piece,EMBED,P-300-21,,1,ROD6.35,A36,600b3df3-150f-4233-8706-8cbd7f43563d
W10-45,piece-to-piece,INSERT,P-300-11,19Ø INSERT (NC),1,ROD23.813,A36,df3f4f4b-349f-4731-bccd-30e3257aca7c
W10-45,piece-to-piece,EMBED,P-300-21,,1,ROD6.35,A36,1158bed5-6346-406c-81e0-c7934cdfef1d
W10-45,piece-to-piece,GROUT_TUBE,GT75-1219,75Ø x 1219 GROUT TUBE,1,ROD76,Zero_Density,bdbe7c7f-d9f8-4709-9274-53a9af87a320
W10-45,piece-to-piece,GROUT_TUBE,GT75-1219,75Ø x 1219 GROUT TUBE,1,ROD76,Zero_Density,2888ce71-7f66-46b7-80f5-c18de75b9b44
W10-45,piece-to-piece,GROUT_TUBE,GT75-1219,75Ø x 1219 GROUT TUBE,1,ROD76,Zero_Density,240afb4f-d4af-4f2a-a07a-95e636e34858
W10-45,piece-to-piece,GROUT_TUBE,GT75-1219,75Ø x 1219 GROUT TUBE,1,ROD76,Zero_Density,9d988158-f7d3-4d7b-a31e-25714e511bec
W10-45,piece-to-piece,INSERT,SP25-1067-11,SP25Mx1067 WILLIAMS S,1,ROD25.4,A706-GR.60,aaa54416-a72b-4f64-b31a-2fe86a6b448c
W10-45,piece-to-piece,EMBED,SP25-1067-31,,1,PD66.675*15.875,A706-GR.60,791ba5eb-5668-4e53-8edd-c1833c08f2a9
W10-45,piece-to-piece,EMBED,SP25-1067-21,,1,ROD41.275,A706-GR.60,c9c58f35-e038-405f-8d8a-3ce48ff58610
W10-45,piece-to-piece,INSERT,SP25-1067-11,SP25Mx1067 WILLIAMS S,1,ROD25.4,A706-GR.60,a3dd476f-645e-4fbe-bb29-9e3a5590283c
W10-45,piece-to-piece,EMBED,SP25-1067-31,,1,PD66.675*15.875,A706-GR.60,1a8b4705-b9a1-4af9-b928-8a76b6f1c8ec
W10-45,piece-to-piece,EMBED,SP25-1067-21,,1,ROD41.275,A706-GR.60,c634e39d-1f58-4bad-a19e-9334c3904cc0
W10-45,piece-to-piece,INSERT,SP25-1067-11,SP25Mx1067 WILLIAMS S,1,ROD25.4,A706-GR.60,bcb39f5f-5be5-4d1e-9461-a8555e2649e0
W10-45,piece-to-piece,EMBED,SP25-1067-31,,1,PD66.675*15.875,A706-GR.60,02e5cbe5-c1fb-4635-b3ee-f363241fb852
W10-45,piece-to-piece,EMBED,SP25-1067-21,,1,ROD41.275,A706-GR.60,0e7a3ea1-226a-4b24-bb25-675392fbf422
W10-45,piece-to-piece,INSERT,SP25-1067-11,SP25Mx1067 WILLIAMS S,1,ROD25.4,A706-GR.60,a0dd2782-7e26-4d06-a21d-a091eee6fcf2
W10-45,piece-to-piece,EMBED,SP25-1067-31,,1,PD66.675*15.875,A706-GR.60,5029fb22-c6a0-4ea3-b3ba-34c86025192e
W10-45,piece-to-piece,EMBED,SP25-1067-21,,1,ROD41.275,A706-GR.60,2d579a5a-6370-4200-b7b1-829c25abfde6
W10-45,piece-to-piece,GROUT_TUBE,GT75-686,75Ø x 686 GROUT TUBE,1,ROD76,Zero_Density,fe0047d9-aa65-4637-bb45-4b5324bafcd9
W10-45,piece-to-piece,GROUT_TUBE,GT75-686,75Ø x 686 GROUT TUBE,1,ROD76,Zero_Density,f0974d0c-35a1-41b6-9ef2-cd255ec05bb1
W10-45,piece-to-piece,INSERT,SP15-457-11,15Mx457 WILLIAMS SPL,1,ROD16,400W,65c04cfa-b7f3-4414-b6ea-621a71180931
W10-45,piece-to-piece,INSERT,SP15-457-31,,1,PD52.387*12.7,400W,73f09d44-bfcd-4f24-b9ad-9ec04e82b964
W10-45,piece-to-piece,INSERT,SP15-457-21,,1,ROD26.987,400W,89902ee9-0241-49e9-bab2-50ab504c0404
W10-45,piece-to-piece,INSERT,SP15-457-11,15Mx457 WILLIAMS SPL,1,ROD16,400W,bfad39e2-b218-4ecb-9715-9ef8e35d0b50
W10-45,piece-to-piece,INSERT,SP15-457-31,,1,PD52.387*12.7,400W,b95be0bb-8049-4d65-a747-11181cb6704b
W10-45,piece-to-piece,INSERT,SP15-457-21,,1,ROD26.987,400W,c8ce7d87-a866-4ca5-b8b7-0ce8d63aa82d
W10-45,piece-to-piece,GROUT_TUBE,GT75-1219,75Ø x 1219 GROUT TUBE,1,ROD76,Zero_Density,efb6a314-a9aa-42cd-b181-12d94ba0c6d1
W10-45,piece-to-piece,GROUT_TUBE,GT75-1219,75Ø x 1219 GROUT TUBE,1,ROD76,Zero_Density,866a62da-11e0-4e88-be96-0e276de005ec
W10-45,piece-to-piece,GROUT_TUBE,GT75-1219,75Ø x 1219 GROUT TUBE,1,ROD76,Zero_Density,d0416255-2566-449d-853a-ccf1eab6c9dd
W10-45,piece-to-piece,GROUT_TUBE,GT75-1219,75Ø x 1219 GROUT TUBE,1,ROD76,Zero_Density,533a226c-16f6-4627-838b-ead76bf966e3
W10-45,piece-to-piece,GROUT_TUBE,GT100-1219-11,100Øx1219 GROUT TUBE,1,ROD102,Zero_Density,602d9725-2d29-4772-a13b-934f2fce2fab
W10-45,piece-to-piece,GROUT_TUBE,GT100-1219-21,,1,ROD110,Zero_Density,fe740161-0518-4783-95ae-bd8b62d3e48c
W10-45,piece-to-piece,GROUT_TUBE,GT100-1219-31,,1,ROD76,Zero_Density,0b0865fe-3dc7-4626-b27f-d793be338460
W10-45,piece-to-piece,INSERT,SP25-1067-11,SP25Mx1067 WILLIAMS S,1,ROD25.4,A706-GR.60,19840a7b-d30e-4a26-bec1-1323b04c9d50
W10-45,piece-to-piece,EMBED,SP25-1067-31,,1,PD66.675*15.875,A706-GR.60,b5c6e7a1-4b15-4340-8b95-e94b655586e7
W10-45,piece-to-piece,EMBED,SP25-1067-21,,1,ROD41.275,A706-GR.60,59a7210b-5375-4716-ad36-a68abb110e91
W10-45,piece-to-piece,INSERT,SP25-1067-11,SP25Mx1067 WILLIAMS S,1,ROD25.4,A706-GR.60,4ba1e525-1e7f-4552-b9f9-e565f27c962b
W10-45,piece-to-piece,EMBED,SP25-1067-31,,1,PD66.675*15.875,A706-GR.60,4a9e0c53-3c8f-4ccc-b181-cf37048e652a
W10-45,piece-to-piece,EMBED,SP25-1067-21,,1,ROD41.275,A706-GR.60,ec1d99aa-f1b5-46f6-a669-b3fe7c08cb27
W10-45,piece-to-piece,INSERT,SP25-1067-11,SP25Mx1067 WILLIAMS S,1,ROD25.4,A706-GR.60,718920d1-3652-4a3f-a5b6-439e8d2c2aa7
W10-45,piece-to-piece,EMBED,SP25-1067-31,,1,PD66.675*15.875,A706-GR.60,c9aaa7ce-35e7-4bf9-b993-bbd5f1d8af44
W10-45,piece-to-piece,EMBED,SP25-1067-21,,1,ROD41.275,A706-GR.60,2c1c429d-cce4-44b4-8af8-1081a8757225
W10-45,piece-to-piece,INSERT,SP25-1067-11,SP25Mx1067 WILLIAMS S,1,ROD25.4,A706-GR.60,fb70fce8-e043-4dd7-a661-f0c14e14d68f
W10-45,piece-to-piece,EMBED,SP25-1067-31,,1,PD66.675*15.875,A706-GR.60,d63a2b76-6d10-4c19-9b8c-60bbcefeb6f5
W10-45,piece-to-piece,EMBED,SP25-1067-21,,1,ROD41.275,A706-GR.60,7cb73bab-863b-4969-9d40-13a8b127d905
W10-45,piece-to-piece,INSERT,SP30-1219-11,30Mx1219 WILLIAMS SPL,1,ROD30.16,A706-GR.60,c7bbf998-2606-4bde-a035-785971a9dd87
W10-45,piece-to-piece,EMBED,SP30-1219-31,,1,PD71.438*19.05,A706-GR.60,0c8dbc72-7fcf-403b-a0d7-5f8350f320b2
W10-45,piece-to-piece,EMBED,SP30-1219-21,,1,ROD44.45,A706-GR.60,db56c8a1-d333-4108-9cd2-87bcade6de16
W10-45,piece-to-piece,GROUT_TUBE,GT76-254,76Øx254mm G.TUBE,1,ROD76.2,Zero_Density,caf64909-556d-426c-adac-a7f6fe436c65
W10-45,piece-to-piece,GROUT_TUBE,GT76-254,76Øx254mm G.TUBE,1,ROD76.2,Zero_Density,e11cff72-fd21-48e8-948e-68a517a45a33
W10-45,piece-to-piece,GROUT_TUBE,GT76-254,76Øx254mm G.TUBE,1,ROD76.2,Zero_Density,5143fd75-f7bc-446d-b4ec-71d6ac942d20
W10-45,piece-to-piece,GROUT_TUBE,GT76-254,76Øx254mm G.TUBE,1,ROD76.2,Zero_Density,4d843bc7-aeb9-49d5-9545-1b6cc125d621
W10-45,piece-to-piece,GROUT_TUBE,GT76-254,76Øx254mm G.TUBE,1,ROD76.2,Zero_Density,4cefd281-2f97-463c-97ae-5d58098e9d4c
W10-45,piece-to-piece,GROUT_TUBE,GT76-254,76Øx254mm G.TUBE,1,ROD76.2,Zero_Density,213bf0b8-f503-4ccf-a513-fbf5c0c42706
W10-45,piece-to-piece,CONDUIT,CNDT37,19MM CONDUIT,1,ROD19,Zero_Density,8c55560f-3091-4359-ba7d-20c3c28d91c0
W10-45,piece-to-piece,PLATE,EB-S-PL1,Single Plastic Electr,1,160*50.8,Zero_Density,eda8e796-0c0f-444f-ae2a-18888831ef8a
W10-45,piece-to-piece,EMBED,P-602-11,13PL. W/STUD,1,PL101.6*12.7,A572-GR.50,b8020e93-d211-4940-8ce3-039c09972004
W10-45,piece-to-piece,EMBED,P-602-21,,1,STUD_1/2-DIA,A108-C1010-1020,812da41d-d822-4ddc-9df4-ebbf7ee59ef2
W10-45,piece-to-piece,INSERT,P-300-11,19Ø INSERT (NC),1,ROD23.813,A36,06e129e0-084e-4b71-80ac-7117ef700bbf
W10-45,piece-to-piece,EMBED,P-300-21,,1,ROD6.35,A36,901c3ac9-e9be-4951-9cc0-f8a3325e6296
W10-45,piece-to-piece,INSERT,P-300-11,19Ø INSERT (NC),1,ROD23.813,A36,d537477f-3259-4488-ab9b-70b4a9a1593f
W10-45,piece-to-piece,EMBED,P-300-21,,1,ROD6.35,A36,86c20487-bad5-4a07-9e7f-ccf45c373ec8
W10-45,piece-to-piece,ANCHOR,P-205-11,12000LB FORGED ANCHOR,1,PL15.88,A36,9b9bc596-cf89-4c59-9100-b37c87bcae22
W10-45,piece-to-piece,EMBED,P-205-21,,1,PL76.2*12.7,A36,ec806081-314b-4a04-9c3b-a21edac98a9e
W10-45,piece-to-piece,EMBED,P-205-31,,1,SPHERE47.625,A36,9c35b07a-9710-49b8-afff-dc98d7b055f9
W10-45,piece-to-piece,EMBED,P-205-32,,1,PL54,Steel_Undefined,293b6d1d-7dd0-4ebb-8142-271d07525a1a
W10-45,piece-to-piece,ANCHOR,P-205-11,12000LB FORGED ANCHOR,1,PL15.88,A36,860aaa41-03fa-4f09-a939-a94cdaee5bfa
W10-45,piece-to-piece,EMBED,P-205-21,,1,PL76.2*12.7,A36,d97b00a0-7f0e-41d3-a040-6f19207b10b9
W10-45,piece-to-piece,EMBED,P-205-31,,1,SPHERE47.625,A36,99978273-38d1-4d4f-ae10-a36d14f56170
W10-45,piece-to-piece,EMBED,P-205-32,,1,PL54,Steel_Undefined,266f92f7-4f8c-4866-b1ae-29e80ab90a13
W10-45,piece-to-piece,ANCHOR,P-205-11,12000LB FORGED ANCHOR,1,PL15.88,A36,517e6911-03b4-4efe-b0e1-ecc945be8785
W10-45,piece-to-piece,EMBED,P-205-21,,1,PL76.2*12.7,A36,5f3fa798-efc5-40e4-8662-29d58aa68271
W10-45,piece-to-piece,EMBED,P-205-31,,1,SPHERE47.625,A36,87b95cbc-48d3-4dc5-ae2b-aee7bcdb9c78
W10-45,piece-to-piece,EMBED,P-205-32,,1,PL54,Steel_Undefined,76d91150-439a-4831-b5fd-0b550589e85a
W10-45,piece-to-piece,ANCHOR,P-205-11,12000LB FORGED ANCHOR,1,PL15.88,A36,21e6a1c5-03a3-4547-adbc-e300b767162d
W10-45,piece-to-piece,EMBED,P-205-21,,1,PL76.2*12.7,A36,bd3a75b5-9370-4fec-a3cc-ff1c06598b07
W10-45,piece-to-piece,EMBED,P-205-31,,1,SPHERE47.625,A36,a6db8684-f54c-49c5-9a12-678641648a46
W10-45,piece-to-piece,EMBED,P-205-32,,1,PL54,Steel_Undefined,35a5e6e8-f1d6-4258-9b33-0b7ce990ca04
W10-51,piece-to-piece,EMBED,MPX11,V REVEAL LARGE,1,TRIANGLE12.7*12.7,Misc_Undefined,8ed52905-0040-46ec-ba8d-5c8538c083ed
W10-51,piece-to-piece,INSERT,P-300-11,19Ø INSERT (NC),1,ROD23.813,A36,92faf5e6-5de9-46d8-9492-c0ff3a639891
W10-51,piece-to-piece,EMBED,P-300-21,,1,ROD6.35,A36,3145848b-2d5c-46cb-80e6-c09de5c40e48
W10-51,piece-to-piece,INSERT,P-300-11,19Ø INSERT (NC),1,ROD23.813,A36,ec2c7b53-20f9-495c-8815-ff3cca1ba851
W10-51,piece-to-piece,EMBED,P-300-21,,1,ROD6.35,A36,6645a54b-1031-4b9e-9163-8347a0a0df0d
W10-51,piece-to-piece,INSERT,P-300-11,19Ø INSERT (NC),1,ROD23.813,A36,06f4ea81-78ad-45e0-bf89-cf0a998d73a7
W10-51,piece-to-piece,EMBED,P-300-21,,1,ROD6.35,A36,5a6b7ae8-40eb-4bf4-b21a-fe2d1155d91a
W10-51,piece-to-piece,GROUT_TUBE,GT75-1219,75Ø x 1219 GROUT TUBE,1,ROD76,Zero_Density,3452769e-07c1-4562-8e02-32d7aed3b0ff
W10-51,piece-to-piece,GROUT_TUBE,GT75-1219,75Ø x 1219 GROUT TUBE,1,ROD76,Zero_Density,f4666338-b32d-49e0-86a9-4361c2a252d7
W10-51,piece-to-piece,GROUT_TUBE,GT75-1219,75Ø x 1219 GROUT TUBE,1,ROD76,Zero_Density,02b5a2c3-ffbc-41b2-aa56-f9ab3e3efa46
W10-51,piece-to-piece,GROUT_TUBE,GT75-1219,75Ø x 1219 GROUT TUBE,1,ROD76,Zero_Density,5da1780c-c7ad-487d-a57d-2b767b199f2b
W10-51,piece-to-piece,INSERT,SP25-1067-11,SP25Mx1067 WILLIAMS S,1,ROD25.4,A706-GR.60,a134d72a-57bd-43f1-9307-0c5336a7c132
W10-51,piece-to-piece,EMBED,SP25-1067-31,,1,PD66.675*15.875,A706-GR.60,08d6daff-d734-4b6d-a078-c6ea670c7f1f
W10-51,piece-to-piece,EMBED,SP25-1067-21,,1,ROD41.275,A706-GR.60,4726f9ef-d2fa-4cc9-b78e-fb18c715e5cc
W10-51,piece-to-piece,INSERT,SP25-1067-11,SP25Mx1067 WILLIAMS S,1,ROD25.4,A706-GR.60,eff83b6b-4428-4984-8de5-7e78caf948a7
W10-51,piece-to-piece,EMBED,SP25-1067-31,,1,PD66.675*15.875,A706-GR.60,2388b1c8-c14c-4621-8cf7-326d317fb6e6
W10-51,piece-to-piece,EMBED,SP25-1067-21,,1,ROD41.275,A706-GR.60,17b097ae-9998-4bc5-aeb7-7ec0fd9bdc59
W10-51,piece-to-piece,INSERT,SP25-1067-11,SP25Mx1067 WILLIAMS S,1,ROD25.4,A706-GR.60,1cf904d8-143e-4fa3-944b-1ed9c773be8e
W10-51,piece-to-piece,EMBED,SP25-1067-31,,1,PD66.675*15.875,A706-GR.60,bb82bc73-d309-4dbc-8ee8-8df4b57d65c9
W10-51,piece-to-piece,EMBED,SP25-1067-21,,1,ROD41.275,A706-GR.60,bca6362d-7e59-4733-b45e-5f4fa2722592
W10-51,piece-to-piece,INSERT,SP25-1067-11,SP25Mx1067 WILLIAMS S,1,ROD25.4,A706-GR.60,3c45226e-d0dc-45f6-a903-767a8dfa18e9
W10-51,piece-to-piece,EMBED,SP25-1067-31,,1,PD66.675*15.875,A706-GR.60,62d600c7-f700-4a4e-ac9b-d39a8698aac0
W10-51,piece-to-piece,EMBED,SP25-1067-21,,1,ROD41.275,A706-GR.60,d814b3c5-209d-4d2d-a104-0cb3b1ac305a
W10-51,piece-to-piece,GROUT_TUBE,GT75-686,75Ø x 686 GROUT TUBE,1,ROD76,Zero_Density,8b4dc7e2-936a-49cb-8247-bd5883669003
W10-51,piece-to-piece,GROUT_TUBE,GT75-686,75Ø x 686 GROUT TUBE,1,ROD76,Zero_Density,66106c41-01e9-465a-aae7-4bdf15b06166
W10-51,piece-to-piece,INSERT,SP15-457-11,15Mx457 WILLIAMS SPL,1,ROD16,400W,6c8f103a-7510-4a32-b2f6-e38a0adbe9c0
W10-51,piece-to-piece,INSERT,SP15-457-31,,1,PD52.387*12.7,400W,b35c19e3-3de8-4e6a-b4aa-0e2d1a81de26
W10-51,piece-to-piece,INSERT,SP15-457-21,,1,ROD26.987,400W,0b98f131-94b6-40c3-9ef5-a64e6993a4fc
W10-51,piece-to-piece,INSERT,SP15-457-11,15Mx457 WILLIAMS SPL,1,ROD16,400W,b29941b7-4e9e-4a53-be70-92da34d1ab4c
W10-51,piece-to-piece,INSERT,SP15-457-31,,1,PD52.387*12.7,400W,ed4aeaef-2345-4114-99bc-9625123bdc21
W10-51,piece-to-piece,INSERT,SP15-457-21,,1,ROD26.987,400W,ce3c62a7-f0ea-4ac9-8447-2fcd13b145b2
W10-51,piece-to-piece,GROUT_TUBE,GT75-1219,75Ø x 1219 GROUT TUBE,1,ROD76,Zero_Density,0ec4fce3-2597-4686-8ce5-e4214878b142
W10-51,piece-to-piece,GROUT_TUBE,GT75-1219,75Ø x 1219 GROUT TUBE,1,ROD76,Zero_Density,6ec3ac35-7973-4d60-a9c6-f4a25f03e75f
W10-51,piece-to-piece,GROUT_TUBE,GT75-1219,75Ø x 1219 GROUT TUBE,1,ROD76,Zero_Density,c22dc68b-f4a2-49bc-ad9e-919f088ad94e
W10-51,piece-to-piece,GROUT_TUBE,GT75-1219,75Ø x 1219 GROUT TUBE,1,ROD76,Zero_Density,4e64b9a9-5e3f-4024-a22f-f2b4feedfb4b
W10-51,piece-to-piece,GROUT_TUBE,GT100-1219-11,100Øx1219 GROUT TUBE,1,ROD102,Zero_Density,a0e1a5b8-1b4e-488c-9e68-a0bdd1b04f86
W10-51,piece-to-piece,GROUT_TUBE,GT100-1219-21,,1,ROD110,Zero_Density,612b0573-cad3-41c2-bac9-37fc72384a05
W10-51,piece-to-piece,GROUT_TUBE,GT100-1219-31,,1,ROD76,Zero_Density,ed58b1d7-f4f7-4fa3-8015-79b6f8c149e0
W10-51,piece-to-piece,INSERT,SP25-1067-11,SP25Mx1067 WILLIAMS S,1,ROD25.4,A706-GR.60,b4134c97-45b6-4c9a-b090-9feb0232c2cb
W10-51,piece-to-piece,EMBED,SP25-1067-31,,1,PD66.675*15.875,A706-GR.60,17de7fa3-df87-4cd7-9a62-0aa07911b163
W10-51,piece-to-piece,EMBED,SP25-1067-21,,1,ROD41.275,A706-GR.60,bdebbb8b-a27d-4f19-9eb0-fec33e2dbcb8
W10-51,piece-to-piece,INSERT,SP25-1067-11,SP25Mx1067 WILLIAMS S,1,ROD25.4,A706-GR.60,c41d88d6-7eaf-4cb1-a2b5-2304ad3e3026
W10-51,piece-to-piece,EMBED,SP25-1067-31,,1,PD66.675*15.875,A706-GR.60,6aa412ab-cfd6-4e29-b934-3e9b0cba2646
W10-51,piece-to-piece,EMBED,SP25-1067-21,,1,ROD41.275,A706-GR.60,b9079106-e214-4c49-9489-897308e23b69
W10-51,piece-to-piece,INSERT,SP25-1067-11,SP25Mx1067 WILLIAMS S,1,ROD25.4,A706-GR.60,e8aa0ab1-6aa6-45b6-bea9-26a5c80257e1
W10-51,piece-to-piece,EMBED,SP25-1067-31,,1,PD66.675*15.875,A706-GR.60,aa89eac6-fcf9-4c0e-a989-1d7eae412739
W10-51,piece-to-piece,EMBED,SP25-1067-21,,1,ROD41.275,A706-GR.60,b452d838-053f-4097-a1e9-c125b744c584
W10-51,piece-to-piece,INSERT,SP25-1067-11,SP25Mx1067 WILLIAMS S,1,ROD25.4,A706-GR.60,caec1630-ac1d-4420-b2cc-a4d56371122e
W10-51,piece-to-piece,EMBED,SP25-1067-31,,1,PD66.675*15.875,A706-GR.60,d89c9b48-675d-4756-bc32-b54ef14115d9
W10-51,piece-to-piece,EMBED,SP25-1067-21,,1,ROD41.275,A706-GR.60,114fae46-ebef-4d79-b25e-50080e7dc754
W10-51,piece-to-piece,INSERT,SP30-1219-11,30Mx1219 WILLIAMS SPL,1,ROD30.16,A706-GR.60,798ac8f3-ed99-4679-9546-37a03eab77c0
W10-51,piece-to-piece,EMBED,SP30-1219-31,,1,PD71.438*19.05,A706-GR.60,a6cae1cb-a131-47d3-bb7c-cc4c992612aa
W10-51,piece-to-piece,EMBED,SP30-1219-21,,1,ROD44.45,A706-GR.60,1bc25f24-8845-4f31-bffb-9272d3a4d16e
W10-51,piece-to-piece,GROUT_TUBE,GT76-254,76Øx254mm G.TUBE,1,ROD76.2,Zero_Density,dcde3b1f-3db8-4569-ae59-75e5425ba3a5
W10-51,piece-to-piece,GROUT_TUBE,GT76-254,76Øx254mm G.TUBE,1,ROD76.2,Zero_Density,37c13c6d-217b-4b29-9a88-4b3b26acbb82
W10-51,piece-to-piece,GROUT_TUBE,GT76-254,76Øx254mm G.TUBE,1,ROD76.2,Zero_Density,0846fef0-75c8-4e29-b4e0-c77456d1e745
W10-51,piece-to-piece,GROUT_TUBE,GT76-254,76Øx254mm G.TUBE,1,ROD76.2,Zero_Density,b124205a-5334-4414-b531-1e2a53113cf7
W10-51,piece-to-piece,GROUT_TUBE,GT76-254,76Øx254mm G.TUBE,1,ROD76.2,Zero_Density,f4b25afa-b2d4-40a6-a2c4-cb57021bd945
W10-51,piece-to-piece,GROUT_TUBE,GT76-254,76Øx254mm G.TUBE,1,ROD76.2,Zero_Density,c71e9758-2c6d-46d9-94f0-34b11da6f65d
W10-51,piece-to-piece,CONDUIT,CNDT37,19MM CONDUIT,1,ROD19,Zero_Density,08d5671b-07c8-4e9e-a30e-1ec115610916
W10-51,piece-to-piece,PLATE,EB-S-PL1,Single Plastic Electr,1,160*50.8,Zero_Density,0616c171-8dd0-4d6a-b8bd-45b678decb26
W10-51,piece-to-piece,EMBED,P-602-11,13PL. W/STUD,1,PL101.6*12.7,A572-GR.50,a4c827ba-e6ee-453b-84c2-d58787f5f71d
W10-51,piece-to-piece,EMBED,P-602-21,,1,STUD_1/2-DIA,A108-C1010-1020,5393deb2-8afc-40bd-a6ce-9294d58da1ec
W10-51,piece-to-piece,INSERT,P-300-11,19Ø INSERT (NC),1,ROD23.813,A36,79dbea9f-3fea-48f3-886c-26ed5e95e1da
W10-51,piece-to-piece,EMBED,P-300-21,,1,ROD6.35,A36,af7731b7-4b7f-4300-823d-22490768ed85
W10-51,piece-to-piece,INSERT,P-300-11,19Ø INSERT (NC),1,ROD23.813,A36,764ee40b-9b92-4a1f-9872-4cf585f45825
W10-51,piece-to-piece,EMBED,P-300-21,,1,ROD6.35,A36,ef7e72d2-17d9-4ca7-9e92-5dae7a99d07c
W10-51,piece-to-piece,ANCHOR,P-205-11,12000LB FORGED ANCHOR,1,PL15.88,A36,5659a9d0-5441-48c5-90f1-e246b7d170be
W10-51,piece-to-piece,EMBED,P-205-21,,1,PL76.2*12.7,A36,8a7e58b4-380a-46eb-a77c-2320fd963bbf
W10-51,piece-to-piece,EMBED,P-205-31,,1,SPHERE47.625,A36,f0e0dacf-4087-4a3b-80e9-f62251378272
W10-51,piece-to-piece,EMBED,P-205-32,,1,PL54,Steel_Undefined,016181da-b6f8-472c-8890-36c68cd59512
W10-51,piece-to-piece,ANCHOR,P-205-11,12000LB FORGED ANCHOR,1,PL15.88,A36,97dee82b-c934-4d71-ba2d-6f73bb0bc5af
W10-51,piece-to-piece,EMBED,P-205-21,,1,PL76.2*12.7,A36,32639a52-f4c2-4ef8-afae-b31e71b19a45
W10-51,piece-to-piece,EMBED,P-205-31,,1,SPHERE47.625,A36,d0db3c62-41b0-4829-a251-effaad4a431d
W10-51,piece-to-piece,EMBED,P-205-32,,1,PL54,Steel_Undefined,223e7f0e-e994-4238-babb-eb57fed17dcb
W10-51,piece-to-piece,ANCHOR,P-205-11,12000LB FORGED ANCHOR,1,PL15.88,A36,a2f0f547-5609-4c2c-bbb5-29b07e397fb9
W10-51,piece-to-piece,EMBED,P-205-21,,1,PL76.2*12.7,A36,59d2ad08-86ae-4f18-9715-23096ce4af98
W10-51,piece-to-piece,EMBED,P-205-31,,1,SPHERE47.625,A36,03a5a1b4-d598-4d9c-a760-85509b90095a
W10-51,piece-to-piece,EMBED,P-205-32,,1,PL54,Steel_Undefined,f868b59f-b0ba-4cbf-bcf7-8ac0fdb5d6f3
W10-51,piece-to-piece,ANCHOR,P-205-11,12000LB FORGED ANCHOR,1,PL15.88,A36,b6e3ce97-7c48-4f26-8064-a3536b0a49fc
W10-51,piece-to-piece,EMBED,P-205-21,,1,PL76.2*12.7,A36,56677970-8247-4aa0-a559-1b30564e2bdc
W10-51,piece-to-piece,EMBED,P-205-31,,1,SPHERE47.625,A36,f0bd91f5-e77d-482f-955a-938c2f8b03e5
W10-51,piece-to-piece,EMBED,P-205-32,,1,PL54,Steel_Undefined,f7e095ef-bc14-4237-9d53-93a2a59d8a05
W10-59,piece-to-piece,EMBED,MPX11,V REVEAL LARGE,1,TRIANGLE12.7*12.7,Misc_Undefined,f9c49cf4-05bf-44bb-aff3-4f2614a6007b
W10-59,piece-to-piece,INSERT,P-300-11,19Ø INSERT (NC),1,ROD23.813,A36,b75fcd77-8a65-4727-8006-26445fa737b0
W10-59,piece-to-piece,EMBED,P-300-21,,1,ROD6.35,A36,4096b322-166a-4da0-991d-9cd6d59bb2de
W10-59,piece-to-piece,INSERT,P-300-11,19Ø INSERT (NC),1,ROD23.813,A36,8cd9b3d9-21c5-43d9-abe5-cb1a71387957
W10-59,piece-to-piece,EMBED,P-300-21,,1,ROD6.35,A36,3415f036-c90a-419b-a564-8b98c3f83c4d
W10-59,piece-to-piece,INSERT,P-300-11,19Ø INSERT (NC),1,ROD23.813,A36,598dfd47-0582-4dad-9f6a-2eefe0c98110
W10-59,piece-to-piece,EMBED,P-300-21,,1,ROD6.35,A36,766dafc6-3cb9-42d0-bc23-5b81809e04d4
W10-59,piece-to-piece,GROUT_TUBE,GT75-1219,75Ø x 1219 GROUT TUBE,1,ROD76,Zero_Density,a066b822-e28d-457c-ac29-14f09f172f5e
W10-59,piece-to-piece,GROUT_TUBE,GT75-1219,75Ø x 1219 GROUT TUBE,1,ROD76,Zero_Density,2ea8bd29-e039-49cc-ae0c-8642cb3ead75
W10-59,piece-to-piece,GROUT_TUBE,GT75-1219,75Ø x 1219 GROUT TUBE,1,ROD76,Zero_Density,753a63d8-e875-4bc3-b54f-55356c8484ba
W10-59,piece-to-piece,GROUT_TUBE,GT75-1219,75Ø x 1219 GROUT TUBE,1,ROD76,Zero_Density,ea344d1d-55e4-4620-b974-e701f7c1cfc2
W10-59,piece-to-piece,INSERT,SP25-1067-11,SP25Mx1067 WILLIAMS S,1,ROD25.4,A706-GR.60,a8eb9f40-7118-4749-81c7-682537fa50e6
W10-59,piece-to-piece,EMBED,SP25-1067-31,,1,PD66.675*15.875,A706-GR.60,bb73d9fa-fe44-4a0f-ab42-0c4ea6a27bc8
W10-59,piece-to-piece,EMBED,SP25-1067-21,,1,ROD41.275,A706-GR.60,36072227-0ac6-4c29-8ec0-247bcc3be414
W10-59,piece-to-piece,INSERT,SP25-1067-11,SP25Mx1067 WILLIAMS S,1,ROD25.4,A706-GR.60,2c6f97c3-6b2f-4647-bf9e-01c2928dbe79
W10-59,piece-to-piece,EMBED,SP25-1067-31,,1,PD66.675*15.875,A706-GR.60,0114f72e-4685-4250-8a99-5205562e97d3
W10-59,piece-to-piece,EMBED,SP25-1067-21,,1,ROD41.275,A706-GR.60,76705fe8-1333-4560-a2eb-7c46b38a33a6
W10-59,piece-to-piece,INSERT,SP25-1067-11,SP25Mx1067 WILLIAMS S,1,ROD25.4,A706-GR.60,60132b88-4ad1-4784-8f4b-48136279fde6
W10-59,piece-to-piece,EMBED,SP25-1067-31,,1,PD66.675*15.875,A706-GR.60,f37c92e2-28e7-4ae5-9dc4-02032eddd82d
W10-59,piece-to-piece,EMBED,SP25-1067-21,,1,ROD41.275,A706-GR.60,c72e071c-3d28-4887-9050-2c6500fbf181
W10-59,piece-to-piece,INSERT,SP25-1067-11,SP25Mx1067 WILLIAMS S,1,ROD25.4,A706-GR.60,409afa58-05b3-480a-963e-8a86c790a13d
W10-59,piece-to-piece,EMBED,SP25-1067-31,,1,PD66.675*15.875,A706-GR.60,d6bc5064-6f38-41bf-a9ed-19b762738991
W10-59,piece-to-piece,EMBED,SP25-1067-21,,1,ROD41.275,A706-GR.60,ca11d2a8-2c25-4281-ba32-af6b5883a548
W10-59,piece-to-piece,GROUT_TUBE,GT75-686,75Ø x 686 GROUT TUBE,1,ROD76,Zero_Density,6abd1a88-2aa8-44da-9b8b-3cc16699b8a9
W10-59,piece-to-piece,GROUT_TUBE,GT75-686,75Ø x 686 GROUT TUBE,1,ROD76,Zero_Density,1611355b-a31e-4fde-8ce7-453cf4326dd0
W10-59,piece-to-piece,INSERT,SP15-457-11,15Mx457 WILLIAMS SPL,1,ROD16,400W,f6ba8fa1-733b-4de9-b9a7-f4686a2ba859
W10-59,piece-to-piece,INSERT,SP15-457-31,,1,PD52.387*12.7,400W,ad2cc662-ecd4-49f3-9cca-2d137f1caab8
W10-59,piece-to-piece,INSERT,SP15-457-21,,1,ROD26.987,400W,2879700d-dd53-4483-9bc9-6a261ab06179
W10-59,piece-to-piece,INSERT,SP15-457-11,15Mx457 WILLIAMS SPL,1,ROD16,400W,48d25d05-7b47-4a96-8fbe-fc5c5c4e0b5d
W10-59,piece-to-piece,INSERT,SP15-457-31,,1,PD52.387*12.7,400W,cb26b59f-7200-420c-aa27-33b3bcd91589
W10-59,piece-to-piece,INSERT,SP15-457-21,,1,ROD26.987,400W,4ad74844-e1a7-48e9-a576-bab59209ea18
W10-59,piece-to-piece,GROUT_TUBE,GT75-1219,75Ø x 1219 GROUT TUBE,1,ROD76,Zero_Density,50cd042a-57f7-4283-8891-9a252815673a
W10-59,piece-to-piece,GROUT_TUBE,GT75-1219,75Ø x 1219 GROUT TUBE,1,ROD76,Zero_Density,062b14af-9b78-413c-8173-d68f94855d48
W10-59,piece-to-piece,GROUT_TUBE,GT75-1219,75Ø x 1219 GROUT TUBE,1,ROD76,Zero_Density,f813475c-d1d4-46dd-84c9-6e67a55aeaef
W10-59,piece-to-piece,GROUT_TUBE,GT75-1219,75Ø x 1219 GROUT TUBE,1,ROD76,Zero_Density,3656adba-1328-4c69-be92-fdccdef9eed0
W10-59,piece-to-piece,GROUT_TUBE,GT100-1219-11,100Øx1219 GROUT TUBE,1,ROD102,Zero_Density,4a96e5f6-653b-4dc1-87aa-0219dfaf900c
W10-59,piece-to-piece,GROUT_TUBE,GT100-1219-21,,1,ROD110,Zero_Density,b3c9c55f-f822-47cd-b22f-84a4f1dd75d3
W10-59,piece-to-piece,GROUT_TUBE,GT100-1219-31,,1,ROD76,Zero_Density,2f98ecba-b97d-4d7d-a382-6d7569f55048
W10-59,piece-to-piece,INSERT,SP25-1067-11,SP25Mx1067 WILLIAMS S,1,ROD25.4,A706-GR.60,fc777f18-abe0-4878-b93d-6f7f2a377f69
W10-59,piece-to-piece,EMBED,SP25-1067-31,,1,PD66.675*15.875,A706-GR.60,0df93395-976b-485a-b5f5-9e3104a7e5ed
W10-59,piece-to-piece,EMBED,SP25-1067-21,,1,ROD41.275,A706-GR.60,cb0b7b6f-6399-4d7f-9003-c08b16b6abae
W10-59,piece-to-piece,INSERT,SP25-1067-11,SP25Mx1067 WILLIAMS S,1,ROD25.4,A706-GR.60,69797f7d-0bf2-45d9-9dd5-f40882d5eedf
W10-59,piece-to-piece,EMBED,SP25-1067-31,,1,PD66.675*15.875,A706-GR.60,36358253-79a7-4377-87d0-d1709994d2eb
W10-59,piece-to-piece,EMBED,SP25-1067-21,,1,ROD41.275,A706-GR.60,0a7ee17f-069f-412f-b0ac-177caf4afd06
W10-59,piece-to-piece,INSERT,SP25-1067-11,SP25Mx1067 WILLIAMS S,1,ROD25.4,A706-GR.60,57720189-70c3-4bc9-8141-a12c9ca4f1d5
W10-59,piece-to-piece,EMBED,SP25-1067-31,,1,PD66.675*15.875,A706-GR.60,3456a80f-8854-4b46-868e-a5b38cabd537
W10-59,piece-to-piece,EMBED,SP25-1067-21,,1,ROD41.275,A706-GR.60,7c0c8145-f3d4-4803-9138-2452530fb817
W10-59,piece-to-piece,INSERT,SP25-1067-11,SP25Mx1067 WILLIAMS S,1,ROD25.4,A706-GR.60,1e83191f-67b4-4d3c-8b48-b9b81f0987ff
W10-59,piece-to-piece,EMBED,SP25-1067-31,,1,PD66.675*15.875,A706-GR.60,6d54e2b3-7bea-4aa5-9c25-1d0d2733a11f
W10-59,piece-to-piece,EMBED,SP25-1067-21,,1,ROD41.275,A706-GR.60,10d8ed17-a718-4842-9ca9-3db9386a5709
W10-59,piece-to-piece,INSERT,SP30-1219-11,30Mx1219 WILLIAMS SPL,1,ROD30.16,A706-GR.60,9a106319-6415-455c-a55c-e267e7bc31e5
W10-59,piece-to-piece,EMBED,SP30-1219-31,,1,PD71.438*19.05,A706-GR.60,6c7dac6e-f924-4bbf-abd7-8dde15781fb7
W10-59,piece-to-piece,EMBED,SP30-1219-21,,1,ROD44.45,A706-GR.60,ed1c596f-8bc5-4336-988d-8600d00949ce
W10-59,piece-to-piece,GROUT_TUBE,GT76-254,76Øx254mm G.TUBE,1,ROD76.2,Zero_Density,bfa1e40e-9202-42bf-bf2c-d15ae97c0abd
W10-59,piece-to-piece,GROUT_TUBE,GT76-254,76Øx254mm G.TUBE,1,ROD76.2,Zero_Density,a42602c1-4745-4209-a1b7-028980678665
W10-59,piece-to-piece,GROUT_TUBE,GT76-254,76Øx254mm G.TUBE,1,ROD76.2,Zero_Density,8259b76e-9634-453c-85d2-2e219775ac2d
W10-59,piece-to-piece,GROUT_TUBE,GT76-254,76Øx254mm G.TUBE,1,ROD76.2,Zero_Density,c69b7980-6b87-44f4-a158-39d2de4d0ddb
W10-59,piece-to-piece,GROUT_TUBE,GT76-254,76Øx254mm G.TUBE,1,ROD76.2,Zero_Density,4cfd6ae4-f5cf-4333-bef8-69174407b5aa
W10-59,piece-to-piece,GROUT_TUBE,GT76-254,76Øx254mm G.TUBE,1,ROD76.2,Zero_Density,9a320b82-5e54-4322-8487-872ecb86476b
W10-59,piece-to-piece,CONDUIT,CNDT37,19MM CONDUIT,1,ROD19,Zero_Density,d5d262b4-3637-403a-8cb8-86ec16a1fb4a
W10-59,piece-to-piece,PLATE,EB-S-PL1,Single Plastic Electr,1,160*50.8,Zero_Density,2487e297-9329-487b-9801-f0d39d084210
W10-59,piece-to-piece,EMBED,P-602-11,13PL. W/STUD,1,PL101.6*12.7,A572-GR.50,13bcc8e1-af1d-4182-b013-dc968ad77605
W10-59,piece-to-piece,EMBED,P-602-21,,1,STUD_1/2-DIA,A108-C1010-1020,9e97b2e3-5652-45c4-818b-474a02fb6c6d
W10-59,piece-to-piece,INSERT,P-300-11,19Ø INSERT (NC),1,ROD23.813,A36,b21e750b-f867-4cf6-92d4-31688269b640
W10-59,piece-to-piece,EMBED,P-300-21,,1,ROD6.35,A36,397c6839-0daa-4c31-8ce6-24269faeee0d
W10-59,piece-to-piece,INSERT,P-300-11,19Ø INSERT (NC),1,ROD23.813,A36,2d757aad-3ffe-4bf7-bf69-1cb70aee48f3
W10-59,piece-to-piece,EMBED,P-300-21,,1,ROD6.35,A36,0185efb6-49c8-4ff7-bc77-ba19e971516b
W10-59,piece-to-piece,ANCHOR,P-205-11,12000LB FORGED ANCHOR,1,PL15.88,A36,7c98245a-cc32-40d7-aaa9-efdf8e982e1b
W10-59,piece-to-piece,EMBED,P-205-21,,1,PL76.2*12.7,A36,bc079921-076b-4c58-9b1e-3fc6379f2039
W10-59,piece-to-piece,EMBED,P-205-31,,1,SPHERE47.625,A36,aef7bfc4-e315-4417-868d-0d864f0230b0
W10-59,piece-to-piece,EMBED,P-205-32,,1,PL54,Steel_Undefined,3dd5358f-76bd-4dec-ba97-de5b962cfdbf
W10-59,piece-to-piece,ANCHOR,P-205-11,12000LB FORGED ANCHOR,1,PL15.88,A36,a4130f15-56a1-498c-be12-190b68a8e873
W10-59,piece-to-piece,EMBED,P-205-21,,1,PL76.2*12.7,A36,c99568ed-ff64-4d95-be5c-8334f59f5373
W10-59,piece-to-piece,EMBED,P-205-31,,1,SPHERE47.625,A36,28afecf1-2385-4564-bc73-954a5b284f23
W10-59,piece-to-piece,EMBED,P-205-32,,1,PL54,Steel_Undefined,86b97bc5-63f6-47a6-a9e2-05ed16b0a078
W10-59,piece-to-piece,ANCHOR,P-205-11,12000LB FORGED ANCHOR,1,PL15.88,A36,57b5b01c-ecd8-4d4b-982e-cb35c245c6b8
W10-59,piece-to-piece,EMBED,P-205-21,,1,PL76.2*12.7,A36,a50ca0fe-9d75-417d-8bad-e27860ac8c3d
W10-59,piece-to-piece,EMBED,P-205-31,,1,SPHERE47.625,A36,ed3201a6-1cc7-4b4c-a275-50ab3191df12
W10-59,piece-to-piece,EMBED,P-205-32,,1,PL54,Steel_Undefined,4538968e-675b-4f45-a6dc-37c94b3240ac
W10-59,piece-to-piece,ANCHOR,P-205-11,12000LB FORGED ANCHOR,1,PL15.88,A36,85f86366-302b-4d35-890f-f3ae06f55469
W10-59,piece-to-piece,EMBED,P-205-21,,1,PL76.2*12.7,A36,9cdc91d0-de62-4530-8bc3-fb0378456d34
W10-59,piece-to-piece,EMBED,P-205-31,,1,SPHERE47.625,A36,06518d71-34c4-42c8-9934-736ec676f486
W10-59,piece-to-piece,EMBED,P-205-32,,1,PL54,Steel_Undefined,6d5943f9-c2e8-4ae5-97e3-878fce6c17c7
W10-30,piece-to-piece,EMBED,MPX11,V REVEAL LARGE,1,TRIANGLE12.7*12.7,Misc_Undefined,520687db-15c4-49e5-a4fe-83e562e19968
W10-30,piece-to-piece,INSERT,P-300-11,19Ø INSERT (NC),1,ROD23.813,A36,39bcb76b-7981-476a-93f9-f001e3b6fc88
W10-30,piece-to-piece,EMBED,P-300-21,,1,ROD6.35,A36,5319b146-8d9b-4339-bf86-89a78bc4872d
W10-30,piece-to-piece,INSERT,P-300-11,19Ø INSERT (NC),1,ROD23.813,A36,6fdd0e34-6cdc-47f6-9855-37944a0f63f8
W10-30,piece-to-piece,EMBED,P-300-21,,1,ROD6.35,A36,e5487d0d-78d9-4e8f-9d09-8eb23f0cd5f7
W10-30,piece-to-piece,INSERT,P-300-11,19Ø INSERT (NC),1,ROD23.813,A36,86520873-8f04-4564-94a7-b6bbfbfdb2f6
W10-30,piece-to-piece,EMBED,P-300-21,,1,ROD6.35,A36,3340dbf9-3c4a-4bf4-9582-453349f8c628
W10-30,piece-to-piece,GROUT_TUBE,GT75-1219,75Ø x 1219 GROUT TUBE,1,ROD76,Zero_Density,2a05557d-5869-4c37-b6b4-5c19a7131ac9
W10-30,piece-to-piece,GROUT_TUBE,GT75-1219,75Ø x 1219 GROUT TUBE,1,ROD76,Zero_Density,efb994d7-ea88-4c8a-aa80-478e6ca38917
W10-30,piece-to-piece,GROUT_TUBE,GT75-1219,75Ø x 1219 GROUT TUBE,1,ROD76,Zero_Density,ebd0ba0d-e752-48e2-89f1-fa0566d9ff29
W10-30,piece-to-piece,GROUT_TUBE,GT75-1219,75Ø x 1219 GROUT TUBE,1,ROD76,Zero_Density,ae137fcf-f0b9-4e5d-b442-a88725ed8fea
W10-30,piece-to-piece,INSERT,SP25-1067-11,SP25Mx1067 WILLIAMS S,1,ROD25.4,A706-GR.60,6dd40110-58fd-479b-a72a-7e5909a67e8e
W10-30,piece-to-piece,EMBED,SP25-1067-31,,1,PD66.675*15.875,A706-GR.60,93463313-e4f8-436a-a05c-d0f64af3e971
W10-30,piece-to-piece,EMBED,SP25-1067-21,,1,ROD41.275,A706-GR.60,b46bb231-1107-4966-96a3-1cbb9a86d123
W10-30,piece-to-piece,INSERT,SP25-1067-11,SP25Mx1067 WILLIAMS S,1,ROD25.4,A706-GR.60,de67cf7a-574a-43de-b073-06609a042028
W10-30,piece-to-piece,EMBED,SP25-1067-31,,1,PD66.675*15.875,A706-GR.60,1c1e9d63-f4b6-4c35-8297-13f7f04c50ff
W10-30,piece-to-piece,EMBED,SP25-1067-21,,1,ROD41.275,A706-GR.60,2ddfcb71-4e1e-47ae-b044-6a1ea33f1c26
W10-30,piece-to-piece,INSERT,SP25-1067-11,SP25Mx1067 WILLIAMS S,1,ROD25.4,A706-GR.60,bcea7da6-9e33-428b-b8ca-b216dbc20f79
W10-30,piece-to-piece,EMBED,SP25-1067-31,,1,PD66.675*15.875,A706-GR.60,50b509c9-738a-471f-8d74-c72f6cc1638f
W10-30,piece-to-piece,EMBED,SP25-1067-21,,1,ROD41.275,A706-GR.60,7799b8da-9a87-46d8-9a3b-ae3f5ce401c0
W10-30,piece-to-piece,INSERT,SP25-1067-11,SP25Mx1067 WILLIAMS S,1,ROD25.4,A706-GR.60,109a76be-759d-476f-9dfb-b14d3b7df51a
W10-30,piece-to-piece,EMBED,SP25-1067-31,,1,PD66.675*15.875,A706-GR.60,5e832c6b-7d9b-4ffc-9319-22237c18d91c
W10-30,piece-to-piece,EMBED,SP25-1067-21,,1,ROD41.275,A706-GR.60,b3e35641-3814-41d0-a4ba-2285dfb102d8
W10-30,piece-to-piece,GROUT_TUBE,GT75-686,75Ø x 686 GROUT TUBE,1,ROD76,Zero_Density,6b3c14a3-1c7e-4c53-986f-30d1cd49434e
W10-30,piece-to-piece,GROUT_TUBE,GT75-686,75Ø x 686 GROUT TUBE,1,ROD76,Zero_Density,73fd9b43-83cb-4fb6-8d5a-06d1e1b8246f
W10-30,piece-to-piece,INSERT,SP15-457-11,15Mx457 WILLIAMS SPL,1,ROD16,400W,e95f30a2-ff02-4a69-bc96-984a90170ffa
W10-30,piece-to-piece,INSERT,SP15-457-31,,1,PD52.387*12.7,400W,13a8f7f0-944c-42e4-a75f-456e2026e2ca
W10-30,piece-to-piece,INSERT,SP15-457-21,,1,ROD26.987,400W,18da62c8-c3b6-4a90-b711-2e3e68d5b34c
W10-30,piece-to-piece,INSERT,SP15-457-11,15Mx457 WILLIAMS SPL,1,ROD16,400W,99c0b2d6-5e63-426a-acc5-868a5a994a9c
W10-30,piece-to-piece,INSERT,SP15-457-31,,1,PD52.387*12.7,400W,582d8528-db24-44cc-8268-dcf17dee0476
W10-30,piece-to-piece,INSERT,SP15-457-21,,1,ROD26.987,400W,f88eb908-8373-4647-bd0a-e813b448a07d
W10-30,piece-to-piece,GROUT_TUBE,GT75-1219,75Ø x 1219 GROUT TUBE,1,ROD76,Zero_Density,cadf1b97-627a-4b7d-b5d7-2f2edade8bcb
W10-30,piece-to-piece,GROUT_TUBE,GT75-1219,75Ø x 1219 GROUT TUBE,1,ROD76,Zero_Density,76851e3f-af22-412c-b266-cf32eb6742ad
W10-30,piece-to-piece,GROUT_TUBE,GT75-1219,75Ø x 1219 GROUT TUBE,1,ROD76,Zero_Density,81b0408a-a940-48b9-a9e0-5da716bd38ba
W10-30,piece-to-piece,GROUT_TUBE,GT75-1219,75Ø x 1219 GROUT TUBE,1,ROD76,Zero_Density,cfc7b66b-52ff-4c2f-9cd7-222d54fadf88
W10-30,piece-to-piece,GROUT_TUBE,GT100-1219-11,100Øx1219 GROUT TUBE,1,ROD102,Zero_Density,07cfc656-aac1-4696-8b4f-f20de6b989b2
W10-30,piece-to-piece,GROUT_TUBE,GT100-1219-21,,1,ROD110,Zero_Density,966fa782-4847-4232-acdc-6eb0f3f2e05f
W10-30,piece-to-piece,GROUT_TUBE,GT100-1219-31,,1,ROD76,Zero_Density,64edfe5c-a5aa-44f9-afc1-40072dc7bd78
W10-30,piece-to-piece,INSERT,SP25-1067-11,SP25Mx1067 WILLIAMS S,1,ROD25.4,A706-GR.60,1c3dd54f-7a4b-4015-abdc-e54229606b2e
W10-30,piece-to-piece,EMBED,SP25-1067-31,,1,PD66.675*15.875,A706-GR.60,5d813edc-f1c2-4314-ab69-8d44ca46a7e5
W10-30,piece-to-piece,EMBED,SP25-1067-21,,1,ROD41.275,A706-GR.60,6e01eb72-0340-4a33-96db-222bee0b3f8f
W10-30,piece-to-piece,INSERT,SP25-1067-11,SP25Mx1067 WILLIAMS S,1,ROD25.4,A706-GR.60,e24f70bd-b2be-4322-b646-4e11f269b97a
W10-30,piece-to-piece,EMBED,SP25-1067-31,,1,PD66.675*15.875,A706-GR.60,077bb6dc-922a-4f7c-be2a-61aafdb4607a
W10-30,piece-to-piece,EMBED,SP25-1067-21,,1,ROD41.275,A706-GR.60,5473ba6c-2720-4363-82b1-3a9087510ea6
W10-30,piece-to-piece,INSERT,SP25-1067-11,SP25Mx1067 WILLIAMS S,1,ROD25.4,A706-GR.60,f3e2546d-07a6-4f20-bd6f-75f410938033
W10-30,piece-to-piece,EMBED,SP25-1067-31,,1,PD66.675*15.875,A706-GR.60,e71a64c6-b617-4d5d-b34d-724c8b9801f5
W10-30,piece-to-piece,EMBED,SP25-1067-21,,1,ROD41.275,A706-GR.60,1f0b60c3-0137-45a1-8caf-f157d3f43be6
W10-30,piece-to-piece,INSERT,SP25-1067-11,SP25Mx1067 WILLIAMS S,1,ROD25.4,A706-GR.60,7d16363a-d43d-4165-8bd1-09c312e8028e
W10-30,piece-to-piece,EMBED,SP25-1067-31,,1,PD66.675*15.875,A706-GR.60,5ea4deb1-aeec-4b4d-a38c-37e0e025d276
W10-30,piece-to-piece,EMBED,SP25-1067-21,,1,ROD41.275,A706-GR.60,a50fccc2-c1ec-4d61-9b24-0ca72ec1df5d
W10-30,piece-to-piece,INSERT,SP30-1219-11,30Mx1219 WILLIAMS SPL,1,ROD30.16,A706-GR.60,1ad29159-2109-433b-b90f-027ded20d91f
W10-30,piece-to-piece,EMBED,SP30-1219-31,,1,PD71.438*19.05,A706-GR.60,d90e8c1c-5c75-4d91-9daf-d7458568ed48
W10-30,piece-to-piece,EMBED,SP30-1219-21,,1,ROD44.45,A706-GR.60,3c557ce8-5bb1-442d-8e35-c7b0b2ed9bf0
W10-30,piece-to-piece,GROUT_TUBE,GT76-254,76Øx254mm G.TUBE,1,ROD76.2,Zero_Density,d829861a-d59d-4702-ba9a-450688138dc9
W10-30,piece-to-piece,GROUT_TUBE,GT76-254,76Øx254mm G.TUBE,1,ROD76.2,Zero_Density,fc8d4901-d66e-4c78-bdad-3bd01ddbf6be
W10-30,piece-to-piece,GROUT_TUBE,GT76-254,76Øx254mm G.TUBE,1,ROD76.2,Zero_Density,a6bd9651-8b95-4901-b676-a9e960dfdb07
W10-30,piece-to-piece,GROUT_TUBE,GT76-254,76Øx254mm G.TUBE,1,ROD76.2,Zero_Density,a036dffb-5686-42ae-997c-2ec06442a94a
W10-30,piece-to-piece,GROUT_TUBE,GT76-254,76Øx254mm G.TUBE,1,ROD76.2,Zero_Density,ab33e9ea-3836-45d6-8836-8f58c250bd77
W10-30,piece-to-piece,GROUT_TUBE,GT76-254,76Øx254mm G.TUBE,1,ROD76.2,Zero_Density,1bae2fef-3203-4167-b3bf-a4c176f0247b
W10-30,piece-to-piece,CONDUIT,CNDT37,19MM CONDUIT,1,ROD19,Zero_Density,71ec44a7-51e1-4e9b-82dd-ddda1ed3b76a
W10-30,piece-to-piece,PLATE,EB-S-PL1,Single Plastic Electr,1,160*50.8,Zero_Density,abcfb8be-9080-445b-b469-4c5acdef3ccf
W10-30,piece-to-piece,EMBED,P-602-11,13PL. W/STUD,1,PL101.6*12.7,A572-GR.50,25bb37ca-0ca0-4c67-8f91-13b61f267ac5
W10-30,piece-to-piece,EMBED,P-602-21,,1,STUD_1/2-DIA,A108-C1010-1020,fd3ece38-aebc-4897-9d3f-98c3fa440c96
W10-30,piece-to-piece,INSERT,P-300-11,19Ø INSERT (NC),1,ROD23.813,A36,9d81f5a8-be7f-44f9-a5a5-043958d1f57b
W10-30,piece-to-piece,EMBED,P-300-21,,1,ROD6.35,A36,3969a163-dd3e-42db-9c44-8741a90263e9
W10-30,piece-to-piece,INSERT,P-300-11,19Ø INSERT (NC),1,ROD23.813,A36,cf4d5d6c-c7ba-4407-aaa8-ba46ea84e74e
W10-30,piece-to-piece,EMBED,P-300-21,,1,ROD6.35,A36,d014492f-9668-4da5-a359-74fb32bc23d0
W10-30,piece-to-piece,ANCHOR,P-205-11,12000LB FORGED ANCHOR,1,PL15.88,A36,6f249e54-fa17-4d10-9a37-df9bd953421b
W10-30,piece-to-piece,EMBED,P-205-21,,1,PL76.2*12.7,A36,89b5f96f-dbbe-4985-9189-c1d66fd21044
W10-30,piece-to-piece,EMBED,P-205-31,,1,SPHERE47.625,A36,ef5cabd8-ee79-42d3-a896-70bea7f27536
W10-30,piece-to-piece,EMBED,P-205-32,,1,PL54,Steel_Undefined,4fbb6a90-c348-4e6b-9bf0-c080e8128b30
W10-30,piece-to-piece,ANCHOR,P-205-11,12000LB FORGED ANCHOR,1,PL15.88,A36,de8381bb-c396-4aad-b53c-0a49984de15c
W10-30,piece-to-piece,EMBED,P-205-21,,1,PL76.2*12.7,A36,b9544bc2-b419-4baf-800a-d22bf6396b48
W10-30,piece-to-piece,EMBED,P-205-31,,1,SPHERE47.625,A36,45a541de-4219-4aa4-a3f3-1f35ec20dc6e
W10-30,piece-to-piece,EMBED,P-205-32,,1,PL54,Steel_Undefined,156b1516-1dc0-48d5-91d0-313fbce98ea7
W10-30,piece-to-piece,ANCHOR,P-205-11,12000LB FORGED ANCHOR,1,PL15.88,A36,ecb92108-2df9-46f5-9fa8-3b691baf5870
W10-30,piece-to-piece,EMBED,P-205-21,,1,PL76.2*12.7,A36,6ce06729-5318-43d9-885f-40ce42795c53
W10-30,piece-to-piece,EMBED,P-205-31,,1,SPHERE47.625,A36,a1d4fb5e-34bd-401a-b572-6e52eb935dca
W10-30,piece-to-piece,EMBED,P-205-32,,1,PL54,Steel_Undefined,355d3e31-2588-4424-82d1-d25a0d5a7156
W10-30,piece-to-piece,ANCHOR,P-205-11,12000LB FORGED ANCHOR,1,PL15.88,A36,fdc2d987-4c6a-41fd-8f92-ab0611853b09
W10-30,piece-to-piece,EMBED,P-205-21,,1,PL76.2*12.7,A36,9ebb3478-aa9d-454e-9f08-30a29a70d829
W10-30,piece-to-piece,EMBED,P-205-31,,1,SPHERE47.625,A36,29348cb0-c298-4a6d-989f-55b1f4d8f104
W10-30,piece-to-piece,EMBED,P-205-32,,1,PL54,Steel_Undefined,53057fae-62f1-45a1-8af8-2bab4cf73ea0
W10-77,piece-to-piece,EMBED,MPX11,V REVEAL LARGE,1,TRIANGLE12.7*12.7,Misc_Undefined,f7521d3a-b98c-4cf4-8291-e4a82b0b271b
W10-77,piece-to-piece,INSERT,P-300-11,19Ø INSERT (NC),1,ROD23.813,A36,a8a5366a-ec08-42ba-a888-9a9dce5eaee7
W10-77,piece-to-piece,EMBED,P-300-21,,1,ROD6.35,A36,be3b88be-7026-4315-b8c8-eb9a1731f06b
W10-77,piece-to-piece,INSERT,P-300-11,19Ø INSERT (NC),1,ROD23.813,A36,fc7400c4-eae6-464e-b8d7-2b7486f7749e
W10-77,piece-to-piece,EMBED,P-300-21,,1,ROD6.35,A36,6596d00f-61e7-403e-bb64-6af7f69cf41e
W10-77,piece-to-piece,INSERT,P-300-11,19Ø INSERT (NC),1,ROD23.813,A36,e47350cb-e6ff-4192-ba5a-c56619f75455
W10-77,piece-to-piece,EMBED,P-300-21,,1,ROD6.35,A36,b1c5c327-1ac7-4edf-8018-0e768c9421fd
W10-77,piece-to-piece,GROUT_TUBE,GT75-1219,75Ø x 1219 GROUT TUBE,1,ROD76,Zero_Density,c361f407-e64d-40aa-9511-034ac9d8ce13
W10-77,piece-to-piece,GROUT_TUBE,GT75-1219,75Ø x 1219 GROUT TUBE,1,ROD76,Zero_Density,72d2f271-3b1b-450c-b151-e6e8e13fdd78
W10-77,piece-to-piece,GROUT_TUBE,GT75-1219,75Ø x 1219 GROUT TUBE,1,ROD76,Zero_Density,ae0808cb-8efe-4738-9a32-3d592bb7a9ac
W10-77,piece-to-piece,GROUT_TUBE,GT75-1219,75Ø x 1219 GROUT TUBE,1,ROD76,Zero_Density,c733ea93-ecc0-4da9-803f-22f142216f00
W10-77,piece-to-piece,INSERT,SP25-1067-11,SP25Mx1067 WILLIAMS S,1,ROD25.4,A706-GR.60,59b9b97e-ae6a-4614-bde3-17ec1d909525
W10-77,piece-to-piece,EMBED,SP25-1067-31,,1,PD66.675*15.875,A706-GR.60,be8252d2-718e-46f5-b805-3b844d1f23ee
W10-77,piece-to-piece,EMBED,SP25-1067-21,,1,ROD41.275,A706-GR.60,2fd3a8ed-63fb-4c64-9719-fdbc595da3ed
W10-77,piece-to-piece,INSERT,SP25-1067-11,SP25Mx1067 WILLIAMS S,1,ROD25.4,A706-GR.60,c153ef54-432a-4f08-83a4-2df23580f05a
W10-77,piece-to-piece,EMBED,SP25-1067-31,,1,PD66.675*15.875,A706-GR.60,80cb6896-d1d3-4d21-8325-8c3cb41d932b
W10-77,piece-to-piece,EMBED,SP25-1067-21,,1,ROD41.275,A706-GR.60,fc87e4fa-ee2e-4d8f-acaf-53686a293be1
W10-77,piece-to-piece,INSERT,SP25-1067-11,SP25Mx1067 WILLIAMS S,1,ROD25.4,A706-GR.60,6548feb3-562e-4a47-9d5f-93851d50ce24
W10-77,piece-to-piece,EMBED,SP25-1067-31,,1,PD66.675*15.875,A706-GR.60,2bb8e9ef-e8d5-405c-8d4b-15b3867b4f90
W10-77,piece-to-piece,EMBED,SP25-1067-21,,1,ROD41.275,A706-GR.60,15dad8f6-ec7a-4d8b-839b-53c6b5f2a23f
W10-77,piece-to-piece,INSERT,SP25-1067-11,SP25Mx1067 WILLIAMS S,1,ROD25.4,A706-GR.60,1eba8ff2-1592-4aa7-bcbb-985b7bc1843c
W10-77,piece-to-piece,EMBED,SP25-1067-31,,1,PD66.675*15.875,A706-GR.60,7e6d87c5-5e8d-4abb-b9fd-5d510e9263f6
W10-77,piece-to-piece,EMBED,SP25-1067-21,,1,ROD41.275,A706-GR.60,0069a7fa-d68e-442a-abc3-d6f4e5f00782
W10-77,piece-to-piece,GROUT_TUBE,GT75-686,75Ø x 686 GROUT TUBE,1,ROD76,Zero_Density,4f3c6e3d-a369-4152-9a0f-e56b06a2efd6
W10-77,piece-to-piece,GROUT_TUBE,GT75-686,75Ø x 686 GROUT TUBE,1,ROD76,Zero_Density,083632a7-2072-41e9-a612-a2e6dd27039b
W10-77,piece-to-piece,INSERT,SP15-457-11,15Mx457 WILLIAMS SPL,1,ROD16,400W,4370674c-6ff6-4ffa-91ab-09f9b9fe205f
W10-77,piece-to-piece,INSERT,SP15-457-31,,1,PD52.387*12.7,400W,89486f58-6fa9-4385-877d-77fb9d0027c4
W10-77,piece-to-piece,INSERT,SP15-457-21,,1,ROD26.987,400W,b00bcc57-5a9e-45f9-acb9-e9e070726f3c
W10-77,piece-to-piece,INSERT,SP15-457-11,15Mx457 WILLIAMS SPL,1,ROD16,400W,a1c1a838-52ab-4e97-b7f8-b196e32fc12e
W10-77,piece-to-piece,INSERT,SP15-457-31,,1,PD52.387*12.7,400W,b0e2ddc4-b98e-4f25-a6a8-8575f99a56ed
W10-77,piece-to-piece,INSERT,SP15-457-21,,1,ROD26.987,400W,d2b7c347-f459-4544-8538-c377a771e819
W10-77,piece-to-piece,GROUT_TUBE,GT75-1219,75Ø x 1219 GROUT TUBE,1,ROD76,Zero_Density,7c0e6e64-4534-43ac-b8d3-51cec61df2cb
W10-77,piece-to-piece,GROUT_TUBE,GT75-1219,75Ø x 1219 GROUT TUBE,1,ROD76,Zero_Density,dedd831b-deea-4b89-999d-152d3039b4d9
W10-77,piece-to-piece,GROUT_TUBE,GT75-1219,75Ø x 1219 GROUT TUBE,1,ROD76,Zero_Density,07d2cd91-6219-4a8c-8f98-ca3f1fde9d4a
W10-77,piece-to-piece,GROUT_TUBE,GT75-1219,75Ø x 1219 GROUT TUBE,1,ROD76,Zero_Density,40cc1486-b65d-4a73-b72b-8a26cd91fb8b
W10-77,piece-to-piece,GROUT_TUBE,GT100-1219-11,100Øx1219 GROUT TUBE,1,ROD102,Zero_Density,06bf423d-6af6-440c-9b3e-52e57d92dbbc
W10-77,piece-to-piece,GROUT_TUBE,GT100-1219-21,,1,ROD110,Zero_Density,e582d4de-63e4-4908-bdfa-46e26e83bc20
W10-77,piece-to-piece,GROUT_TUBE,GT100-1219-31,,1,ROD76,Zero_Density,15c7dd65-066a-4be0-826d-b2b12bc2b8e2
W10-77,piece-to-piece,INSERT,SP25-1067-11,SP25Mx1067 WILLIAMS S,1,ROD25.4,A706-GR.60,a9b3fa65-14de-40ff-b0a7-92f0bff9ba5c
W10-77,piece-to-piece,EMBED,SP25-1067-31,,1,PD66.675*15.875,A706-GR.60,d6675680-11fa-40bd-9ce4-cf1f82a0a655
W10-77,piece-to-piece,EMBED,SP25-1067-21,,1,ROD41.275,A706-GR.60,853f1a0f-e3a8-4dc0-85c8-30fdd0b7fda7
W10-77,piece-to-piece,INSERT,SP25-1067-11,SP25Mx1067 WILLIAMS S,1,ROD25.4,A706-GR.60,1b975e3d-ec2c-4c20-a03f-c77eaa34fec2
W10-77,piece-to-piece,EMBED,SP25-1067-31,,1,PD66.675*15.875,A706-GR.60,cf363877-52cd-4402-9650-8f74fc85cd25
W10-77,piece-to-piece,EMBED,SP25-1067-21,,1,ROD41.275,A706-GR.60,72ab9331-197d-43f8-9b3a-1ccc690d5161
W10-77,piece-to-piece,INSERT,SP25-1067-11,SP25Mx1067 WILLIAMS S,1,ROD25.4,A706-GR.60,37d1e10e-2165-4465-8943-34a5a254daa7
W10-77,piece-to-piece,EMBED,SP25-1067-31,,1,PD66.675*15.875,A706-GR.60,eae95450-dd97-4a33-b37c-0c3e118d9104
W10-77,piece-to-piece,EMBED,SP25-1067-21,,1,ROD41.275,A706-GR.60,e9285a6e-0101-4a90-bb65-0de11e4276c7
W10-77,piece-to-piece,INSERT,SP25-1067-11,SP25Mx1067 WILLIAMS S,1,ROD25.4,A706-GR.60,666c2f7c-aa58-4e80-bb8f-3da7d495d30f
W10-77,piece-to-piece,EMBED,SP25-1067-31,,1,PD66.675*15.875,A706-GR.60,4c0e8da6-bc5c-4191-99a1-0b9048ba2bda
W10-77,piece-to-piece,EMBED,SP25-1067-21,,1,ROD41.275,A706-GR.60,abc2cb36-a3d0-4fe4-bdbc-7af75607baac
W10-77,piece-to-piece,INSERT,SP30-1219-11,30Mx1219 WILLIAMS SPL,1,ROD30.16,A706-GR.60,c786c083-700a-4fce-a75f-2069af8876d8
W10-77,piece-to-piece,EMBED,SP30-1219-31,,1,PD71.438*19.05,A706-GR.60,bed961c2-4af3-41b3-8b5d-bbf8ed24abc3
W10-77,piece-to-piece,EMBED,SP30-1219-21,,1,ROD44.45,A706-GR.60,57e634cd-4d41-41fb-9bd0-bc9bec207caf
W10-77,piece-to-piece,GROUT_TUBE,GT76-254,76Øx254mm G.TUBE,1,ROD76.2,Zero_Density,36b18f2e-d486-4d54-8bac-b533fc79ec26
W10-77,piece-to-piece,GROUT_TUBE,GT76-254,76Øx254mm G.TUBE,1,ROD76.2,Zero_Density,98461d09-248e-4e52-b6a7-4ebd3e5c7293
W10-77,piece-to-piece,GROUT_TUBE,GT76-254,76Øx254mm G.TUBE,1,ROD76.2,Zero_Density,ac96b2a9-2ee8-450d-a8c1-13648d4983dd
W10-77,piece-to-piece,GROUT_TUBE,GT76-254,76Øx254mm G.TUBE,1,ROD76.2,Zero_Density,403327b7-e6fb-4a4c-ad76-d980f22f630f
W10-77,piece-to-piece,GROUT_TUBE,GT76-254,76Øx254mm G.TUBE,1,ROD76.2,Zero_Density,fdda92d8-e792-45c1-b9c3-c3e4f3936812
W10-77,piece-to-piece,GROUT_TUBE,GT76-254,76Øx254mm G.TUBE,1,ROD76.2,Zero_Density,705d28ee-bbeb-4650-8238-f8a3bf20abc0
W10-77,piece-to-piece,CONDUIT,CNDT37,19MM CONDUIT,1,ROD19,Zero_Density,31904831-550f-48e4-8704-92a4b3c9b69b
W10-77,piece-to-piece,PLATE,EB-S-PL1,Single Plastic Electr,1,160*50.8,Zero_Density,2c91e0a8-c600-42cd-87c6-0d140363292e
W10-77,piece-to-piece,EMBED,P-602-11,13PL. W/STUD,1,PL101.6*12.7,A572-GR.50,a8825f2c-a933-4cfe-8b27-2ae50738fbc1
W10-77,piece-to-piece,EMBED,P-602-21,,1,STUD_1/2-DIA,A108-C1010-1020,4f2f2358-2ded-4dce-85b8-c949899e7ad3
W10-77,piece-to-piece,INSERT,P-300-11,19Ø INSERT (NC),1,ROD23.813,A36,560a77b1-b134-4c2e-a1d4-0bd9d488e136
W10-77,piece-to-piece,EMBED,P-300-21,,1,ROD6.35,A36,a2aaa3d1-1200-4c92-af1d-110755428ec5
W10-77,piece-to-piece,INSERT,P-300-11,19Ø INSERT (NC),1,ROD23.813,A36,185580ae-b475-431a-8a68-92dd5deb8106
W10-77,piece-to-piece,EMBED,P-300-21,,1,ROD6.35,A36,307a1075-876c-457d-a4ff-a53559c85f64
W10-77,piece-to-piece,ANCHOR,P-205-11,12000LB FORGED ANCHOR,1,PL15.88,A36,0bb2f352-573b-4ae6-a2a1-a5d2794f1794
W10-77,piece-to-piece,EMBED,P-205-21,,1,PL76.2*12.7,A36,00e3e717-c9a4-45f0-a082-2826d9699e6f
W10-77,piece-to-piece,EMBED,P-205-31,,1,SPHERE47.625,A36,b3fd5858-7716-415f-9ea9-e6a1873d71b5
W10-77,piece-to-piece,EMBED,P-205-32,,1,PL54,Steel_Undefined,429840e5-83f1-4c4a-8014-cfdddad5f08b
W10-77,piece-to-piece,ANCHOR,P-205-11,12000LB FORGED ANCHOR,1,PL15.88,A36,1ca9690d-6c87-4373-9e22-4d0e748d1871
W10-77,piece-to-piece,EMBED,P-205-21,,1,PL76.2*12.7,A36,ddbd5f56-ddd3-4422-90ba-abf146d3db11
W10-77,piece-to-piece,EMBED,P-205-31,,1,SPHERE47.625,A36,44bb0218-2906-441b-b60a-36632bce49aa
W10-77,piece-to-piece,EMBED,P-205-32,,1,PL54,Steel_Undefined,9cccb069-1ef1-44a7-ba87-d185c399d1e4
W10-77,piece-to-piece,ANCHOR,P-205-11,12000LB FORGED ANCHOR,1,PL15.88,A36,676858aa-8244-45f4-a879-2b54394a490f
W10-77,piece-to-piece,EMBED,P-205-21,,1,PL76.2*12.7,A36,92be41e6-3dfc-4340-ac6b-ca912f289e08
W10-77,piece-to-piece,EMBED,P-205-31,,1,SPHERE47.625,A36,57533158-e944-496b-910f-1b2aca5217db
W10-77,piece-to-piece,EMBED,P-205-32,,1,PL54,Steel_Undefined,b154ba7a-140e-46eb-8ba0-e1916f8dd0d8
W10-77,piece-to-piece,ANCHOR,P-205-11,12000LB FORGED ANCHOR,1,PL15.88,A36,c38332b4-9520-4555-9170-a9384b9bb7bc
W10-77,piece-to-piece,EMBED,P-205-21,,1,PL76.2*12.7,A36,9ecaf7f3-86a5-4b2f-9171-002be928ca50
W10-77,piece-to-piece,EMBED,P-205-31,,1,SPHERE47.625,A36,965b9043-aa30-45c3-bfb5-5f7ca6f6f8b9
W10-77,piece-to-piece,EMBED,P-205-32,,1,PL54,Steel_Undefined,b4fa9795-c330-46a4-9233-59e4df826869
W10-91,piece-to-piece,EMBED,MPX11,V REVEAL LARGE,1,TRIANGLE12.7*12.7,Misc_Undefined,03027940-cf9c-4cac-a54e-adf4ad5a6d43
W10-91,piece-to-piece,INSERT,P-300-11,19Ø INSERT (NC),1,ROD23.813,A36,9671be7a-83cf-4c27-a9aa-8b61fd3cd4df
W10-91,piece-to-piece,EMBED,P-300-21,,1,ROD6.35,A36,eace68c6-9d7f-4bee-bc3d-d64cbd4d08f9
W10-91,piece-to-piece,INSERT,P-300-11,19Ø INSERT (NC),1,ROD23.813,A36,40e10a58-a20f-45db-8641-6a8833723213
W10-91,piece-to-piece,EMBED,P-300-21,,1,ROD6.35,A36,84182da8-b9e3-4f62-940a-6048777ebf3b
W10-91,piece-to-piece,INSERT,P-300-11,19Ø INSERT (NC),1,ROD23.813,A36,abe27e4b-f896-4b27-8440-b35f2d70237f
W10-91,piece-to-piece,EMBED,P-300-21,,1,ROD6.35,A36,3f0b176b-8957-4840-aa2c-1655abd3cd12
W10-91,piece-to-piece,GROUT_TUBE,GT75-1219,75Ø x 1219 GROUT TUBE,1,ROD76,Zero_Density,8d3c6df7-14ad-4509-ae30-62cd55dbef73
W10-91,piece-to-piece,GROUT_TUBE,GT75-1219,75Ø x 1219 GROUT TUBE,1,ROD76,Zero_Density,02674fd6-c38b-4e8a-b442-5e203de314f2
W10-91,piece-to-piece,GROUT_TUBE,GT75-1219,75Ø x 1219 GROUT TUBE,1,ROD76,Zero_Density,b193aa8e-7a2a-4f2a-ab59-d85f5de91ce9
W10-91,piece-to-piece,GROUT_TUBE,GT75-1219,75Ø x 1219 GROUT TUBE,1,ROD76,Zero_Density,a3663e02-4a2c-4e2a-ab75-8f05c9b07278
W10-91,piece-to-piece,INSERT,SP25-1067-11,SP25Mx1067 WILLIAMS S,1,ROD25.4,A706-GR.60,f88af4f8-c528-4db9-8707-2ee2eace6082
W10-91,piece-to-piece,EMBED,SP25-1067-31,,1,PD66.675*15.875,A706-GR.60,e6b27141-d3f4-4ead-9f6c-b30dd76c8d26
W10-91,piece-to-piece,EMBED,SP25-1067-21,,1,ROD41.275,A706-GR.60,1d899152-c601-4abe-a44b-e469d450855b
W10-91,piece-to-piece,INSERT,SP25-1067-11,SP25Mx1067 WILLIAMS S,1,ROD25.4,A706-GR.60,1dc07c7c-b8d7-490f-9f88-ffcdcaecf5c7
W10-91,piece-to-piece,EMBED,SP25-1067-31,,1,PD66.675*15.875,A706-GR.60,6e7778b6-a2fd-42d8-8655-6cd998ba85df
W10-91,piece-to-piece,EMBED,SP25-1067-21,,1,ROD41.275,A706-GR.60,e9425d9f-84f5-47d3-bf3a-f7ed452978ee
W10-91,piece-to-piece,INSERT,SP25-1067-11,SP25Mx1067 WILLIAMS S,1,ROD25.4,A706-GR.60,44c397d6-3670-44d4-a4fd-6c0591275bec
W10-91,piece-to-piece,EMBED,SP25-1067-31,,1,PD66.675*15.875,A706-GR.60,f350dcb7-3be0-4dc3-a2f0-b45c6b903fd9
W10-91,piece-to-piece,EMBED,SP25-1067-21,,1,ROD41.275,A706-GR.60,6f49abb6-b175-44d2-8a3a-befcb11ba122
W10-91,piece-to-piece,INSERT,SP25-1067-11,SP25Mx1067 WILLIAMS S,1,ROD25.4,A706-GR.60,7f31a297-1a3f-4e0b-ab5b-fff5d89e5be8
W10-91,piece-to-piece,EMBED,SP25-1067-31,,1,PD66.675*15.875,A706-GR.60,f2717e76-133f-4a67-b096-e84b0cca81ae
W10-91,piece-to-piece,EMBED,SP25-1067-21,,1,ROD41.275,A706-GR.60,07778115-f4d7-4f59-9ba7-8f79670fab60
W10-91,piece-to-piece,GROUT_TUBE,GT75-686,75Ø x 686 GROUT TUBE,1,ROD76,Zero_Density,83d55d69-aa8d-4c97-9eec-b67118773a03
W10-91,piece-to-piece,GROUT_TUBE,GT75-686,75Ø x 686 GROUT TUBE,1,ROD76,Zero_Density,5de80032-4e40-4891-9d7e-5d1c2281282c
W10-91,piece-to-piece,INSERT,SP15-457-11,15Mx457 WILLIAMS SPL,1,ROD16,400W,4f447184-e109-47ba-96c8-5c91f60adc3f
W10-91,piece-to-piece,INSERT,SP15-457-31,,1,PD52.387*12.7,400W,5b7047bd-4904-43dd-b31c-fa31cac03a59
W10-91,piece-to-piece,INSERT,SP15-457-21,,1,ROD26.987,400W,f5849785-8455-4da6-a5cc-b5083a556d92
W10-91,piece-to-piece,INSERT,SP15-457-11,15Mx457 WILLIAMS SPL,1,ROD16,400W,e5fd962b-6709-4c9a-9e4a-16c298068ddc
W10-91,piece-to-piece,INSERT,SP15-457-31,,1,PD52.387*12.7,400W,da9a2e54-6d61-4228-b1ee-59d783c135ba
W10-91,piece-to-piece,INSERT,SP15-457-21,,1,ROD26.987,400W,e9314874-e48e-4754-a440-15ea83e92dd9
W10-91,piece-to-piece,GROUT_TUBE,GT75-1219,75Ø x 1219 GROUT TUBE,1,ROD76,Zero_Density,40ed4649-eee8-4419-9617-d1ac07f491af
W10-91,piece-to-piece,GROUT_TUBE,GT75-1219,75Ø x 1219 GROUT TUBE,1,ROD76,Zero_Density,1c50ca28-77a3-429d-a9a8-2fa001b46489
W10-91,piece-to-piece,GROUT_TUBE,GT75-1219,75Ø x 1219 GROUT TUBE,1,ROD76,Zero_Density,1cc2ce1a-d49f-4ead-854a-1394a3d0a2cb
W10-91,piece-to-piece,GROUT_TUBE,GT75-1219,75Ø x 1219 GROUT TUBE,1,ROD76,Zero_Density,097d3910-bf3f-40cd-a805-767f5ba95875
W10-91,piece-to-piece,GROUT_TUBE,GT100-1219-11,100Øx1219 GROUT TUBE,1,ROD102,Zero_Density,4c120f9b-18c1-4aef-8601-7803bd899feb
W10-91,piece-to-piece,GROUT_TUBE,GT100-1219-21,,1,ROD110,Zero_Density,cd7dfa77-825a-408c-98ee-3414b56d7409
W10-91,piece-to-piece,GROUT_TUBE,GT100-1219-31,,1,ROD76,Zero_Density,bf2fd74b-1737-4105-9432-f11e24635e40
W10-91,piece-to-piece,INSERT,SP25-1067-11,SP25Mx1067 WILLIAMS S,1,ROD25.4,A706-GR.60,68ef6a9d-455f-4c53-941c-c01814bdac92
W10-91,piece-to-piece,EMBED,SP25-1067-31,,1,PD66.675*15.875,A706-GR.60,f1418f3f-8db3-4e8a-9272-9252abedb3f1
W10-91,piece-to-piece,EMBED,SP25-1067-21,,1,ROD41.275,A706-GR.60,f8c0832f-abeb-4a17-bdbf-2f63a900c198
W10-91,piece-to-piece,INSERT,SP25-1067-11,SP25Mx1067 WILLIAMS S,1,ROD25.4,A706-GR.60,ec326390-ae4c-4681-ae18-4902ec544cd8
W10-91,piece-to-piece,EMBED,SP25-1067-31,,1,PD66.675*15.875,A706-GR.60,4856f107-6681-49f9-9cd3-2f62d2201d29
W10-91,piece-to-piece,EMBED,SP25-1067-21,,1,ROD41.275,A706-GR.60,34a82989-9f11-436e-abb6-d0c668b592c1
W10-91,piece-to-piece,INSERT,SP25-1067-11,SP25Mx1067 WILLIAMS S,1,ROD25.4,A706-GR.60,fa204ec7-118e-4b3d-9d5e-f46bd3a78b88
W10-91,piece-to-piece,EMBED,SP25-1067-31,,1,PD66.675*15.875,A706-GR.60,94f60a96-246e-4aef-9eb2-19ee80e32643
W10-91,piece-to-piece,EMBED,SP25-1067-21,,1,ROD41.275,A706-GR.60,2d4cdd82-bd0c-4a61-bbe4-b94e5cc5268e
W10-91,piece-to-piece,INSERT,SP25-1067-11,SP25Mx1067 WILLIAMS S,1,ROD25.4,A706-GR.60,8c9fd752-7bde-4c21-bb16-8b7144c6da83
W10-91,piece-to-piece,EMBED,SP25-1067-31,,1,PD66.675*15.875,A706-GR.60,97bbb6ee-add4-4307-b5a5-9f9ff29b98e1
W10-91,piece-to-piece,EMBED,SP25-1067-21,,1,ROD41.275,A706-GR.60,e8356c0c-dfab-4daf-bba0-9d91e980fbe2
W10-91,piece-to-piece,INSERT,SP30-1219-11,30Mx1219 WILLIAMS SPL,1,ROD30.16,A706-GR.60,374f16d8-1897-447f-b878-9f4c901e4a75
W10-91,piece-to-piece,EMBED,SP30-1219-31,,1,PD71.438*19.05,A706-GR.60,2d325f37-be4d-4759-8820-a42c46fc3f3b
W10-91,piece-to-piece,EMBED,SP30-1219-21,,1,ROD44.45,A706-GR.60,b26f649c-7b3b-413f-860d-967ec8ea242e
W10-91,piece-to-piece,GROUT_TUBE,GT76-254,76Øx254mm G.TUBE,1,ROD76.2,Zero_Density,0a4df283-08d6-4e99-99e1-eb89de8939ea
W10-91,piece-to-piece,GROUT_TUBE,GT76-254,76Øx254mm G.TUBE,1,ROD76.2,Zero_Density,68255aa0-2e65-4c70-8599-7cbfb7ba5bee
W10-91,piece-to-piece,GROUT_TUBE,GT76-254,76Øx254mm G.TUBE,1,ROD76.2,Zero_Density,e4e5ebe7-8a87-4509-8af0-a4232e6946f3
W10-91,piece-to-piece,GROUT_TUBE,GT76-254,76Øx254mm G.TUBE,1,ROD76.2,Zero_Density,a6676219-f0d9-4e7a-b633-c8cb453ef6ea
W10-91,piece-to-piece,GROUT_TUBE,GT76-254,76Øx254mm G.TUBE,1,ROD76.2,Zero_Density,09d6bdc7-04f5-40cf-95f5-fef0810035e0
W10-91,piece-to-piece,GROUT_TUBE,GT76-254,76Øx254mm G.TUBE,1,ROD76.2,Zero_Density,f03fea67-8fcf-46db-9ae6-bde4a6e56633
W10-91,piece-to-piece,CONDUIT,CNDT37,19MM CONDUIT,1,ROD19,Zero_Density,c7a20a1f-0282-44be-8b80-2f4566d6ec11
W10-91,piece-to-piece,PLATE,EB-S-PL1,Single Plastic Electr,1,160*50.8,Zero_Density,a33f28fd-63be-4695-8ed4-e655233b4818
W10-91,piece-to-piece,EMBED,P-602-11,13PL. W/STUD,1,PL101.6*12.7,A572-GR.50,280f05ea-9414-435c-abc1-566b0b3b7e28
W10-91,piece-to-piece,EMBED,P-602-21,,1,STUD_1/2-DIA,A108-C1010-1020,1612fe6f-4c7b-4d26-b114-c90fb9203df2
W10-91,piece-to-piece,INSERT,P-300-11,19Ø INSERT (NC),1,ROD23.813,A36,55494425-c6ee-4ebb-94fe-efd9ea19e5b7
W10-91,piece-to-piece,EMBED,P-300-21,,1,ROD6.35,A36,7d95753d-5001-41e8-a88f-a2922bcd4bc2
W10-91,piece-to-piece,INSERT,P-300-11,19Ø INSERT (NC),1,ROD23.813,A36,e4541b39-7990-4bd3-8259-761bc6017553
W10-91,piece-to-piece,EMBED,P-300-21,,1,ROD6.35,A36,bd82729e-5b97-4f7f-a06d-54940162c8c8
W10-91,piece-to-piece,ANCHOR,P-205-11,12000LB FORGED ANCHOR,1,PL15.88,A36,1e51488d-5123-4269-aea5-d78f52b20af0
W10-91,piece-to-piece,EMBED,P-205-21,,1,PL76.2*12.7,A36,58205536-86a4-4777-98fe-5bcf20978764
W10-91,piece-to-piece,EMBED,P-205-31,,1,SPHERE47.625,A36,fed8316f-9c1a-4778-8e8a-3ef728fdb988
W10-91,piece-to-piece,EMBED,P-205-32,,1,PL54,Steel_Undefined,73baa522-4739-4201-a125-ac0373ed8581
W10-91,piece-to-piece,ANCHOR,P-205-11,12000LB FORGED ANCHOR,1,PL15.88,A36,91f8cbc7-cadd-4048-b8d3-f770f289f8f2
W10-91,piece-to-piece,EMBED,P-205-21,,1,PL76.2*12.7,A36,caac75fe-8345-4767-b114-2efd6facc7f6
W10-91,piece-to-piece,EMBED,P-205-31,,1,SPHERE47.625,A36,aec98780-08c6-4c7d-81a1-f1c065d3e0c9
W10-91,piece-to-piece,EMBED,P-205-32,,1,PL54,Steel_Undefined,dc68833b-16cf-4e40-b42a-05bca4709b58
W10-91,piece-to-piece,ANCHOR,P-205-11,12000LB FORGED ANCHOR,1,PL15.88,A36,ac383efb-f021-4589-8428-f1d13494bc6d
W10-91,piece-to-piece,EMBED,P-205-21,,1,PL76.2*12.7,A36,a9760af2-52bd-4792-8b10-e24b616da001
W10-91,piece-to-piece,EMBED,P-205-31,,1,SPHERE47.625,A36,49d9368a-7ceb-4c84-b985-b40eb42355d6
W10-91,piece-to-piece,EMBED,P-205-32,,1,PL54,Steel_Undefined,00f452b2-10eb-4b49-bee8-5819f0f290b2
W10-91,piece-to-piece,ANCHOR,P-205-11,12000LB FORGED ANCHOR,1,PL15.88,A36,616995f6-4b1f-40e1-92f2-7a9cdfce8580
W10-91,piece-to-piece,EMBED,P-205-21,,1,PL76.2*12.7,A36,336e224b-1b26-4951-9960-03b8783a88dc
W10-91,piece-to-piece,EMBED,P-205-31,,1,SPHERE47.625,A36,5f9f81a6-4f54-4ad2-bb5a-ecf786ad9a6b
W10-91,piece-to-piece,EMBED,P-205-32,,1,PL54,Steel_Undefined,5c6dbc7c-f5e1-4178-8407-744e2942e1d8
W10-103,piece-to-piece,EMBED,MPX11,V REVEAL LARGE,1,TRIANGLE12.7*12.7,Misc_Undefined,db7a95c2-4d1f-4139-bd18-01aa9b6f64bf
W10-103,piece-to-piece,INSERT,P-300-11,19Ø INSERT (NC),1,ROD23.813,A36,047904a0-4fd1-40cd-a40f-c0e5d4e6869e
W10-103,piece-to-piece,EMBED,P-300-21,,1,ROD6.35,A36,ce4f91ab-6f8f-4c93-8695-71a1bb615496
W10-103,piece-to-piece,INSERT,P-300-11,19Ø INSERT (NC),1,ROD23.813,A36,d5e42009-ba58-4dc9-896c-5b30074dcd74
W10-103,piece-to-piece,EMBED,P-300-21,,1,ROD6.35,A36,57e847a3-ad7b-4903-a665-42f41cd70df8
W10-103,piece-to-piece,INSERT,P-300-11,19Ø INSERT (NC),1,ROD23.813,A36,1cdf3a97-4199-4319-9d0e-03dc8fd7f75b
W10-103,piece-to-piece,EMBED,P-300-21,,1,ROD6.35,A36,d852fd73-3ca0-4a3d-bf19-2bb65a0b467b
W10-103,piece-to-piece,GROUT_TUBE,GT75-1219,75Ø x 1219 GROUT TUBE,1,ROD76,Zero_Density,422d9157-d301-4eaf-a95d-1100d56e7076
W10-103,piece-to-piece,GROUT_TUBE,GT75-1219,75Ø x 1219 GROUT TUBE,1,ROD76,Zero_Density,3d124dea-25e5-4ec8-bca9-68e5b07f5212
W10-103,piece-to-piece,GROUT_TUBE,GT75-1219,75Ø x 1219 GROUT TUBE,1,ROD76,Zero_Density,588d2e01-897f-48f9-a334-9cafe172931f
W10-103,piece-to-piece,GROUT_TUBE,GT75-1219,75Ø x 1219 GROUT TUBE,1,ROD76,Zero_Density,795dc6ad-7393-49a3-9425-a9dc1bd7ff5b
W10-103,piece-to-piece,GROUT_TUBE,GT75-686,75Ø x 686 GROUT TUBE,1,ROD76,Zero_Density,bd4c773a-4b8b-4666-80ea-38cacda1bbdd
W10-103,piece-to-piece,GROUT_TUBE,GT75-686,75Ø x 686 GROUT TUBE,1,ROD76,Zero_Density,ec5a7d89-7c1a-4e1f-92e1-53773209aa22
W10-103,piece-to-piece,INSERT,SP15-457-11,15Mx457 WILLIAMS SPL,1,ROD16,400W,ee47ecdc-2ee3-4752-8e2e-609998b8ed9b
W10-103,piece-to-piece,INSERT,SP15-457-31,,1,PD52.387*12.7,400W,3111eafc-b6b1-41c5-838e-5a1659afc734
W10-103,piece-to-piece,INSERT,SP15-457-21,,1,ROD26.987,400W,243e62d2-1110-4f9c-a392-61a995d47622
W10-103,piece-to-piece,INSERT,SP15-457-11,15Mx457 WILLIAMS SPL,1,ROD16,400W,da3cc05c-560b-4b3c-a021-9dc2e1a131bb
W10-103,piece-to-piece,INSERT,SP15-457-31,,1,PD52.387*12.7,400W,a38a2c9d-332d-4bc1-8c7e-f24943f89507
W10-103,piece-to-piece,INSERT,SP15-457-21,,1,ROD26.987,400W,56e879ae-da63-4d49-88bc-1573a87e6db2
W10-103,piece-to-piece,INSERT,SP15-457-11,15Mx457 WILLIAMS SPL,1,ROD16,400W,88823981-66cc-4a59-bb5c-ccbdcfb17169
W10-103,piece-to-piece,INSERT,SP15-457-31,,1,PD52.387*12.7,400W,b9ea1b11-be1a-4982-b428-6b75e1166da4
W10-103,piece-to-piece,INSERT,SP15-457-21,,1,ROD26.987,400W,13202f28-d0bd-4251-a032-81084fe9be86
W10-103,piece-to-piece,INSERT,SP15-457-11,15Mx457 WILLIAMS SPL,1,ROD16,400W,f4b7196f-1280-4996-a949-10d5f1bf5a23
W10-103,piece-to-piece,INSERT,SP15-457-31,,1,PD52.387*12.7,400W,edb58373-f058-4cf0-908d-db872083d11f
W10-103,piece-to-piece,INSERT,SP15-457-21,,1,ROD26.987,400W,378883f5-9123-4115-b1df-b8f4708ec216
W10-103,piece-to-piece,INSERT,SP15-457-11,15Mx457 WILLIAMS SPL,1,ROD16,400W,015fd442-b18a-4f04-a32b-e898662dfdc3
W10-103,piece-to-piece,INSERT,SP15-457-31,,1,PD52.387*12.7,400W,7d6f5c8c-a64a-4fd8-99b8-4ba61989b212
W10-103,piece-to-piece,INSERT,SP15-457-21,,1,ROD26.987,400W,5656c4df-09ba-4950-a2d6-c1846c673810
W10-103,piece-to-piece,INSERT,SP15-457-11,15Mx457 WILLIAMS SPL,1,ROD16,400W,4f580ba7-9fd3-41a0-931f-2c9d1d16fa05
W10-103,piece-to-piece,INSERT,SP15-457-31,,1,PD52.387*12.7,400W,3b3c3259-bba8-4395-87e4-4863bd2ef111
W10-103,piece-to-piece,INSERT,SP15-457-21,,1,ROD26.987,400W,f61a77f2-df2e-412e-9bdc-056270bc44f1
W10-103,piece-to-piece,INSERT,SP15-457-11,15Mx457 WILLIAMS SPL,1,ROD16,400W,f5b0bf78-0de0-4ae7-a363-0945f814aed9
W10-103,piece-to-piece,INSERT,SP15-457-31,,1,PD52.387*12.7,400W,7a9c2366-2a13-4fc8-8ef0-6657f4e7c8f0
W10-103,piece-to-piece,INSERT,SP15-457-21,,1,ROD26.987,400W,bd14401f-6085-4c8b-a044-efdd4b90b2c0
W10-103,piece-to-piece,INSERT,SP15-457-11,15Mx457 WILLIAMS SPL,1,ROD16,400W,c48e4dbd-3605-4f20-8e53-7283b5fb4a39
W10-103,piece-to-piece,INSERT,SP15-457-31,,1,PD52.387*12.7,400W,dd5ae7bb-9ede-454c-88ce-8ca5e6291b14
W10-103,piece-to-piece,INSERT,SP15-457-21,,1,ROD26.987,400W,40a7d0ac-2ce8-4514-bf06-94b28476a7f0
W10-103,piece-to-piece,INSERT,SP15-457-11,15Mx457 WILLIAMS SPL,1,ROD16,400W,1b5d2570-1fe8-4c4c-894b-8ac44c796958
W10-103,piece-to-piece,INSERT,SP15-457-31,,1,PD52.387*12.7,400W,b1b782ae-94fd-4231-9ddd-33fe3d682c79
W10-103,piece-to-piece,INSERT,SP15-457-21,,1,ROD26.987,400W,dbfe08e1-e834-4edf-9be0-dddadc644e4c
W10-103,piece-to-piece,GROUT_TUBE,GT75-1219,75Ø x 1219 GROUT TUBE,1,ROD76,Zero_Density,65120e52-480e-498d-ba45-4aca23b792f4
W10-103,piece-to-piece,GROUT_TUBE,GT75-1219,75Ø x 1219 GROUT TUBE,1,ROD76,Zero_Density,346f01ec-3810-485d-bd4a-bf222d854682
W10-103,piece-to-piece,GROUT_TUBE,GT75-1219,75Ø x 1219 GROUT TUBE,1,ROD76,Zero_Density,4e04b235-6ef6-4a26-ab2f-ee5b49ad276f
W10-103,piece-to-piece,GROUT_TUBE,GT75-1219,75Ø x 1219 GROUT TUBE,1,ROD76,Zero_Density,59dfe5c4-5bbe-428f-9d6f-7f79901ce642
W10-103,piece-to-piece,GROUT_TUBE,GT100-1219-11,100Øx1219 GROUT TUBE,1,ROD102,Zero_Density,b78e0fce-5f73-4fe4-ad79-237677c72a14
W10-103,piece-to-piece,GROUT_TUBE,GT100-1219-21,,1,ROD110,Zero_Density,d9d4422e-5100-43da-9a4d-da8366958f31
W10-103,piece-to-piece,GROUT_TUBE,GT100-1219-31,,1,ROD76,Zero_Density,9dc322e3-a42c-4d1b-af4b-208576ef9620
W10-103,piece-to-piece,GROUT_TUBE,GT76-254,76Øx254mm G.TUBE,1,ROD76.2,Zero_Density,91225b1d-3316-4e6f-bea7-b0e535d0da4b
W10-103,piece-to-piece,GROUT_TUBE,GT76-254,76Øx254mm G.TUBE,1,ROD76.2,Zero_Density,335285bb-06bd-4afe-97f8-a5abad7ae1fc
W10-103,piece-to-piece,GROUT_TUBE,GT76-254,76Øx254mm G.TUBE,1,ROD76.2,Zero_Density,ad7a848b-3da1-403b-8842-cc98b5ee676f
W10-103,piece-to-piece,CONDUIT,CNDT37,19MM CONDUIT,1,ROD19,Zero_Density,131f9f36-7538-4d74-8375-561596bf3dd1
W10-103,piece-to-piece,PLATE,EB-S-PL1,Single Plastic Electr,1,160*50.8,Zero_Density,30c56c35-9ae4-4176-bd2a-38b94571faff
W10-103,piece-to-piece,EMBED,P-602-11,13PL. W/STUD,1,PL101.6*12.7,A572-GR.50,318067f2-66dd-4dab-8c95-1933ad82bcf9
W10-103,piece-to-piece,EMBED,P-602-21,,1,STUD_1/2-DIA,A108-C1010-1020,d3ab23e6-2339-4b8c-b83c-857862c69d2a
W10-103,piece-to-piece,INSERT,P-300-11,19Ø INSERT (NC),1,ROD23.813,A36,5c545541-dba1-4edf-acb2-91e859e5e646
W10-103,piece-to-piece,EMBED,P-300-21,,1,ROD6.35,A36,a5010dc5-d400-448a-bd6f-3310cb5c339b
W10-103,piece-to-piece,INSERT,P-300-11,19Ø INSERT (NC),1,ROD23.813,A36,5b0f38c3-bddc-40d5-bb7b-e33e873779f0
W10-103,piece-to-piece,EMBED,P-300-21,,1,ROD6.35,A36,f59eed85-c288-486a-9b28-ccbb0b1335e5
W10-103,piece-to-piece,ANCHOR,P-205-11,12000LB FORGED ANCHOR,1,PL15.88,A36,4cf81e24-4b2d-4e23-95c8-3330644b9902
W10-103,piece-to-piece,EMBED,P-205-21,,1,PL76.2*12.7,A36,d9edfaec-9fbb-4730-a009-ba37f384cd2f
W10-103,piece-to-piece,EMBED,P-205-31,,1,SPHERE47.625,A36,a1728d82-38a0-4fcd-8e86-d0ec4cb6a38d
W10-103,piece-to-piece,EMBED,P-205-32,,1,PL54,Steel_Undefined,6ad710a3-af8f-4925-8794-3c01f8918e36
W10-103,piece-to-piece,ANCHOR,P-205-11,12000LB FORGED ANCHOR,1,PL15.88,A36,fca2ccde-9b20-4194-b9de-841bef2b50be
W10-103,piece-to-piece,EMBED,P-205-21,,1,PL76.2*12.7,A36,b480f53d-dd19-4792-9326-da0a6d53b276
W10-103,piece-to-piece,EMBED,P-205-31,,1,SPHERE47.625,A36,38613179-21ef-4ae7-8955-3fd2c253f016
W10-103,piece-to-piece,EMBED,P-205-32,,1,PL54,Steel_Undefined,ee2bd988-3538-4cfe-b50a-31209aa69e4d
W10-103,piece-to-piece,ANCHOR,P-205-11,12000LB FORGED ANCHOR,1,PL15.88,A36,865a965d-2a7f-4ff3-aedb-d0ba0ac6f675
W10-103,piece-to-piece,EMBED,P-205-21,,1,PL76.2*12.7,A36,aa36afde-df4e-413c-9e32-7d04ccac6b09
W10-103,piece-to-piece,EMBED,P-205-31,,1,SPHERE47.625,A36,bfa0fa15-b68f-4f65-8ec3-abdc01658e9e
W10-103,piece-to-piece,EMBED,P-205-32,,1,PL54,Steel_Undefined,4773ebda-1f01-4444-a6a1-8f5d80775dac
W10-103,piece-to-piece,ANCHOR,P-205-11,12000LB FORGED ANCHOR,1,PL15.88,A36,831a52dc-9cd0-4958-80cc-b7a6a05b3ad6
W10-103,piece-to-piece,EMBED,P-205-21,,1,PL76.2*12.7,A36,36f93852-77d1-4407-9bee-4671503a8d54
W10-103,piece-to-piece,EMBED,P-205-31,,1,SPHERE47.625,A36,dcc8b4e6-48d8-4c13-8ff7-da52418c8581
W10-103,piece-to-piece,EMBED,P-205-32,,1,PL54,Steel_Undefined,ee750cdd-4da7-4b78-a5d4-9b5cea9ea5ba
W10-103,piece-to-piece,GROUT_TUBE,GT76-254,76Øx254mm G.TUBE,1,ROD76.2,Zero_Density,4c6be12d-ad9a-479d-9cd1-85403e8eb9c6
W10-103,piece-to-piece,GROUT_TUBE,GT76-254,76Øx254mm G.TUBE,1,ROD76.2,Zero_Density,c225f7c3-078f-40c2-9eb3-2ccc5113a806
W10-103,piece-to-piece,GROUT_TUBE,GT76-254,76Øx254mm G.TUBE,1,ROD76.2,Zero_Density,698b7380-a289-46a3-a8e8-517d5f9d38d9
W10-132,piece-to-piece,EMBED,MPX11,V REVEAL LARGE,1,TRIANGLE12.7*12.7,Misc_Undefined,0623cd42-b7d0-4271-8532-43e6356e8813
W10-132,piece-to-piece,INSERT,P-300-11,19Ø INSERT (NC),1,ROD23.813,A36,af6ab3e2-c8be-43da-b893-b3974c4000c6
W10-132,piece-to-piece,EMBED,P-300-21,,1,ROD6.35,A36,415ad890-4633-456a-ad01-19354f9dc3d9
W10-132,piece-to-piece,INSERT,P-300-11,19Ø INSERT (NC),1,ROD23.813,A36,6565af02-72a1-42fa-bf62-33f72c4de407
W10-132,piece-to-piece,EMBED,P-300-21,,1,ROD6.35,A36,747528f9-3e90-452c-a572-0877995321b3
W10-132,piece-to-piece,INSERT,P-300-11,19Ø INSERT (NC),1,ROD23.813,A36,0e242dd3-dc23-423d-9b84-d3686d544231
W10-132,piece-to-piece,EMBED,P-300-21,,1,ROD6.35,A36,1236974f-17fd-437a-b786-ce69316c74d3
W10-132,piece-to-piece,GROUT_TUBE,GT75-1219,75Ø x 1219 GROUT TUBE,1,ROD76,Zero_Density,8b67f065-000c-4e02-abec-15329c27bf57
W10-132,piece-to-piece,GROUT_TUBE,GT75-1219,75Ø x 1219 GROUT TUBE,1,ROD76,Zero_Density,b998c356-5e92-4822-a8c5-1c7de483c6d4
W10-132,piece-to-piece,GROUT_TUBE,GT75-1219,75Ø x 1219 GROUT TUBE,1,ROD76,Zero_Density,ef75465c-6c23-44e6-9d85-2a9e7b3783c0
W10-132,piece-to-piece,GROUT_TUBE,GT75-1219,75Ø x 1219 GROUT TUBE,1,ROD76,Zero_Density,9c1cca24-38e9-4b16-9cbf-0c33eaf04ff2
W10-132,piece-to-piece,GROUT_TUBE,GT75-686,75Ø x 686 GROUT TUBE,1,ROD76,Zero_Density,ebab82a6-e7c7-4162-be09-2e97650fc53f
W10-132,piece-to-piece,GROUT_TUBE,GT75-686,75Ø x 686 GROUT TUBE,1,ROD76,Zero_Density,24d4e43a-709d-436f-b0b4-eb9ac2f08160
W10-132,piece-to-piece,INSERT,SP25-1067-11,SP25Mx1067 WILLIAMS S,1,ROD25.4,A706-GR.60,35b4ce3b-f242-4d4c-82db-7d727514a5f9
W10-132,piece-to-piece,EMBED,SP25-1067-31,,1,PD66.675*15.875,A706-GR.60,df248509-a298-4128-b6ff-ebe34d26fdd1
W10-132,piece-to-piece,EMBED,SP25-1067-21,,1,ROD41.275,A706-GR.60,c8aa1b59-2f9f-45c3-9367-5092e24a3e55
W10-132,piece-to-piece,INSERT,SP25-1067-11,SP25Mx1067 WILLIAMS S,1,ROD25.4,A706-GR.60,ce1084cb-c812-48f0-9bfc-5f00fd084927
W10-132,piece-to-piece,EMBED,SP25-1067-31,,1,PD66.675*15.875,A706-GR.60,8e891448-7001-42ef-a010-49e6e50ff5f6
W10-132,piece-to-piece,EMBED,SP25-1067-21,,1,ROD41.275,A706-GR.60,1dff7afc-498a-4129-8417-c0ab4eaef91a
W10-132,piece-to-piece,INSERT,SP25-1067-11,SP25Mx1067 WILLIAMS S,1,ROD25.4,A706-GR.60,4812f0c3-f688-427b-b294-fea9c61bf522
W10-132,piece-to-piece,EMBED,SP25-1067-31,,1,PD66.675*15.875,A706-GR.60,4754a905-df9d-4c1f-aced-7ebab7988c2b
W10-132,piece-to-piece,EMBED,SP25-1067-21,,1,ROD41.275,A706-GR.60,7442e29a-5860-4019-bda6-71fa1aeeb013
W10-132,piece-to-piece,INSERT,SP25-1067-11,SP25Mx1067 WILLIAMS S,1,ROD25.4,A706-GR.60,36b1bb02-19ef-4c4e-94b3-c08a036919e4
W10-132,piece-to-piece,EMBED,SP25-1067-31,,1,PD66.675*15.875,A706-GR.60,ea78fa14-0351-4e32-824b-3fcd7cd253b9
W10-132,piece-to-piece,EMBED,SP25-1067-21,,1,ROD41.275,A706-GR.60,bfa26a3c-06a0-4e8e-80fa-ea0a3887e707
W10-132,piece-to-piece,INSERT,SP15-457-11,15Mx457 WILLIAMS SPL,1,ROD16,400W,b3f2b952-1d73-4491-93c1-f55e781025f1
W10-132,piece-to-piece,INSERT,SP15-457-31,,1,PD52.387*12.7,400W,38207300-a7b9-4012-be8e-ba5769b3c327
W10-132,piece-to-piece,INSERT,SP15-457-21,,1,ROD26.987,400W,dbe79f8d-0784-496f-9e39-0efc1ced7dc2
W10-132,piece-to-piece,INSERT,SP15-457-11,15Mx457 WILLIAMS SPL,1,ROD16,400W,667b624e-0ba7-485e-a5ad-0999fbc3914e
W10-132,piece-to-piece,INSERT,SP15-457-31,,1,PD52.387*12.7,400W,8f4c1000-8fd3-4791-8545-570b356e54d3
W10-132,piece-to-piece,INSERT,SP15-457-21,,1,ROD26.987,400W,03863188-c405-4012-91d2-0de12ea05bae
W10-132,piece-to-piece,GROUT_TUBE,GT75-1219,75Ø x 1219 GROUT TUBE,1,ROD76,Zero_Density,fefbec89-dcad-480d-82dd-15a31606b10b
W10-132,piece-to-piece,GROUT_TUBE,GT75-1219,75Ø x 1219 GROUT TUBE,1,ROD76,Zero_Density,0cfee533-9004-43e2-b9dd-50c4d04aa900
W10-132,piece-to-piece,GROUT_TUBE,GT75-1219,75Ø x 1219 GROUT TUBE,1,ROD76,Zero_Density,b1f7dd21-1ff2-4e40-a0a8-22e0fa9c38b9
W10-132,piece-to-piece,GROUT_TUBE,GT75-1219,75Ø x 1219 GROUT TUBE,1,ROD76,Zero_Density,7f351e93-3fe8-4e40-a2a2-e5084bec4f52
W10-132,piece-to-piece,GROUT_TUBE,GT100-1219-11,100Øx1219 GROUT TUBE,1,ROD102,Zero_Density,72b96d31-a810-4f09-8b17-57b5ed56a8fc
W10-132,piece-to-piece,GROUT_TUBE,GT100-1219-21,,1,ROD110,Zero_Density,180ce987-c986-4d92-8d4e-7426dc193a4d
W10-132,piece-to-piece,GROUT_TUBE,GT100-1219-31,,1,ROD76,Zero_Density,f880283b-060b-4273-8484-6f09dca7f361
W10-132,piece-to-piece,INSERT,SP25-1067-11,SP25Mx1067 WILLIAMS S,1,ROD25.4,A706-GR.60,06f26761-a612-4295-bad5-a60a6744cd52
W10-132,piece-to-piece,EMBED,SP25-1067-31,,1,PD66.675*15.875,A706-GR.60,1fa6e3db-dd39-4bfb-8e12-8415e6d1de14
W10-132,piece-to-piece,EMBED,SP25-1067-21,,1,ROD41.275,A706-GR.60,df57ba53-d1f5-4d6f-85c9-11266d657271
W10-132,piece-to-piece,INSERT,SP25-1067-11,SP25Mx1067 WILLIAMS S,1,ROD25.4,A706-GR.60,5d5e41f2-c0b9-4d4f-ba6d-4d556b8f409a
W10-132,piece-to-piece,EMBED,SP25-1067-31,,1,PD66.675*15.875,A706-GR.60,a6f4850c-2a9a-4fc1-a1ff-a654315d85b1
W10-132,piece-to-piece,EMBED,SP25-1067-21,,1,ROD41.275,A706-GR.60,27d300a1-46cb-4633-85bd-9c24c01ab359
W10-132,piece-to-piece,INSERT,SP25-1067-11,SP25Mx1067 WILLIAMS S,1,ROD25.4,A706-GR.60,cdbd3545-88b0-4a6e-ac53-b87cdb90d40e
W10-132,piece-to-piece,EMBED,SP25-1067-31,,1,PD66.675*15.875,A706-GR.60,9ba9edae-31fa-450e-b71f-6740eb1a3068
W10-132,piece-to-piece,EMBED,SP25-1067-21,,1,ROD41.275,A706-GR.60,8539b4f0-7a10-451d-a14b-cd388b88cea0
W10-132,piece-to-piece,INSERT,SP25-1067-11,SP25Mx1067 WILLIAMS S,1,ROD25.4,A706-GR.60,bf0c0d55-33cc-4350-875c-bef01c72af01
W10-132,piece-to-piece,EMBED,SP25-1067-31,,1,PD66.675*15.875,A706-GR.60,1d9de0cc-5482-4766-8830-358626c40da7
W10-132,piece-to-piece,EMBED,SP25-1067-21,,1,ROD41.275,A706-GR.60,13769351-61e0-4657-a9cb-1b5a40971e69
W10-132,piece-to-piece,INSERT,SP30-1219-11,30Mx1219 WILLIAMS SPL,1,ROD30.16,A706-GR.60,cd665689-7ea4-48cb-bf64-e78dc92ccb8e
W10-132,piece-to-piece,EMBED,SP30-1219-31,,1,PD71.438*19.05,A706-GR.60,4c6e7fc2-cafe-43f0-a48b-ac4d5af00a50
W10-132,piece-to-piece,EMBED,SP30-1219-21,,1,ROD44.45,A706-GR.60,c98f51d4-1586-4343-8a84-7c8237edad96
W10-132,piece-to-piece,GROUT_TUBE,GT76-254,76Øx254mm G.TUBE,1,ROD76.2,Zero_Density,99e5051e-c2f1-4cba-98ef-2d927fb1689b
W10-132,piece-to-piece,GROUT_TUBE,GT76-254,76Øx254mm G.TUBE,1,ROD76.2,Zero_Density,352b9d9d-eeb1-47e5-a7e3-24c04a242af9
W10-132,piece-to-piece,GROUT_TUBE,GT76-254,76Øx254mm G.TUBE,1,ROD76.2,Zero_Density,8f311079-fe56-4c39-9cbb-bae100b053e0
W10-132,piece-to-piece,GROUT_TUBE,GT76-254,76Øx254mm G.TUBE,1,ROD76.2,Zero_Density,f0123eb3-0c61-459f-9bbc-34bbe6aaad57
W10-132,piece-to-piece,GROUT_TUBE,GT76-254,76Øx254mm G.TUBE,1,ROD76.2,Zero_Density,d8563f44-b497-4cbe-ade0-3d78f78708e5
W10-132,piece-to-piece,GROUT_TUBE,GT76-254,76Øx254mm G.TUBE,1,ROD76.2,Zero_Density,3661d564-e16a-4483-b014-178a7c3d5e26
W10-132,piece-to-piece,CONDUIT,CNDT37,19MM CONDUIT,1,ROD19,Zero_Density,007dc9a3-f675-4015-bb2d-ae9956d53eb1
W10-132,piece-to-piece,PLATE,EB-S-PL1,Single Plastic Electr,1,160*50.8,Zero_Density,25e39c1b-09fa-4dcc-8573-fd0f54fb79a3
W10-132,piece-to-piece,EMBED,P-602-11,13PL. W/STUD,1,PL101.6*12.7,A572-GR.50,d13ff7ba-998c-45b9-8be5-8426414dd1ba
W10-132,piece-to-piece,EMBED,P-602-21,,1,STUD_1/2-DIA,A108-C1010-1020,2bec671a-dc6f-4799-8a65-e157a3995920
W10-132,piece-to-piece,INSERT,P-300-11,19Ø INSERT (NC),1,ROD23.813,A36,1e325ed9-8f50-40ce-9dc8-98729d12e609
W10-132,piece-to-piece,EMBED,P-300-21,,1,ROD6.35,A36,e0337fb2-3bea-4c4d-b044-9c8cce659d22
W10-132,piece-to-piece,INSERT,P-300-11,19Ø INSERT (NC),1,ROD23.813,A36,d277c4c0-264c-4da5-bc71-affb1b1a22fb
W10-132,piece-to-piece,EMBED,P-300-21,,1,ROD6.35,A36,ef29b1de-5316-43b8-bfbe-d1e464491f71
W10-132,piece-to-piece,ANCHOR,P-205-11,12000LB FORGED ANCHOR,1,PL15.88,A36,b98e8fd6-97ba-4472-b12c-3e8f8d298350
W10-132,piece-to-piece,EMBED,P-205-21,,1,PL76.2*12.7,A36,3da8ef1e-9767-488a-a453-e8e2acdf7380
W10-132,piece-to-piece,EMBED,P-205-31,,1,SPHERE47.625,A36,38a88e2c-20a7-4b4c-9749-3dd9d2892e21
W10-132,piece-to-piece,EMBED,P-205-32,,1,PL54,Steel_Undefined,5bc3fa35-f51d-45f0-b8f1-df31e7804aa3
W10-132,piece-to-piece,ANCHOR,P-205-11,12000LB FORGED ANCHOR,1,PL15.88,A36,4df09528-40c2-43b7-8a65-d622c5fb3195
W10-132,piece-to-piece,EMBED,P-205-21,,1,PL76.2*12.7,A36,18b4ec38-b26b-486e-bb9b-bb4ce96125d8
W10-132,piece-to-piece,EMBED,P-205-31,,1,SPHERE47.625,A36,09792eab-b518-45eb-a497-be3cbee998e5
W10-132,piece-to-piece,EMBED,P-205-32,,1,PL54,Steel_Undefined,6a004254-d043-43d8-83da-44851ffad581
W10-132,piece-to-piece,ANCHOR,P-205-11,12000LB FORGED ANCHOR,1,PL15.88,A36,ad52b52c-7fd9-46cc-87e9-2721f490e21e
W10-132,piece-to-piece,EMBED,P-205-21,,1,PL76.2*12.7,A36,7c000b3d-e5d5-443d-9ded-ed1784d427d3
W10-132,piece-to-piece,EMBED,P-205-31,,1,SPHERE47.625,A36,55b48cdc-7c70-4705-9115-1e327f0b7e71
W10-132,piece-to-piece,EMBED,P-205-32,,1,PL54,Steel_Undefined,327f9bd4-4f99-4ba0-a182-4828b12a0020
W10-132,piece-to-piece,ANCHOR,P-205-11,12000LB FORGED ANCHOR,1,PL15.88,A36,bb33ae94-2058-4c3b-9557-6154be4ce097
W10-132,piece-to-piece,EMBED,P-205-21,,1,PL76.2*12.7,A36,d2ece925-ab78-40d1-a3a5-1971618ec177
W10-132,piece-to-piece,EMBED,P-205-31,,1,SPHERE47.625,A36,2d14a690-8fe1-4feb-a788-2c15ebc8d109
W10-132,piece-to-piece,EMBED,P-205-32,,1,PL54,Steel_Undefined,3b113018-7545-4337-b328-629743fa776c
W10-53,piece-to-piece,EMBED,MPX11,V REVEAL LARGE,1,TRIANGLE12.7*12.7,Misc_Undefined,ae7df139-b616-4e63-9175-f17c8f7c4d26
W10-53,piece-to-piece,INSERT,P-300-11,19Ø INSERT (NC),1,ROD23.813,A36,bf6c299d-6204-46e5-a387-6a36933eed77
W10-53,piece-to-piece,EMBED,P-300-21,,1,ROD6.35,A36,c2fb0dd2-d939-460f-9121-1c2bd3387d91
W10-53,piece-to-piece,INSERT,P-300-11,19Ø INSERT (NC),1,ROD23.813,A36,68c6c11c-d532-446d-99cd-04a4d907b0d8
W10-53,piece-to-piece,EMBED,P-300-21,,1,ROD6.35,A36,a76607ac-c78c-4b8a-8770-ac62783cf570
W10-53,piece-to-piece,INSERT,P-300-11,19Ø INSERT (NC),1,ROD23.813,A36,9428ca33-bd07-40b2-9d79-fdc41e4ca8ba
W10-53,piece-to-piece,EMBED,P-300-21,,1,ROD6.35,A36,b1a9fbc0-567d-43a6-bebe-1fe2877518e0
W10-53,piece-to-piece,GROUT_TUBE,GT75-686,75Ø x 686 GROUT TUBE,1,ROD76,Zero_Density,ce07d6c9-99c3-454c-9aaf-48c06ba89325
W10-53,piece-to-piece,GROUT_TUBE,GT75-686,75Ø x 686 GROUT TUBE,1,ROD76,Zero_Density,b2943a1c-0897-436a-b3c0-3cbc1cb66953
W10-53,piece-to-piece,INSERT,SP15-457-11,15Mx457 WILLIAMS SPL,1,ROD16,400W,98dc83b2-da57-4462-935d-e335e063cb30
W10-53,piece-to-piece,INSERT,SP15-457-31,,1,PD52.387*12.7,400W,d4f135e0-df0b-4d81-8cb6-5584ab0e503b
W10-53,piece-to-piece,INSERT,SP15-457-21,,1,ROD26.987,400W,bd882187-edd0-45eb-963a-1858f0dd12ab
W10-53,piece-to-piece,INSERT,SP15-457-11,15Mx457 WILLIAMS SPL,1,ROD16,400W,dbf16d31-472d-47df-a186-c134e5c7eb96
W10-53,piece-to-piece,INSERT,SP15-457-31,,1,PD52.387*12.7,400W,d377b384-38a5-4176-ac54-68ea0fc02506
W10-53,piece-to-piece,INSERT,SP15-457-21,,1,ROD26.987,400W,b01ec74c-f116-4019-9ffa-bd7b16c11167
W10-53,piece-to-piece,GROUT_TUBE,GT75-1219,75Ø x 1219 GROUT TUBE,1,ROD76,Zero_Density,88ca4350-0048-4cc6-a965-5699e985aad3
W10-53,piece-to-piece,GROUT_TUBE,GT75-1219,75Ø x 1219 GROUT TUBE,1,ROD76,Zero_Density,56e10ba8-45be-4a5b-a008-f890b98ed412
W10-53,piece-to-piece,GROUT_TUBE,GT75-1219,75Ø x 1219 GROUT TUBE,1,ROD76,Zero_Density,e588fb08-4302-4cc4-a8ec-c1bb0ab89dfa
W10-53,piece-to-piece,GROUT_TUBE,GT75-1219,75Ø x 1219 GROUT TUBE,1,ROD76,Zero_Density,71148db9-ca0e-4308-affc-ab69dbac2797
W10-53,piece-to-piece,GROUT_TUBE,GT75-1219,75Ø x 1219 GROUT TUBE,1,ROD76,Zero_Density,dda38bd2-8e08-4942-9dd2-632f8e8220aa
W10-53,piece-to-piece,GROUT_TUBE,GT75-1219,75Ø x 1219 GROUT TUBE,1,ROD76,Zero_Density,b90990c9-0937-4029-9997-21532a5e6a16
W10-53,piece-to-piece,GROUT_TUBE,GT75-1219,75Ø x 1219 GROUT TUBE,1,ROD76,Zero_Density,2abcca88-a2c8-4e74-9d1f-35eb05e1c063
W10-53,piece-to-piece,GROUT_TUBE,GT75-1219,75Ø x 1219 GROUT TUBE,1,ROD76,Zero_Density,8723b9e6-39c6-493b-8d7e-a9ad245b62ba
W10-53,piece-to-piece,GROUT_TUBE,GT100-1219-11,100Øx1219 GROUT TUBE,1,ROD102,Zero_Density,8c770b30-5ca0-40c7-a759-00d51ab0a1c2
W10-53,piece-to-piece,GROUT_TUBE,GT100-1219-21,,1,ROD110,Zero_Density,1fd0d556-7331-4963-b46a-e814ac912a0c
W10-53,piece-to-piece,GROUT_TUBE,GT100-1219-31,,1,ROD76,Zero_Density,8584d7c2-7628-4f2b-be99-e1e83b402cbf
W10-53,piece-to-piece,INSERT,SP25-1067-11,SP25Mx1067 WILLIAMS S,1,ROD25.4,A706-GR.60,726cdbe2-5bc6-4dbe-aa2a-9074193e9d64
W10-53,piece-to-piece,EMBED,SP25-1067-31,,1,PD66.675*15.875,A706-GR.60,bbe3dac4-743d-4c5f-8890-c52043c75806
W10-53,piece-to-piece,EMBED,SP25-1067-21,,1,ROD41.275,A706-GR.60,b6256c65-ece6-4c3e-8327-62787eab34fa
W10-53,piece-to-piece,INSERT,SP25-1067-11,SP25Mx1067 WILLIAMS S,1,ROD25.4,A706-GR.60,332302e0-7e69-4534-82a1-8c3a3a0e0722
W10-53,piece-to-piece,EMBED,SP25-1067-31,,1,PD66.675*15.875,A706-GR.60,369b6774-dad4-45d1-8d86-d90a3399f154
W10-53,piece-to-piece,EMBED,SP25-1067-21,,1,ROD41.275,A706-GR.60,39c8f1e3-f779-4958-9064-8429fe135d1b
W10-53,piece-to-piece,INSERT,SP25-1067-11,SP25Mx1067 WILLIAMS S,1,ROD25.4,A706-GR.60,5a4cb283-da7c-4ba8-8b26-2b352d636386
W10-53,piece-to-piece,EMBED,SP25-1067-31,,1,PD66.675*15.875,A706-GR.60,e6ad7098-b7fa-406b-9c05-d96a25d453f1
W10-53,piece-to-piece,EMBED,SP25-1067-21,,1,ROD41.275,A706-GR.60,02d409e9-1ae7-4b88-8c0a-6b6e5993d68e
W10-53,piece-to-piece,INSERT,SP25-1067-11,SP25Mx1067 WILLIAMS S,1,ROD25.4,A706-GR.60,9ca4c1fd-0e23-480b-8804-39a0dc77c592
W10-53,piece-to-piece,EMBED,SP25-1067-31,,1,PD66.675*15.875,A706-GR.60,442eb243-266e-4919-af06-f8208e32428c
W10-53,piece-to-piece,EMBED,SP25-1067-21,,1,ROD41.275,A706-GR.60,b1f5b1b3-7c19-4847-9ade-bada1fe2041b
W10-53,piece-to-piece,INSERT,SP25-1067-11,SP25Mx1067 WILLIAMS S,1,ROD25.4,A706-GR.60,09f81ea9-9f23-4bc5-a9ed-5c65af22d21c
W10-53,piece-to-piece,EMBED,SP25-1067-31,,1,PD66.675*15.875,A706-GR.60,cc6886cf-f96a-4f85-964e-2927559489e6
W10-53,piece-to-piece,EMBED,SP25-1067-21,,1,ROD41.275,A706-GR.60,6e05be82-252c-4147-a4bc-ea5d4693c346
W10-53,piece-to-piece,INSERT,SP25-1067-11,SP25Mx1067 WILLIAMS S,1,ROD25.4,A706-GR.60,67eb3d38-7f6a-4e78-8672-64e1d94ec907
W10-53,piece-to-piece,EMBED,SP25-1067-31,,1,PD66.675*15.875,A706-GR.60,eb94f27c-e82d-4a8a-8c25-b1790580fc5a
W10-53,piece-to-piece,EMBED,SP25-1067-21,,1,ROD41.275,A706-GR.60,6c2329e9-7135-424e-83c7-5e1a5d673996
W10-53,piece-to-piece,INSERT,SP25-1067-11,SP25Mx1067 WILLIAMS S,1,ROD25.4,A706-GR.60,1cb6715c-5f64-4772-ad05-b488198c4844
W10-53,piece-to-piece,EMBED,SP25-1067-31,,1,PD66.675*15.875,A706-GR.60,a4e9a00f-6838-4a5f-b782-1f2c9c0cdc74
W10-53,piece-to-piece,EMBED,SP25-1067-21,,1,ROD41.275,A706-GR.60,21f9ac8a-d5ba-4e2f-bf6c-465afe9a74f9
W10-53,piece-to-piece,INSERT,SP25-1067-11,SP25Mx1067 WILLIAMS S,1,ROD25.4,A706-GR.60,f6468644-ed1b-4bab-993b-ceb9fa4e1d33
W10-53,piece-to-piece,EMBED,SP25-1067-31,,1,PD66.675*15.875,A706-GR.60,63ca2fb8-d699-4684-bf9e-9e7cb39b91fa
W10-53,piece-to-piece,EMBED,SP25-1067-21,,1,ROD41.275,A706-GR.60,cd027554-c7f3-4391-8f9c-d3a915871634
W10-53,piece-to-piece,INSERT,SP30-1219-11,30Mx1219 WILLIAMS SPL,1,ROD30.16,A706-GR.60,6b09dff0-d0c7-4b3b-a07e-c78f429d4b20
W10-53,piece-to-piece,EMBED,SP30-1219-31,,1,PD71.438*19.05,A706-GR.60,bda01273-8e2e-4f79-b654-ded966af03d6
W10-53,piece-to-piece,EMBED,SP30-1219-21,,1,ROD44.45,A706-GR.60,cb527401-66be-46ef-9593-f505269dbaa4
W10-53,piece-to-piece,GROUT_TUBE,GT76-254,76Øx254mm G.TUBE,1,ROD76.2,Zero_Density,5e96e305-4f85-47cb-9db7-c03f8037b57d
W10-53,piece-to-piece,GROUT_TUBE,GT76-254,76Øx254mm G.TUBE,1,ROD76.2,Zero_Density,f6aad335-e52b-4a3e-bf7c-a7e26c0bc208
W10-53,piece-to-piece,GROUT_TUBE,GT76-254,76Øx254mm G.TUBE,1,ROD76.2,Zero_Density,63efc4b4-406e-43c4-ac77-e9e7d5a4162c
W10-53,piece-to-piece,GROUT_TUBE,GT76-254,76Øx254mm G.TUBE,1,ROD76.2,Zero_Density,52169f9b-fbcd-4119-b9ae-7328a1b88fef
W10-53,piece-to-piece,GROUT_TUBE,GT76-254,76Øx254mm G.TUBE,1,ROD76.2,Zero_Density,1a42adcd-05b5-479a-a68d-d7b1c0dc6f44
W10-53,piece-to-piece,GROUT_TUBE,GT76-254,76Øx254mm G.TUBE,1,ROD76.2,Zero_Density,3c7afebe-855f-482c-a672-5ea3a996c3e8
W10-53,piece-to-piece,CONDUIT,CNDT37,19MM CONDUIT,1,ROD19,Zero_Density,7403c491-4060-46b8-b7ba-03672c737d03
W10-53,piece-to-piece,PLATE,EB-S-PL1,Single Plastic Electr,1,160*50.8,Zero_Density,a39753af-f601-4b71-93b4-5c76f85bff10
W10-53,piece-to-piece,EMBED,P-602-11,13PL. W/STUD,1,PL101.6*12.7,A572-GR.50,bad300cb-faad-4bff-9559-9b5cf456f36c
W10-53,piece-to-piece,EMBED,P-602-21,,1,STUD_1/2-DIA,A108-C1010-1020,aa45df30-7dd5-48f6-8fb6-0860f5a9831d
W10-53,piece-to-piece,INSERT,P-300-11,19Ø INSERT (NC),1,ROD23.813,A36,06a1bf94-7c09-4475-8735-0d1c7f6a303b
W10-53,piece-to-piece,EMBED,P-300-21,,1,ROD6.35,A36,d012d492-2b87-4cda-9f74-7d6778c6bda1
W10-53,piece-to-piece,INSERT,P-300-11,19Ø INSERT (NC),1,ROD23.813,A36,d1b57f4d-07a8-4e67-98ee-2c20e181181b
W10-53,piece-to-piece,EMBED,P-300-21,,1,ROD6.35,A36,b8fa1c8c-72fb-4949-8eca-3685a2f3a221
W10-53,piece-to-piece,ANCHOR,P-205-11,12000LB FORGED ANCHOR,1,PL15.88,A36,99f7bb88-03cd-463d-904d-37f7b0c881b3
W10-53,piece-to-piece,EMBED,P-205-21,,1,PL76.2*12.7,A36,67a25c41-64aa-4866-a6c3-1263a9b0bffb
W10-53,piece-to-piece,EMBED,P-205-31,,1,SPHERE47.625,A36,c3c70646-6974-4383-96e6-d9129c5bf7c2
W10-53,piece-to-piece,EMBED,P-205-32,,1,PL54,Steel_Undefined,956d0a46-c462-451f-8203-8e95789ec35a
W10-53,piece-to-piece,ANCHOR,P-205-11,12000LB FORGED ANCHOR,1,PL15.88,A36,4f7dc7f6-39e8-4778-af4d-a217a065d6b8
W10-53,piece-to-piece,EMBED,P-205-21,,1,PL76.2*12.7,A36,bae2978d-8ae6-42e7-b9e1-f2c40f923c7d
W10-53,piece-to-piece,EMBED,P-205-31,,1,SPHERE47.625,A36,b69580a8-2a71-4d8e-b045-9cbe13b45a20
W10-53,piece-to-piece,EMBED,P-205-32,,1,PL54,Steel_Undefined,c739c99c-6719-4fa3-9afd-0424d78776c1
W10-53,piece-to-piece,ANCHOR,P-205-11,12000LB FORGED ANCHOR,1,PL15.88,A36,700ad00c-f4b4-4233-98b6-bdb817012173
W10-53,piece-to-piece,EMBED,P-205-21,,1,PL76.2*12.7,A36,8bcf7ac0-f51e-43c0-8ab7-3a6b7113be1d
W10-53,piece-to-piece,EMBED,P-205-31,,1,SPHERE47.625,A36,6c0712af-7578-4b15-adcd-ba562e9e77af
W10-53,piece-to-piece,EMBED,P-205-32,,1,PL54,Steel_Undefined,6d57fa1e-4077-4e83-a1ce-f3c7232a186a
W10-53,piece-to-piece,ANCHOR,P-205-11,12000LB FORGED ANCHOR,1,PL15.88,A36,f2cd990b-e905-47f1-8404-d78b0631a582
W10-53,piece-to-piece,EMBED,P-205-21,,1,PL76.2*12.7,A36,2854893a-9612-4151-b901-1323e04dc1fe
W10-53,piece-to-piece,EMBED,P-205-31,,1,SPHERE47.625,A36,d23b68b8-778b-4893-adcb-8fc81739af1b
W10-53,piece-to-piece,EMBED,P-205-32,,1,PL54,Steel_Undefined,f26b5820-bc14-4a74-930f-58bfcbfe1a4f
W10-42,piece-to-piece,EMBED,MPX11,V REVEAL LARGE,1,TRIANGLE12.7*12.7,Misc_Undefined,9f19027b-648b-4c4a-9ba3-b71fd023b6f2
W10-42,piece-to-piece,INSERT,P-300-11,19Ø INSERT (NC),1,ROD23.813,A36,4fc8690e-2c7e-4bcf-8adf-acf4852d38ec
W10-42,piece-to-piece,EMBED,P-300-21,,1,ROD6.35,A36,b6e708dc-23ba-4c0e-8aee-c3b7969cd6e8
W10-42,piece-to-piece,INSERT,P-300-11,19Ø INSERT (NC),1,ROD23.813,A36,03a9b062-4ec5-4565-843f-7df09a2ae077
W10-42,piece-to-piece,EMBED,P-300-21,,1,ROD6.35,A36,5f845b0f-427f-40f5-b13b-a0d4647b6d83
W10-42,piece-to-piece,INSERT,P-300-11,19Ø INSERT (NC),1,ROD23.813,A36,11389be4-fc18-44cd-801e-e9d8867d12bd
W10-42,piece-to-piece,EMBED,P-300-21,,1,ROD6.35,A36,ab470fab-2c6d-4424-b2eb-9a1355ada70e
W10-42,piece-to-piece,GROUT_TUBE,GT75-1219,75Ø x 1219 GROUT TUBE,1,ROD76,Zero_Density,311f467e-72d7-4cf5-9a40-8b5f3f49eb9c
W10-42,piece-to-piece,GROUT_TUBE,GT75-1219,75Ø x 1219 GROUT TUBE,1,ROD76,Zero_Density,f99ff05d-3e68-4a5f-b952-9ac99622b157
W10-42,piece-to-piece,GROUT_TUBE,GT75-1219,75Ø x 1219 GROUT TUBE,1,ROD76,Zero_Density,3a472a3d-0191-4801-b78e-03b37f2173f9
W10-42,piece-to-piece,GROUT_TUBE,GT75-1219,75Ø x 1219 GROUT TUBE,1,ROD76,Zero_Density,f102a671-2e9d-4f5a-a866-c0d92ff0897b
W10-42,piece-to-piece,GROUT_TUBE,GT75-686,75Ø x 686 GROUT TUBE,1,ROD76,Zero_Density,a8978b6e-f5de-4a73-90d0-a98ed6574c1f
W10-42,piece-to-piece,GROUT_TUBE,GT75-686,75Ø x 686 GROUT TUBE,1,ROD76,Zero_Density,610e2735-b398-426f-8c32-09a6ec8f9e6a
W10-42,piece-to-piece,INSERT,SP25-1067-11,SP25Mx1067 WILLIAMS S,1,ROD25.4,A706-GR.60,a33661b1-da39-4221-8288-102fca18da0e
W10-42,piece-to-piece,EMBED,SP25-1067-31,,1,PD66.675*15.875,A706-GR.60,b8f79c92-75bc-4fda-a8ba-25cd6de2b9e0
W10-42,piece-to-piece,EMBED,SP25-1067-21,,1,ROD41.275,A706-GR.60,a003334d-f4d5-405a-8e91-e318d3340ad9
W10-42,piece-to-piece,INSERT,SP25-1067-11,SP25Mx1067 WILLIAMS S,1,ROD25.4,A706-GR.60,3ff7dcca-aadb-4bc5-910a-fffe27cd9a5a
W10-42,piece-to-piece,EMBED,SP25-1067-31,,1,PD66.675*15.875,A706-GR.60,2034bbf1-1183-463e-b752-d3d6c533148d
W10-42,piece-to-piece,EMBED,SP25-1067-21,,1,ROD41.275,A706-GR.60,a6f497ce-ab37-422a-99ae-a881b3d2cab5
W10-42,piece-to-piece,INSERT,SP25-1067-11,SP25Mx1067 WILLIAMS S,1,ROD25.4,A706-GR.60,1be1b2d3-4244-42ae-af70-b9cd1a8dceca
W10-42,piece-to-piece,EMBED,SP25-1067-31,,1,PD66.675*15.875,A706-GR.60,4b06a834-a4a3-4988-b676-8b8ae65ebf81
W10-42,piece-to-piece,EMBED,SP25-1067-21,,1,ROD41.275,A706-GR.60,20d2db86-a347-4e8b-a010-116dbb403a92
W10-42,piece-to-piece,INSERT,SP25-1067-11,SP25Mx1067 WILLIAMS S,1,ROD25.4,A706-GR.60,f6d7aa1f-f3c9-4c08-8881-9e0ea3223616
W10-42,piece-to-piece,EMBED,SP25-1067-31,,1,PD66.675*15.875,A706-GR.60,d5c1aac8-9101-4a83-b0b8-686d371471f7
W10-42,piece-to-piece,EMBED,SP25-1067-21,,1,ROD41.275,A706-GR.60,80b14872-36dd-4e1c-a81a-8cd42e1cf75c
W10-42,piece-to-piece,INSERT,SP15-457-11,15Mx457 WILLIAMS SPL,1,ROD16,400W,877152ea-b704-45ea-a566-375cebc0a454
W10-42,piece-to-piece,INSERT,SP15-457-31,,1,PD52.387*12.7,400W,93b2d995-e083-481e-876a-e46ce3876dfc
W10-42,piece-to-piece,INSERT,SP15-457-21,,1,ROD26.987,400W,045a2d55-1632-4d80-a5d1-ed0bec653514
W10-42,piece-to-piece,INSERT,SP15-457-11,15Mx457 WILLIAMS SPL,1,ROD16,400W,544fa71b-c065-44ec-956c-d7de9d30bb1f
W10-42,piece-to-piece,INSERT,SP15-457-31,,1,PD52.387*12.7,400W,6dd9153b-a3c9-47e1-9875-8aa6f6c1ff3e
W10-42,piece-to-piece,INSERT,SP15-457-21,,1,ROD26.987,400W,a2ddf1de-4e68-4dae-abc7-22cb99719161
W10-42,piece-to-piece,GROUT_TUBE,GT75-1219,75Ø x 1219 GROUT TUBE,1,ROD76,Zero_Density,9304f8ea-0462-4be2-825e-ba9c340c9bc4
W10-42,piece-to-piece,GROUT_TUBE,GT75-1219,75Ø x 1219 GROUT TUBE,1,ROD76,Zero_Density,097daf8c-d11f-4ff7-8456-ba194b7134f1
W10-42,piece-to-piece,GROUT_TUBE,GT75-1219,75Ø x 1219 GROUT TUBE,1,ROD76,Zero_Density,8d4c6acf-9f89-4197-8bbf-cdc060da9c70
W10-42,piece-to-piece,GROUT_TUBE,GT75-1219,75Ø x 1219 GROUT TUBE,1,ROD76,Zero_Density,ebaa5dbc-c38b-4bbe-a4da-f21ad1a9b1ee
W10-42,piece-to-piece,GROUT_TUBE,GT100-1219-11,100Øx1219 GROUT TUBE,1,ROD102,Zero_Density,829bdf7c-ee89-4b6f-9069-5c6144caa93e
W10-42,piece-to-piece,GROUT_TUBE,GT100-1219-21,,1,ROD110,Zero_Density,fc824e8c-1b86-4116-a8db-795789cbc7ef
W10-42,piece-to-piece,GROUT_TUBE,GT100-1219-31,,1,ROD76,Zero_Density,73801943-2da9-41f4-bda4-6adbe161b5b9
W10-42,piece-to-piece,INSERT,SP25-1067-11,SP25Mx1067 WILLIAMS S,1,ROD25.4,A706-GR.60,c689b419-71e7-4857-8e09-548fab8b98bd
W10-42,piece-to-piece,EMBED,SP25-1067-31,,1,PD66.675*15.875,A706-GR.60,7c90b1a1-658a-4f72-bfd9-3f8516180883
W10-42,piece-to-piece,EMBED,SP25-1067-21,,1,ROD41.275,A706-GR.60,8320584a-1fba-440b-a739-f0f6c6da81b4
W10-42,piece-to-piece,INSERT,SP25-1067-11,SP25Mx1067 WILLIAMS S,1,ROD25.4,A706-GR.60,adf34b52-8151-417d-8237-79ec33d76971
W10-42,piece-to-piece,EMBED,SP25-1067-31,,1,PD66.675*15.875,A706-GR.60,dae4fd77-152c-4de2-8bad-d89729459c57
W10-42,piece-to-piece,EMBED,SP25-1067-21,,1,ROD41.275,A706-GR.60,347821f2-9b1e-419d-9196-4ff493656244
W10-42,piece-to-piece,INSERT,SP25-1067-11,SP25Mx1067 WILLIAMS S,1,ROD25.4,A706-GR.60,667b0d37-bd54-4bfe-bf1e-9910fcbf0177
W10-42,piece-to-piece,EMBED,SP25-1067-31,,1,PD66.675*15.875,A706-GR.60,c35d824a-da20-413e-9f16-9b2062455d55
W10-42,piece-to-piece,EMBED,SP25-1067-21,,1,ROD41.275,A706-GR.60,5f46470a-a64c-47e6-9d11-1e1ab25dac81
W10-42,piece-to-piece,INSERT,SP25-1067-11,SP25Mx1067 WILLIAMS S,1,ROD25.4,A706-GR.60,f1e59666-918c-48ce-8852-ab2396256c26
W10-42,piece-to-piece,EMBED,SP25-1067-31,,1,PD66.675*15.875,A706-GR.60,d227f11c-2091-470d-8a7b-a17fbba91f60
W10-42,piece-to-piece,EMBED,SP25-1067-21,,1,ROD41.275,A706-GR.60,c403c23f-53a6-4c83-94bb-0d6053ee5c50
W10-42,piece-to-piece,INSERT,SP30-1219-11,30Mx1219 WILLIAMS SPL,1,ROD30.16,A706-GR.60,b9e1593e-6ea4-4e8b-8211-fe4e5f300207
W10-42,piece-to-piece,EMBED,SP30-1219-31,,1,PD71.438*19.05,A706-GR.60,59a5845c-733c-4aa9-9f48-3a0cccf6830c
W10-42,piece-to-piece,EMBED,SP30-1219-21,,1,ROD44.45,A706-GR.60,9c7a5664-0f0c-4ef8-addc-6a1109c57b6f
W10-42,piece-to-piece,GROUT_TUBE,GT76-254,76Øx254mm G.TUBE,1,ROD76.2,Zero_Density,620a2883-c567-481d-b596-2d28b5ae056d
W10-42,piece-to-piece,GROUT_TUBE,GT76-254,76Øx254mm G.TUBE,1,ROD76.2,Zero_Density,fd5e2ede-c88f-46a8-8b14-24c7628b9444
W10-42,piece-to-piece,GROUT_TUBE,GT76-254,76Øx254mm G.TUBE,1,ROD76.2,Zero_Density,e304c491-bfbb-4df1-9f83-e7edc1c424cd
W10-42,piece-to-piece,GROUT_TUBE,GT76-254,76Øx254mm G.TUBE,1,ROD76.2,Zero_Density,3f772e83-7221-4829-8999-795e23248a40
W10-42,piece-to-piece,GROUT_TUBE,GT76-254,76Øx254mm G.TUBE,1,ROD76.2,Zero_Density,e597508a-7d3d-4532-a224-6da4427240da
W10-42,piece-to-piece,GROUT_TUBE,GT76-254,76Øx254mm G.TUBE,1,ROD76.2,Zero_Density,e1a401b7-3a36-4787-a509-d8ea8167db49
W10-42,piece-to-piece,CONDUIT,CNDT37,19MM CONDUIT,1,ROD19,Zero_Density,2d082713-bb5b-4034-8967-acf83bd5d2bd
W10-42,piece-to-piece,PLATE,EB-S-PL1,Single Plastic Electr,1,160*50.8,Zero_Density,fbbab116-ab84-4579-b5c8-21e85e1a269b
W10-42,piece-to-piece,EMBED,P-602-11,13PL. W/STUD,1,PL101.6*12.7,A572-GR.50,720417ed-7feb-4391-a99a-eada87e397f0
W10-42,piece-to-piece,EMBED,P-602-21,,1,STUD_1/2-DIA,A108-C1010-1020,8f36f28b-db0f-4d49-92b6-a7a7990732b2
W10-42,piece-to-piece,INSERT,P-300-11,19Ø INSERT (NC),1,ROD23.813,A36,a418170f-921a-4b1a-8187-ef4a1e4cd7a4
W10-42,piece-to-piece,EMBED,P-300-21,,1,ROD6.35,A36,53d72622-440f-43a7-8dd9-0c2cdd5bbaf1
W10-42,piece-to-piece,INSERT,P-300-11,19Ø INSERT (NC),1,ROD23.813,A36,82875175-3c4d-4438-a631-797232176353
W10-42,piece-to-piece,EMBED,P-300-21,,1,ROD6.35,A36,5566400b-ed66-45b4-805c-9129f2a92851
W10-42,piece-to-piece,ANCHOR,P-205-11,12000LB FORGED ANCHOR,1,PL15.88,A36,0ccf210b-7863-40f7-905e-973ac035b83d
W10-42,piece-to-piece,EMBED,P-205-21,,1,PL76.2*12.7,A36,f95982e9-0559-4f1c-8179-c146044258f3
W10-42,piece-to-piece,EMBED,P-205-31,,1,SPHERE47.625,A36,6e9d4681-0cc9-450f-abb5-38e15070d81f
W10-42,piece-to-piece,EMBED,P-205-32,,1,PL54,Steel_Undefined,190b578c-3f32-4352-8d80-54e411d21ec3
W10-42,piece-to-piece,ANCHOR,P-205-11,12000LB FORGED ANCHOR,1,PL15.88,A36,aff5aef8-1d1b-4c1f-8f5f-c7c7536c3111
W10-42,piece-to-piece,EMBED,P-205-21,,1,PL76.2*12.7,A36,1532d9f2-399a-4de3-b12c-f7b241842de1
W10-42,piece-to-piece,EMBED,P-205-31,,1,SPHERE47.625,A36,a04102ef-5816-41b8-a32e-ff192e58fa75
W10-42,piece-to-piece,EMBED,P-205-32,,1,PL54,Steel_Undefined,e0751c56-c101-49f8-9a97-65ddf4af587d
W10-42,piece-to-piece,ANCHOR,P-205-11,12000LB FORGED ANCHOR,1,PL15.88,A36,5aefbaf9-c1d1-4d8d-b76f-f036a5622730
W10-42,piece-to-piece,EMBED,P-205-21,,1,PL76.2*12.7,A36,3154f1c6-392c-46ba-9a24-dad214d82398
W10-42,piece-to-piece,EMBED,P-205-31,,1,SPHERE47.625,A36,0b98bd10-1a98-4ded-ac46-82c9b4328ea9
W10-42,piece-to-piece,EMBED,P-205-32,,1,PL54,Steel_Undefined,36ba9dc5-bd49-4cd4-9fa0-10a557d87870
W10-42,piece-to-piece,ANCHOR,P-205-11,12000LB FORGED ANCHOR,1,PL15.88,A36,63823970-8a63-4263-9163-019a2b18be44
W10-42,piece-to-piece,EMBED,P-205-21,,1,PL76.2*12.7,A36,b3f0201a-8d36-40c8-86f6-8e848a412575
W10-42,piece-to-piece,EMBED,P-205-31,,1,SPHERE47.625,A36,cc527bdd-66d4-4a63-94da-c06b6512733a
W10-42,piece-to-piece,EMBED,P-205-32,,1,PL54,Steel_Undefined,6cdf3249-8176-4a31-93e2-872aca5f2a18
W10-44,piece-to-piece,EMBED,MPX11,V REVEAL LARGE,1,TRIANGLE12.7*12.7,Misc_Undefined,12964978-052d-4c44-9838-583c2114120f
W10-44,piece-to-piece,INSERT,P-300-11,19Ø INSERT (NC),1,ROD23.813,A36,ca116a32-cb1c-40ab-a4f7-f03512ce6f2f
W10-44,piece-to-piece,EMBED,P-300-21,,1,ROD6.35,A36,c8e952f8-aaf4-4c1f-a45b-1c22ef26a1b9
W10-44,piece-to-piece,INSERT,P-300-11,19Ø INSERT (NC),1,ROD23.813,A36,7e23d616-13fa-4d5c-ad1d-2537d8139f30
W10-44,piece-to-piece,EMBED,P-300-21,,1,ROD6.35,A36,e4b77d17-40ec-4975-aaef-1b093a5edbbc
W10-44,piece-to-piece,INSERT,P-300-11,19Ø INSERT (NC),1,ROD23.813,A36,135c1090-dc73-4fa6-bc68-72efb04ff378
W10-44,piece-to-piece,EMBED,P-300-21,,1,ROD6.35,A36,ae99df86-1927-46cb-a188-b80854c182a8
W10-44,piece-to-piece,INSERT,SP25-1067-11,SP25Mx1067 WILLIAMS S,1,ROD25.4,A706-GR.60,ec053dfc-2eae-4c2c-b2a3-e6750963246b
W10-44,piece-to-piece,EMBED,SP25-1067-31,,1,PD66.675*15.875,A706-GR.60,a21218b3-54e5-4597-8dff-026322a5af68
W10-44,piece-to-piece,EMBED,SP25-1067-21,,1,ROD41.275,A706-GR.60,42ec7839-62c9-432c-9f4e-509e565d88b7
W10-44,piece-to-piece,INSERT,SP25-1067-11,SP25Mx1067 WILLIAMS S,1,ROD25.4,A706-GR.60,c4114c11-3d21-4601-b891-b07ce303c581
W10-44,piece-to-piece,EMBED,SP25-1067-31,,1,PD66.675*15.875,A706-GR.60,058b5550-cbf0-4bac-9f7d-d9a4d33174a5
W10-44,piece-to-piece,EMBED,SP25-1067-21,,1,ROD41.275,A706-GR.60,ec618e7e-663d-4cc5-985a-7f3a0b8df436
W10-44,piece-to-piece,INSERT,SP25-1067-11,SP25Mx1067 WILLIAMS S,1,ROD25.4,A706-GR.60,b867007d-e5c1-45a1-a0ce-a97356977761
W10-44,piece-to-piece,EMBED,SP25-1067-31,,1,PD66.675*15.875,A706-GR.60,48bab967-8d0f-42ae-b405-63aeb4896075
W10-44,piece-to-piece,EMBED,SP25-1067-21,,1,ROD41.275,A706-GR.60,dd93f52a-a6dd-46c7-89b0-f923478fd07b
W10-44,piece-to-piece,INSERT,SP25-1067-11,SP25Mx1067 WILLIAMS S,1,ROD25.4,A706-GR.60,1ad18065-efe0-4334-b806-eec7327ccad7
W10-44,piece-to-piece,EMBED,SP25-1067-31,,1,PD66.675*15.875,A706-GR.60,30ec54ca-acb7-4388-b862-63f46c48172d
W10-44,piece-to-piece,EMBED,SP25-1067-21,,1,ROD41.275,A706-GR.60,8982223b-433d-41e0-93c4-6416d36e855a
W10-44,piece-to-piece,INSERT,SP15-457-11,15Mx457 WILLIAMS SPL,1,ROD16,400W,898e2823-cd99-429a-9338-733c88142900
W10-44,piece-to-piece,INSERT,SP15-457-31,,1,PD52.387*12.7,400W,ee97b0f9-d01b-4901-bd7c-b748a47c1c1b
W10-44,piece-to-piece,INSERT,SP15-457-21,,1,ROD26.987,400W,f70acdab-de56-4bc1-9fc5-e80446dd7a87
W10-44,piece-to-piece,INSERT,SP15-457-11,15Mx457 WILLIAMS SPL,1,ROD16,400W,2a3bba4e-f12f-4bed-bebd-da3df15ea803
W10-44,piece-to-piece,INSERT,SP15-457-31,,1,PD52.387*12.7,400W,663d2452-df7c-4fdc-844f-9012087636af
W10-44,piece-to-piece,INSERT,SP15-457-21,,1,ROD26.987,400W,9cae832e-6079-45ff-a1eb-f3897700b658
W10-44,piece-to-piece,INSERT,SP25-1067-11,SP25Mx1067 WILLIAMS S,1,ROD25.4,A706-GR.60,0531cbdc-b13b-4638-b91e-7327a3c42301
W10-44,piece-to-piece,EMBED,SP25-1067-31,,1,PD66.675*15.875,A706-GR.60,5dce7910-6522-4e8a-ac5f-e04dbfb0683c
W10-44,piece-to-piece,EMBED,SP25-1067-21,,1,ROD41.275,A706-GR.60,450df346-4d41-43de-bd8d-784f5d0bb0db
W10-44,piece-to-piece,INSERT,SP25-1067-11,SP25Mx1067 WILLIAMS S,1,ROD25.4,A706-GR.60,04a03ef0-e08e-4b18-b16d-b709d7c95dbb
W10-44,piece-to-piece,EMBED,SP25-1067-31,,1,PD66.675*15.875,A706-GR.60,8639ba62-64c9-418f-8440-891f6e412747
W10-44,piece-to-piece,EMBED,SP25-1067-21,,1,ROD41.275,A706-GR.60,d8bf394b-7bc1-4b7a-8c94-2882b3212ed9
W10-44,piece-to-piece,INSERT,SP25-1067-11,SP25Mx1067 WILLIAMS S,1,ROD25.4,A706-GR.60,50a8821d-ca02-4746-9b53-15ab5fc77461
W10-44,piece-to-piece,EMBED,SP25-1067-31,,1,PD66.675*15.875,A706-GR.60,d3a1648d-5331-4b5b-a312-50e089a62b28
W10-44,piece-to-piece,EMBED,SP25-1067-21,,1,ROD41.275,A706-GR.60,c02a8410-71f3-42bb-84a6-7dd5f5692715
W10-44,piece-to-piece,INSERT,SP25-1067-11,SP25Mx1067 WILLIAMS S,1,ROD25.4,A706-GR.60,1fbc1740-461b-4772-82cc-fdd2a2867474
W10-44,piece-to-piece,EMBED,SP25-1067-31,,1,PD66.675*15.875,A706-GR.60,b69e3dd4-ca21-4aa4-9608-3ce7a0aa7a77
W10-44,piece-to-piece,EMBED,SP25-1067-21,,1,ROD41.275,A706-GR.60,4032c81e-9c05-435a-a02e-c4f090325ee3
W10-44,piece-to-piece,INSERT,SP30-1219-11,30Mx1219 WILLIAMS SPL,1,ROD30.16,A706-GR.60,805a7da9-9871-4ea2-99f9-a1d3fc4554fb
W10-44,piece-to-piece,EMBED,SP30-1219-31,,1,PD71.438*19.05,A706-GR.60,b3eae0c1-0174-4d24-abba-347cb8b5f1db
W10-44,piece-to-piece,EMBED,SP30-1219-21,,1,ROD44.45,A706-GR.60,cf706a00-60de-4bc5-b468-cc21ba1dd301
W10-44,piece-to-piece,GROUT_TUBE,GT100-1219-11,100Øx1219 GROUT TUBE,1,ROD102,Zero_Density,e29c24a5-3e04-45a2-af2c-7dab6e1aa6b0
W10-44,piece-to-piece,GROUT_TUBE,GT100-1219-21,,1,ROD110,Zero_Density,5d3c29b0-05db-49ea-bb65-4d3bd29df6ce
W10-44,piece-to-piece,GROUT_TUBE,GT100-1219-31,,1,ROD76,Zero_Density,be8bbc3b-a91a-4c61-9e62-3c1155f0167f
W10-44,piece-to-piece,GROUT_TUBE,GT75-1219,75Ø x 1219 GROUT TUBE,1,ROD76,Zero_Density,a6618c59-fd0b-48f0-a1b9-5f64335d9dd0
W10-44,piece-to-piece,GROUT_TUBE,GT75-1219,75Ø x 1219 GROUT TUBE,1,ROD76,Zero_Density,09645ce4-6c14-4d6f-9bba-17607d37db92
W10-44,piece-to-piece,GROUT_TUBE,GT75-1219,75Ø x 1219 GROUT TUBE,1,ROD76,Zero_Density,0ca97c9b-94ab-493f-bd96-2a4d282b24c4
W10-44,piece-to-piece,GROUT_TUBE,GT75-1219,75Ø x 1219 GROUT TUBE,1,ROD76,Zero_Density,f718f9e8-5498-44fe-8045-216eaa8b0902
W10-44,piece-to-piece,GROUT_TUBE,GT75-1219,75Ø x 1219 GROUT TUBE,1,ROD76,Zero_Density,2c1c2f50-a2e4-48b7-acea-2d7ec02f28f1
W10-44,piece-to-piece,GROUT_TUBE,GT75-1219,75Ø x 1219 GROUT TUBE,1,ROD76,Zero_Density,4858dab4-7612-497c-9282-4045cc50970d
W10-44,piece-to-piece,GROUT_TUBE,GT75-1219,75Ø x 1219 GROUT TUBE,1,ROD76,Zero_Density,8403e50b-ce7e-42ee-a7fc-3784f11270e5
W10-44,piece-to-piece,GROUT_TUBE,GT75-1219,75Ø x 1219 GROUT TUBE,1,ROD76,Zero_Density,c5f6ed4c-e31b-4df8-8c77-f3c47551b577
W10-44,piece-to-piece,GROUT_TUBE,GT75-686,75Ø x 686 GROUT TUBE,1,ROD76,Zero_Density,0e34d3fc-3bbb-4b18-95d1-438bafe1ccb9
W10-44,piece-to-piece,GROUT_TUBE,GT75-686,75Ø x 686 GROUT TUBE,1,ROD76,Zero_Density,451aaff6-df7b-4d97-8223-1ca6658e8aa7
W10-44,piece-to-piece,GROUT_TUBE,GT76-254,76Øx254mm G.TUBE,1,ROD76.2,Zero_Density,669577eb-1bdf-412b-b3c5-036f39f617f7
W10-44,piece-to-piece,GROUT_TUBE,GT76-254,76Øx254mm G.TUBE,1,ROD76.2,Zero_Density,1f30dd2c-c45f-4a05-82a2-bdbab0d0a7cd
W10-44,piece-to-piece,GROUT_TUBE,GT76-254,76Øx254mm G.TUBE,1,ROD76.2,Zero_Density,0dbeabc7-c664-49c9-ac68-9830b7dfd0f3
W10-44,piece-to-piece,GROUT_TUBE,GT76-254,76Øx254mm G.TUBE,1,ROD76.2,Zero_Density,5ef10789-b897-4dad-8d03-4bd537f004c0
W10-44,piece-to-piece,GROUT_TUBE,GT76-254,76Øx254mm G.TUBE,1,ROD76.2,Zero_Density,d5bfda12-bce9-4f25-a4f1-12c85abc7a11
W10-44,piece-to-piece,GROUT_TUBE,GT76-254,76Øx254mm G.TUBE,1,ROD76.2,Zero_Density,748be3e8-c0bf-43ec-907a-628b9c49d2f1
W10-44,piece-to-piece,CONDUIT,CNDT37,19MM CONDUIT,1,ROD19,Zero_Density,bd18a429-08dd-4ddc-9cfc-b8929676505d
W10-44,piece-to-piece,PLATE,EB-S-PL1,Single Plastic Electr,1,160*50.8,Zero_Density,977cc085-1cc5-4087-b5fc-488acf6e2cb3
W10-44,piece-to-piece,EMBED,P-602-11,13PL. W/STUD,1,PL101.6*12.7,A572-GR.50,59cc0944-bf0d-4e94-bc57-5fb8f6510dbb
W10-44,piece-to-piece,EMBED,P-602-21,,1,STUD_1/2-DIA,A108-C1010-1020,f5fa1dad-89de-4e02-bff0-9228ee2ac154
W10-44,piece-to-piece,INSERT,P-300-11,19Ø INSERT (NC),1,ROD23.813,A36,f4263310-c329-4aae-a77c-29a258a3f25b
W10-44,piece-to-piece,EMBED,P-300-21,,1,ROD6.35,A36,07f319a7-68e3-47d1-8217-56f4723d9de2
W10-44,piece-to-piece,INSERT,P-300-11,19Ø INSERT (NC),1,ROD23.813,A36,04337dd3-7c41-48c9-a585-c397fc5988d3
W10-44,piece-to-piece,EMBED,P-300-21,,1,ROD6.35,A36,bfd40de4-8d65-480d-815c-4581355ee90e
W10-44,piece-to-piece,ANCHOR,P-205-11,12000LB FORGED ANCHOR,1,PL15.88,A36,6cc14bcf-1717-4d45-9afa-704543734975
W10-44,piece-to-piece,EMBED,P-205-21,,1,PL76.2*12.7,A36,7d8e3a7f-86f5-4725-b3e0-6af4112d277b
W10-44,piece-to-piece,EMBED,P-205-31,,1,SPHERE47.625,A36,4c2d1343-de8f-479c-b740-8d9bad71ef2e
W10-44,piece-to-piece,EMBED,P-205-32,,1,PL54,Steel_Undefined,5a774108-a8ab-483b-ab2c-b1126a64eabb
W10-44,piece-to-piece,ANCHOR,P-205-11,12000LB FORGED ANCHOR,1,PL15.88,A36,89ced865-9b28-4388-a6c9-1abdd39f1ad7
W10-44,piece-to-piece,EMBED,P-205-21,,1,PL76.2*12.7,A36,7f668e85-1614-4c14-9eae-898daf164382
W10-44,piece-to-piece,EMBED,P-205-31,,1,SPHERE47.625,A36,7386a751-5c21-47e7-b9c4-567dae081211
W10-44,piece-to-piece,EMBED,P-205-32,,1,PL54,Steel_Undefined,e26d8f41-f781-4455-af0b-c8b0debc365a
W10-44,piece-to-piece,ANCHOR,P-205-11,12000LB FORGED ANCHOR,1,PL15.88,A36,fc699035-c417-4e5e-9a1a-310e6e05a31b
W10-44,piece-to-piece,EMBED,P-205-21,,1,PL76.2*12.7,A36,4d2cac26-292b-44b7-9ec9-1802c5ecfd10
W10-44,piece-to-piece,EMBED,P-205-31,,1,SPHERE47.625,A36,da5b94cb-4f38-4682-a0a1-9c7aed2d5e08
W10-44,piece-to-piece,EMBED,P-205-32,,1,PL54,Steel_Undefined,1486204e-c73b-4d15-8091-c1dd5506ad82
W10-44,piece-to-piece,ANCHOR,P-205-11,12000LB FORGED ANCHOR,1,PL15.88,A36,3f6b6920-68e4-4588-8a1a-097c1bafabdf
W10-44,piece-to-piece,EMBED,P-205-21,,1,PL76.2*12.7,A36,853c9755-2b9a-484c-bbbe-133546df999e
W10-44,piece-to-piece,EMBED,P-205-31,,1,SPHERE47.625,A36,1e709ae4-7715-4f47-a92a-50e746678128
W10-44,piece-to-piece,EMBED,P-205-32,,1,PL54,Steel_Undefined,75618be0-90ed-49e7-be38-58583ee5a28a
W10-48,piece-to-piece,EMBED,MPX11,V REVEAL LARGE,1,TRIANGLE12.7*12.7,Misc_Undefined,41c74b44-4bb4-4f32-9ff1-8392e22c0d99
W10-48,piece-to-piece,INSERT,P-300-11,19Ø INSERT (NC),1,ROD23.813,A36,562c83ef-37e8-4f2f-98f0-8038544e79f7
W10-48,piece-to-piece,EMBED,P-300-21,,1,ROD6.35,A36,0db212b5-95c9-4b73-852c-80f4e30acb72
W10-48,piece-to-piece,INSERT,P-300-11,19Ø INSERT (NC),1,ROD23.813,A36,bb200cc6-0d37-4847-b444-4e61e1cc57e9
W10-48,piece-to-piece,EMBED,P-300-21,,1,ROD6.35,A36,dd41abf8-ccb8-4c5b-b74f-c1b5b4f6ace8
W10-48,piece-to-piece,INSERT,P-300-11,19Ø INSERT (NC),1,ROD23.813,A36,3dee212e-3a06-44c4-9c88-bc0b94bbbf90
W10-48,piece-to-piece,EMBED,P-300-21,,1,ROD6.35,A36,6d149b86-2140-44aa-a981-1280361458e1
W10-48,piece-to-piece,GROUT_TUBE,GT75-1219,75Ø x 1219 GROUT TUBE,1,ROD76,Zero_Density,b0e76076-b421-48e6-9b42-036ebde075f6
W10-48,piece-to-piece,GROUT_TUBE,GT75-1219,75Ø x 1219 GROUT TUBE,1,ROD76,Zero_Density,0c59bd47-5118-4672-943c-a471d22a1be9
W10-48,piece-to-piece,GROUT_TUBE,GT75-1219,75Ø x 1219 GROUT TUBE,1,ROD76,Zero_Density,7672356f-12f5-4ab2-b6f1-a3a02c1e07fd
W10-48,piece-to-piece,GROUT_TUBE,GT75-1219,75Ø x 1219 GROUT TUBE,1,ROD76,Zero_Density,06903072-e213-4956-b0d0-69939fe6efde
W10-48,piece-to-piece,GROUT_TUBE,GT75-686,75Ø x 686 GROUT TUBE,1,ROD76,Zero_Density,dcbee047-8f4a-4e2e-ad62-3ffb19de975f
W10-48,piece-to-piece,GROUT_TUBE,GT75-686,75Ø x 686 GROUT TUBE,1,ROD76,Zero_Density,d9129a78-77bf-4984-a59e-a7fee82a7e7b
W10-48,piece-to-piece,GROUT_TUBE,GT75-1219,75Ø x 1219 GROUT TUBE,1,ROD76,Zero_Density,01a53e0a-675f-4e37-b658-066861cd70f0
W10-48,piece-to-piece,INSERT,SP25-1067-11,SP25Mx1067 WILLIAMS S,1,ROD25.4,A706-GR.60,e939d835-17a5-4ac8-9454-e8daf8869073
W10-48,piece-to-piece,EMBED,SP25-1067-31,,1,PD66.675*15.875,A706-GR.60,67a26890-1855-4112-9a21-44ba7a36dbe8
W10-48,piece-to-piece,EMBED,SP25-1067-21,,1,ROD41.275,A706-GR.60,820906e9-cf62-4314-aaa5-6deeee762ec7
W10-48,piece-to-piece,INSERT,SP25-1067-11,SP25Mx1067 WILLIAMS S,1,ROD25.4,A706-GR.60,693ad616-8ccb-4cfe-9d3e-677c93f54243
W10-48,piece-to-piece,EMBED,SP25-1067-31,,1,PD66.675*15.875,A706-GR.60,65c114a6-9d8c-4097-862d-f96bb85404ea
W10-48,piece-to-piece,EMBED,SP25-1067-21,,1,ROD41.275,A706-GR.60,a786df42-2e1d-4bf6-bd31-dcbc58be8ee6
W10-48,piece-to-piece,INSERT,SP25-1067-11,SP25Mx1067 WILLIAMS S,1,ROD25.4,A706-GR.60,4431e26c-b127-4f33-ac50-eaf46fb6771c
W10-48,piece-to-piece,EMBED,SP25-1067-31,,1,PD66.675*15.875,A706-GR.60,05faaec9-68f0-47f0-b3e8-3c52e3b2e6e0
W10-48,piece-to-piece,EMBED,SP25-1067-21,,1,ROD41.275,A706-GR.60,62342fde-1f12-40c2-bc78-b9e3c02a6c69
W10-48,piece-to-piece,INSERT,SP25-1067-11,SP25Mx1067 WILLIAMS S,1,ROD25.4,A706-GR.60,c81ea0e4-f319-4920-bcd7-930c4d1c9c00
W10-48,piece-to-piece,EMBED,SP25-1067-31,,1,PD66.675*15.875,A706-GR.60,d794612e-4c6e-4f0c-80e2-f42779409c9a
W10-48,piece-to-piece,EMBED,SP25-1067-21,,1,ROD41.275,A706-GR.60,61d0c8b1-d551-4136-a67a-9fd62088d983
W10-48,piece-to-piece,INSERT,SP15-457-11,15Mx457 WILLIAMS SPL,1,ROD16,400W,8df7466d-5e79-4b56-8205-16bf4b263f5a
W10-48,piece-to-piece,INSERT,SP15-457-31,,1,PD52.387*12.7,400W,40eccc68-a685-4284-a15b-5208a2596778
W10-48,piece-to-piece,INSERT,SP15-457-21,,1,ROD26.987,400W,3e015500-cd3d-446d-9459-8dcda437f116
W10-48,piece-to-piece,INSERT,SP15-457-11,15Mx457 WILLIAMS SPL,1,ROD16,400W,61957984-4c7b-4678-981b-d4cfd136e367
W10-48,piece-to-piece,INSERT,SP15-457-31,,1,PD52.387*12.7,400W,2d8123b8-e62d-42e2-a794-6b4e716528fa
W10-48,piece-to-piece,INSERT,SP15-457-21,,1,ROD26.987,400W,ab5dadab-e846-4186-8459-13c5e78d6d88
W10-48,piece-to-piece,INSERT,SP25-1067-11,SP25Mx1067 WILLIAMS S,1,ROD25.4,A706-GR.60,0df25eb8-cc14-4023-bcf9-000fb85e7a59
W10-48,piece-to-piece,EMBED,SP25-1067-31,,1,PD66.675*15.875,A706-GR.60,ade855e2-9094-4128-9be5-64d8abd751a4
W10-48,piece-to-piece,EMBED,SP25-1067-21,,1,ROD41.275,A706-GR.60,2b7796a6-7ace-4024-b0d1-5bfe0233172a
W10-48,piece-to-piece,INSERT,SP25-1067-11,SP25Mx1067 WILLIAMS S,1,ROD25.4,A706-GR.60,db55606b-997c-4066-841e-4967b543797a
W10-48,piece-to-piece,EMBED,SP25-1067-31,,1,PD66.675*15.875,A706-GR.60,7c819f13-d216-440a-a2ef-6de65d32ed4c
W10-48,piece-to-piece,EMBED,SP25-1067-21,,1,ROD41.275,A706-GR.60,6a39d42a-6e37-439d-8389-53dc6783f7de
W10-48,piece-to-piece,INSERT,SP25-1067-11,SP25Mx1067 WILLIAMS S,1,ROD25.4,A706-GR.60,9230a299-b42a-4829-9c10-00964f223b9d
W10-48,piece-to-piece,EMBED,SP25-1067-31,,1,PD66.675*15.875,A706-GR.60,1d94b970-4bb2-4b9a-815c-7a856453b257
W10-48,piece-to-piece,EMBED,SP25-1067-21,,1,ROD41.275,A706-GR.60,295b5923-a7bb-4e53-87bb-3aacc8652be9
W10-48,piece-to-piece,INSERT,SP25-1067-11,SP25Mx1067 WILLIAMS S,1,ROD25.4,A706-GR.60,4a0ebb86-52a8-4fe4-b14a-fbb8e64eecfa
W10-48,piece-to-piece,EMBED,SP25-1067-31,,1,PD66.675*15.875,A706-GR.60,573797c5-5dd7-4aee-bed5-8da01a83233d
W10-48,piece-to-piece,EMBED,SP25-1067-21,,1,ROD41.275,A706-GR.60,264a77b1-cb10-487d-9a74-80919cadc5cc
W10-48,piece-to-piece,GROUT_TUBE,GT75-1219,75Ø x 1219 GROUT TUBE,1,ROD76,Zero_Density,612d9f89-981f-45f1-b707-ef9906563155
W10-48,piece-to-piece,GROUT_TUBE,GT75-1219,75Ø x 1219 GROUT TUBE,1,ROD76,Zero_Density,b9e51fbd-9719-4a5b-af6f-42704ac77055
W10-48,piece-to-piece,GROUT_TUBE,GT75-1219,75Ø x 1219 GROUT TUBE,1,ROD76,Zero_Density,7539e830-ce4c-4313-8183-e4854ce4f348
W10-48,piece-to-piece,GROUT_TUBE,GT100-1219-11,100Øx1219 GROUT TUBE,1,ROD102,Zero_Density,e16b302e-4e07-4fdf-b585-52314a1d9967
W10-48,piece-to-piece,GROUT_TUBE,GT100-1219-21,,1,ROD110,Zero_Density,f5c461fa-0b8e-4d67-98d5-4eceb285bc5d
W10-48,piece-to-piece,GROUT_TUBE,GT100-1219-31,,1,ROD76,Zero_Density,6343f1d2-778f-40aa-acaf-32dfaa14ab10
W10-48,piece-to-piece,INSERT,SP30-1219-11,30Mx1219 WILLIAMS SPL,1,ROD30.16,A706-GR.60,19225d05-73f1-4b5a-86dd-16b6d94343ce
W10-48,piece-to-piece,EMBED,SP30-1219-31,,1,PD71.438*19.05,A706-GR.60,159843de-ad8f-48a0-8307-5253582354d5
W10-48,piece-to-piece,EMBED,SP30-1219-21,,1,ROD44.45,A706-GR.60,92ffb39d-f2f7-4f43-9379-3d35b75e3017
W10-48,piece-to-piece,GROUT_TUBE,GT76-254,76Øx254mm G.TUBE,1,ROD76.2,Zero_Density,beb1910e-296f-4f02-b8a9-d8229f9c159c
W10-48,piece-to-piece,GROUT_TUBE,GT76-254,76Øx254mm G.TUBE,1,ROD76.2,Zero_Density,b40546f0-7b89-45b2-b010-e5c62536226c
W10-48,piece-to-piece,GROUT_TUBE,GT76-254,76Øx254mm G.TUBE,1,ROD76.2,Zero_Density,e650dee6-61fc-472a-bb8d-ae914c63fea8
W10-48,piece-to-piece,GROUT_TUBE,GT76-254,76Øx254mm G.TUBE,1,ROD76.2,Zero_Density,a4e3c615-3204-41bf-a101-247287c7b9c9
W10-48,piece-to-piece,GROUT_TUBE,GT76-254,76Øx254mm G.TUBE,1,ROD76.2,Zero_Density,e1c825dd-3f08-4bd7-b7e4-b816d437c38c
W10-48,piece-to-piece,GROUT_TUBE,GT76-254,76Øx254mm G.TUBE,1,ROD76.2,Zero_Density,9a10be54-4f76-47e0-8b36-6f571cc4e2cc
W10-48,piece-to-piece,CONDUIT,CNDT37,19MM CONDUIT,1,ROD19,Zero_Density,e393d962-ab70-4a36-b681-f8b0a83a22e4
W10-48,piece-to-piece,PLATE,EB-S-PL1,Single Plastic Electr,1,160*50.8,Zero_Density,b6e3c472-bc7b-4596-89bb-5cdec77ad357
W10-48,piece-to-piece,EMBED,P-602-11,13PL. W/STUD,1,PL101.6*12.7,A572-GR.50,bf645955-6dc6-4ca0-8025-3535fd5f669f
W10-48,piece-to-piece,EMBED,P-602-21,,1,STUD_1/2-DIA,A108-C1010-1020,358499de-04a9-4113-aa85-ce0743aca37a
W10-48,piece-to-piece,INSERT,P-300-11,19Ø INSERT (NC),1,ROD23.813,A36,0bd12ec8-a956-4466-858c-3de0cc22faba
W10-48,piece-to-piece,EMBED,P-300-21,,1,ROD6.35,A36,5440dbd9-5f32-40f3-af4b-74752e9892f4
W10-48,piece-to-piece,INSERT,P-300-11,19Ø INSERT (NC),1,ROD23.813,A36,62b77c0e-275b-4b2a-8927-0b5fac5ce804
W10-48,piece-to-piece,EMBED,P-300-21,,1,ROD6.35,A36,ebd97ca6-3766-4802-9928-554c6ca86028
W10-48,piece-to-piece,ANCHOR,P-205-11,12000LB FORGED ANCHOR,1,PL15.88,A36,45d21b98-8852-407b-8a0d-647cf9b8f621
W10-48,piece-to-piece,EMBED,P-205-21,,1,PL76.2*12.7,A36,3216bd17-dfb2-4a27-8ba5-01692d059176
W10-48,piece-to-piece,EMBED,P-205-31,,1,SPHERE47.625,A36,873f596e-f287-4df7-a28f-ea795f45015e
W10-48,piece-to-piece,EMBED,P-205-32,,1,PL54,Steel_Undefined,1687073f-597e-46d3-af08-7d8360d353c3
W10-48,piece-to-piece,ANCHOR,P-205-11,12000LB FORGED ANCHOR,1,PL15.88,A36,04a5a7e4-d888-477f-8b8a-9ad0b2425255
W10-48,piece-to-piece,EMBED,P-205-21,,1,PL76.2*12.7,A36,f3bba2ed-f25b-48db-8b87-4caa0293b7b2
W10-48,piece-to-piece,EMBED,P-205-31,,1,SPHERE47.625,A36,c1e3da4b-d913-41ec-b585-21012fcc65d0
W10-48,piece-to-piece,EMBED,P-205-32,,1,PL54,Steel_Undefined,cbc924dc-15f7-42af-9046-512aaddb6ad8
W10-48,piece-to-piece,ANCHOR,P-205-11,12000LB FORGED ANCHOR,1,PL15.88,A36,7b7da45d-aaf6-45ba-9217-b4a364bf9b23
W10-48,piece-to-piece,EMBED,P-205-21,,1,PL76.2*12.7,A36,3ed0ab1d-9d4a-4e61-9854-f11e636415b5
W10-48,piece-to-piece,EMBED,P-205-31,,1,SPHERE47.625,A36,4075f61d-12cf-49f3-ae65-7905395a020d
W10-48,piece-to-piece,EMBED,P-205-32,,1,PL54,Steel_Undefined,a64cbd55-c8db-4db1-9db2-67b03f140d86
W10-48,piece-to-piece,ANCHOR,P-205-11,12000LB FORGED ANCHOR,1,PL15.88,A36,a119f3f4-2c76-4925-bb9e-40abf0e74651
W10-48,piece-to-piece,EMBED,P-205-21,,1,PL76.2*12.7,A36,f7de7056-2232-4d71-9031-e921c76e9108
W10-48,piece-to-piece,EMBED,P-205-31,,1,SPHERE47.625,A36,f627fa61-5fc1-49d0-af8b-e869f512d93a
W10-48,piece-to-piece,EMBED,P-205-32,,1,PL54,Steel_Undefined,565a9c80-9943-42db-a6c1-da1fa105bc18
W10-47,piece-to-piece,EMBED,MPX11,V REVEAL LARGE,1,TRIANGLE12.7*12.7,Misc_Undefined,f9ca1fd8-d76e-4457-b530-f8959be0ae54
W10-47,piece-to-piece,INSERT,P-300-11,19Ø INSERT (NC),1,ROD23.813,A36,bbab3838-42d6-401b-8877-179d06a21d29
W10-47,piece-to-piece,EMBED,P-300-21,,1,ROD6.35,A36,873a8652-7411-44e3-a112-780b4df39653
W10-47,piece-to-piece,INSERT,P-300-11,19Ø INSERT (NC),1,ROD23.813,A36,1f46d23d-5712-4027-b1b5-ebdb4606a453
W10-47,piece-to-piece,EMBED,P-300-21,,1,ROD6.35,A36,7166ae6f-e053-4b8f-9d1c-08d39918fbf7
W10-47,piece-to-piece,INSERT,P-300-11,19Ø INSERT (NC),1,ROD23.813,A36,7f70248b-d0e3-4adf-80dd-0766cef6c1cf
W10-47,piece-to-piece,EMBED,P-300-21,,1,ROD6.35,A36,8b07e1b7-48a3-4cca-ae5d-811359502b7b
W10-47,piece-to-piece,GROUT_TUBE,GT75-1219,75Ø x 1219 GROUT TUBE,1,ROD76,Zero_Density,a55b797a-e04c-4155-877f-422c71122560
W10-47,piece-to-piece,GROUT_TUBE,GT75-1219,75Ø x 1219 GROUT TUBE,1,ROD76,Zero_Density,5197b8f0-55b9-4471-b524-22fb5dc52052
W10-47,piece-to-piece,GROUT_TUBE,GT75-1219,75Ø x 1219 GROUT TUBE,1,ROD76,Zero_Density,b6522bdc-6ee5-4eef-86cf-abf528e9781f
W10-47,piece-to-piece,GROUT_TUBE,GT75-1219,75Ø x 1219 GROUT TUBE,1,ROD76,Zero_Density,0a00807e-9acf-45e0-a005-12db37af2f12
W10-47,piece-to-piece,GROUT_TUBE,GT75-686,75Ø x 686 GROUT TUBE,1,ROD76,Zero_Density,2e4e1352-25e2-4f7d-816e-7702737dde1f
W10-47,piece-to-piece,GROUT_TUBE,GT75-686,75Ø x 686 GROUT TUBE,1,ROD76,Zero_Density,1b4e85e1-2694-49ce-958f-e1da16704166
W10-47,piece-to-piece,INSERT,SP25-1067-11,SP25Mx1067 WILLIAMS S,1,ROD25.4,A706-GR.60,30be2bce-3048-45ba-a4bd-4a4bee3d46cd
W10-47,piece-to-piece,EMBED,SP25-1067-31,,1,PD66.675*15.875,A706-GR.60,07dfe0c6-ce03-40fb-a240-2c9a4d278e7b
W10-47,piece-to-piece,EMBED,SP25-1067-21,,1,ROD41.275,A706-GR.60,20656a5c-eac8-42b9-abc5-1e71dd0a9b39
W10-47,piece-to-piece,INSERT,SP25-1067-11,SP25Mx1067 WILLIAMS S,1,ROD25.4,A706-GR.60,55062085-63b4-425e-96b4-0ae101386121
W10-47,piece-to-piece,EMBED,SP25-1067-31,,1,PD66.675*15.875,A706-GR.60,1e9cc3b5-c7a0-4992-99ce-f7cc9ceb590a
W10-47,piece-to-piece,EMBED,SP25-1067-21,,1,ROD41.275,A706-GR.60,96f384e2-e240-4ea2-b6fd-a33df82461c3
W10-47,piece-to-piece,INSERT,SP25-1067-11,SP25Mx1067 WILLIAMS S,1,ROD25.4,A706-GR.60,153d788e-b8ce-42a4-bfaa-5e1bf55f56a3
W10-47,piece-to-piece,EMBED,SP25-1067-31,,1,PD66.675*15.875,A706-GR.60,d82901b2-2500-485e-b009-22648b7e8e0b
W10-47,piece-to-piece,EMBED,SP25-1067-21,,1,ROD41.275,A706-GR.60,f3ef4cb0-3c05-4379-be17-5caa570c2acf
W10-47,piece-to-piece,INSERT,SP25-1067-11,SP25Mx1067 WILLIAMS S,1,ROD25.4,A706-GR.60,722caa62-025c-4353-b085-efc921b70cac
W10-47,piece-to-piece,EMBED,SP25-1067-31,,1,PD66.675*15.875,A706-GR.60,f603b770-5ae0-43e3-a975-a2cd998344a3
W10-47,piece-to-piece,EMBED,SP25-1067-21,,1,ROD41.275,A706-GR.60,1201528a-df42-466c-a2b6-1f0bb95ef863
W10-47,piece-to-piece,INSERT,SP15-457-11,15Mx457 WILLIAMS SPL,1,ROD16,400W,216e576e-f41e-427c-83fa-ee28b3cd4afe
W10-47,piece-to-piece,INSERT,SP15-457-31,,1,PD52.387*12.7,400W,82e39444-349d-406c-b157-1fd0c91d45e4
W10-47,piece-to-piece,INSERT,SP15-457-21,,1,ROD26.987,400W,ade66aa5-b181-4c0e-9323-23e02e098166
W10-47,piece-to-piece,INSERT,SP15-457-11,15Mx457 WILLIAMS SPL,1,ROD16,400W,acf0c787-9b80-4876-a83f-60964c5ab99d
W10-47,piece-to-piece,INSERT,SP15-457-31,,1,PD52.387*12.7,400W,d3be1960-1241-44b4-a43b-e79c239a3c7a
W10-47,piece-to-piece,INSERT,SP15-457-21,,1,ROD26.987,400W,3978c78c-9592-435a-b6f7-2eff59234b12
W10-47,piece-to-piece,GROUT_TUBE,GT75-1219,75Ø x 1219 GROUT TUBE,1,ROD76,Zero_Density,1aa92c98-1f57-4e08-9ac9-d4ab07aa9b1c
W10-47,piece-to-piece,GROUT_TUBE,GT75-1219,75Ø x 1219 GROUT TUBE,1,ROD76,Zero_Density,2e6b71fe-8f24-4d2e-a243-5253a06e7b61
W10-47,piece-to-piece,GROUT_TUBE,GT75-1219,75Ø x 1219 GROUT TUBE,1,ROD76,Zero_Density,f5f6fd28-194a-4abf-8bbc-fe1afc4404e9
W10-47,piece-to-piece,GROUT_TUBE,GT75-1219,75Ø x 1219 GROUT TUBE,1,ROD76,Zero_Density,c451047b-0d84-4105-8c46-e4c94be11635
W10-47,piece-to-piece,GROUT_TUBE,GT100-1219-11,100Øx1219 GROUT TUBE,1,ROD102,Zero_Density,7b8f210e-6fc4-4fc7-90a0-3f7e684e3c78
W10-47,piece-to-piece,GROUT_TUBE,GT100-1219-21,,1,ROD110,Zero_Density,d0ea7946-212c-4dab-864b-d87cf142f029
W10-47,piece-to-piece,GROUT_TUBE,GT100-1219-31,,1,ROD76,Zero_Density,9791cc93-194e-4dd0-b420-2a24e3d2e117
W10-47,piece-to-piece,INSERT,SP25-1067-11,SP25Mx1067 WILLIAMS S,1,ROD25.4,A706-GR.60,955964a3-6b20-4cfa-9c79-5e2d34937f81
W10-47,piece-to-piece,EMBED,SP25-1067-31,,1,PD66.675*15.875,A706-GR.60,a53dd707-8ce7-4831-b68d-943310944686
W10-47,piece-to-piece,EMBED,SP25-1067-21,,1,ROD41.275,A706-GR.60,b14c3d12-f48d-47a7-bf11-59324195cd7c
W10-47,piece-to-piece,INSERT,SP25-1067-11,SP25Mx1067 WILLIAMS S,1,ROD25.4,A706-GR.60,42d6d4de-bab4-4ae7-8d82-f24a54170222
W10-47,piece-to-piece,EMBED,SP25-1067-31,,1,PD66.675*15.875,A706-GR.60,d0fa4610-d4db-402f-812b-e76617052c6e
W10-47,piece-to-piece,EMBED,SP25-1067-21,,1,ROD41.275,A706-GR.60,aab9cda0-82e9-4d2b-81b2-bdc961a07fe6
W10-47,piece-to-piece,INSERT,SP25-1067-11,SP25Mx1067 WILLIAMS S,1,ROD25.4,A706-GR.60,f9037a9d-0bbe-469e-a70e-f4fc27e54cb8
W10-47,piece-to-piece,EMBED,SP25-1067-31,,1,PD66.675*15.875,A706-GR.60,96aeb43a-ac0f-49eb-8200-fe53578bb09d
W10-47,piece-to-piece,EMBED,SP25-1067-21,,1,ROD41.275,A706-GR.60,4d6a9148-ec7d-42e4-ad9c-31633493db6f
W10-47,piece-to-piece,INSERT,SP25-1067-11,SP25Mx1067 WILLIAMS S,1,ROD25.4,A706-GR.60,57cbbaa9-3081-45e0-b2eb-22a2fc3e784b
W10-47,piece-to-piece,EMBED,SP25-1067-31,,1,PD66.675*15.875,A706-GR.60,b99530b5-cab5-4e64-9552-b8681105f864
W10-47,piece-to-piece,EMBED,SP25-1067-21,,1,ROD41.275,A706-GR.60,cee27044-f472-418e-b85c-114fec3601c8
W10-47,piece-to-piece,INSERT,SP30-1219-11,30Mx1219 WILLIAMS SPL,1,ROD30.16,A706-GR.60,d222676a-0154-4490-bf9c-87f6cd640398
W10-47,piece-to-piece,EMBED,SP30-1219-31,,1,PD71.438*19.05,A706-GR.60,f4b300bf-750e-4614-a9c7-f0b0fcdfe06f
W10-47,piece-to-piece,EMBED,SP30-1219-21,,1,ROD44.45,A706-GR.60,c738c038-eb05-44c9-88b7-12f8d129eaa7
W10-47,piece-to-piece,GROUT_TUBE,GT76-254,76Øx254mm G.TUBE,1,ROD76.2,Zero_Density,8e12117d-1edf-46d8-8da5-1ad1139686bf
W10-47,piece-to-piece,GROUT_TUBE,GT76-254,76Øx254mm G.TUBE,1,ROD76.2,Zero_Density,49f36cc7-77e6-4722-96f1-6447f1e0eea3
W10-47,piece-to-piece,GROUT_TUBE,GT76-254,76Øx254mm G.TUBE,1,ROD76.2,Zero_Density,3d5f9ed8-d80c-495a-b4e6-9692f6830485
W10-47,piece-to-piece,GROUT_TUBE,GT76-254,76Øx254mm G.TUBE,1,ROD76.2,Zero_Density,e4253824-8193-4612-9315-6fea8b92f147
W10-47,piece-to-piece,GROUT_TUBE,GT76-254,76Øx254mm G.TUBE,1,ROD76.2,Zero_Density,59958c06-f3bb-4a9c-abbe-f57394584241
W10-47,piece-to-piece,GROUT_TUBE,GT76-254,76Øx254mm G.TUBE,1,ROD76.2,Zero_Density,04f6d27e-a4bc-4148-9d75-ca622d7bf5c0
W10-47,piece-to-piece,CONDUIT,CNDT37,19MM CONDUIT,1,ROD19,Zero_Density,a8193e69-b7e4-4fdb-b1c0-6b27a70afc8c
W10-47,piece-to-piece,PLATE,EB-S-PL1,Single Plastic Electr,1,160*50.8,Zero_Density,2a670c8b-c984-4d28-ad43-f66187903267
W10-47,piece-to-piece,EMBED,P-602-11,13PL. W/STUD,1,PL101.6*12.7,A572-GR.50,255e9d8e-3ab9-4a9e-80e2-23e081ccdf6e
W10-47,piece-to-piece,EMBED,P-602-21,,1,STUD_1/2-DIA,A108-C1010-1020,a052ae10-7c94-4d08-b0fa-1a770171e6ab
W10-47,piece-to-piece,INSERT,P-300-11,19Ø INSERT (NC),1,ROD23.813,A36,1fe783f4-215e-4f4c-acf2-987ae7c89c3b
W10-47,piece-to-piece,EMBED,P-300-21,,1,ROD6.35,A36,77eebf6f-51ef-4fa8-a232-bd42192f9df5
W10-47,piece-to-piece,INSERT,P-300-11,19Ø INSERT (NC),1,ROD23.813,A36,6884e2ac-8ada-4d2a-be4b-ac483070b53e
W10-47,piece-to-piece,EMBED,P-300-21,,1,ROD6.35,A36,4d95c1e4-93c3-4125-a586-aa98bb185427
W10-47,piece-to-piece,ANCHOR,P-205-11,12000LB FORGED ANCHOR,1,PL15.88,A36,a3b401c9-239f-4ee0-93d5-207175358e30
W10-47,piece-to-piece,EMBED,P-205-21,,1,PL76.2*12.7,A36,7054d0e1-3125-4caf-a5c9-993c210961e2
W10-47,piece-to-piece,EMBED,P-205-31,,1,SPHERE47.625,A36,8ccc3ed2-1d7e-4134-b83a-4affd0fbb269
W10-47,piece-to-piece,EMBED,P-205-32,,1,PL54,Steel_Undefined,dbaab874-d8ea-4cdf-a15a-b803e40d4333
W10-47,piece-to-piece,ANCHOR,P-205-11,12000LB FORGED ANCHOR,1,PL15.88,A36,acbf9cf1-0d3b-4d8a-8518-505c5fcd104b
W10-47,piece-to-piece,EMBED,P-205-21,,1,PL76.2*12.7,A36,6ab02f95-361f-410a-aa4f-85526f133431
W10-47,piece-to-piece,EMBED,P-205-31,,1,SPHERE47.625,A36,4e40220e-b865-4fa6-ad04-b589b584ef74
W10-47,piece-to-piece,EMBED,P-205-32,,1,PL54,Steel_Undefined,2db3a030-e5da-4204-abb1-478e65780dd4
W10-47,piece-to-piece,ANCHOR,P-205-11,12000LB FORGED ANCHOR,1,PL15.88,A36,3d4086b3-7a6d-480b-87ea-b8cf034e5ca5
W10-47,piece-to-piece,EMBED,P-205-21,,1,PL76.2*12.7,A36,56d6fd76-3a60-43d9-a4f4-20d433fad468
W10-47,piece-to-piece,EMBED,P-205-31,,1,SPHERE47.625,A36,a611cb14-b49e-4fe9-b2e8-6a93aa688161
W10-47,piece-to-piece,EMBED,P-205-32,,1,PL54,Steel_Undefined,00b905e5-87f2-46c6-a861-6685c594ff69
W10-47,piece-to-piece,ANCHOR,P-205-11,12000LB FORGED ANCHOR,1,PL15.88,A36,3aea5a17-9f71-4f16-b521-9b1f6733fdcb
W10-47,piece-to-piece,EMBED,P-205-21,,1,PL76.2*12.7,A36,e035c27f-637c-4389-9bba-57e3c45f78e7
W10-47,piece-to-piece,EMBED,P-205-31,,1,SPHERE47.625,A36,86b67f2c-2efb-4bb0-b00e-367d9720f5fa
W10-47,piece-to-piece,EMBED,P-205-32,,1,PL54,Steel_Undefined,f86ef098-6b74-4a8a-aaab-518326774cd7
W10-49,piece-to-piece,EMBED,MPX11,V REVEAL LARGE,1,TRIANGLE12.7*12.7,Misc_Undefined,dc8aeadb-5dad-4a46-b6c9-067012637f53
W10-49,piece-to-piece,INSERT,P-300-11,19Ø INSERT (NC),1,ROD23.813,A36,e0e9b771-c0d0-46d8-a8c4-ca2870ffaa25
W10-49,piece-to-piece,EMBED,P-300-21,,1,ROD6.35,A36,c95125f3-8a86-48c2-875b-feaae239247b
W10-49,piece-to-piece,INSERT,P-300-11,19Ø INSERT (NC),1,ROD23.813,A36,bf33a87f-2292-4356-b6d8-0e4e717470f4
W10-49,piece-to-piece,EMBED,P-300-21,,1,ROD6.35,A36,6c9d9c08-1c6f-4233-94b4-097933ff9d98
W10-49,piece-to-piece,INSERT,P-300-11,19Ø INSERT (NC),1,ROD23.813,A36,5e11cc37-fee5-4a55-a068-fba2d899af02
W10-49,piece-to-piece,EMBED,P-300-21,,1,ROD6.35,A36,4f7b9023-b363-4954-865d-dc917c696fe8
W10-49,piece-to-piece,GROUT_TUBE,GT75-686,75Ø x 686 GROUT TUBE,1,ROD76,Zero_Density,e972de41-d5da-4331-a163-3ec0b62e57f6
W10-49,piece-to-piece,GROUT_TUBE,GT75-686,75Ø x 686 GROUT TUBE,1,ROD76,Zero_Density,f61ffafe-82d8-4013-8139-ab490fac1f62
W10-49,piece-to-piece,INSERT,SP15-457-11,15Mx457 WILLIAMS SPL,1,ROD16,400W,851b0e09-7ef8-4628-9ea2-18e06701157b
W10-49,piece-to-piece,INSERT,SP15-457-31,,1,PD52.387*12.7,400W,6f5e26c8-a99a-4f97-8180-0d2262ec89b7
W10-49,piece-to-piece,INSERT,SP15-457-21,,1,ROD26.987,400W,6ac66fd7-583d-4648-8fa1-ad01d686ad2a
W10-49,piece-to-piece,INSERT,SP15-457-11,15Mx457 WILLIAMS SPL,1,ROD16,400W,43dc345e-901a-4b54-aa2f-203720d31b47
W10-49,piece-to-piece,INSERT,SP15-457-31,,1,PD52.387*12.7,400W,279f124b-819b-4504-a087-23554076c266
W10-49,piece-to-piece,INSERT,SP15-457-21,,1,ROD26.987,400W,ee4066bf-82a5-4b43-a65d-13560928f89e
W10-49,piece-to-piece,GROUT_TUBE,GT75-1219,75Ø x 1219 GROUT TUBE,1,ROD76,Zero_Density,cd309de6-c4ba-445e-9db5-551459fb3af7
W10-49,piece-to-piece,GROUT_TUBE,GT75-1219,75Ø x 1219 GROUT TUBE,1,ROD76,Zero_Density,596b6708-e427-4324-b905-4825e8dfbd70
W10-49,piece-to-piece,GROUT_TUBE,GT75-1219,75Ø x 1219 GROUT TUBE,1,ROD76,Zero_Density,a41ac36a-438e-4d2b-b9cd-4b0b02098d89
W10-49,piece-to-piece,GROUT_TUBE,GT75-1219,75Ø x 1219 GROUT TUBE,1,ROD76,Zero_Density,0435f93a-57a6-430f-986b-98d7559ce3f4
W10-49,piece-to-piece,GROUT_TUBE,GT75-1219,75Ø x 1219 GROUT TUBE,1,ROD76,Zero_Density,5814945e-3c68-4716-8ef6-111e3cf26e8e
W10-49,piece-to-piece,GROUT_TUBE,GT75-1219,75Ø x 1219 GROUT TUBE,1,ROD76,Zero_Density,1280e244-20d9-4f11-9a47-8fea20db5f21
W10-49,piece-to-piece,GROUT_TUBE,GT75-1219,75Ø x 1219 GROUT TUBE,1,ROD76,Zero_Density,42b32719-04dd-4d15-b7ec-81f8cd5d7c89
W10-49,piece-to-piece,GROUT_TUBE,GT75-1219,75Ø x 1219 GROUT TUBE,1,ROD76,Zero_Density,cb9d87a9-ff41-43d1-bc3f-ae1049346942
W10-49,piece-to-piece,GROUT_TUBE,GT100-1219-11,100Øx1219 GROUT TUBE,1,ROD102,Zero_Density,42a2edf8-09e7-4983-9c6c-97e1dc0e8da8
W10-49,piece-to-piece,GROUT_TUBE,GT100-1219-21,,1,ROD110,Zero_Density,0c0d03a8-6ee3-4ba5-a9ec-0ae2019ad173
W10-49,piece-to-piece,GROUT_TUBE,GT100-1219-31,,1,ROD76,Zero_Density,15137ae9-47bd-40df-b8fc-1a14c0fdf806
W10-49,piece-to-piece,INSERT,SP25-1067-11,SP25Mx1067 WILLIAMS S,1,ROD25.4,A706-GR.60,55374365-cf03-42a1-8d1f-5cb5611c7175
W10-49,piece-to-piece,EMBED,SP25-1067-31,,1,PD66.675*15.875,A706-GR.60,eddfc75b-7cc5-4e9f-bf69-182124d94816
W10-49,piece-to-piece,EMBED,SP25-1067-21,,1,ROD41.275,A706-GR.60,54c1cb36-4322-4bcf-b507-2374fccb8e47
W10-49,piece-to-piece,INSERT,SP25-1067-11,SP25Mx1067 WILLIAMS S,1,ROD25.4,A706-GR.60,cd41b5d8-0b65-4a7a-87e9-212ed26f0605
W10-49,piece-to-piece,EMBED,SP25-1067-31,,1,PD66.675*15.875,A706-GR.60,72e74880-f123-4399-894d-9405b05dea95
W10-49,piece-to-piece,EMBED,SP25-1067-21,,1,ROD41.275,A706-GR.60,9670e901-93e5-4f44-9b5b-ed932536d69e
W10-49,piece-to-piece,INSERT,SP25-1067-11,SP25Mx1067 WILLIAMS S,1,ROD25.4,A706-GR.60,297d61e0-ff71-43ae-8a9d-62fc2f98d011
W10-49,piece-to-piece,EMBED,SP25-1067-31,,1,PD66.675*15.875,A706-GR.60,b759eb4b-c4ab-4a7c-ade6-70ce5b73af6a
W10-49,piece-to-piece,EMBED,SP25-1067-21,,1,ROD41.275,A706-GR.60,beb357f5-2ebb-474f-b586-86a84f405936
W10-49,piece-to-piece,INSERT,SP25-1067-11,SP25Mx1067 WILLIAMS S,1,ROD25.4,A706-GR.60,8d9b6c12-e7ec-4b05-ab83-ce230768ab73
W10-49,piece-to-piece,EMBED,SP25-1067-31,,1,PD66.675*15.875,A706-GR.60,9886890f-b458-4d65-b6d4-458bec12bc70
W10-49,piece-to-piece,EMBED,SP25-1067-21,,1,ROD41.275,A706-GR.60,4d027e2e-93f7-4546-8c3c-dcc6358f149f
W10-49,piece-to-piece,INSERT,SP25-1067-11,SP25Mx1067 WILLIAMS S,1,ROD25.4,A706-GR.60,09a11ceb-4b64-4bc1-a29a-e18987709679
W10-49,piece-to-piece,EMBED,SP25-1067-31,,1,PD66.675*15.875,A706-GR.60,85def384-ad5e-41ea-95e8-fa99f82e2ee4
W10-49,piece-to-piece,EMBED,SP25-1067-21,,1,ROD41.275,A706-GR.60,cefd968c-6f6f-4da4-adc8-6864caef907a
W10-49,piece-to-piece,INSERT,SP25-1067-11,SP25Mx1067 WILLIAMS S,1,ROD25.4,A706-GR.60,0130a5cc-e65a-4d99-86cf-0e97e78fba0f
W10-49,piece-to-piece,EMBED,SP25-1067-31,,1,PD66.675*15.875,A706-GR.60,223aed9f-4283-4493-8786-378c97bc3f10
W10-49,piece-to-piece,EMBED,SP25-1067-21,,1,ROD41.275,A706-GR.60,0791ef6c-9959-4aa6-b78f-900e5609e0c3
W10-49,piece-to-piece,INSERT,SP25-1067-11,SP25Mx1067 WILLIAMS S,1,ROD25.4,A706-GR.60,9861732f-36b4-479c-9144-b0be3870158f
W10-49,piece-to-piece,EMBED,SP25-1067-31,,1,PD66.675*15.875,A706-GR.60,a44b418f-0357-4fa3-85a8-de6299af2159
W10-49,piece-to-piece,EMBED,SP25-1067-21,,1,ROD41.275,A706-GR.60,3ef58836-e5e1-49d4-8de0-7e6a49e3f0c0
W10-49,piece-to-piece,INSERT,SP25-1067-11,SP25Mx1067 WILLIAMS S,1,ROD25.4,A706-GR.60,7733e9c3-b43c-4b6b-bf4b-110f0383240d
W10-49,piece-to-piece,EMBED,SP25-1067-31,,1,PD66.675*15.875,A706-GR.60,9d0e9ace-1bd9-4771-864b-b57db7efbfe7
W10-49,piece-to-piece,EMBED,SP25-1067-21,,1,ROD41.275,A706-GR.60,586ec71f-d844-401d-b594-48e5475c7b8e
W10-49,piece-to-piece,INSERT,SP30-1219-11,30Mx1219 WILLIAMS SPL,1,ROD30.16,A706-GR.60,21bd7ecd-0120-4050-8b7b-8722306f151a
W10-49,piece-to-piece,EMBED,SP30-1219-31,,1,PD71.438*19.05,A706-GR.60,5a812584-58b3-47ab-b9e3-174c1f094f35
W10-49,piece-to-piece,EMBED,SP30-1219-21,,1,ROD44.45,A706-GR.60,72ae354a-02c3-4499-a6a0-8b28d4446b34
W10-49,piece-to-piece,GROUT_TUBE,GT76-254,76Øx254mm G.TUBE,1,ROD76.2,Zero_Density,b9858683-8ffd-4771-94c5-6be5700190b7
W10-49,piece-to-piece,GROUT_TUBE,GT76-254,76Øx254mm G.TUBE,1,ROD76.2,Zero_Density,34ead2dc-1967-4078-9563-affc604bc0de
W10-49,piece-to-piece,GROUT_TUBE,GT76-254,76Øx254mm G.TUBE,1,ROD76.2,Zero_Density,379926c0-0d28-418d-a740-c6ee0955af0d
W10-49,piece-to-piece,GROUT_TUBE,GT76-254,76Øx254mm G.TUBE,1,ROD76.2,Zero_Density,11037188-7e9c-44d8-8644-b6e91cd9bd73
W10-49,piece-to-piece,GROUT_TUBE,GT76-254,76Øx254mm G.TUBE,1,ROD76.2,Zero_Density,561ac691-d033-4bea-a418-2e648675b39f
W10-49,piece-to-piece,GROUT_TUBE,GT76-254,76Øx254mm G.TUBE,1,ROD76.2,Zero_Density,b2b526da-eaba-46e9-aaf6-017c6f675305
W10-49,piece-to-piece,CONDUIT,CNDT37,19MM CONDUIT,1,ROD19,Zero_Density,704aa9d5-b5a0-4926-950d-f635a88d6857
W10-49,piece-to-piece,PLATE,EB-S-PL1,Single Plastic Electr,1,160*50.8,Zero_Density,f7cac488-f0be-4510-95ba-c1eac37e282e
W10-49,piece-to-piece,EMBED,P-602-11,13PL. W/STUD,1,PL101.6*12.7,A572-GR.50,a898fb74-23f8-442d-9bf6-885ea6e818c1
W10-49,piece-to-piece,EMBED,P-602-21,,1,STUD_1/2-DIA,A108-C1010-1020,32f014a4-e2e1-41ff-9a69-09b34f5413a5
W10-49,piece-to-piece,INSERT,P-300-11,19Ø INSERT (NC),1,ROD23.813,A36,b2f1bb32-9cad-46eb-a910-ecea33bdfe78
W10-49,piece-to-piece,EMBED,P-300-21,,1,ROD6.35,A36,ae0266de-a0cf-472e-bd3b-6ee7b4dd54b3
W10-49,piece-to-piece,INSERT,P-300-11,19Ø INSERT (NC),1,ROD23.813,A36,b11e6d67-0a0f-4533-a781-2b50c1be0c49
W10-49,piece-to-piece,EMBED,P-300-21,,1,ROD6.35,A36,0e6d9553-0817-4ab6-8d21-d9f210bb3ae2
W10-49,piece-to-piece,ANCHOR,P-205-11,12000LB FORGED ANCHOR,1,PL15.88,A36,f90913db-b3f4-4d4b-a9c7-e0b2d096df6d
W10-49,piece-to-piece,EMBED,P-205-21,,1,PL76.2*12.7,A36,3d8ad75e-b246-48c5-be81-94a43dd34416
W10-49,piece-to-piece,EMBED,P-205-31,,1,SPHERE47.625,A36,c8f42879-ccf3-437a-a888-378d73547337
W10-49,piece-to-piece,EMBED,P-205-32,,1,PL54,Steel_Undefined,fa8b922e-3504-4687-98a5-6de99edb6ee5
W10-49,piece-to-piece,ANCHOR,P-205-11,12000LB FORGED ANCHOR,1,PL15.88,A36,55c1309f-619c-4540-bc2b-95bf52a89bd2
W10-49,piece-to-piece,EMBED,P-205-21,,1,PL76.2*12.7,A36,97d24934-acce-40ba-8fd5-4284db0eea78
W10-49,piece-to-piece,EMBED,P-205-31,,1,SPHERE47.625,A36,b3531e3a-e540-4954-a666-61cb758fed78
W10-49,piece-to-piece,EMBED,P-205-32,,1,PL54,Steel_Undefined,85856d86-80a2-44b7-84fd-f21994c907dd
W10-49,piece-to-piece,ANCHOR,P-205-11,12000LB FORGED ANCHOR,1,PL15.88,A36,ba9ea6c4-e2a6-4035-b2c4-af4e167ea3c4
W10-49,piece-to-piece,EMBED,P-205-21,,1,PL76.2*12.7,A36,7b6c591f-bc73-4458-ade6-606e4e958298
W10-49,piece-to-piece,EMBED,P-205-31,,1,SPHERE47.625,A36,8bc0154b-b0b2-4956-a9f3-93d112928ebb
W10-49,piece-to-piece,EMBED,P-205-32,,1,PL54,Steel_Undefined,ba3917f1-536d-4e59-a96e-6d4009e86a5d
W10-49,piece-to-piece,ANCHOR,P-205-11,12000LB FORGED ANCHOR,1,PL15.88,A36,9aa1885d-9fa1-44c6-b8fe-8ad168e9f0a6
W10-49,piece-to-piece,EMBED,P-205-21,,1,PL76.2*12.7,A36,3224b352-cbd9-4566-b5d0-82a44ab44e0c
W10-49,piece-to-piece,EMBED,P-205-31,,1,SPHERE47.625,A36,c992d1ca-507c-4a9c-a1fe-17c4fcdf724a
W10-49,piece-to-piece,EMBED,P-205-32,,1,PL54,Steel_Undefined,470c9e92-6d5c-407e-9a4a-2d246857786a
W10-55,piece-to-piece,EMBED,MPX11,V REVEAL LARGE,1,TRIANGLE12.7*12.7,Misc_Undefined,c147a820-957d-4405-a08f-079d3df95094
W10-55,piece-to-piece,INSERT,P-300-11,19Ø INSERT (NC),1,ROD23.813,A36,5f6c3bfd-f735-4dc1-ba00-d2bc80dbbced
W10-55,piece-to-piece,EMBED,P-300-21,,1,ROD6.35,A36,fe5897fa-abfe-47d9-9739-5c752b717779
W10-55,piece-to-piece,INSERT,P-300-11,19Ø INSERT (NC),1,ROD23.813,A36,0f4a90d4-41fe-4cd7-8583-e3047f2223b9
W10-55,piece-to-piece,EMBED,P-300-21,,1,ROD6.35,A36,4d924f56-9667-4deb-9431-fddb8dfaa536
W10-55,piece-to-piece,INSERT,P-300-11,19Ø INSERT (NC),1,ROD23.813,A36,161e07e3-822b-4cde-919d-f291e6d9c58d
W10-55,piece-to-piece,EMBED,P-300-21,,1,ROD6.35,A36,2713ca75-f7c2-4c31-b7a8-b81649661f41
W10-55,piece-to-piece,GROUT_TUBE,GT75-1219,75Ø x 1219 GROUT TUBE,1,ROD76,Zero_Density,257f64cf-8440-42ea-8b8c-c72567bf2293
W10-55,piece-to-piece,GROUT_TUBE,GT75-1219,75Ø x 1219 GROUT TUBE,1,ROD76,Zero_Density,aa13da5f-fc9a-41fb-b25c-99c1bd9984d9
W10-55,piece-to-piece,GROUT_TUBE,GT75-1219,75Ø x 1219 GROUT TUBE,1,ROD76,Zero_Density,76557b32-8cb0-4f23-8050-eef339b2fc17
W10-55,piece-to-piece,GROUT_TUBE,GT75-1219,75Ø x 1219 GROUT TUBE,1,ROD76,Zero_Density,cd9f7a98-1e60-43e9-aaca-b456988e8602
W10-55,piece-to-piece,GROUT_TUBE,GT75-686,75Ø x 686 GROUT TUBE,1,ROD76,Zero_Density,0a7b6e22-bd6d-47d1-ae08-c9e7609394d4
W10-55,piece-to-piece,GROUT_TUBE,GT75-686,75Ø x 686 GROUT TUBE,1,ROD76,Zero_Density,f5f13a47-8e5f-47d7-a0c2-0dd7fbc7a0e7
W10-55,piece-to-piece,INSERT,SP25-1067-11,SP25Mx1067 WILLIAMS S,1,ROD25.4,A706-GR.60,a943310c-6e93-4b25-9e83-fd3f462525ed
W10-55,piece-to-piece,EMBED,SP25-1067-31,,1,PD66.675*15.875,A706-GR.60,e728773a-3d57-4350-a66b-3562a3dffefd
W10-55,piece-to-piece,EMBED,SP25-1067-21,,1,ROD41.275,A706-GR.60,cd0bd8ef-4902-42b0-9831-21abcc477697
W10-55,piece-to-piece,INSERT,SP25-1067-11,SP25Mx1067 WILLIAMS S,1,ROD25.4,A706-GR.60,eeec6d49-f146-4406-9ba9-ecf2c08fc7a0
W10-55,piece-to-piece,EMBED,SP25-1067-31,,1,PD66.675*15.875,A706-GR.60,a9f8a1d0-710f-4b60-b1dd-a7ea19ab51bd
W10-55,piece-to-piece,EMBED,SP25-1067-21,,1,ROD41.275,A706-GR.60,8497051d-b8f6-41a4-a3f9-14a398743d91
W10-55,piece-to-piece,INSERT,SP25-1067-11,SP25Mx1067 WILLIAMS S,1,ROD25.4,A706-GR.60,a3fa96a8-8966-4d12-927e-e80982d2a148
W10-55,piece-to-piece,EMBED,SP25-1067-31,,1,PD66.675*15.875,A706-GR.60,6568c36e-8b0c-4865-b46b-fcdd000f9921
W10-55,piece-to-piece,EMBED,SP25-1067-21,,1,ROD41.275,A706-GR.60,7f33e726-786f-4bbc-87d7-32a2ba778fbd
W10-55,piece-to-piece,INSERT,SP25-1067-11,SP25Mx1067 WILLIAMS S,1,ROD25.4,A706-GR.60,777ee480-330b-463e-af4b-ade2c243229f
W10-55,piece-to-piece,EMBED,SP25-1067-31,,1,PD66.675*15.875,A706-GR.60,a7df6b88-5081-4af0-b0a7-70472f2dd673
W10-55,piece-to-piece,EMBED,SP25-1067-21,,1,ROD41.275,A706-GR.60,d7189e9a-9da8-43bc-a928-5815492c30f2
W10-55,piece-to-piece,INSERT,SP15-457-11,15Mx457 WILLIAMS SPL,1,ROD16,400W,b9dfa36b-ab1b-47de-8af7-0b89a81cea5a
W10-55,piece-to-piece,INSERT,SP15-457-31,,1,PD52.387*12.7,400W,f24a0be4-9d6a-43fe-bb40-032b9ce4c349
W10-55,piece-to-piece,INSERT,SP15-457-21,,1,ROD26.987,400W,574dce89-c51c-42bc-8533-eee9c30a8031
W10-55,piece-to-piece,INSERT,SP15-457-11,15Mx457 WILLIAMS SPL,1,ROD16,400W,8ea2658a-f459-4303-b3b3-0cc882331ea1
W10-55,piece-to-piece,INSERT,SP15-457-31,,1,PD52.387*12.7,400W,d9afbf9b-982b-4f2a-aaac-36f6a307fecf
W10-55,piece-to-piece,INSERT,SP15-457-21,,1,ROD26.987,400W,247f2c59-b972-453f-89f4-6c484c82ed1a
W10-55,piece-to-piece,GROUT_TUBE,GT75-1219,75Ø x 1219 GROUT TUBE,1,ROD76,Zero_Density,2fe78270-0b33-41d9-9097-6cfe491133fa
W10-55,piece-to-piece,GROUT_TUBE,GT75-1219,75Ø x 1219 GROUT TUBE,1,ROD76,Zero_Density,a56bcac0-3b85-4feb-8c9b-5ecd683fe208
W10-55,piece-to-piece,GROUT_TUBE,GT75-1219,75Ø x 1219 GROUT TUBE,1,ROD76,Zero_Density,e17e58f8-c6d5-4737-9624-c3704c8127a2
W10-55,piece-to-piece,GROUT_TUBE,GT75-1219,75Ø x 1219 GROUT TUBE,1,ROD76,Zero_Density,342de264-e3d4-4f5a-86ca-6dd5c77b4209
W10-55,piece-to-piece,GROUT_TUBE,GT100-1219-11,100Øx1219 GROUT TUBE,1,ROD102,Zero_Density,01a00049-73c2-4748-91b6-4f882f0f39c7
W10-55,piece-to-piece,GROUT_TUBE,GT100-1219-21,,1,ROD110,Zero_Density,f407a0ea-ee37-491e-995f-0efaaea903b7
W10-55,piece-to-piece,GROUT_TUBE,GT100-1219-31,,1,ROD76,Zero_Density,6b173a20-53b2-4fb0-9f7e-71d994174e94
W10-55,piece-to-piece,INSERT,SP25-1067-11,SP25Mx1067 WILLIAMS S,1,ROD25.4,A706-GR.60,8fde0dd5-b8ee-40f1-8b76-b5f322f4217f
W10-55,piece-to-piece,EMBED,SP25-1067-31,,1,PD66.675*15.875,A706-GR.60,387aad44-f1d4-470b-aa9b-24b065dfcea2
W10-55,piece-to-piece,EMBED,SP25-1067-21,,1,ROD41.275,A706-GR.60,1f939d13-e19a-4411-b507-8b335ee2a900
W10-55,piece-to-piece,INSERT,SP25-1067-11,SP25Mx1067 WILLIAMS S,1,ROD25.4,A706-GR.60,fd2b3ef8-87c0-43f3-a625-eaa1b1adeaec
W10-55,piece-to-piece,EMBED,SP25-1067-31,,1,PD66.675*15.875,A706-GR.60,b7191817-fbd6-482d-b967-a9576ccaa918
W10-55,piece-to-piece,EMBED,SP25-1067-21,,1,ROD41.275,A706-GR.60,2a97f120-85c6-449a-99d0-f4dfa5c5a8fc
W10-55,piece-to-piece,INSERT,SP25-1067-11,SP25Mx1067 WILLIAMS S,1,ROD25.4,A706-GR.60,1b3d2cbb-1bf9-4c1e-bff4-26ccc781c79e
W10-55,piece-to-piece,EMBED,SP25-1067-31,,1,PD66.675*15.875,A706-GR.60,1048f975-e5bc-4dfa-bd5e-a7fdf484b678
W10-55,piece-to-piece,EMBED,SP25-1067-21,,1,ROD41.275,A706-GR.60,871b08ff-467f-4bb9-a167-99eeea464ce0
W10-55,piece-to-piece,INSERT,SP25-1067-11,SP25Mx1067 WILLIAMS S,1,ROD25.4,A706-GR.60,cbc2a12c-b5ae-4cc9-98cf-6bb91b264d29
W10-55,piece-to-piece,EMBED,SP25-1067-31,,1,PD66.675*15.875,A706-GR.60,eebc3f3d-6469-4e4f-a479-3ae940d3a640
W10-55,piece-to-piece,EMBED,SP25-1067-21,,1,ROD41.275,A706-GR.60,9d74d5fb-d622-4a57-b960-4cbd13a1dfb5
W10-55,piece-to-piece,INSERT,SP30-1219-11,30Mx1219 WILLIAMS SPL,1,ROD30.16,A706-GR.60,c19a232e-7f88-4a39-ac7f-4ede7efe1b8f
W10-55,piece-to-piece,EMBED,SP30-1219-31,,1,PD71.438*19.05,A706-GR.60,508ab28c-7d8f-4662-bbd7-33713beb1d62
W10-55,piece-to-piece,EMBED,SP30-1219-21,,1,ROD44.45,A706-GR.60,685eccd5-c317-4b44-94c0-7fae8c390582
W10-55,piece-to-piece,GROUT_TUBE,GT76-254,76Øx254mm G.TUBE,1,ROD76.2,Zero_Density,09ad854f-e8d5-481c-90aa-87e1b637997e
W10-55,piece-to-piece,GROUT_TUBE,GT76-254,76Øx254mm G.TUBE,1,ROD76.2,Zero_Density,9c02b610-f1b7-416e-a8c7-8ac6dfd098d5
W10-55,piece-to-piece,GROUT_TUBE,GT76-254,76Øx254mm G.TUBE,1,ROD76.2,Zero_Density,35b8d219-aab4-4367-950d-822fca29a4a7
W10-55,piece-to-piece,GROUT_TUBE,GT76-254,76Øx254mm G.TUBE,1,ROD76.2,Zero_Density,3d0df4d3-e19b-4c84-9099-663f71d5457a
W10-55,piece-to-piece,GROUT_TUBE,GT76-254,76Øx254mm G.TUBE,1,ROD76.2,Zero_Density,11959fbc-d172-495a-82b4-ddd78fee2d0f
W10-55,piece-to-piece,GROUT_TUBE,GT76-254,76Øx254mm G.TUBE,1,ROD76.2,Zero_Density,e2f5453e-bcb6-4b4c-8498-a9462b4d629c
W10-55,piece-to-piece,CONDUIT,CNDT37,19MM CONDUIT,1,ROD19,Zero_Density,043dd74b-0cf0-4fee-9765-c2296f5529cb
W10-55,piece-to-piece,PLATE,EB-S-PL1,Single Plastic Electr,1,160*50.8,Zero_Density,277afffc-0edc-4299-a262-e33f61605257
W10-55,piece-to-piece,EMBED,P-602-11,13PL. W/STUD,1,PL101.6*12.7,A572-GR.50,ae2d6715-94c8-425e-b352-6797b899852b
W10-55,piece-to-piece,EMBED,P-602-21,,1,STUD_1/2-DIA,A108-C1010-1020,76d2da5f-8bee-4633-a161-c27a3c3d5466
W10-55,piece-to-piece,INSERT,P-300-11,19Ø INSERT (NC),1,ROD23.813,A36,10f406e3-b961-4855-a7f5-55d7e3d497eb
W10-55,piece-to-piece,EMBED,P-300-21,,1,ROD6.35,A36,458b34d5-976e-4afc-8aaa-ecb4d8b0223d
W10-55,piece-to-piece,INSERT,P-300-11,19Ø INSERT (NC),1,ROD23.813,A36,d2c4de19-f844-4a22-a007-19dd9097aa96
W10-55,piece-to-piece,EMBED,P-300-21,,1,ROD6.35,A36,961b86fe-2394-4162-9a96-273da742942f
W10-55,piece-to-piece,ANCHOR,P-205-11,12000LB FORGED ANCHOR,1,PL15.88,A36,c76457c9-6453-4e3b-8efa-311008aeb90d
W10-55,piece-to-piece,EMBED,P-205-21,,1,PL76.2*12.7,A36,e26314d6-14d9-4a00-a5b8-5dc34d3471d3
W10-55,piece-to-piece,EMBED,P-205-31,,1,SPHERE47.625,A36,efdd24bb-2ff4-4e90-8102-f4627f00d735
W10-55,piece-to-piece,EMBED,P-205-32,,1,PL54,Steel_Undefined,e5780443-856d-41ad-b728-fc5830ed4b32
W10-55,piece-to-piece,ANCHOR,P-205-11,12000LB FORGED ANCHOR,1,PL15.88,A36,66c70263-0d31-4d22-812a-a9a66a2d1a93
W10-55,piece-to-piece,EMBED,P-205-21,,1,PL76.2*12.7,A36,835ca856-ef65-45f4-9408-791dff661132
W10-55,piece-to-piece,EMBED,P-205-31,,1,SPHERE47.625,A36,1a0ad2f5-fb99-4958-97f8-43b9a8923b81
W10-55,piece-to-piece,EMBED,P-205-32,,1,PL54,Steel_Undefined,6f1741a4-a627-4c9f-ad18-d68277960983
W10-55,piece-to-piece,ANCHOR,P-205-11,12000LB FORGED ANCHOR,1,PL15.88,A36,7596cd71-c308-4379-9d1c-402843731a66
W10-55,piece-to-piece,EMBED,P-205-21,,1,PL76.2*12.7,A36,2c0b4a5d-ddbe-4ea9-a978-a1b7929d37a2
W10-55,piece-to-piece,EMBED,P-205-31,,1,SPHERE47.625,A36,00fb5596-0369-4354-9c1c-49ef105e50aa
W10-55,piece-to-piece,EMBED,P-205-32,,1,PL54,Steel_Undefined,48c32aa7-7047-48f3-8fae-dbc3cc8699ca
W10-55,piece-to-piece,ANCHOR,P-205-11,12000LB FORGED ANCHOR,1,PL15.88,A36,9ee4dee9-8c3c-4a97-8347-000a1dc43133
W10-55,piece-to-piece,EMBED,P-205-21,,1,PL76.2*12.7,A36,9559e845-0b45-40b3-ad18-32fa70d8509a
W10-55,piece-to-piece,EMBED,P-205-31,,1,SPHERE47.625,A36,8ac5a61a-cdfa-42dc-a358-4a3b21c3efbc
W10-55,piece-to-piece,EMBED,P-205-32,,1,PL54,Steel_Undefined,709afaf8-2d21-4d6c-898b-0532441aa04a
W10-57,piece-to-piece,EMBED,MPX11,V REVEAL LARGE,1,TRIANGLE12.7*12.7,Misc_Undefined,139c2e5e-94f6-4960-ace3-49a80814882e
W10-57,piece-to-piece,INSERT,P-300-11,19Ø INSERT (NC),1,ROD23.813,A36,828332d3-e8de-4455-9f5f-17b35ad4b638
W10-57,piece-to-piece,EMBED,P-300-21,,1,ROD6.35,A36,8301bb38-33d5-42cc-beb5-7a449fb2b753
W10-57,piece-to-piece,INSERT,P-300-11,19Ø INSERT (NC),1,ROD23.813,A36,9a578caf-e4b9-49c7-955b-b51f7361b1d3
W10-57,piece-to-piece,EMBED,P-300-21,,1,ROD6.35,A36,23645daa-3bba-4277-a553-20bda14a097f
W10-57,piece-to-piece,INSERT,P-300-11,19Ø INSERT (NC),1,ROD23.813,A36,6bb8ed47-e18d-4646-81d5-9a68a250a67b
W10-57,piece-to-piece,EMBED,P-300-21,,1,ROD6.35,A36,a15893ba-4a79-494b-a036-32a3242a5f4b
W10-57,piece-to-piece,GROUT_TUBE,GT75-686,75Ø x 686 GROUT TUBE,1,ROD76,Zero_Density,5a359a6b-34b7-47e7-b5c0-f665478b9900
W10-57,piece-to-piece,GROUT_TUBE,GT75-686,75Ø x 686 GROUT TUBE,1,ROD76,Zero_Density,cbb111d4-3456-4b98-9362-ca9acb54e643
W10-57,piece-to-piece,INSERT,SP15-457-11,15Mx457 WILLIAMS SPL,1,ROD16,400W,9bfcb1ee-b513-4cd0-a93d-e147e965ff83
W10-57,piece-to-piece,INSERT,SP15-457-31,,1,PD52.387*12.7,400W,1d0af0e0-d675-4372-86b5-8c9c1319b1cb
W10-57,piece-to-piece,INSERT,SP15-457-21,,1,ROD26.987,400W,f62c63f1-8a4e-47a4-8794-adf82dd4dfba
W10-57,piece-to-piece,INSERT,SP15-457-11,15Mx457 WILLIAMS SPL,1,ROD16,400W,2ea9e277-042c-4ec4-ab39-e39223b88373
W10-57,piece-to-piece,INSERT,SP15-457-31,,1,PD52.387*12.7,400W,4b9a2551-de7a-4c4e-8d8b-cf780e1c0ae9
W10-57,piece-to-piece,INSERT,SP15-457-21,,1,ROD26.987,400W,751b6918-4a71-49b1-aeae-f8310bc047b7
W10-57,piece-to-piece,GROUT_TUBE,GT75-1219,75Ø x 1219 GROUT TUBE,1,ROD76,Zero_Density,3058b832-0ac7-47e4-8465-a2596aeb7296
W10-57,piece-to-piece,GROUT_TUBE,GT75-1219,75Ø x 1219 GROUT TUBE,1,ROD76,Zero_Density,8a11be48-0ddf-454c-ab18-dc91cde19e50
W10-57,piece-to-piece,GROUT_TUBE,GT75-1219,75Ø x 1219 GROUT TUBE,1,ROD76,Zero_Density,1a7027e9-5702-439e-b0d0-290a87889b21
W10-57,piece-to-piece,GROUT_TUBE,GT75-1219,75Ø x 1219 GROUT TUBE,1,ROD76,Zero_Density,2e014994-dc0b-4844-8f80-98a06d4cc6d6
W10-57,piece-to-piece,GROUT_TUBE,GT75-1219,75Ø x 1219 GROUT TUBE,1,ROD76,Zero_Density,2c259b98-a4ef-45e5-b3b1-45d81f51c042
W10-57,piece-to-piece,GROUT_TUBE,GT75-1219,75Ø x 1219 GROUT TUBE,1,ROD76,Zero_Density,687c0c0f-91e8-4f8b-a1d7-9e4cf5981ea8
W10-57,piece-to-piece,GROUT_TUBE,GT75-1219,75Ø x 1219 GROUT TUBE,1,ROD76,Zero_Density,614947d0-369f-4823-86c3-42c6e9d4e3ca
W10-57,piece-to-piece,GROUT_TUBE,GT75-1219,75Ø x 1219 GROUT TUBE,1,ROD76,Zero_Density,1496cef6-6964-4308-b08a-3b21d163a431
W10-57,piece-to-piece,GROUT_TUBE,GT100-1219-11,100Øx1219 GROUT TUBE,1,ROD102,Zero_Density,aeb897e8-6069-42ad-9b01-672184505df3
W10-57,piece-to-piece,GROUT_TUBE,GT100-1219-21,,1,ROD110,Zero_Density,1faa613e-58c2-4530-89f6-85df29ca112b
W10-57,piece-to-piece,GROUT_TUBE,GT100-1219-31,,1,ROD76,Zero_Density,170d4ac3-b76d-43c8-8ee0-4dfd3560192a
W10-57,piece-to-piece,INSERT,SP25-1067-11,SP25Mx1067 WILLIAMS S,1,ROD25.4,A706-GR.60,a5cbcef2-2a25-461c-b0fb-66a865ebcffe
W10-57,piece-to-piece,EMBED,SP25-1067-31,,1,PD66.675*15.875,A706-GR.60,2b6a22f4-b5d5-4755-8754-f3e9a8570ca2
W10-57,piece-to-piece,EMBED,SP25-1067-21,,1,ROD41.275,A706-GR.60,2cfd41ba-0fb6-4132-b141-fbd629f25a6b
W10-57,piece-to-piece,INSERT,SP25-1067-11,SP25Mx1067 WILLIAMS S,1,ROD25.4,A706-GR.60,65f11e0a-1b4c-4d49-9484-ac7abe17c5f6
W10-57,piece-to-piece,EMBED,SP25-1067-31,,1,PD66.675*15.875,A706-GR.60,35cf47b7-6bbf-4d9c-969f-868bca4b1661
W10-57,piece-to-piece,EMBED,SP25-1067-21,,1,ROD41.275,A706-GR.60,5dc2ca96-1225-4dda-b43f-16afa77d3b00
W10-57,piece-to-piece,INSERT,SP25-1067-11,SP25Mx1067 WILLIAMS S,1,ROD25.4,A706-GR.60,70d1f511-1dbf-42ef-83fb-428eaa3f7325
W10-57,piece-to-piece,EMBED,SP25-1067-31,,1,PD66.675*15.875,A706-GR.60,3c10f3d4-d564-4e30-b63a-7d7c2ae3f36f
W10-57,piece-to-piece,EMBED,SP25-1067-21,,1,ROD41.275,A706-GR.60,b8115c7e-4dc6-40c0-91ba-03a494c06765
W10-57,piece-to-piece,INSERT,SP25-1067-11,SP25Mx1067 WILLIAMS S,1,ROD25.4,A706-GR.60,465f8d13-4fd0-462e-bcef-24c067eb1723
W10-57,piece-to-piece,EMBED,SP25-1067-31,,1,PD66.675*15.875,A706-GR.60,62c3cd13-51fc-46dd-8552-8ede35e3f5d1
W10-57,piece-to-piece,EMBED,SP25-1067-21,,1,ROD41.275,A706-GR.60,79b7125d-9ed9-4e25-83cf-d6d5af346978
W10-57,piece-to-piece,INSERT,SP25-1067-11,SP25Mx1067 WILLIAMS S,1,ROD25.4,A706-GR.60,6e4650d8-9b29-4f14-b843-83f4dec7544b
W10-57,piece-to-piece,EMBED,SP25-1067-31,,1,PD66.675*15.875,A706-GR.60,2654ce78-ee40-4b96-ada9-37c93732d374
W10-57,piece-to-piece,EMBED,SP25-1067-21,,1,ROD41.275,A706-GR.60,7c4da71e-c9eb-4a56-9666-be814b4a56ef
W10-57,piece-to-piece,INSERT,SP25-1067-11,SP25Mx1067 WILLIAMS S,1,ROD25.4,A706-GR.60,33f8f7e3-8842-4a1d-b1d1-e11de4ab0174
W10-57,piece-to-piece,EMBED,SP25-1067-31,,1,PD66.675*15.875,A706-GR.60,212a2df0-6449-4c8c-a9df-2d1759f378bd
W10-57,piece-to-piece,EMBED,SP25-1067-21,,1,ROD41.275,A706-GR.60,ffeb0c61-5a4b-4a6f-939c-5ff16512bf8c
W10-57,piece-to-piece,INSERT,SP25-1067-11,SP25Mx1067 WILLIAMS S,1,ROD25.4,A706-GR.60,987a23f7-2ce5-4ca2-84c5-f4ea865c585a
W10-57,piece-to-piece,EMBED,SP25-1067-31,,1,PD66.675*15.875,A706-GR.60,20c5da2f-8e2f-4d01-bdf4-2cb5b2150c3b
W10-57,piece-to-piece,EMBED,SP25-1067-21,,1,ROD41.275,A706-GR.60,cd26ab62-7e26-40f5-a02b-eca50cc5f5fe
W10-57,piece-to-piece,INSERT,SP25-1067-11,SP25Mx1067 WILLIAMS S,1,ROD25.4,A706-GR.60,de5b67a8-212a-422e-965f-a87d605731c3
W10-57,piece-to-piece,EMBED,SP25-1067-31,,1,PD66.675*15.875,A706-GR.60,15089eb3-68a8-4f1f-ab51-488e6ef40f4d
W10-57,piece-to-piece,EMBED,SP25-1067-21,,1,ROD41.275,A706-GR.60,bdb6b25f-f5b3-4729-8e27-3a955f6ad0af
W10-57,piece-to-piece,INSERT,SP30-1219-11,30Mx1219 WILLIAMS SPL,1,ROD30.16,A706-GR.60,239dc1b8-cfc0-4317-b0bb-7ec3c9040152
W10-57,piece-to-piece,EMBED,SP30-1219-31,,1,PD71.438*19.05,A706-GR.60,25688bb5-dc04-4fef-a013-8b55b4fb416a
W10-57,piece-to-piece,EMBED,SP30-1219-21,,1,ROD44.45,A706-GR.60,22489b9a-4fb7-4a91-9b1f-114af0ce2531
W10-57,piece-to-piece,GROUT_TUBE,GT76-254,76Øx254mm G.TUBE,1,ROD76.2,Zero_Density,411a91c2-5cfa-49f6-a084-2601bf870ce1
W10-57,piece-to-piece,GROUT_TUBE,GT76-254,76Øx254mm G.TUBE,1,ROD76.2,Zero_Density,6f0daa8f-2fa0-42f4-88b9-c31c8aae8617
W10-57,piece-to-piece,GROUT_TUBE,GT76-254,76Øx254mm G.TUBE,1,ROD76.2,Zero_Density,7d79451e-2b1d-43ac-96cb-03aeb5bfcdf6
W10-57,piece-to-piece,GROUT_TUBE,GT76-254,76Øx254mm G.TUBE,1,ROD76.2,Zero_Density,2e919297-ba6e-4442-817d-a64af9e638b9
W10-57,piece-to-piece,GROUT_TUBE,GT76-254,76Øx254mm G.TUBE,1,ROD76.2,Zero_Density,c1dba4c7-6136-478b-becf-19b4128506fc
W10-57,piece-to-piece,GROUT_TUBE,GT76-254,76Øx254mm G.TUBE,1,ROD76.2,Zero_Density,87d0357f-6dc1-471d-acae-83ae07cef394
W10-57,piece-to-piece,CONDUIT,CNDT37,19MM CONDUIT,1,ROD19,Zero_Density,3fe5e46a-0166-4067-8872-a89653115138
W10-57,piece-to-piece,PLATE,EB-S-PL1,Single Plastic Electr,1,160*50.8,Zero_Density,b21d1632-69a2-4843-a2d4-37e1a3da5c38
W10-57,piece-to-piece,EMBED,P-602-11,13PL. W/STUD,1,PL101.6*12.7,A572-GR.50,d2ad0899-41bf-4a60-a044-bfed8518db92
W10-57,piece-to-piece,EMBED,P-602-21,,1,STUD_1/2-DIA,A108-C1010-1020,30d2bcb9-54d5-486a-9af7-c0ecefc51d01
W10-57,piece-to-piece,INSERT,P-300-11,19Ø INSERT (NC),1,ROD23.813,A36,6b134772-0577-4622-9f6b-0d9bfaae2ad2
W10-57,piece-to-piece,EMBED,P-300-21,,1,ROD6.35,A36,1eaff65f-76d8-4605-92e5-c7c14c6857ef
W10-57,piece-to-piece,INSERT,P-300-11,19Ø INSERT (NC),1,ROD23.813,A36,8c32e54f-474f-4a0d-8960-fd96013fbf59
W10-57,piece-to-piece,EMBED,P-300-21,,1,ROD6.35,A36,f6e43799-9c0d-4418-93e9-265258b69e92
W10-57,piece-to-piece,ANCHOR,P-205-11,12000LB FORGED ANCHOR,1,PL15.88,A36,bced97d0-251f-40f6-bdfe-0738796863d1
W10-57,piece-to-piece,EMBED,P-205-21,,1,PL76.2*12.7,A36,ce3200fb-25ed-49c5-a3e0-d592686173fc
W10-57,piece-to-piece,EMBED,P-205-31,,1,SPHERE47.625,A36,4648e848-4c33-4b21-8a4d-09bc6554b22d
W10-57,piece-to-piece,EMBED,P-205-32,,1,PL54,Steel_Undefined,c5b97e9e-d613-4699-a645-eaa56e2283e2
W10-57,piece-to-piece,ANCHOR,P-205-11,12000LB FORGED ANCHOR,1,PL15.88,A36,b2de9722-503b-42be-9c4d-e80a402e9ee8
W10-57,piece-to-piece,EMBED,P-205-21,,1,PL76.2*12.7,A36,b9b1e56f-4079-4ac1-8509-fedaab2f37bd
W10-57,piece-to-piece,EMBED,P-205-31,,1,SPHERE47.625,A36,68ca50b1-62cb-431a-87a5-b7706940f719
W10-57,piece-to-piece,EMBED,P-205-32,,1,PL54,Steel_Undefined,3f064e2b-96f8-44cd-a2de-d4df228a58d7
W10-57,piece-to-piece,ANCHOR,P-205-11,12000LB FORGED ANCHOR,1,PL15.88,A36,919d3ffe-a354-4240-802c-c34956ced70f
W10-57,piece-to-piece,EMBED,P-205-21,,1,PL76.2*12.7,A36,fdf123d2-0670-48f1-87d7-1af682ff5671
W10-57,piece-to-piece,EMBED,P-205-31,,1,SPHERE47.625,A36,3024543f-7d7a-4b6a-980a-1abaf33f6b92
W10-57,piece-to-piece,EMBED,P-205-32,,1,PL54,Steel_Undefined,1da7f966-7d6f-482d-b96d-83b0eae50a8f
W10-57,piece-to-piece,ANCHOR,P-205-11,12000LB FORGED ANCHOR,1,PL15.88,A36,da4c567b-5c93-4408-b1f6-c7378d8a9a2c
W10-57,piece-to-piece,EMBED,P-205-21,,1,PL76.2*12.7,A36,b774d974-9357-4741-a993-57d4268d91f8
W10-57,piece-to-piece,EMBED,P-205-31,,1,SPHERE47.625,A36,d4e1ef11-1676-40f4-8762-e68514745e5b
W10-57,piece-to-piece,EMBED,P-205-32,,1,PL54,Steel_Undefined,c740a58c-6571-43ae-b4c1-922b55651ce2
W10-178,piece-to-piece,EMBED,MPX11,V REVEAL LARGE,1,TRIANGLE12.7*12.7,Misc_Undefined,8aa49c69-e545-42a6-a71d-85f1f8826451
W10-178,piece-to-piece,INSERT,P-300-11,19Ø INSERT (NC),1,ROD23.813,A36,031e12d1-647d-4017-a153-25f9e5ba1f4c
W10-178,piece-to-piece,EMBED,P-300-21,,1,ROD6.35,A36,5adefd3d-a9a7-4e87-8147-3e9123bd1211
W10-178,piece-to-piece,INSERT,P-300-11,19Ø INSERT (NC),1,ROD23.813,A36,429eccd9-636b-4e7c-8cee-c23368efe38c
W10-178,piece-to-piece,EMBED,P-300-21,,1,ROD6.35,A36,cd40298b-5038-4171-8d29-67c0e07147b1
W10-178,piece-to-piece,INSERT,P-300-11,19Ø INSERT (NC),1,ROD23.813,A36,1a019b19-a5af-4ad8-8d2c-e836032dd513
W10-178,piece-to-piece,EMBED,P-300-21,,1,ROD6.35,A36,1f9c65ee-88fa-41fd-87f2-0cf44c661438
W10-178,piece-to-piece,GROUT_TUBE,GT75-686,75Ø x 686 GROUT TUBE,1,ROD76,Zero_Density,c84c2305-895f-4722-9527-f562ce7f1491
W10-178,piece-to-piece,GROUT_TUBE,GT75-686,75Ø x 686 GROUT TUBE,1,ROD76,Zero_Density,fdbf3e82-3fad-4a1d-b194-348539fc6abf
W10-178,piece-to-piece,INSERT,SP15-457-11,15Mx457 WILLIAMS SPL,1,ROD16,400W,181a8ff0-1112-4c47-b8b9-e2832996730f
W10-178,piece-to-piece,INSERT,SP15-457-31,,1,PD52.387*12.7,400W,4ee95c25-d29d-420f-931e-30279ad0ba84
W10-178,piece-to-piece,INSERT,SP15-457-21,,1,ROD26.987,400W,a5bc52ea-8e1a-4b82-a9ff-0d5c92bec56e
W10-178,piece-to-piece,INSERT,SP15-457-11,15Mx457 WILLIAMS SPL,1,ROD16,400W,ab91d091-83dd-46ee-821a-596ac91a45fa
W10-178,piece-to-piece,INSERT,SP15-457-31,,1,PD52.387*12.7,400W,6b53c1e8-d01e-4e20-8492-84dfe6074c0f
W10-178,piece-to-piece,INSERT,SP15-457-21,,1,ROD26.987,400W,8bad9374-c181-4118-b821-9b3b8c70d927
W10-178,piece-to-piece,GROUT_TUBE,GT75-1219,75Ø x 1219 GROUT TUBE,1,ROD76,Zero_Density,1a01feaa-a7f6-4130-9b50-4d44eba93e83
W10-178,piece-to-piece,GROUT_TUBE,GT75-1219,75Ø x 1219 GROUT TUBE,1,ROD76,Zero_Density,bf7a21cc-a3ec-480b-afd1-f50fc5792fe6
W10-178,piece-to-piece,GROUT_TUBE,GT75-1219,75Ø x 1219 GROUT TUBE,1,ROD76,Zero_Density,b1dab1a1-b9c1-43b4-a53b-75a9654f2e18
W10-178,piece-to-piece,GROUT_TUBE,GT75-1219,75Ø x 1219 GROUT TUBE,1,ROD76,Zero_Density,1bdf15c6-44a7-4cea-ad79-4aad172f52de
W10-178,piece-to-piece,GROUT_TUBE,GT75-1219,75Ø x 1219 GROUT TUBE,1,ROD76,Zero_Density,83f086fa-8b01-4f65-8245-b2ba3554b1fc
W10-178,piece-to-piece,GROUT_TUBE,GT75-1219,75Ø x 1219 GROUT TUBE,1,ROD76,Zero_Density,5f67fcf1-43c4-49a3-8934-afa6afb59425
W10-178,piece-to-piece,GROUT_TUBE,GT75-1219,75Ø x 1219 GROUT TUBE,1,ROD76,Zero_Density,7f7da782-eddd-447f-abc8-104b044a6982
W10-178,piece-to-piece,GROUT_TUBE,GT75-1219,75Ø x 1219 GROUT TUBE,1,ROD76,Zero_Density,bc711059-ccc7-4551-9a42-bceb50e355f8
W10-178,piece-to-piece,GROUT_TUBE,GT100-1219-11,100Øx1219 GROUT TUBE,1,ROD102,Zero_Density,b178b75d-63c4-44d0-9684-4a3f3e06b2b5
W10-178,piece-to-piece,GROUT_TUBE,GT100-1219-21,,1,ROD110,Zero_Density,74ac3ce9-ef16-4ae1-afd0-c7fc1dc92181
W10-178,piece-to-piece,GROUT_TUBE,GT100-1219-31,,1,ROD76,Zero_Density,806b18dc-5c49-46f5-9099-942c354067d2
W10-178,piece-to-piece,INSERT,SP25-1067-11,SP25Mx1067 WILLIAMS S,1,ROD25.4,A706-GR.60,aea7f932-d095-44b0-b916-3e07db2c6cc8
W10-178,piece-to-piece,EMBED,SP25-1067-31,,1,PD66.675*15.875,A706-GR.60,7112932e-eaa0-48d2-9ae2-35df2441dff9
W10-178,piece-to-piece,EMBED,SP25-1067-21,,1,ROD41.275,A706-GR.60,8f69d214-6457-4d02-bc90-0d2618fcffd1
W10-178,piece-to-piece,INSERT,SP25-1067-11,SP25Mx1067 WILLIAMS S,1,ROD25.4,A706-GR.60,1a01035b-9ecb-4afe-a4d7-0bc24eca106a
W10-178,piece-to-piece,EMBED,SP25-1067-31,,1,PD66.675*15.875,A706-GR.60,f654da67-631e-44e6-9430-575b9c8b2595
W10-178,piece-to-piece,EMBED,SP25-1067-21,,1,ROD41.275,A706-GR.60,f9d1323c-f183-4428-96c7-61967facc884
W10-178,piece-to-piece,INSERT,SP25-1067-11,SP25Mx1067 WILLIAMS S,1,ROD25.4,A706-GR.60,d961806a-64a5-420c-96c9-1d4c3c0c3ab9
W10-178,piece-to-piece,EMBED,SP25-1067-31,,1,PD66.675*15.875,A706-GR.60,f78a9330-b316-4064-a325-09182cdd78d1
W10-178,piece-to-piece,EMBED,SP25-1067-21,,1,ROD41.275,A706-GR.60,ed49b5b2-6399-4aa1-aef1-2d232b778304
W10-178,piece-to-piece,INSERT,SP25-1067-11,SP25Mx1067 WILLIAMS S,1,ROD25.4,A706-GR.60,3d51155c-39d3-468f-84a6-51ad7c37e463
W10-178,piece-to-piece,EMBED,SP25-1067-31,,1,PD66.675*15.875,A706-GR.60,d789533b-2a98-41fb-ac29-7a575a9d7a8b
W10-178,piece-to-piece,EMBED,SP25-1067-21,,1,ROD41.275,A706-GR.60,8894c980-65b9-460d-afbb-3271a8b638ec
W10-178,piece-to-piece,INSERT,SP25-1067-11,SP25Mx1067 WILLIAMS S,1,ROD25.4,A706-GR.60,4abdaeef-3cc0-49d9-acc7-a48fd6f414e3
W10-178,piece-to-piece,EMBED,SP25-1067-31,,1,PD66.675*15.875,A706-GR.60,ccb48792-f1e9-4207-a6d3-64af645e52a6
W10-178,piece-to-piece,EMBED,SP25-1067-21,,1,ROD41.275,A706-GR.60,5c906ec7-4473-48c8-9ad6-5a7f601ab67f
W10-178,piece-to-piece,INSERT,SP25-1067-11,SP25Mx1067 WILLIAMS S,1,ROD25.4,A706-GR.60,6aad6276-4fb0-4642-bdf0-5e03a0d4ea1a
W10-178,piece-to-piece,EMBED,SP25-1067-31,,1,PD66.675*15.875,A706-GR.60,32f5ffef-9a82-4d21-9291-24991dff2fc4
W10-178,piece-to-piece,EMBED,SP25-1067-21,,1,ROD41.275,A706-GR.60,b970d8d5-0186-4aea-a16c-6f133ab3513b
W10-178,piece-to-piece,INSERT,SP25-1067-11,SP25Mx1067 WILLIAMS S,1,ROD25.4,A706-GR.60,f7e31dfe-c228-445d-a06a-eb94eed140e7
W10-178,piece-to-piece,EMBED,SP25-1067-31,,1,PD66.675*15.875,A706-GR.60,c1f78b9c-f6f2-4dfb-8dd7-73ece1b639f8
W10-178,piece-to-piece,EMBED,SP25-1067-21,,1,ROD41.275,A706-GR.60,df2d7fc3-17b2-4dbc-a22f-6c4bb7654987
W10-178,piece-to-piece,INSERT,SP25-1067-11,SP25Mx1067 WILLIAMS S,1,ROD25.4,A706-GR.60,0061d7d8-0c5b-4a83-9998-42b1dbaa0e1f
W10-178,piece-to-piece,EMBED,SP25-1067-31,,1,PD66.675*15.875,A706-GR.60,358fdc28-f208-46b0-b515-5ca9c842ec3c
W10-178,piece-to-piece,EMBED,SP25-1067-21,,1,ROD41.275,A706-GR.60,09230783-15ce-4b9e-82e9-d4bdc037804c
W10-178,piece-to-piece,INSERT,SP30-1219-11,30Mx1219 WILLIAMS SPL,1,ROD30.16,A706-GR.60,ee462eed-73c0-4b24-a16f-90307925c692
W10-178,piece-to-piece,EMBED,SP30-1219-31,,1,PD71.438*19.05,A706-GR.60,b0ec11d0-172a-4f56-bfd0-0b7ed0b49a01
W10-178,piece-to-piece,EMBED,SP30-1219-21,,1,ROD44.45,A706-GR.60,a0f7d269-b64f-4360-85bd-51e854f6421a
W10-178,piece-to-piece,GROUT_TUBE,GT76-254,76Øx254mm G.TUBE,1,ROD76.2,Zero_Density,83558ed4-9104-4795-af4d-c55c5d59d9a0
W10-178,piece-to-piece,GROUT_TUBE,GT76-254,76Øx254mm G.TUBE,1,ROD76.2,Zero_Density,22309b1c-4f7e-43a1-ae1f-5274ffd9d0f6
W10-178,piece-to-piece,GROUT_TUBE,GT76-254,76Øx254mm G.TUBE,1,ROD76.2,Zero_Density,4f9bb620-cc51-4a0d-adc9-a5b86e50a020
W10-178,piece-to-piece,GROUT_TUBE,GT76-254,76Øx254mm G.TUBE,1,ROD76.2,Zero_Density,985acbf9-4027-4e6b-aff9-56907c486835
W10-178,piece-to-piece,GROUT_TUBE,GT76-254,76Øx254mm G.TUBE,1,ROD76.2,Zero_Density,5b9eccf3-e2c8-4485-aef8-d11613929644
W10-178,piece-to-piece,GROUT_TUBE,GT76-254,76Øx254mm G.TUBE,1,ROD76.2,Zero_Density,ad1840fc-916c-49a3-be4f-d783b0240992
W10-178,piece-to-piece,CONDUIT,CNDT37,19MM CONDUIT,1,ROD19,Zero_Density,63e0c04d-445a-4cf0-831e-01caa16f5084
W10-178,piece-to-piece,PLATE,EB-S-PL1,Single Plastic Electr,1,160*50.8,Zero_Density,8522dfd7-12b5-463b-8b75-1b72af045b97
W10-178,piece-to-piece,EMBED,P-602-11,13PL. W/STUD,1,PL101.6*12.7,A572-GR.50,166a57ee-c14e-4f1f-b124-f4879e1bf5a3
W10-178,piece-to-piece,EMBED,P-602-21,,1,STUD_1/2-DIA,A108-C1010-1020,f9d9563d-6f15-4e3e-b2d4-b4e3f9869aab
W10-178,piece-to-piece,INSERT,P-300-11,19Ø INSERT (NC),1,ROD23.813,A36,fc036389-e19f-4a8a-befd-74e0ac089ead
W10-178,piece-to-piece,EMBED,P-300-21,,1,ROD6.35,A36,79ea4d65-6e0b-4cc6-8135-6b964e3c5244
W10-178,piece-to-piece,INSERT,P-300-11,19Ø INSERT (NC),1,ROD23.813,A36,edb275e1-3640-45ad-bedc-e62bba53aea8
W10-178,piece-to-piece,EMBED,P-300-21,,1,ROD6.35,A36,ffb50872-44fc-4b8c-8d51-c8bab09b7974
W10-178,piece-to-piece,ANCHOR,P-205-11,12000LB FORGED ANCHOR,1,PL15.88,A36,9d7a90ab-b492-48de-b7a2-1449b8633b9e
W10-178,piece-to-piece,EMBED,P-205-21,,1,PL76.2*12.7,A36,4224d62a-0362-49d7-b2aa-29c2545d45ef
W10-178,piece-to-piece,EMBED,P-205-31,,1,SPHERE47.625,A36,6f931d74-762d-45d8-9517-f86cdba2c15d
W10-178,piece-to-piece,EMBED,P-205-32,,1,PL54,Steel_Undefined,a31705fb-a611-40ba-b5b6-3348f93dc0c8
W10-178,piece-to-piece,ANCHOR,P-205-11,12000LB FORGED ANCHOR,1,PL15.88,A36,07181396-3c1a-40cd-9975-046cc2887014
W10-178,piece-to-piece,EMBED,P-205-21,,1,PL76.2*12.7,A36,086b8b22-a763-4e4d-9754-49ab11c9004f
W10-178,piece-to-piece,EMBED,P-205-31,,1,SPHERE47.625,A36,fac693cb-e466-41ac-b275-e5435790fc72
W10-178,piece-to-piece,EMBED,P-205-32,,1,PL54,Steel_Undefined,f3dd06c6-8fe5-476c-ac4c-652da107aa7e
W10-178,piece-to-piece,ANCHOR,P-205-11,12000LB FORGED ANCHOR,1,PL15.88,A36,5ca0b56d-6af5-4e56-872c-a337027a29ba
W10-178,piece-to-piece,EMBED,P-205-21,,1,PL76.2*12.7,A36,205d42d1-057b-4c67-a2e6-710183e1da0b
W10-178,piece-to-piece,EMBED,P-205-31,,1,SPHERE47.625,A36,2a4bbf2b-53f1-42d9-ac64-2b3e58fc1296
W10-178,piece-to-piece,EMBED,P-205-32,,1,PL54,Steel_Undefined,50fa28c7-35b9-4157-9687-c1c46c86bcdc
W10-178,piece-to-piece,ANCHOR,P-205-11,12000LB FORGED ANCHOR,1,PL15.88,A36,fae6ed5c-2581-466e-990d-5c2d0accb88b
W10-178,piece-to-piece,EMBED,P-205-21,,1,PL76.2*12.7,A36,0e055b0e-cd06-49ca-bf49-8f9d5410b1eb
W10-178,piece-to-piece,EMBED,P-205-31,,1,SPHERE47.625,A36,a5a539d4-42fe-4646-aaf8-43893dd4cded
W10-178,piece-to-piece,EMBED,P-205-32,,1,PL54,Steel_Undefined,f6cd9d06-c8f5-496d-a57d-465904777bd4
W10-56,piece-to-piece,EMBED,MPX11,V REVEAL LARGE,1,TRIANGLE12.7*12.7,Misc_Undefined,035b16b1-b2c1-4708-a063-63c2623b6307
W10-56,piece-to-piece,INSERT,P-300-11,19Ø INSERT (NC),1,ROD23.813,A36,547d0ebc-47f4-4021-88f3-bbe4f84e356b
W10-56,piece-to-piece,EMBED,P-300-21,,1,ROD6.35,A36,0049ed61-bde0-496b-8a07-37475f028aef
W10-56,piece-to-piece,INSERT,P-300-11,19Ø INSERT (NC),1,ROD23.813,A36,d324b16d-7385-4a95-9f35-7bf95d7fec23
W10-56,piece-to-piece,EMBED,P-300-21,,1,ROD6.35,A36,e6ed49bf-f189-4e95-8110-aadbb4e236f3
W10-56,piece-to-piece,INSERT,P-300-11,19Ø INSERT (NC),1,ROD23.813,A36,b326ba09-7276-4395-905a-314f261fef15
W10-56,piece-to-piece,EMBED,P-300-21,,1,ROD6.35,A36,5b0d6539-9ab0-4bba-b85d-305edba6952f
W10-56,piece-to-piece,GROUT_TUBE,GT75-1219,75Ø x 1219 GROUT TUBE,1,ROD76,Zero_Density,f0d1c38a-8ae4-46f3-9143-c7c9e2889069
W10-56,piece-to-piece,GROUT_TUBE,GT75-1219,75Ø x 1219 GROUT TUBE,1,ROD76,Zero_Density,0d7b601d-ea02-4e6e-9c9c-8efe1b75ec37
W10-56,piece-to-piece,GROUT_TUBE,GT75-1219,75Ø x 1219 GROUT TUBE,1,ROD76,Zero_Density,bd9b46aa-890c-43ee-ad0d-9da7ef170641
W10-56,piece-to-piece,GROUT_TUBE,GT75-1219,75Ø x 1219 GROUT TUBE,1,ROD76,Zero_Density,b5cf33dc-37ed-486a-9988-36b50d302a73
W10-56,piece-to-piece,GROUT_TUBE,GT75-686,75Ø x 686 GROUT TUBE,1,ROD76,Zero_Density,0bc1cb76-f40e-49af-8f60-e72b681cb0dc
W10-56,piece-to-piece,GROUT_TUBE,GT75-686,75Ø x 686 GROUT TUBE,1,ROD76,Zero_Density,c6aca677-1dfe-4738-952c-bd972373fc5f
W10-56,piece-to-piece,GROUT_TUBE,GT75-1219,75Ø x 1219 GROUT TUBE,1,ROD76,Zero_Density,c8bccb96-753e-4a2a-9b06-c3d82bd78b9e
W10-56,piece-to-piece,INSERT,SP25-1067-11,SP25Mx1067 WILLIAMS S,1,ROD25.4,A706-GR.60,dcf341df-caa0-4888-ab6f-a56ca1216299
W10-56,piece-to-piece,EMBED,SP25-1067-31,,1,PD66.675*15.875,A706-GR.60,b6c5b57f-5cbc-482e-89a2-72c47ef9eacb
W10-56,piece-to-piece,EMBED,SP25-1067-21,,1,ROD41.275,A706-GR.60,0d76402d-aeb7-4463-9191-fc8c4ddc09df
W10-56,piece-to-piece,INSERT,SP25-1067-11,SP25Mx1067 WILLIAMS S,1,ROD25.4,A706-GR.60,86525bb1-3838-427f-b914-41255e1f9f23
W10-56,piece-to-piece,EMBED,SP25-1067-31,,1,PD66.675*15.875,A706-GR.60,1ed3da1b-5eeb-4537-8a74-78f6e9d74d24
W10-56,piece-to-piece,EMBED,SP25-1067-21,,1,ROD41.275,A706-GR.60,db11da89-fc6a-43e9-ad50-470e2e2e0e05
W10-56,piece-to-piece,INSERT,SP25-1067-11,SP25Mx1067 WILLIAMS S,1,ROD25.4,A706-GR.60,9714e266-c062-4a5f-ba10-6adb9173133c
W10-56,piece-to-piece,EMBED,SP25-1067-31,,1,PD66.675*15.875,A706-GR.60,b43c6f90-b521-44e4-a65b-74185768c8a3
W10-56,piece-to-piece,EMBED,SP25-1067-21,,1,ROD41.275,A706-GR.60,6d2e6f6b-a7af-4069-8838-86539b42ea77
W10-56,piece-to-piece,INSERT,SP25-1067-11,SP25Mx1067 WILLIAMS S,1,ROD25.4,A706-GR.60,97a689e2-e6cf-438a-87fc-4301ff5a0317
W10-56,piece-to-piece,EMBED,SP25-1067-31,,1,PD66.675*15.875,A706-GR.60,66945f16-bd40-4a92-9617-17d95eb29f0c
W10-56,piece-to-piece,EMBED,SP25-1067-21,,1,ROD41.275,A706-GR.60,847229f3-6ff5-4760-a72e-2d0b8b993c92
W10-56,piece-to-piece,INSERT,SP15-457-11,15Mx457 WILLIAMS SPL,1,ROD16,400W,287be22d-a0ca-4549-a1e9-f234e6b3c3ae
W10-56,piece-to-piece,INSERT,SP15-457-31,,1,PD52.387*12.7,400W,2bfd6ca8-0b9f-437a-abc1-bca5b79ca082
W10-56,piece-to-piece,INSERT,SP15-457-21,,1,ROD26.987,400W,62667b0e-5fc8-4018-aacc-9b6b42525bf0
W10-56,piece-to-piece,INSERT,SP15-457-11,15Mx457 WILLIAMS SPL,1,ROD16,400W,48089f59-12a4-49d5-9182-ceb48bed38d8
W10-56,piece-to-piece,INSERT,SP15-457-31,,1,PD52.387*12.7,400W,59ab612d-42f8-4857-977b-1f4a0fe17128
W10-56,piece-to-piece,INSERT,SP15-457-21,,1,ROD26.987,400W,a160bcab-9152-4c32-9145-11a9ef36e25d
W10-56,piece-to-piece,INSERT,SP25-1067-11,SP25Mx1067 WILLIAMS S,1,ROD25.4,A706-GR.60,9bb9c090-a677-44a1-a93d-dc528eda3a57
W10-56,piece-to-piece,EMBED,SP25-1067-31,,1,PD66.675*15.875,A706-GR.60,60def3de-d306-4f9e-b22b-0e1893cb23fc
W10-56,piece-to-piece,EMBED,SP25-1067-21,,1,ROD41.275,A706-GR.60,513cdd86-8d8f-4878-bb4f-1efaeddb8318
W10-56,piece-to-piece,INSERT,SP25-1067-11,SP25Mx1067 WILLIAMS S,1,ROD25.4,A706-GR.60,614db86a-94a9-4a19-b2c7-a641253e23ac
W10-56,piece-to-piece,EMBED,SP25-1067-31,,1,PD66.675*15.875,A706-GR.60,0ab73cdb-f554-4a76-a6ac-c4e9e24c76f5
W10-56,piece-to-piece,EMBED,SP25-1067-21,,1,ROD41.275,A706-GR.60,4644748a-d88c-4f37-8a0c-2573adc28d7f
W10-56,piece-to-piece,INSERT,SP25-1067-11,SP25Mx1067 WILLIAMS S,1,ROD25.4,A706-GR.60,dfd30f25-5275-47c4-8913-5bd325fe2908
W10-56,piece-to-piece,EMBED,SP25-1067-31,,1,PD66.675*15.875,A706-GR.60,47ac005e-e2c0-4621-982d-217458c01025
W10-56,piece-to-piece,EMBED,SP25-1067-21,,1,ROD41.275,A706-GR.60,e95c6bcf-6c3b-4e79-850d-a72cba9c2b7c
W10-56,piece-to-piece,INSERT,SP25-1067-11,SP25Mx1067 WILLIAMS S,1,ROD25.4,A706-GR.60,77cf40b3-02f4-4efa-8a15-65f68dd0d78d
W10-56,piece-to-piece,EMBED,SP25-1067-31,,1,PD66.675*15.875,A706-GR.60,1999a777-38d9-41d1-9097-5c69b8e4eb2d
W10-56,piece-to-piece,EMBED,SP25-1067-21,,1,ROD41.275,A706-GR.60,a4f610e1-abdb-44ed-adfb-6c8b54c7d972
W10-56,piece-to-piece,GROUT_TUBE,GT75-1219,75Ø x 1219 GROUT TUBE,1,ROD76,Zero_Density,40e0219c-1570-492a-8545-ce231f2728aa
W10-56,piece-to-piece,GROUT_TUBE,GT75-1219,75Ø x 1219 GROUT TUBE,1,ROD76,Zero_Density,ddeb771f-4933-4e51-999a-7b3f0041fd33
W10-56,piece-to-piece,GROUT_TUBE,GT75-1219,75Ø x 1219 GROUT TUBE,1,ROD76,Zero_Density,8d9e1923-81d6-439d-b89a-d5eb620d6297
W10-56,piece-to-piece,GROUT_TUBE,GT100-1219-11,100Øx1219 GROUT TUBE,1,ROD102,Zero_Density,6f7e1e68-a526-496b-b321-a4ab9dc784cd
W10-56,piece-to-piece,GROUT_TUBE,GT100-1219-21,,1,ROD110,Zero_Density,8a63c03d-aa30-4f59-8804-c38f9ebcff72
W10-56,piece-to-piece,GROUT_TUBE,GT100-1219-31,,1,ROD76,Zero_Density,fc907ce7-3885-4618-9f7c-4cb4f056eee7
W10-56,piece-to-piece,INSERT,SP30-1219-11,30Mx1219 WILLIAMS SPL,1,ROD30.16,A706-GR.60,3f4f4653-7420-4dc4-ba2d-b633dae513b2
W10-56,piece-to-piece,EMBED,SP30-1219-31,,1,PD71.438*19.05,A706-GR.60,31e77c3e-7bba-470b-88df-b90b0089b31b
W10-56,piece-to-piece,EMBED,SP30-1219-21,,1,ROD44.45,A706-GR.60,5a5ba55b-f4b9-4ca5-9cca-04adb17ef844
W10-56,piece-to-piece,GROUT_TUBE,GT76-254,76Øx254mm G.TUBE,1,ROD76.2,Zero_Density,9d932267-753d-4350-8296-a52aed382137
W10-56,piece-to-piece,GROUT_TUBE,GT76-254,76Øx254mm G.TUBE,1,ROD76.2,Zero_Density,0a407438-65f6-453f-93df-019e7dd7c3c2
W10-56,piece-to-piece,GROUT_TUBE,GT76-254,76Øx254mm G.TUBE,1,ROD76.2,Zero_Density,70fb0b74-37c8-46a4-b5d9-9c0ec7cec99d
W10-56,piece-to-piece,GROUT_TUBE,GT76-254,76Øx254mm G.TUBE,1,ROD76.2,Zero_Density,76d44671-34a5-419d-a146-8ad367aa7f33
W10-56,piece-to-piece,GROUT_TUBE,GT76-254,76Øx254mm G.TUBE,1,ROD76.2,Zero_Density,d2ce935f-1b3b-4971-a334-3414ad82b075
W10-56,piece-to-piece,GROUT_TUBE,GT76-254,76Øx254mm G.TUBE,1,ROD76.2,Zero_Density,5ac7177f-c86f-485b-a938-7f449aac384a
W10-56,piece-to-piece,CONDUIT,CNDT37,19MM CONDUIT,1,ROD19,Zero_Density,ab51b616-6a67-41b4-87e0-5095c999591b
W10-56,piece-to-piece,PLATE,EB-S-PL1,Single Plastic Electr,1,160*50.8,Zero_Density,658a35d4-02d2-48ed-9989-33f90fc02f5c
W10-56,piece-to-piece,EMBED,P-602-11,13PL. W/STUD,1,PL101.6*12.7,A572-GR.50,88f76659-c149-46e4-ba25-29c13d019871
W10-56,piece-to-piece,EMBED,P-602-21,,1,STUD_1/2-DIA,A108-C1010-1020,76a59c77-334a-4cc1-b599-0ec8b4b17011
W10-56,piece-to-piece,INSERT,P-300-11,19Ø INSERT (NC),1,ROD23.813,A36,8305e78e-9a4e-4c46-9614-ab0c2be0b4f4
W10-56,piece-to-piece,EMBED,P-300-21,,1,ROD6.35,A36,aab3ab0d-f18d-443b-845a-581aa3d88cf4
W10-56,piece-to-piece,INSERT,P-300-11,19Ø INSERT (NC),1,ROD23.813,A36,800c1dd0-9750-4d1e-b391-4fb31026f466
W10-56,piece-to-piece,EMBED,P-300-21,,1,ROD6.35,A36,4e1813d0-90f1-4253-9760-dfac581317aa
W10-56,piece-to-piece,ANCHOR,P-205-11,12000LB FORGED ANCHOR,1,PL15.88,A36,cd648753-72f3-4878-8f18-0cda596ae515
W10-56,piece-to-piece,EMBED,P-205-21,,1,PL76.2*12.7,A36,9651e8c3-da53-4fb1-8b09-1a62d9192aa5
W10-56,piece-to-piece,EMBED,P-205-31,,1,SPHERE47.625,A36,fddad835-0a35-4d94-850c-b10c5e123f9c
W10-56,piece-to-piece,EMBED,P-205-32,,1,PL54,Steel_Undefined,05ef4809-5fcc-490f-8c26-2a47bfcf8675
W10-56,piece-to-piece,ANCHOR,P-205-11,12000LB FORGED ANCHOR,1,PL15.88,A36,1d28aebe-3d86-4991-8711-354a4deeded3
W10-56,piece-to-piece,EMBED,P-205-21,,1,PL76.2*12.7,A36,96688db9-6a32-42d2-8017-9f71ac1aa3ac
W10-56,piece-to-piece,EMBED,P-205-31,,1,SPHERE47.625,A36,6a0498ad-891f-4934-a8cb-267978a28e8c
W10-56,piece-to-piece,EMBED,P-205-32,,1,PL54,Steel_Undefined,0c87bb61-8c12-41ba-9050-d11a8acda69e
W10-56,piece-to-piece,ANCHOR,P-205-11,12000LB FORGED ANCHOR,1,PL15.88,A36,f10d66bd-aa89-4dd3-b3e2-434827b53e18
W10-56,piece-to-piece,EMBED,P-205-21,,1,PL76.2*12.7,A36,575592e8-3ebb-41fd-ba49-b2834daae6a5
W10-56,piece-to-piece,EMBED,P-205-31,,1,SPHERE47.625,A36,40839680-0977-402f-9e24-acf7ff98fe1b
W10-56,piece-to-piece,EMBED,P-205-32,,1,PL54,Steel_Undefined,76e378ec-4c26-4eec-8c11-d33e90bcacf2
W10-56,piece-to-piece,ANCHOR,P-205-11,12000LB FORGED ANCHOR,1,PL15.88,A36,505d9a6f-e030-4961-a974-c46367788ff2
W10-56,piece-to-piece,EMBED,P-205-21,,1,PL76.2*12.7,A36,ec9d354b-04e8-46ae-8bbf-844721ea6c40
W10-56,piece-to-piece,EMBED,P-205-31,,1,SPHERE47.625,A36,1a8d3038-a8bd-4875-bb4c-88fe38eb44a2
W10-56,piece-to-piece,EMBED,P-205-32,,1,PL54,Steel_Undefined,a9f1c166-2127-4873-a834-830a1dfff0fa
W10-23,piece-to-piece,EMBED,MPX11,V REVEAL LARGE,1,TRIANGLE12.7*12.7,Misc_Undefined,c3621d86-2d89-47a7-8f6b-f8d56eb868ae
W10-23,piece-to-piece,INSERT,P-300-11,19Ø INSERT (NC),1,ROD23.813,A36,020ed056-6c49-4282-9583-d0903b61ceb7
W10-23,piece-to-piece,EMBED,P-300-21,,1,ROD6.35,A36,da1208c4-46da-41d9-b8f7-58043eaf0a5b
W10-23,piece-to-piece,INSERT,P-300-11,19Ø INSERT (NC),1,ROD23.813,A36,ba3a8216-2df7-4c9a-acfe-8a14a942d307
W10-23,piece-to-piece,EMBED,P-300-21,,1,ROD6.35,A36,514ce987-ffe7-4db9-af78-554b3998824c
W10-23,piece-to-piece,INSERT,P-300-11,19Ø INSERT (NC),1,ROD23.813,A36,eecbb872-4f86-4435-ac39-ae17ca4ff7e7
W10-23,piece-to-piece,EMBED,P-300-21,,1,ROD6.35,A36,dc326003-64b8-4d51-bf92-2b0ac5d51f79
W10-23,piece-to-piece,GROUT_TUBE,GT75-1219,75Ø x 1219 GROUT TUBE,1,ROD76,Zero_Density,0dc5dbe0-1fc9-4e25-9965-418313c363dc
W10-23,piece-to-piece,GROUT_TUBE,GT75-1219,75Ø x 1219 GROUT TUBE,1,ROD76,Zero_Density,d64b9f62-3edd-4487-981d-1e38fd0f4d79
W10-23,piece-to-piece,GROUT_TUBE,GT75-1219,75Ø x 1219 GROUT TUBE,1,ROD76,Zero_Density,a470c0dc-3047-493b-985d-d88ba773052e
W10-23,piece-to-piece,GROUT_TUBE,GT75-1219,75Ø x 1219 GROUT TUBE,1,ROD76,Zero_Density,a26a2c4e-848d-4e64-83e2-1714a8dcde6a
W10-23,piece-to-piece,GROUT_TUBE,GT75-686,75Ø x 686 GROUT TUBE,1,ROD76,Zero_Density,82c8663a-0133-494b-a385-75e32567eaec
W10-23,piece-to-piece,GROUT_TUBE,GT75-686,75Ø x 686 GROUT TUBE,1,ROD76,Zero_Density,4ab7f842-38c9-437d-8f4d-f9b2105268a0
W10-23,piece-to-piece,GROUT_TUBE,GT75-1219,75Ø x 1219 GROUT TUBE,1,ROD76,Zero_Density,5a520ee1-56dc-45f7-8312-59ef44b3de5b
W10-23,piece-to-piece,INSERT,SP25-1067-11,SP25Mx1067 WILLIAMS S,1,ROD25.4,A706-GR.60,466d87ea-6313-4535-a35d-6b066eb19cd5
W10-23,piece-to-piece,EMBED,SP25-1067-31,,1,PD66.675*15.875,A706-GR.60,17c0f82a-7f1e-4bbd-8336-00c123177b8d
W10-23,piece-to-piece,EMBED,SP25-1067-21,,1,ROD41.275,A706-GR.60,207394f2-7d19-4fd4-a7ee-c270bcd90bfc
W10-23,piece-to-piece,INSERT,SP25-1067-11,SP25Mx1067 WILLIAMS S,1,ROD25.4,A706-GR.60,e87213aa-e92f-4621-a4b4-41bfed947d2c
W10-23,piece-to-piece,EMBED,SP25-1067-31,,1,PD66.675*15.875,A706-GR.60,918200b8-60b8-4a8c-aa79-658977369130
W10-23,piece-to-piece,EMBED,SP25-1067-21,,1,ROD41.275,A706-GR.60,d0e1ee46-81cc-4da8-96ca-362d729bda5d
W10-23,piece-to-piece,INSERT,SP25-1067-11,SP25Mx1067 WILLIAMS S,1,ROD25.4,A706-GR.60,5367da3d-6d58-48c9-b9ad-397527c013f7
W10-23,piece-to-piece,EMBED,SP25-1067-31,,1,PD66.675*15.875,A706-GR.60,b0e979ed-7c33-40a5-9ace-57368be1dd1c
W10-23,piece-to-piece,EMBED,SP25-1067-21,,1,ROD41.275,A706-GR.60,92ca11b6-9a60-4174-924c-4c9540cc86df
W10-23,piece-to-piece,INSERT,SP25-1067-11,SP25Mx1067 WILLIAMS S,1,ROD25.4,A706-GR.60,a90142a6-7593-4e6c-9477-1273d895c2b3
W10-23,piece-to-piece,EMBED,SP25-1067-31,,1,PD66.675*15.875,A706-GR.60,e7838d56-dbe8-4ade-a1a9-89242db14178
W10-23,piece-to-piece,EMBED,SP25-1067-21,,1,ROD41.275,A706-GR.60,5aee5dcd-7815-4011-8c8e-b8d1c33efa1d
W10-23,piece-to-piece,INSERT,SP15-457-11,15Mx457 WILLIAMS SPL,1,ROD16,400W,7064fc9c-f3b2-4a13-bbc6-3d4182b890fc
W10-23,piece-to-piece,INSERT,SP15-457-31,,1,PD52.387*12.7,400W,09ddd66f-dfd9-4799-af49-157b2ddee07c
W10-23,piece-to-piece,INSERT,SP15-457-21,,1,ROD26.987,400W,231b60a5-1bed-498b-8536-6cef0669fff6
W10-23,piece-to-piece,INSERT,SP15-457-11,15Mx457 WILLIAMS SPL,1,ROD16,400W,ce64957a-497a-4301-b2de-a88f6bc31178
W10-23,piece-to-piece,INSERT,SP15-457-31,,1,PD52.387*12.7,400W,ed279c09-6a45-4410-b95a-9c63d6a4fc82
W10-23,piece-to-piece,INSERT,SP15-457-21,,1,ROD26.987,400W,63eb98f1-4f82-4fba-a7ce-bcf981d32dd7
W10-23,piece-to-piece,INSERT,SP25-1067-11,SP25Mx1067 WILLIAMS S,1,ROD25.4,A706-GR.60,23362efa-71a6-42f1-aa14-281d95e3bf2c
W10-23,piece-to-piece,EMBED,SP25-1067-31,,1,PD66.675*15.875,A706-GR.60,0c761fa7-6357-4db4-925b-8161fda5c1d6
W10-23,piece-to-piece,EMBED,SP25-1067-21,,1,ROD41.275,A706-GR.60,d1b216cf-05dc-4fc3-81d0-8e5b5098a2cf
W10-23,piece-to-piece,INSERT,SP25-1067-11,SP25Mx1067 WILLIAMS S,1,ROD25.4,A706-GR.60,954dc3cc-ada2-4d5a-95c3-f43beb36d962
W10-23,piece-to-piece,EMBED,SP25-1067-31,,1,PD66.675*15.875,A706-GR.60,863c1c5e-53bf-4590-9327-a58fa2f6cc48
W10-23,piece-to-piece,EMBED,SP25-1067-21,,1,ROD41.275,A706-GR.60,7ed06481-ddf6-4377-8486-35519cb0d685
W10-23,piece-to-piece,INSERT,SP25-1067-11,SP25Mx1067 WILLIAMS S,1,ROD25.4,A706-GR.60,7fddefdb-3951-4c60-9b64-71c3d81d7e8b
W10-23,piece-to-piece,EMBED,SP25-1067-31,,1,PD66.675*15.875,A706-GR.60,04440125-1829-49d1-90f1-39b8e2b120e6
W10-23,piece-to-piece,EMBED,SP25-1067-21,,1,ROD41.275,A706-GR.60,1fc7ef56-5c74-4f23-b9b3-c46ba0dfc6c4
W10-23,piece-to-piece,INSERT,SP25-1067-11,SP25Mx1067 WILLIAMS S,1,ROD25.4,A706-GR.60,4498385e-3d16-469f-90e5-8b755edfca2c
W10-23,piece-to-piece,EMBED,SP25-1067-31,,1,PD66.675*15.875,A706-GR.60,80d0f1a9-dc83-4991-af73-c1b1b8a241ee
W10-23,piece-to-piece,EMBED,SP25-1067-21,,1,ROD41.275,A706-GR.60,424121d3-3982-42c0-85dd-d82254a2d124
W10-23,piece-to-piece,GROUT_TUBE,GT75-1219,75Ø x 1219 GROUT TUBE,1,ROD76,Zero_Density,ee97b18c-8c0e-4269-8e5f-c70738e50d57
W10-23,piece-to-piece,GROUT_TUBE,GT75-1219,75Ø x 1219 GROUT TUBE,1,ROD76,Zero_Density,18057519-41a6-403b-9bf2-82c68e337f1c
W10-23,piece-to-piece,GROUT_TUBE,GT75-1219,75Ø x 1219 GROUT TUBE,1,ROD76,Zero_Density,3ad6ad1f-3c22-4169-94fd-a56199a5b6cb
W10-23,piece-to-piece,GROUT_TUBE,GT100-1219-11,100Øx1219 GROUT TUBE,1,ROD102,Zero_Density,ecd9c5c9-aacc-48ea-849d-ec7aed8c522e
W10-23,piece-to-piece,GROUT_TUBE,GT100-1219-21,,1,ROD110,Zero_Density,b92675fc-67e7-4afd-8438-bb7f7857b7fd
W10-23,piece-to-piece,GROUT_TUBE,GT100-1219-31,,1,ROD76,Zero_Density,f355fc97-d6ea-4ca1-ac82-899922aeb007
W10-23,piece-to-piece,INSERT,SP30-1219-11,30Mx1219 WILLIAMS SPL,1,ROD30.16,A706-GR.60,bc8a2d53-85ed-4c43-b11f-6c7adc81dd04
W10-23,piece-to-piece,EMBED,SP30-1219-31,,1,PD71.438*19.05,A706-GR.60,074933c5-51e8-42c5-9051-785e1ec73729
W10-23,piece-to-piece,EMBED,SP30-1219-21,,1,ROD44.45,A706-GR.60,21e79a0a-bfd8-4520-a483-ea4ebe74885b
W10-23,piece-to-piece,GROUT_TUBE,GT76-254,76Øx254mm G.TUBE,1,ROD76.2,Zero_Density,aebb39ba-63f6-4458-8502-bc1f54a54cd7
W10-23,piece-to-piece,GROUT_TUBE,GT76-254,76Øx254mm G.TUBE,1,ROD76.2,Zero_Density,32adeec3-622e-4f6d-910b-c8814753f6f0
W10-23,piece-to-piece,GROUT_TUBE,GT76-254,76Øx254mm G.TUBE,1,ROD76.2,Zero_Density,9c2d4460-9659-456b-be8c-9b018b893657
W10-23,piece-to-piece,GROUT_TUBE,GT76-254,76Øx254mm G.TUBE,1,ROD76.2,Zero_Density,4fc04084-68cf-4f07-bcf7-57705fc73edc
W10-23,piece-to-piece,GROUT_TUBE,GT76-254,76Øx254mm G.TUBE,1,ROD76.2,Zero_Density,289c7eef-a6e9-439d-bc76-acfd00278fc0
W10-23,piece-to-piece,GROUT_TUBE,GT76-254,76Øx254mm G.TUBE,1,ROD76.2,Zero_Density,70d04f11-5be5-4e02-a896-47766f04fc1e
W10-23,piece-to-piece,CONDUIT,CNDT37,19MM CONDUIT,1,ROD19,Zero_Density,ff947962-c06b-49e0-abf6-3ee084275c12
W10-23,piece-to-piece,PLATE,EB-S-PL1,Single Plastic Electr,1,160*50.8,Zero_Density,8b0a3ef1-5178-40a3-81f8-5f980e09016a
W10-23,piece-to-piece,EMBED,P-602-11,13PL. W/STUD,1,PL101.6*12.7,A572-GR.50,68a860f7-2077-47c1-a86b-87e4175ccb3b
W10-23,piece-to-piece,EMBED,P-602-21,,1,STUD_1/2-DIA,A108-C1010-1020,c6b19740-12a6-482b-9b26-9747f489fa87
W10-23,piece-to-piece,INSERT,P-300-11,19Ø INSERT (NC),1,ROD23.813,A36,c6eef096-cecc-4143-8df0-8ede9e12dcef
W10-23,piece-to-piece,EMBED,P-300-21,,1,ROD6.35,A36,75529b92-9f1e-439e-a063-6ab1492cc669
W10-23,piece-to-piece,INSERT,P-300-11,19Ø INSERT (NC),1,ROD23.813,A36,e1910483-a5e7-4365-978d-4d6213314dfb
W10-23,piece-to-piece,EMBED,P-300-21,,1,ROD6.35,A36,34b0f33a-1549-49f1-84f3-3f15d38a6197
W10-23,piece-to-piece,ANCHOR,P-205-11,12000LB FORGED ANCHOR,1,PL15.88,A36,776c0237-bd38-4808-ad77-b253953be2d6
W10-23,piece-to-piece,EMBED,P-205-21,,1,PL76.2*12.7,A36,5a5fa632-a279-4502-8095-0eaa82419cb9
W10-23,piece-to-piece,EMBED,P-205-31,,1,SPHERE47.625,A36,631bea83-2e71-4d65-baee-cc60fbc36952
W10-23,piece-to-piece,EMBED,P-205-32,,1,PL54,Steel_Undefined,5facdf0f-9cf1-4a2c-898d-e5f21115eba1
W10-23,piece-to-piece,ANCHOR,P-205-11,12000LB FORGED ANCHOR,1,PL15.88,A36,6bbf8e0f-8966-488a-bc46-4ca32f8d337c
W10-23,piece-to-piece,EMBED,P-205-21,,1,PL76.2*12.7,A36,4523a716-1746-481e-b45c-39cc1839412b
W10-23,piece-to-piece,EMBED,P-205-31,,1,SPHERE47.625,A36,f0ec583e-feb0-4b56-ab56-87ed23a6bbbb
W10-23,piece-to-piece,EMBED,P-205-32,,1,PL54,Steel_Undefined,39a2569b-3ff2-4a07-838f-7796817e1904
W10-23,piece-to-piece,ANCHOR,P-205-11,12000LB FORGED ANCHOR,1,PL15.88,A36,cd3a2e1b-bde2-4293-baad-a6a2479b0b00
W10-23,piece-to-piece,EMBED,P-205-21,,1,PL76.2*12.7,A36,39797029-d567-4123-9bed-fa84affc2df5
W10-23,piece-to-piece,EMBED,P-205-31,,1,SPHERE47.625,A36,bb582591-d540-4d5f-a035-477f57a09fb6
W10-23,piece-to-piece,EMBED,P-205-32,,1,PL54,Steel_Undefined,79a771df-1517-4278-9d96-25d50d78b729
W10-23,piece-to-piece,ANCHOR,P-205-11,12000LB FORGED ANCHOR,1,PL15.88,A36,22355ee6-46d8-4bd5-81ea-e062ea102c2e
W10-23,piece-to-piece,EMBED,P-205-21,,1,PL76.2*12.7,A36,4f23400f-9725-42dc-a866-8ec60363982e
W10-23,piece-to-piece,EMBED,P-205-31,,1,SPHERE47.625,A36,36598dda-66d5-4bd4-8bd0-df318906ed54
W10-23,piece-to-piece,EMBED,P-205-32,,1,PL54,Steel_Undefined,d3422143-3168-4219-bdee-3663ae8cb3b8
W10-71,piece-to-piece,EMBED,MPX11,V REVEAL LARGE,1,TRIANGLE12.7*12.7,Misc_Undefined,bbcb4f2e-76b0-4310-b0f8-a0d9e066e199
W10-71,piece-to-piece,INSERT,P-300-11,19Ø INSERT (NC),1,ROD23.813,A36,d5c7dfa0-a327-4ffa-b1b9-5443f23f77b1
W10-71,piece-to-piece,EMBED,P-300-21,,1,ROD6.35,A36,698c6225-d903-44ac-949f-4c36800fa90f
W10-71,piece-to-piece,INSERT,P-300-11,19Ø INSERT (NC),1,ROD23.813,A36,f43a3e99-df46-45de-b1b5-0577a6f68e19
W10-71,piece-to-piece,EMBED,P-300-21,,1,ROD6.35,A36,7aedbc46-31cd-4eb8-9142-8b2ff4a40dd8
W10-71,piece-to-piece,INSERT,P-300-11,19Ø INSERT (NC),1,ROD23.813,A36,3e18bcf7-0d34-44fc-bf1e-8e053f339840
W10-71,piece-to-piece,EMBED,P-300-21,,1,ROD6.35,A36,cd314d98-7945-4580-bd0a-7f87f59e8d03
W10-71,piece-to-piece,GROUT_TUBE,GT75-1219,75Ø x 1219 GROUT TUBE,1,ROD76,Zero_Density,dfb0eceb-e7cb-4aef-a11f-509de8b6fda4
W10-71,piece-to-piece,GROUT_TUBE,GT75-1219,75Ø x 1219 GROUT TUBE,1,ROD76,Zero_Density,a12c1d67-8b74-46c1-8650-16ff620a00a5
W10-71,piece-to-piece,GROUT_TUBE,GT75-1219,75Ø x 1219 GROUT TUBE,1,ROD76,Zero_Density,cb96cf65-2ee5-4625-9807-bd25580f75d4
W10-71,piece-to-piece,GROUT_TUBE,GT75-1219,75Ø x 1219 GROUT TUBE,1,ROD76,Zero_Density,b78a72a2-dc3d-47cf-8002-d0bab3ad34fc
W10-71,piece-to-piece,GROUT_TUBE,GT75-686,75Ø x 686 GROUT TUBE,1,ROD76,Zero_Density,7ce8203d-59ed-4829-a78d-a76d2529ed50
W10-71,piece-to-piece,GROUT_TUBE,GT75-686,75Ø x 686 GROUT TUBE,1,ROD76,Zero_Density,57562bc4-5632-4056-8941-b5bb043233eb
W10-71,piece-to-piece,GROUT_TUBE,GT75-1219,75Ø x 1219 GROUT TUBE,1,ROD76,Zero_Density,dc31eb07-1112-4067-84b8-1241cb8333b8
W10-71,piece-to-piece,INSERT,SP25-1067-11,SP25Mx1067 WILLIAMS S,1,ROD25.4,A706-GR.60,a04bc318-0083-47d2-9589-a534f11f8fca
W10-71,piece-to-piece,EMBED,SP25-1067-31,,1,PD66.675*15.875,A706-GR.60,007a7e5e-1de5-40b2-936e-6efa7be0dbaa
W10-71,piece-to-piece,EMBED,SP25-1067-21,,1,ROD41.275,A706-GR.60,e8449ef2-55dd-4709-8833-ac4bee75b1d6
W10-71,piece-to-piece,INSERT,SP25-1067-11,SP25Mx1067 WILLIAMS S,1,ROD25.4,A706-GR.60,dae40229-25fc-494a-aa47-316293ef623d
W10-71,piece-to-piece,EMBED,SP25-1067-31,,1,PD66.675*15.875,A706-GR.60,0979c17c-0958-4f16-ab1a-07b5c9448d15
W10-71,piece-to-piece,EMBED,SP25-1067-21,,1,ROD41.275,A706-GR.60,343f867d-bda7-4691-81eb-cd44a13323f0
W10-71,piece-to-piece,INSERT,SP25-1067-11,SP25Mx1067 WILLIAMS S,1,ROD25.4,A706-GR.60,e955187f-22fd-4658-9099-48bdec912342
W10-71,piece-to-piece,EMBED,SP25-1067-31,,1,PD66.675*15.875,A706-GR.60,1b0f2d89-2cd4-417a-9986-04852d7899a7
W10-71,piece-to-piece,EMBED,SP25-1067-21,,1,ROD41.275,A706-GR.60,71cfb4ce-be5e-4561-ab09-7173c40cbce6
W10-71,piece-to-piece,INSERT,SP25-1067-11,SP25Mx1067 WILLIAMS S,1,ROD25.4,A706-GR.60,80972024-b0cc-47ed-aa04-121adcec56d7
W10-71,piece-to-piece,EMBED,SP25-1067-31,,1,PD66.675*15.875,A706-GR.60,3ff2cfce-0281-4a61-b04c-43ce19bc2421
W10-71,piece-to-piece,EMBED,SP25-1067-21,,1,ROD41.275,A706-GR.60,01b2fdff-5df8-490f-b8bd-0ab8aab43bb9
W10-71,piece-to-piece,INSERT,SP15-457-11,15Mx457 WILLIAMS SPL,1,ROD16,400W,1a3acb24-86e2-461e-8918-ba9d7df633e0
W10-71,piece-to-piece,INSERT,SP15-457-31,,1,PD52.387*12.7,400W,3929daf9-df76-49c1-bf73-684f0b780562
W10-71,piece-to-piece,INSERT,SP15-457-21,,1,ROD26.987,400W,a219f7d0-83da-447f-a6be-8103acfdf2ca
W10-71,piece-to-piece,INSERT,SP15-457-11,15Mx457 WILLIAMS SPL,1,ROD16,400W,e61396f9-399c-4940-88a0-c3fc3edca4d1
W10-71,piece-to-piece,INSERT,SP15-457-31,,1,PD52.387*12.7,400W,b90659a7-69fd-42b1-b2c8-e6c9786616e5
W10-71,piece-to-piece,INSERT,SP15-457-21,,1,ROD26.987,400W,7b46063f-a31b-4a02-b36a-582a979debfa
W10-71,piece-to-piece,INSERT,SP25-1067-11,SP25Mx1067 WILLIAMS S,1,ROD25.4,A706-GR.60,e8ef20cd-954d-489a-ac3d-b20915f890e3
W10-71,piece-to-piece,EMBED,SP25-1067-31,,1,PD66.675*15.875,A706-GR.60,d2c8eaf0-5580-4e05-b914-b111e2262684
W10-71,piece-to-piece,EMBED,SP25-1067-21,,1,ROD41.275,A706-GR.60,d2c35c87-13de-4f2e-b864-c37ac766c223
W10-71,piece-to-piece,INSERT,SP25-1067-11,SP25Mx1067 WILLIAMS S,1,ROD25.4,A706-GR.60,867513ce-7340-41b1-b3d1-858735990154
W10-71,piece-to-piece,EMBED,SP25-1067-31,,1,PD66.675*15.875,A706-GR.60,3bb038c8-6666-414a-b309-136144a6f4cf
W10-71,piece-to-piece,EMBED,SP25-1067-21,,1,ROD41.275,A706-GR.60,95664d37-0343-4efa-863c-b608f657e9d9
W10-71,piece-to-piece,INSERT,SP25-1067-11,SP25Mx1067 WILLIAMS S,1,ROD25.4,A706-GR.60,50dfc5b2-c2e7-49cf-9aab-8a43e8883519
W10-71,piece-to-piece,EMBED,SP25-1067-31,,1,PD66.675*15.875,A706-GR.60,725488d0-9594-498e-89b4-f293e344a8e8
W10-71,piece-to-piece,EMBED,SP25-1067-21,,1,ROD41.275,A706-GR.60,d81d4253-3143-4350-9a56-3446ea27863c
W10-71,piece-to-piece,INSERT,SP25-1067-11,SP25Mx1067 WILLIAMS S,1,ROD25.4,A706-GR.60,81c6de9a-0cc6-48c9-a109-42a2369859c2
W10-71,piece-to-piece,EMBED,SP25-1067-31,,1,PD66.675*15.875,A706-GR.60,8ac9938b-52d3-4b9b-91fd-055c23232469
W10-71,piece-to-piece,EMBED,SP25-1067-21,,1,ROD41.275,A706-GR.60,c7a3933a-e553-423d-a1cc-f20ff8f6c1be
W10-71,piece-to-piece,GROUT_TUBE,GT75-1219,75Ø x 1219 GROUT TUBE,1,ROD76,Zero_Density,58b6edfa-38ae-4d5d-81ec-d4c686ae7fba
W10-71,piece-to-piece,GROUT_TUBE,GT75-1219,75Ø x 1219 GROUT TUBE,1,ROD76,Zero_Density,0c3a144d-d0bb-49b6-89b7-f9a96e1f10f9
W10-71,piece-to-piece,GROUT_TUBE,GT75-1219,75Ø x 1219 GROUT TUBE,1,ROD76,Zero_Density,53ead191-d73c-4aba-8bb6-a4b3a800d6d6
W10-71,piece-to-piece,GROUT_TUBE,GT100-1219-11,100Øx1219 GROUT TUBE,1,ROD102,Zero_Density,c4ff44ae-53f3-4450-a903-ce60402081d6
W10-71,piece-to-piece,GROUT_TUBE,GT100-1219-21,,1,ROD110,Zero_Density,70f20a4e-cb65-45ae-8782-d237ac02571e
W10-71,piece-to-piece,GROUT_TUBE,GT100-1219-31,,1,ROD76,Zero_Density,ca26dd18-797a-4810-9137-1a50bd58ac49
W10-71,piece-to-piece,INSERT,SP30-1219-11,30Mx1219 WILLIAMS SPL,1,ROD30.16,A706-GR.60,6d5bc72d-2192-4edc-b97f-d84493c0c97c
W10-71,piece-to-piece,EMBED,SP30-1219-31,,1,PD71.438*19.05,A706-GR.60,b3cd6151-9f11-4027-85b6-fd451345dc60
W10-71,piece-to-piece,EMBED,SP30-1219-21,,1,ROD44.45,A706-GR.60,89d2afca-dee7-4ab2-8280-cec20f7104b0
W10-71,piece-to-piece,GROUT_TUBE,GT76-254,76Øx254mm G.TUBE,1,ROD76.2,Zero_Density,a3ce4df4-84c6-4f77-b89a-066d459f4773
W10-71,piece-to-piece,GROUT_TUBE,GT76-254,76Øx254mm G.TUBE,1,ROD76.2,Zero_Density,e35a3fa7-7257-44c3-ab43-d8f808d2593b
W10-71,piece-to-piece,GROUT_TUBE,GT76-254,76Øx254mm G.TUBE,1,ROD76.2,Zero_Density,e6f937fd-54f4-4b3b-b0ad-579a6f02bc01
W10-71,piece-to-piece,GROUT_TUBE,GT76-254,76Øx254mm G.TUBE,1,ROD76.2,Zero_Density,8f8e1a81-521c-41b2-9e33-24ca9ccc26a5
W10-71,piece-to-piece,GROUT_TUBE,GT76-254,76Øx254mm G.TUBE,1,ROD76.2,Zero_Density,1bbefe82-b37a-4dc0-8aaa-f695500011e5
W10-71,piece-to-piece,GROUT_TUBE,GT76-254,76Øx254mm G.TUBE,1,ROD76.2,Zero_Density,5df29275-9e4f-4b95-9dc5-19ee2a7e4599
W10-71,piece-to-piece,CONDUIT,CNDT37,19MM CONDUIT,1,ROD19,Zero_Density,9ec60e95-3d0a-4b4a-ba36-d7879eab6d88
W10-71,piece-to-piece,PLATE,EB-S-PL1,Single Plastic Electr,1,160*50.8,Zero_Density,05c0da6a-e002-4af7-9165-0b58c716d6dc
W10-71,piece-to-piece,EMBED,P-602-11,13PL. W/STUD,1,PL101.6*12.7,A572-GR.50,b89f43cb-746e-4541-9c6a-141bd4105073
W10-71,piece-to-piece,EMBED,P-602-21,,1,STUD_1/2-DIA,A108-C1010-1020,9fc7f368-3fb9-4672-8588-5ea4cd573e13
W10-71,piece-to-piece,INSERT,P-300-11,19Ø INSERT (NC),1,ROD23.813,A36,f89b1ba9-178a-4f21-be25-4ed00ad2476c
W10-71,piece-to-piece,EMBED,P-300-21,,1,ROD6.35,A36,c56295fb-a98b-40a3-8e82-0f222171d9b2
W10-71,piece-to-piece,INSERT,P-300-11,19Ø INSERT (NC),1,ROD23.813,A36,d515aeec-9296-42f8-8fe4-784d2a1b0cc8
W10-71,piece-to-piece,EMBED,P-300-21,,1,ROD6.35,A36,091c1354-7abd-41be-a552-4312281323fa
W10-71,piece-to-piece,ANCHOR,P-205-11,12000LB FORGED ANCHOR,1,PL15.88,A36,fff776dd-2a8e-4621-a885-4f0b55d994ed
W10-71,piece-to-piece,EMBED,P-205-21,,1,PL76.2*12.7,A36,4113950b-05e6-4b11-b490-7afe345e5c04
W10-71,piece-to-piece,EMBED,P-205-31,,1,SPHERE47.625,A36,c9531a19-070a-48c9-9c45-ed3780102e03
W10-71,piece-to-piece,EMBED,P-205-32,,1,PL54,Steel_Undefined,243002f9-0bd6-4fc0-ada2-d8acec7fc2fb
W10-71,piece-to-piece,ANCHOR,P-205-11,12000LB FORGED ANCHOR,1,PL15.88,A36,d1d77556-1bcd-4eb1-83fa-ba85b0b5111a
W10-71,piece-to-piece,EMBED,P-205-21,,1,PL76.2*12.7,A36,7a703513-1346-489b-8cbb-7dc7b6682e0c
W10-71,piece-to-piece,EMBED,P-205-31,,1,SPHERE47.625,A36,4a68d4ba-162b-4bbe-a942-47e62e1c477a
W10-71,piece-to-piece,EMBED,P-205-32,,1,PL54,Steel_Undefined,3cc3f6c1-db39-4a92-92dc-57f0e456c27f
W10-71,piece-to-piece,ANCHOR,P-205-11,12000LB FORGED ANCHOR,1,PL15.88,A36,941d21d0-0e2e-4f73-bb60-8ad3defa223b
W10-71,piece-to-piece,EMBED,P-205-21,,1,PL76.2*12.7,A36,20a9befd-ca2f-4dc7-8b61-51f2b7c589e1
W10-71,piece-to-piece,EMBED,P-205-31,,1,SPHERE47.625,A36,9a6293a9-81a9-4b2a-bedf-89085a27cfce
W10-71,piece-to-piece,EMBED,P-205-32,,1,PL54,Steel_Undefined,5b00275b-f669-40cd-af7e-1cfe823bddbb
W10-71,piece-to-piece,ANCHOR,P-205-11,12000LB FORGED ANCHOR,1,PL15.88,A36,b48a16d3-6b6b-4e7c-867c-3c6a3ef81bdc
W10-71,piece-to-piece,EMBED,P-205-21,,1,PL76.2*12.7,A36,c965bf89-3344-472d-8679-a656f5e4df2b
W10-71,piece-to-piece,EMBED,P-205-31,,1,SPHERE47.625,A36,11508c7f-55a3-451d-b0ac-07c511af3946
W10-71,piece-to-piece,EMBED,P-205-32,,1,PL54,Steel_Undefined,49d4d59a-ed38-45fd-824e-ca2a7bff151a
W10-81,piece-to-piece,EMBED,MPX11,V REVEAL LARGE,1,TRIANGLE12.7*12.7,Misc_Undefined,6fc6f2d6-b719-4e1c-ab67-a430cc63d5fa
W10-81,piece-to-piece,INSERT,P-300-11,19Ø INSERT (NC),1,ROD23.813,A36,1020f008-7f69-49e8-8084-7c48be193969
W10-81,piece-to-piece,EMBED,P-300-21,,1,ROD6.35,A36,89e503fb-800d-4380-890d-8b4f34daa1b1
W10-81,piece-to-piece,INSERT,P-300-11,19Ø INSERT (NC),1,ROD23.813,A36,e4436d01-8b48-4d92-b30a-ca06a45812d0
W10-81,piece-to-piece,EMBED,P-300-21,,1,ROD6.35,A36,b9ddcd66-38de-441c-8886-1414976b75e1
W10-81,piece-to-piece,INSERT,P-300-11,19Ø INSERT (NC),1,ROD23.813,A36,8fad3990-95a2-47de-a780-cf4cb16b9647
W10-81,piece-to-piece,EMBED,P-300-21,,1,ROD6.35,A36,bba272fe-57b5-409e-bd32-ecf3cb6cfa65
W10-81,piece-to-piece,GROUT_TUBE,GT75-1219,75Ø x 1219 GROUT TUBE,1,ROD76,Zero_Density,b7681652-bdc8-48a9-96ad-4b75d81f0df2
W10-81,piece-to-piece,GROUT_TUBE,GT75-1219,75Ø x 1219 GROUT TUBE,1,ROD76,Zero_Density,99694df1-456a-4c92-b7d0-84d6765e875b
W10-81,piece-to-piece,GROUT_TUBE,GT75-1219,75Ø x 1219 GROUT TUBE,1,ROD76,Zero_Density,f9f754ca-9fbf-4951-b6fc-94e23ae3712b
W10-81,piece-to-piece,GROUT_TUBE,GT75-1219,75Ø x 1219 GROUT TUBE,1,ROD76,Zero_Density,48f4d1f0-0202-4fd0-a5c6-c4b2643af57b
W10-81,piece-to-piece,GROUT_TUBE,GT75-686,75Ø x 686 GROUT TUBE,1,ROD76,Zero_Density,b8f3bd2f-1022-4197-9b31-47cd79fc0367
W10-81,piece-to-piece,GROUT_TUBE,GT75-686,75Ø x 686 GROUT TUBE,1,ROD76,Zero_Density,fa7c4336-6c6a-45a0-ba94-57e24348d0cd
W10-81,piece-to-piece,GROUT_TUBE,GT75-1219,75Ø x 1219 GROUT TUBE,1,ROD76,Zero_Density,b956d614-5291-4592-9112-93e96111adf9
W10-81,piece-to-piece,INSERT,SP25-1067-11,SP25Mx1067 WILLIAMS S,1,ROD25.4,A706-GR.60,e3e4be86-d042-43ad-96a6-062bdab5c8e5
W10-81,piece-to-piece,EMBED,SP25-1067-31,,1,PD66.675*15.875,A706-GR.60,c67bf186-b4fb-4754-b69a-130a92d313e7
W10-81,piece-to-piece,EMBED,SP25-1067-21,,1,ROD41.275,A706-GR.60,ca86203d-9ebd-4568-8c8a-6d4c42d24a45
W10-81,piece-to-piece,INSERT,SP25-1067-11,SP25Mx1067 WILLIAMS S,1,ROD25.4,A706-GR.60,9d1d95a3-9d75-411f-910c-80699461d5a9
W10-81,piece-to-piece,EMBED,SP25-1067-31,,1,PD66.675*15.875,A706-GR.60,a3218a0b-b0f2-4d56-bbf9-fcb142e3a683
W10-81,piece-to-piece,EMBED,SP25-1067-21,,1,ROD41.275,A706-GR.60,199fa0eb-d888-4509-b37d-4343e12d4073
W10-81,piece-to-piece,INSERT,SP25-1067-11,SP25Mx1067 WILLIAMS S,1,ROD25.4,A706-GR.60,cf0e693b-73c7-4aab-a7b9-8c86eecca6ae
W10-81,piece-to-piece,EMBED,SP25-1067-31,,1,PD66.675*15.875,A706-GR.60,eaba0146-8e72-4737-bf93-d873201d3341
W10-81,piece-to-piece,EMBED,SP25-1067-21,,1,ROD41.275,A706-GR.60,e1982c62-c642-4ce2-958e-4fe5d76d5cb1
W10-81,piece-to-piece,INSERT,SP25-1067-11,SP25Mx1067 WILLIAMS S,1,ROD25.4,A706-GR.60,ae6fd064-c81a-4dad-b8c3-439359555bfa
W10-81,piece-to-piece,EMBED,SP25-1067-31,,1,PD66.675*15.875,A706-GR.60,f4b35c8e-1fb2-4e06-aad7-527f761de2c8
W10-81,piece-to-piece,EMBED,SP25-1067-21,,1,ROD41.275,A706-GR.60,7570a149-c0ea-413b-9348-597439f54529
W10-81,piece-to-piece,INSERT,SP15-457-11,15Mx457 WILLIAMS SPL,1,ROD16,400W,1575ca65-420d-45ba-bfb6-09dcffd7c561
W10-81,piece-to-piece,INSERT,SP15-457-31,,1,PD52.387*12.7,400W,3bc6dbba-831c-4fd3-b9de-80e36f7a10c6
W10-81,piece-to-piece,INSERT,SP15-457-21,,1,ROD26.987,400W,e7dfcbf1-7ca8-42e8-935b-f2bdd0b026fb
W10-81,piece-to-piece,INSERT,SP15-457-11,15Mx457 WILLIAMS SPL,1,ROD16,400W,324e118b-7e4e-458f-8b7c-e0b484469056
W10-81,piece-to-piece,INSERT,SP15-457-31,,1,PD52.387*12.7,400W,49a954a5-6dc6-432d-ad2c-d8daa7364015
W10-81,piece-to-piece,INSERT,SP15-457-21,,1,ROD26.987,400W,3d30d1c0-ace3-4991-944e-01def580f295
W10-81,piece-to-piece,INSERT,SP25-1067-11,SP25Mx1067 WILLIAMS S,1,ROD25.4,A706-GR.60,36d141b4-fe83-464d-af1e-7b9dc496af87
W10-81,piece-to-piece,EMBED,SP25-1067-31,,1,PD66.675*15.875,A706-GR.60,177e7649-c737-4770-bd99-8f7925bc506e
W10-81,piece-to-piece,EMBED,SP25-1067-21,,1,ROD41.275,A706-GR.60,2bdfa490-19f7-4c68-8976-59be4d7d0858
W10-81,piece-to-piece,INSERT,SP25-1067-11,SP25Mx1067 WILLIAMS S,1,ROD25.4,A706-GR.60,9f4f6a86-6abd-422d-bf44-637395424bad
W10-81,piece-to-piece,EMBED,SP25-1067-31,,1,PD66.675*15.875,A706-GR.60,4db6950f-baec-4bcc-8fc3-a4f96c8525df
W10-81,piece-to-piece,EMBED,SP25-1067-21,,1,ROD41.275,A706-GR.60,911dd75b-6dfa-4f7c-a44e-8e4dfb245bd7
W10-81,piece-to-piece,INSERT,SP25-1067-11,SP25Mx1067 WILLIAMS S,1,ROD25.4,A706-GR.60,5b77616f-883a-41ea-8a86-af37309a2185
W10-81,piece-to-piece,EMBED,SP25-1067-31,,1,PD66.675*15.875,A706-GR.60,966680f7-b376-4883-881f-64c41448fb2c
W10-81,piece-to-piece,EMBED,SP25-1067-21,,1,ROD41.275,A706-GR.60,1e2c15f1-9347-4e67-9035-7fd22af02c3e
W10-81,piece-to-piece,INSERT,SP25-1067-11,SP25Mx1067 WILLIAMS S,1,ROD25.4,A706-GR.60,bb2623d3-601a-4e84-a7ac-cd20722a97dd
W10-81,piece-to-piece,EMBED,SP25-1067-31,,1,PD66.675*15.875,A706-GR.60,6c207bb8-0f47-4062-a82d-6a4a01995a93
W10-81,piece-to-piece,EMBED,SP25-1067-21,,1,ROD41.275,A706-GR.60,7473ae1d-995a-4e02-81c7-25c8c27e5058
W10-81,piece-to-piece,GROUT_TUBE,GT75-1219,75Ø x 1219 GROUT TUBE,1,ROD76,Zero_Density,690fb203-525a-45f5-b7c2-b703f110c054
W10-81,piece-to-piece,GROUT_TUBE,GT75-1219,75Ø x 1219 GROUT TUBE,1,ROD76,Zero_Density,57c7d06b-d055-484c-be7d-59ccb76531aa
W10-81,piece-to-piece,GROUT_TUBE,GT75-1219,75Ø x 1219 GROUT TUBE,1,ROD76,Zero_Density,183e58af-28ca-4165-a6f0-8969286b8353
W10-81,piece-to-piece,GROUT_TUBE,GT100-1219-11,100Øx1219 GROUT TUBE,1,ROD102,Zero_Density,d695ee13-b625-4344-ad93-c2954beb685f
W10-81,piece-to-piece,GROUT_TUBE,GT100-1219-21,,1,ROD110,Zero_Density,7d01f0c6-c96f-4e07-8f13-24434b612c92
W10-81,piece-to-piece,GROUT_TUBE,GT100-1219-31,,1,ROD76,Zero_Density,7a2d9752-d858-438d-8269-bf3dd8fd56e6
W10-81,piece-to-piece,INSERT,SP30-1219-11,30Mx1219 WILLIAMS SPL,1,ROD30.16,A706-GR.60,286c8f4b-b0f4-4a0e-9426-150939710959
W10-81,piece-to-piece,EMBED,SP30-1219-31,,1,PD71.438*19.05,A706-GR.60,123432c8-021d-4119-807b-b94ef83d0947
W10-81,piece-to-piece,EMBED,SP30-1219-21,,1,ROD44.45,A706-GR.60,10ecd11c-82fd-4ae5-917d-1c867d73a3c5
W10-81,piece-to-piece,GROUT_TUBE,GT76-254,76Øx254mm G.TUBE,1,ROD76.2,Zero_Density,32f60a50-61d7-485f-8de1-eb7e9f6a4597
W10-81,piece-to-piece,GROUT_TUBE,GT76-254,76Øx254mm G.TUBE,1,ROD76.2,Zero_Density,312b957b-e4bb-4b76-9718-32c1ec5b3e77
W10-81,piece-to-piece,GROUT_TUBE,GT76-254,76Øx254mm G.TUBE,1,ROD76.2,Zero_Density,374e6cf7-c1b4-4dff-9690-e2713e3c90a7
W10-81,piece-to-piece,GROUT_TUBE,GT76-254,76Øx254mm G.TUBE,1,ROD76.2,Zero_Density,411963f7-1b8f-47fb-ab53-1620e570e311
W10-81,piece-to-piece,GROUT_TUBE,GT76-254,76Øx254mm G.TUBE,1,ROD76.2,Zero_Density,3c43a3f9-9e45-4365-97cf-48793671a660
W10-81,piece-to-piece,GROUT_TUBE,GT76-254,76Øx254mm G.TUBE,1,ROD76.2,Zero_Density,569c7e06-76e8-4a03-8a90-52d4cf3271b7
W10-81,piece-to-piece,CONDUIT,CNDT37,19MM CONDUIT,1,ROD19,Zero_Density,82f61643-4201-4eab-ab62-399b07e29f01
W10-81,piece-to-piece,PLATE,EB-S-PL1,Single Plastic Electr,1,160*50.8,Zero_Density,f2ee1882-3957-4bde-b06f-c6698cecfdbe
W10-81,piece-to-piece,EMBED,P-602-11,13PL. W/STUD,1,PL101.6*12.7,A572-GR.50,d895169f-7318-4fbd-9d11-c7094743940c
W10-81,piece-to-piece,EMBED,P-602-21,,1,STUD_1/2-DIA,A108-C1010-1020,b5e8e3b5-f387-404a-9c4b-92061b514a62
W10-81,piece-to-piece,INSERT,P-300-11,19Ø INSERT (NC),1,ROD23.813,A36,dd40b170-2ccd-4b34-b732-ecdde8f93733
W10-81,piece-to-piece,EMBED,P-300-21,,1,ROD6.35,A36,17e2e56d-d88d-47c4-9b12-f251621db7cf
W10-81,piece-to-piece,INSERT,P-300-11,19Ø INSERT (NC),1,ROD23.813,A36,7e39fb71-85b9-4fe9-9ba1-f45c12a55170
W10-81,piece-to-piece,EMBED,P-300-21,,1,ROD6.35,A36,bf181318-1a3e-4856-ab22-55ff3a570103
W10-81,piece-to-piece,ANCHOR,P-205-11,12000LB FORGED ANCHOR,1,PL15.88,A36,a95faeba-697e-42da-93bc-e6b6ebf93700
W10-81,piece-to-piece,EMBED,P-205-21,,1,PL76.2*12.7,A36,18e9b0a0-6901-4873-bcf4-a380711b8145
W10-81,piece-to-piece,EMBED,P-205-31,,1,SPHERE47.625,A36,11c5ebe5-4d5c-41d0-827a-9c09d85c77df
W10-81,piece-to-piece,EMBED,P-205-32,,1,PL54,Steel_Undefined,90295d5a-4609-4baa-8b10-b41836687366
W10-81,piece-to-piece,ANCHOR,P-205-11,12000LB FORGED ANCHOR,1,PL15.88,A36,91574ee9-16a9-466d-bea3-ac7a642a0aa5
W10-81,piece-to-piece,EMBED,P-205-21,,1,PL76.2*12.7,A36,46dc92e9-439e-4abf-b020-cd396fe83ea5
W10-81,piece-to-piece,EMBED,P-205-31,,1,SPHERE47.625,A36,b963625b-d84f-4f20-b704-b76802b50fcf
W10-81,piece-to-piece,EMBED,P-205-32,,1,PL54,Steel_Undefined,626dddd8-b397-4d41-a042-c6e97aeef61c
W10-81,piece-to-piece,ANCHOR,P-205-11,12000LB FORGED ANCHOR,1,PL15.88,A36,6b19cfbb-bf27-454d-bba9-6cafbb1fac0e
W10-81,piece-to-piece,EMBED,P-205-21,,1,PL76.2*12.7,A36,71bc0a56-27bf-4d98-90b8-422f162b10af
W10-81,piece-to-piece,EMBED,P-205-31,,1,SPHERE47.625,A36,de9d4eb1-a04f-4da2-8cb7-913c7cae8669
W10-81,piece-to-piece,EMBED,P-205-32,,1,PL54,Steel_Undefined,604c0df4-f105-4966-b283-5b2125c4a595
W10-81,piece-to-piece,ANCHOR,P-205-11,12000LB FORGED ANCHOR,1,PL15.88,A36,d2c76a47-3a48-4501-997b-dea36818f539
W10-81,piece-to-piece,EMBED,P-205-21,,1,PL76.2*12.7,A36,8ced6a05-234a-45bc-827f-d1dca9c270f7
W10-81,piece-to-piece,EMBED,P-205-31,,1,SPHERE47.625,A36,64583746-08e0-4947-8810-67b1b76752d7
W10-81,piece-to-piece,EMBED,P-205-32,,1,PL54,Steel_Undefined,e652ccea-da29-4419-8f6c-2d0649ec2df1
W10-83,piece-to-piece,EMBED,MPX11,V REVEAL LARGE,1,TRIANGLE12.7*12.7,Misc_Undefined,bad922ca-b416-459c-8b7a-4d4ab0da4a48
W10-83,piece-to-piece,INSERT,P-300-11,19Ø INSERT (NC),1,ROD23.813,A36,99db599d-72c9-4407-93c4-753931762ca4
W10-83,piece-to-piece,EMBED,P-300-21,,1,ROD6.35,A36,a45fdc70-d519-4d06-a8af-bb735ac08e0f
W10-83,piece-to-piece,INSERT,P-300-11,19Ø INSERT (NC),1,ROD23.813,A36,884dc7ca-60c2-4b7a-8c13-2162f7518ffd
W10-83,piece-to-piece,EMBED,P-300-21,,1,ROD6.35,A36,dd60438f-85a8-4509-803d-eaaba60f66be
W10-83,piece-to-piece,INSERT,P-300-11,19Ø INSERT (NC),1,ROD23.813,A36,c79a10c8-601c-46ae-bc97-569648c02331
W10-83,piece-to-piece,EMBED,P-300-21,,1,ROD6.35,A36,d7ef31bb-bfdc-4b38-b6d3-730dea5f50fb
W10-83,piece-to-piece,GROUT_TUBE,GT75-1219,75Ø x 1219 GROUT TUBE,1,ROD76,Zero_Density,ccb9e616-5339-4575-8fdc-a7214ba5454a
W10-83,piece-to-piece,GROUT_TUBE,GT75-1219,75Ø x 1219 GROUT TUBE,1,ROD76,Zero_Density,b62b500f-c75c-4289-95f1-de3ffa4b8094
W10-83,piece-to-piece,GROUT_TUBE,GT75-1219,75Ø x 1219 GROUT TUBE,1,ROD76,Zero_Density,0897112e-f743-4d4c-b933-8b8c0f8644aa
W10-83,piece-to-piece,GROUT_TUBE,GT75-1219,75Ø x 1219 GROUT TUBE,1,ROD76,Zero_Density,1fdaebd4-3e01-4363-becf-6d24bd9253ef
W10-83,piece-to-piece,GROUT_TUBE,GT75-686,75Ø x 686 GROUT TUBE,1,ROD76,Zero_Density,d3a54615-e107-4f8f-8c10-da9854a4c7ed
W10-83,piece-to-piece,GROUT_TUBE,GT75-686,75Ø x 686 GROUT TUBE,1,ROD76,Zero_Density,d251ec77-c64c-42dd-836a-dee878920972
W10-83,piece-to-piece,GROUT_TUBE,GT75-1219,75Ø x 1219 GROUT TUBE,1,ROD76,Zero_Density,8a54074f-c44a-47db-ab95-01c259106f2d
W10-83,piece-to-piece,INSERT,SP15-457-11,15Mx457 WILLIAMS SPL,1,ROD16,400W,d256c0ac-f0a4-4982-bab7-4f15a6b85c3a
W10-83,piece-to-piece,INSERT,SP15-457-31,,1,PD52.387*12.7,400W,6b33413a-7d8b-44d9-9d8d-934d2419329f
W10-83,piece-to-piece,INSERT,SP15-457-21,,1,ROD26.987,400W,d704f101-45a7-41ae-9d9e-a9fc01b67ff0
W10-83,piece-to-piece,INSERT,SP15-457-11,15Mx457 WILLIAMS SPL,1,ROD16,400W,d53a533d-a275-45be-8403-c9f7bdb2b19f
W10-83,piece-to-piece,INSERT,SP15-457-31,,1,PD52.387*12.7,400W,34fa974b-56e2-4f41-b6ee-77d848856bf7
W10-83,piece-to-piece,INSERT,SP15-457-21,,1,ROD26.987,400W,d31872b5-84e0-436c-aeef-18d8faa26c1e
W10-83,piece-to-piece,INSERT,SP15-457-11,15Mx457 WILLIAMS SPL,1,ROD16,400W,05a006b9-caa3-46a0-a3e2-15a276d6d8b0
W10-83,piece-to-piece,INSERT,SP15-457-31,,1,PD52.387*12.7,400W,6d6ac8da-f9fc-4f3b-9097-6e49dca25c4a
W10-83,piece-to-piece,INSERT,SP15-457-21,,1,ROD26.987,400W,f04924bf-b831-4f1b-a036-fa24d983820c
W10-83,piece-to-piece,INSERT,SP15-457-11,15Mx457 WILLIAMS SPL,1,ROD16,400W,b87ba825-af79-4f0c-be85-93cdf0c12860
W10-83,piece-to-piece,INSERT,SP15-457-31,,1,PD52.387*12.7,400W,ee13a0f0-8a31-48ca-8cb8-acc2d1f6c61b
W10-83,piece-to-piece,INSERT,SP15-457-21,,1,ROD26.987,400W,5370e5d3-17e3-4973-8edb-2e70a434c40c
W10-83,piece-to-piece,INSERT,SP15-457-11,15Mx457 WILLIAMS SPL,1,ROD16,400W,1c0a9e7a-7831-4f4e-9fd8-b4ea0bf91ed1
W10-83,piece-to-piece,INSERT,SP15-457-31,,1,PD52.387*12.7,400W,8905e63e-9142-4b7f-93e2-4f177f6e239d
W10-83,piece-to-piece,INSERT,SP15-457-21,,1,ROD26.987,400W,06ef10a8-c38e-4883-b660-30387137afc3
W10-83,piece-to-piece,INSERT,SP15-457-11,15Mx457 WILLIAMS SPL,1,ROD16,400W,d2c7be5d-6667-46dd-8370-473126412ad3
W10-83,piece-to-piece,INSERT,SP15-457-31,,1,PD52.387*12.7,400W,a90e2283-354c-4a67-abcc-4a1702de870d
W10-83,piece-to-piece,INSERT,SP15-457-21,,1,ROD26.987,400W,7fbe8760-b837-4ba4-a936-83b7623bb2c7
W10-83,piece-to-piece,INSERT,SP15-457-11,15Mx457 WILLIAMS SPL,1,ROD16,400W,dd4e99dd-fa3f-49c6-ba4a-1932eda44cc6
W10-83,piece-to-piece,INSERT,SP15-457-31,,1,PD52.387*12.7,400W,49834936-d02f-4cea-9326-089950b026be
W10-83,piece-to-piece,INSERT,SP15-457-21,,1,ROD26.987,400W,4322af06-c754-4be0-b170-1e9e328e9c8e
W10-83,piece-to-piece,INSERT,SP15-457-11,15Mx457 WILLIAMS SPL,1,ROD16,400W,939d92f4-d56b-4d6d-9cd1-66f9f014f262
W10-83,piece-to-piece,INSERT,SP15-457-31,,1,PD52.387*12.7,400W,674dbdf6-2b80-41cb-ade8-54043540b8fc
W10-83,piece-to-piece,INSERT,SP15-457-21,,1,ROD26.987,400W,1504d2d3-880f-447b-9f98-be6669ba5ec2
W10-83,piece-to-piece,INSERT,SP15-457-11,15Mx457 WILLIAMS SPL,1,ROD16,400W,df28d038-f362-456d-8448-18e27d98a2fc
W10-83,piece-to-piece,INSERT,SP15-457-31,,1,PD52.387*12.7,400W,5908ae8b-ee03-481d-91c6-20c1ba7480de
W10-83,piece-to-piece,INSERT,SP15-457-21,,1,ROD26.987,400W,f847fb4f-a3ad-4b8f-b9e8-696a36529de6
W10-83,piece-to-piece,GROUT_TUBE,GT75-1219,75Ø x 1219 GROUT TUBE,1,ROD76,Zero_Density,990b075f-a0f7-47c7-88b2-c7ad0c4caa74
W10-83,piece-to-piece,GROUT_TUBE,GT75-1219,75Ø x 1219 GROUT TUBE,1,ROD76,Zero_Density,52a0676c-42ee-466e-963e-15c715fc81eb
W10-83,piece-to-piece,GROUT_TUBE,GT75-1219,75Ø x 1219 GROUT TUBE,1,ROD76,Zero_Density,865dbda0-15c4-498c-a603-795c446c44ec
W10-83,piece-to-piece,GROUT_TUBE,GT100-1219-11,100Øx1219 GROUT TUBE,1,ROD102,Zero_Density,2756a214-3900-48e9-9f95-7c789d61c3f2
W10-83,piece-to-piece,GROUT_TUBE,GT100-1219-21,,1,ROD110,Zero_Density,3ee78d81-a1ec-44aa-851c-6fde556eb193
W10-83,piece-to-piece,GROUT_TUBE,GT100-1219-31,,1,ROD76,Zero_Density,5ce9962d-6edc-4e24-a656-900eee401267
W10-83,piece-to-piece,GROUT_TUBE,GT76-254,76Øx254mm G.TUBE,1,ROD76.2,Zero_Density,209b772c-8674-4be8-a2df-c4c71ccc9610
W10-83,piece-to-piece,GROUT_TUBE,GT76-254,76Øx254mm G.TUBE,1,ROD76.2,Zero_Density,531a7651-2989-4f7f-b8fe-eedfc9d2b722
W10-83,piece-to-piece,GROUT_TUBE,GT76-254,76Øx254mm G.TUBE,1,ROD76.2,Zero_Density,2cdb0583-0af4-4753-af33-28ad5500fdb3
W10-83,piece-to-piece,GROUT_TUBE,GT76-254,76Øx254mm G.TUBE,1,ROD76.2,Zero_Density,5a1829f0-1f7f-4e7c-a4db-9faba69416cb
W10-83,piece-to-piece,GROUT_TUBE,GT76-254,76Øx254mm G.TUBE,1,ROD76.2,Zero_Density,073bb9b4-59e2-4e70-8b2e-e9b9ff001c58
W10-83,piece-to-piece,GROUT_TUBE,GT76-254,76Øx254mm G.TUBE,1,ROD76.2,Zero_Density,e8df520d-ccb1-4ded-b4d8-68e9546984f4
W10-83,piece-to-piece,CONDUIT,CNDT37,19MM CONDUIT,1,ROD19,Zero_Density,5a851d9c-2c31-4b28-9e60-9d77d20f723a
W10-83,piece-to-piece,PLATE,EB-S-PL1,Single Plastic Electr,1,160*50.8,Zero_Density,07bdcb1d-7f68-4958-94d1-f2fad8d65e05
W10-83,piece-to-piece,EMBED,P-602-11,13PL. W/STUD,1,PL101.6*12.7,A572-GR.50,111f650a-346f-4805-ab3c-3ea4daca4110
W10-83,piece-to-piece,EMBED,P-602-21,,1,STUD_1/2-DIA,A108-C1010-1020,07d9132f-0c2c-4bb1-92fa-a9a71bbb0a85
W10-83,piece-to-piece,INSERT,P-300-11,19Ø INSERT (NC),1,ROD23.813,A36,8e189afb-5e42-4868-ac04-75400a1c9dae
W10-83,piece-to-piece,EMBED,P-300-21,,1,ROD6.35,A36,46a275ee-98fe-4224-9367-ccd85d2db9c1
W10-83,piece-to-piece,INSERT,P-300-11,19Ø INSERT (NC),1,ROD23.813,A36,785a0c15-f8e1-4433-a3ce-9700e3f0b2a3
W10-83,piece-to-piece,EMBED,P-300-21,,1,ROD6.35,A36,e5fdfbce-d693-465b-b50e-59e25c304a32
W10-83,piece-to-piece,ANCHOR,P-205-11,12000LB FORGED ANCHOR,1,PL15.88,A36,ea6c31e9-aa46-497e-80c9-5a62e2ba0704
W10-83,piece-to-piece,EMBED,P-205-21,,1,PL76.2*12.7,A36,a7ed4e59-57a6-4c3a-8fbc-5f54258b78a9
W10-83,piece-to-piece,EMBED,P-205-31,,1,SPHERE47.625,A36,bab5726e-4f3d-4870-8344-8481719d11f9
W10-83,piece-to-piece,EMBED,P-205-32,,1,PL54,Steel_Undefined,8d6711b1-ec21-4fab-a503-6ffd77468a39
W10-83,piece-to-piece,ANCHOR,P-205-11,12000LB FORGED ANCHOR,1,PL15.88,A36,7a696e6d-3d90-400b-a1d8-aaa7a9d10450
W10-83,piece-to-piece,EMBED,P-205-21,,1,PL76.2*12.7,A36,91b041ce-4b6d-4802-86aa-abdaac2eafce
W10-83,piece-to-piece,EMBED,P-205-31,,1,SPHERE47.625,A36,a6038b9f-d56a-422f-a477-28534f2d9111
W10-83,piece-to-piece,EMBED,P-205-32,,1,PL54,Steel_Undefined,04cc7d5b-7e04-44c1-b701-62ad29b2d46b
W10-83,piece-to-piece,ANCHOR,P-205-11,12000LB FORGED ANCHOR,1,PL15.88,A36,c2ab21c6-3165-412c-b754-c4b8c51ae089
W10-83,piece-to-piece,EMBED,P-205-21,,1,PL76.2*12.7,A36,294428bc-3945-4ff5-a553-7573af84c620
W10-83,piece-to-piece,EMBED,P-205-31,,1,SPHERE47.625,A36,52ad4132-e500-45ca-93ab-cfbca1e68d25
W10-83,piece-to-piece,EMBED,P-205-32,,1,PL54,Steel_Undefined,ab2f351f-4f6e-4fa6-8604-66fafff617bf
W10-83,piece-to-piece,ANCHOR,P-205-11,12000LB FORGED ANCHOR,1,PL15.88,A36,29ee2280-384d-4878-9309-fa398ea2a796
W10-83,piece-to-piece,EMBED,P-205-21,,1,PL76.2*12.7,A36,64cb20f1-6e9f-4d73-9bc3-f161a4a050ca
W10-83,piece-to-piece,EMBED,P-205-31,,1,SPHERE47.625,A36,7ee61bce-3243-40c0-8c8e-95991c9fe3b2
W10-83,piece-to-piece,EMBED,P-205-32,,1,PL54,Steel_Undefined,f38e9fdd-c9a0-4fe5-bd69-097572b7b468
W10-206,piece-to-piece,GROUT_TUBE,GT75-1219,75Ø x 1219 GROUT TUBE,1,ROD76,Zero_Density,c67ebabf-685d-4487-8581-0fe72ec1ee82
W10-206,piece-to-piece,GROUT_TUBE,GT75-1219,75Ø x 1219 GROUT TUBE,1,ROD76,Zero_Density,49669489-964f-47fc-a255-26b65d42cccb
W10-206,piece-to-piece,GROUT_TUBE,GT75-686,75Ø x 686 GROUT TUBE,1,ROD76,Zero_Density,bc912886-ee2e-468c-866a-101d703cd602
W10-206,piece-to-piece,GROUT_TUBE,GT75-686,75Ø x 686 GROUT TUBE,1,ROD76,Zero_Density,a6c73a2c-4692-4ca9-bcf8-3e98366c1ee4
W10-206,piece-to-piece,INSERT,SP25-1067-11,SP25Mx1067 WILLIAMS S,1,ROD25.4,A706-GR.60,e55f67f4-699c-4ff4-b1ba-7bbbfb843e09
W10-206,piece-to-piece,EMBED,SP25-1067-31,,1,PD66.675*15.875,A706-GR.60,403289ae-bf8c-48f1-82b4-180f484d58d0
W10-206,piece-to-piece,EMBED,SP25-1067-21,,1,ROD41.275,A706-GR.60,ba070024-4fcd-45d0-80eb-33e725772638
W10-206,piece-to-piece,INSERT,SP15-457-11,15Mx457 WILLIAMS SPL,1,ROD16,400W,eac77f93-e97d-4de4-a602-1c79a1565a25
W10-206,piece-to-piece,INSERT,SP15-457-31,,1,PD52.387*12.7,400W,79e460ed-1147-4fc8-9f57-5b9b8e282095
W10-206,piece-to-piece,INSERT,SP15-457-21,,1,ROD26.987,400W,31723a2d-3787-4a1a-a4f1-3e0f67c97829
W10-206,piece-to-piece,GROUT_TUBE,GT75-686,75Ø x 686 GROUT TUBE,1,ROD76,Zero_Density,8db6440a-9ea0-443c-99f4-c7266c313abc
W10-206,piece-to-piece,GROUT_TUBE,GT75-686,75Ø x 686 GROUT TUBE,1,ROD76,Zero_Density,220a647e-e5bd-427b-8fba-27066e1165fa
W10-206,piece-to-piece,GROUT_TUBE,GT75-686,75Ø x 686 GROUT TUBE,1,ROD76,Zero_Density,1a07da4b-51e5-4564-91b9-cc66c6ca0095
W10-206,piece-to-piece,INSERT,SP15-457-11,15Mx457 WILLIAMS SPL,1,ROD16,400W,1be11c91-802e-4c58-a075-27ecde5de00b
W10-206,piece-to-piece,INSERT,SP15-457-31,,1,PD52.387*12.7,400W,31dbf859-022c-4f5a-bf28-dc98351ef7ac
W10-206,piece-to-piece,INSERT,SP15-457-21,,1,ROD26.987,400W,c28ab669-da4a-4726-aa6d-77d7deb376eb
W10-206,piece-to-piece,INSERT,SP15-457-11,15Mx457 WILLIAMS SPL,1,ROD16,400W,b9e9ec80-a7ea-45d8-87ac-8077ed7c460c
W10-206,piece-to-piece,INSERT,SP15-457-31,,1,PD52.387*12.7,400W,85365d96-6ad0-45b7-ba69-cdc4701bf1e7
W10-206,piece-to-piece,INSERT,SP15-457-21,,1,ROD26.987,400W,37c5a052-f2d7-4779-8c61-8b7a08fba2cf
W10-206,piece-to-piece,INSERT,SP15-457-11,15Mx457 WILLIAMS SPL,1,ROD16,400W,bdf3063c-3e0b-4395-a186-7e09dbf5abfd
W10-206,piece-to-piece,INSERT,SP15-457-31,,1,PD52.387*12.7,400W,061dd6b2-8a8d-4898-b84d-3d3bab4f51e7
W10-206,piece-to-piece,INSERT,SP15-457-21,,1,ROD26.987,400W,248d6744-1e5e-4010-a4d6-7cacf351a7ed
W10-206,piece-to-piece,INSERT,SP25-1067-11,SP25Mx1067 WILLIAMS S,1,ROD25.4,A706-GR.60,290ae682-1312-4d53-a2a4-92ae0de5ba07
W10-206,piece-to-piece,EMBED,SP25-1067-31,,1,PD66.675*15.875,A706-GR.60,7be166e3-c901-43be-a060-c96993b360ea
W10-206,piece-to-piece,EMBED,SP25-1067-21,,1,ROD41.275,A706-GR.60,aa9414df-7e11-4b4c-953d-3a24f9df97d8
W10-206,piece-to-piece,INSERT,SP15-457-11,15Mx457 WILLIAMS SPL,1,ROD16,400W,6b5a8070-7e8a-44aa-8f86-b09686914d59
W10-206,piece-to-piece,INSERT,SP15-457-31,,1,PD52.387*12.7,400W,7782b1af-ade7-4cb2-bc4b-76dd32073b57
W10-206,piece-to-piece,INSERT,SP15-457-21,,1,ROD26.987,400W,5b1c740e-d560-47f8-bbac-9bc3de935d67
W10-206,piece-to-piece,INSERT,P-300-11,19Ø INSERT (NC),1,ROD23.813,A36,ac79705c-83eb-458e-8973-22071498166f
W10-206,piece-to-piece,EMBED,P-300-21,,1,ROD6.35,A36,a5b0d569-c82d-4832-9e5a-34987b23c516
W10-206,piece-to-piece,INSERT,P-300-11,19Ø INSERT (NC),1,ROD23.813,A36,09f8278d-119d-40cc-aedf-8f739f41c05f
W10-206,piece-to-piece,EMBED,P-300-21,,1,ROD6.35,A36,85fc29bf-da40-4e14-9f63-5948b9b5ddc4
W10-206,piece-to-piece,ANCHOR,P-205-11,12000LB FORGED ANCHOR,1,PL15.88,A36,30ecd9ef-f7be-4082-8cff-b348d015d39b
W10-206,piece-to-piece,EMBED,P-205-21,,1,PL76.2*12.7,A36,bf65ed31-3f96-47fb-a26d-f666d1747b8e
W10-206,piece-to-piece,EMBED,P-205-31,,1,SPHERE47.625,A36,aa202eb0-7c09-4633-854a-998958257fce
W10-206,piece-to-piece,EMBED,P-205-32,,1,PL54,Steel_Undefined,4ea88701-c2a5-4e6b-a8b6-d290c0c0ba16
W10-206,piece-to-piece,ANCHOR,P-205-11,12000LB FORGED ANCHOR,1,PL15.88,A36,5b3643e2-876e-4492-9901-622fe832fdf3
W10-206,piece-to-piece,EMBED,P-205-21,,1,PL76.2*12.7,A36,f98ff458-277a-4ce7-b9ee-061e4a43cec4
W10-206,piece-to-piece,EMBED,P-205-31,,1,SPHERE47.625,A36,98e1286f-ad31-4557-9639-e3abc5b21f3a
W10-206,piece-to-piece,EMBED,P-205-32,,1,PL54,Steel_Undefined,88d6528a-6e57-4c38-ac15-53b6c7119a4d
W10-206,piece-to-piece,ANCHOR,P-205-11,12000LB FORGED ANCHOR,1,PL15.88,A36,1c562389-7f35-4e50-9482-eee51697088e
W10-206,piece-to-piece,EMBED,P-205-21,,1,PL76.2*12.7,A36,f68f3119-3d41-4616-8cb4-189b99ed6973
W10-206,piece-to-piece,EMBED,P-205-31,,1,SPHERE47.625,A36,2787965f-c633-4b4c-8369-3634c6304223
W10-206,piece-to-piece,EMBED,P-205-32,,1,PL54,Steel_Undefined,f00b08d5-38b8-4d46-8662-74ff358ca3c8
W10-206,piece-to-piece,ANCHOR,P-205-11,12000LB FORGED ANCHOR,1,PL15.88,A36,64a78301-3296-4b8e-92fd-5d2c96a0af41
W10-206,piece-to-piece,EMBED,P-205-21,,1,PL76.2*12.7,A36,0fa85660-994e-42c1-ba69-2fc73ad6245d
W10-206,piece-to-piece,EMBED,P-205-31,,1,SPHERE47.625,A36,d312b176-8173-4dec-87e8-d6a13b1ccced
W10-206,piece-to-piece,EMBED,P-205-32,,1,PL54,Steel_Undefined,b8d28f47-7083-4070-819b-ae97280ca611
W10-206,piece-to-piece,CONDUIT,CNDT49,19MM CONDUIT,1,ROD19,Zero_Density,eca734af-989e-4b3c-ab34-1cc43383e45e
W10-206,piece-to-piece,CONDUIT,CNDT50,19MM CONDUIT,1,ROD19,Zero_Density,7ba748d4-e90e-400b-832f-250c94790691
W10-206,piece-to-piece,PLATE,EB-S-PL1,Single Plastic Electr,1,160*50.8,Zero_Density,e308941e-cc01-4d67-9dd1-47bf829453a3
W10-206,piece-to-piece,EMBED,EB-SQ-PL1,Square Plastic Electr,1,160*160,Zero_Density,db729133-003a-41c1-89ad-2314804c629a
W10-206,piece-to-piece,INSERT,P-300-11,19Ø INSERT (NC),1,ROD23.813,A36,0c6494b8-8da9-4f91-a218-f34912ede140
W10-206,piece-to-piece,EMBED,P-300-21,,1,ROD6.35,A36,e4476080-d5e7-40d7-bd47-c555762d0982
W10-206,piece-to-piece,INSERT,P-300-11,19Ø INSERT (NC),1,ROD23.813,A36,5b018d2d-d8a3-4ef3-bab1-01ac27c3fac0
W10-206,piece-to-piece,EMBED,P-300-21,,1,ROD6.35,A36,c7ec7ab7-c4f6-4a9c-bc2a-26a020d9bbe7
W10-205,piece-to-piece,GROUT_TUBE,GT75-1219,75Ø x 1219 GROUT TUBE,1,ROD76,Zero_Density,8a6907e8-c2ff-47ad-8978-ad4b06ac113c
W10-205,piece-to-piece,GROUT_TUBE,GT75-1219,75Ø x 1219 GROUT TUBE,1,ROD76,Zero_Density,ad687b8f-fb36-4682-98a9-a7afba08a2c4
W10-205,piece-to-piece,GROUT_TUBE,GT75-686,75Ø x 686 GROUT TUBE,1,ROD76,Zero_Density,c567118c-3528-4707-b718-7b7731d89aef
W10-205,piece-to-piece,GROUT_TUBE,GT75-686,75Ø x 686 GROUT TUBE,1,ROD76,Zero_Density,06cb7b6c-b791-4a1d-afbc-5bf95827955a
W10-205,piece-to-piece,INSERT,SP25-1067-11,SP25Mx1067 WILLIAMS S,1,ROD25.4,A706-GR.60,46f66267-052b-47bc-a878-bafee4301359
W10-205,piece-to-piece,EMBED,SP25-1067-31,,1,PD66.675*15.875,A706-GR.60,c46e60e0-4cf2-4fcc-9b8f-be87ac582864
W10-205,piece-to-piece,EMBED,SP25-1067-21,,1,ROD41.275,A706-GR.60,9c6b82c6-3bba-4b35-8a75-b3d3ab05898e
W10-205,piece-to-piece,INSERT,SP25-1067-11,SP25Mx1067 WILLIAMS S,1,ROD25.4,A706-GR.60,a85fe6ea-1a6e-448a-93a4-648517189449
W10-205,piece-to-piece,EMBED,SP25-1067-21,,1,ROD41.275,A706-GR.60,37af1eb3-0d81-459b-a673-8c6f365c7a78
W10-205,piece-to-piece,EMBED,SP25-1067-31,,1,PD66.675*15.875,A706-GR.60,d9976ba8-1336-4c76-81e7-91933c9f4f82
W10-205,piece-to-piece,INSERT,SP15-457-11,15Mx457 WILLIAMS SPL,1,ROD16,400W,034b0e7e-97a1-4bcb-bf30-dd8f41bd0c36
W10-205,piece-to-piece,INSERT,SP15-457-31,,1,PD52.387*12.7,400W,b7411f16-e661-4e03-b07a-9d40ae206061
W10-205,piece-to-piece,INSERT,SP15-457-21,,1,ROD26.987,400W,5e9e4090-eef7-47a5-ad84-283b6f0bd471
W10-205,piece-to-piece,INSERT,SP15-457-11,15Mx457 WILLIAMS SPL,1,ROD16,400W,ff715509-ef8c-4bb1-afe0-30e39c171eca
W10-205,piece-to-piece,INSERT,SP15-457-31,,1,PD52.387*12.7,400W,25e57b8c-d903-4e39-b2fc-3ba316f3a79e
W10-205,piece-to-piece,INSERT,SP15-457-21,,1,ROD26.987,400W,d233bfbb-eb54-4b3e-bb4b-955c8d2b46d5
W10-205,piece-to-piece,INSERT,P-300-11,19Ø INSERT (NC),1,ROD23.813,A36,0cde3c34-b355-4bf8-a36d-bcda7eb5f59b
W10-205,piece-to-piece,EMBED,P-300-21,,1,ROD6.35,A36,0bbce486-224c-4c6e-baae-7f6a5088e74b
W10-205,piece-to-piece,GROUT_TUBE,GT75-686,75Ø x 686 GROUT TUBE,1,ROD76,Zero_Density,ed4c00fc-6d0e-4d6a-b2e1-aed5bbb8aa9c
W10-205,piece-to-piece,GROUT_TUBE,GT75-686,75Ø x 686 GROUT TUBE,1,ROD76,Zero_Density,33a52a25-d898-4b77-b625-15f5311dc087
W10-205,piece-to-piece,GROUT_TUBE,GT75-686,75Ø x 686 GROUT TUBE,1,ROD76,Zero_Density,c1c0a027-5e00-4cec-ab54-b48a94e8a5f8
W10-205,piece-to-piece,INSERT,SP15-457-11,15Mx457 WILLIAMS SPL,1,ROD16,400W,7e62ee20-2421-425c-a20a-09129720f6c2
W10-205,piece-to-piece,INSERT,SP15-457-31,,1,PD52.387*12.7,400W,c77ab6bd-ab07-4574-ba53-a2f8c06e79ba
W10-205,piece-to-piece,INSERT,SP15-457-21,,1,ROD26.987,400W,599c0cb5-ed6d-4e98-8186-b3114cd31c74
W10-205,piece-to-piece,INSERT,SP15-457-11,15Mx457 WILLIAMS SPL,1,ROD16,400W,4dfe165c-e7b5-4b86-ba09-e1883e5f9154
W10-205,piece-to-piece,INSERT,SP15-457-31,,1,PD52.387*12.7,400W,2a1fe12b-c586-4b0c-87f5-0f7351b9ee10
W10-205,piece-to-piece,INSERT,SP15-457-21,,1,ROD26.987,400W,be937beb-5ef8-41aa-a898-cb1fe4dbfb08
W10-205,piece-to-piece,INSERT,SP15-457-11,15Mx457 WILLIAMS SPL,1,ROD16,400W,c78f3182-30e0-4f0d-90de-14f1098a412d
W10-205,piece-to-piece,INSERT,SP15-457-31,,1,PD52.387*12.7,400W,1ffef986-eff4-4510-90f3-e6e77c66ddfa
W10-205,piece-to-piece,INSERT,SP15-457-21,,1,ROD26.987,400W,8184b6e7-77ca-4e3e-8e49-461b5b7f8562
W10-205,piece-to-piece,INSERT,P-300-11,19Ø INSERT (NC),1,ROD23.813,A36,a3413df3-16af-4d67-9633-fe810bff66d6
W10-205,piece-to-piece,EMBED,P-300-21,,1,ROD6.35,A36,14c0fe14-f099-47af-bf00-01819506e0a6
W10-205,piece-to-piece,INSERT,P-300-11,19Ø INSERT (NC),1,ROD23.813,A36,5ba1e06f-a2eb-4653-a217-77337e231310
W10-205,piece-to-piece,EMBED,P-300-21,,1,ROD6.35,A36,f67b7c03-3174-43c4-a944-3fcd53e1d30a
W10-205,piece-to-piece,INSERT,P-300-11,19Ø INSERT (NC),1,ROD23.813,A36,1e9f8815-1c81-4299-8525-046752f79205
W10-205,piece-to-piece,EMBED,P-300-21,,1,ROD6.35,A36,d719624b-eb0a-4879-9101-9001d6f82c38
W10-205,piece-to-piece,ANCHOR,P-205-11,12000LB FORGED ANCHOR,1,PL15.88,A36,4cab2bd5-4155-4522-9d94-4472092960a0
W10-205,piece-to-piece,EMBED,P-205-21,,1,PL76.2*12.7,A36,43704eb7-fdaf-4bde-9d20-a683792c8ccb
W10-205,piece-to-piece,EMBED,P-205-31,,1,SPHERE47.625,A36,9464d7af-ceb7-4ac1-bbf7-d5f2cb70c096
W10-205,piece-to-piece,EMBED,P-205-32,,1,PL54,Steel_Undefined,627cb5f6-f34e-48be-b9db-4009f0738e2f
W10-205,piece-to-piece,ANCHOR,P-205-11,12000LB FORGED ANCHOR,1,PL15.88,A36,5222d0bf-e615-4765-830e-24fe0af8dda6
W10-205,piece-to-piece,EMBED,P-205-21,,1,PL76.2*12.7,A36,2ac1805d-3fe0-40c9-bbf1-dd80d7fa7612
W10-205,piece-to-piece,EMBED,P-205-31,,1,SPHERE47.625,A36,8f031db9-05fd-4684-be37-07b6c0abd593
W10-205,piece-to-piece,EMBED,P-205-32,,1,PL54,Steel_Undefined,f67e2658-3e88-4a27-a459-48e22c4f2ab9
W10-205,piece-to-piece,ANCHOR,P-205-11,12000LB FORGED ANCHOR,1,PL15.88,A36,04d1089e-282e-4e2e-9737-e589a45a41df
W10-205,piece-to-piece,EMBED,P-205-21,,1,PL76.2*12.7,A36,4870d35a-30d2-4b18-97cd-63b972c099dc
W10-205,piece-to-piece,EMBED,P-205-31,,1,SPHERE47.625,A36,91186d04-4905-4fdd-9d89-3a5b1b099bea
W10-205,piece-to-piece,EMBED,P-205-32,,1,PL54,Steel_Undefined,5e6994af-b426-471e-b320-bdae147e825b
W10-205,piece-to-piece,ANCHOR,P-205-11,12000LB FORGED ANCHOR,1,PL15.88,A36,98b54308-3e39-4e11-9fa0-31f29c60e7af
W10-205,piece-to-piece,EMBED,P-205-21,,1,PL76.2*12.7,A36,200a4796-5177-4ff5-a551-73bee5070946
W10-205,piece-to-piece,EMBED,P-205-31,,1,SPHERE47.625,A36,78c3946a-3f7d-4773-9aa9-932fd339b2c9
W10-205,piece-to-piece,EMBED,P-205-32,,1,PL54,Steel_Undefined,789d42d8-67eb-4f47-b071-9052e8b26103
W10-205,piece-to-piece,CONDUIT,CNDT49,19MM CONDUIT,1,ROD19,Zero_Density,709ef54b-ee7d-4fca-8ad7-5a57b176df29
W10-205,piece-to-piece,CONDUIT,CNDT50,19MM CONDUIT,1,ROD19,Zero_Density,15a972e8-58b3-4e04-8b39-dcdd051d9154
W10-205,piece-to-piece,PLATE,EB-S-PL1,Single Plastic Electr,1,160*50.8,Zero_Density,7cd5b093-6e79-43a2-80da-e0477e2587bc
W10-205,piece-to-piece,EMBED,EB-SQ-PL1,Square Plastic Electr,1,160*160,Zero_Density,a8b66b2e-682d-4d1a-9265-f6a43c5e5662
W10-15,piece-to-piece,INSERT,P-300-11,19Ø INSERT (NC),1,ROD23.813,A36,2699093b-1726-4e27-a649-86040fea7dec
W10-15,piece-to-piece,EMBED,P-300-21,,1,ROD6.35,A36,380dd6fc-9cab-4741-b06f-78c40624b2ba
W10-15,piece-to-piece,INSERT,P-300-11,19Ø INSERT (NC),1,ROD23.813,A36,f6d5946a-4d98-4aab-96b5-7becc16cbccd
W10-15,piece-to-piece,EMBED,P-300-21,,1,ROD6.35,A36,0da01141-18a8-4717-8cfa-e0d8c11a219e
W10-15,piece-to-piece,GROUT_TUBE,GT75-686,75Ø x 686 GROUT TUBE,1,ROD76,Zero_Density,b14ee932-3fee-4ec9-aee1-cc3a2b60d2f7
W10-15,piece-to-piece,GROUT_TUBE,GT75-686,75Ø x 686 GROUT TUBE,1,ROD76,Zero_Density,290edc21-01e3-447b-b441-88953ee42da1
W10-15,piece-to-piece,GROUT_TUBE,GT75-686,75Ø x 686 GROUT TUBE,1,ROD76,Zero_Density,219e50d1-59ef-44b3-8029-aceb1df62dc0
W10-15,piece-to-piece,GROUT_TUBE,GT75-1219,75Ø x 1219 GROUT TUBE,1,ROD76,Zero_Density,82edff5e-d774-4613-a29b-0a6be5011db3
W10-15,piece-to-piece,INSERT,SP25-1067-11,SP25Mx1067 WILLIAMS S,1,ROD25.4,A706-GR.60,fe29554f-5ee3-4b11-9e9b-01f6d5e40ae3
W10-15,piece-to-piece,EMBED,SP25-1067-31,,1,PD66.675*15.875,A706-GR.60,45994e76-dbf7-4f09-918a-431ef0e63b69
W10-15,piece-to-piece,EMBED,SP25-1067-21,,1,ROD41.275,A706-GR.60,06693d1e-eef6-4a78-8324-041d3356ba36
W10-15,piece-to-piece,INSERT,SP15-457-11,15Mx457 WILLIAMS SPL,1,ROD16,400W,ad5dc6a4-2b6f-4c28-ba6d-0db474e78c11
W10-15,piece-to-piece,INSERT,SP15-457-31,,1,PD52.387*12.7,400W,4c27cc59-6025-48fc-b0c2-716d14682cd0
W10-15,piece-to-piece,INSERT,SP15-457-21,,1,ROD26.987,400W,a1218341-496e-4eab-ab33-fca23e323769
W10-15,piece-to-piece,INSERT,SP15-457-11,15Mx457 WILLIAMS SPL,1,ROD16,400W,aa45bd37-5646-4e36-a003-09080f66f11d
W10-15,piece-to-piece,INSERT,SP15-457-31,,1,PD52.387*12.7,400W,5282a573-b489-4412-acfc-5d0600d9c01a
W10-15,piece-to-piece,INSERT,SP15-457-21,,1,ROD26.987,400W,7e33b2e8-a180-4da7-bfb8-e4e1e8f65154
W10-15,piece-to-piece,INSERT,SP15-457-11,15Mx457 WILLIAMS SPL,1,ROD16,400W,94a3ba6e-64a3-4fe4-902f-28b77bf51122
W10-15,piece-to-piece,INSERT,SP15-457-31,,1,PD52.387*12.7,400W,a95002db-6b26-4673-9690-3735c7759ad2
W10-15,piece-to-piece,INSERT,SP15-457-21,,1,ROD26.987,400W,c3064750-69c4-4da2-918e-f04ea145f0fd
W10-15,piece-to-piece,INSERT,SP15-457-11,15Mx457 WILLIAMS SPL,1,ROD16,400W,1909f939-44b1-46ec-9f09-a7e030716122
W10-15,piece-to-piece,INSERT,SP15-457-31,,1,PD52.387*12.7,400W,b1313244-fc37-44f9-886a-008dda307344
W10-15,piece-to-piece,INSERT,SP15-457-21,,1,ROD26.987,400W,1737026b-61ac-41a8-aa62-73bff19bad6a
W10-15,piece-to-piece,GROUT_TUBE,GT75-1219,75Ø x 1219 GROUT TUBE,1,ROD76,Zero_Density,b73a8583-a718-4958-9f07-155a6b629552
W10-15,piece-to-piece,GROUT_TUBE,GT75-686,75Ø x 686 GROUT TUBE,1,ROD76,Zero_Density,91510b7d-dbde-4b03-b404-adb65ce05b3d
W10-15,piece-to-piece,GROUT_TUBE,GT75-686,75Ø x 686 GROUT TUBE,1,ROD76,Zero_Density,204eba7d-1d3b-43fe-8876-d4dadcd82f4e
W10-15,piece-to-piece,INSERT,SP25-1067-11,SP25Mx1067 WILLIAMS S,1,ROD25.4,A706-GR.60,271ebb44-7cfc-44dd-bfca-d172877813de
W10-15,piece-to-piece,EMBED,SP25-1067-31,,1,PD66.675*15.875,A706-GR.60,c9e4fda8-919d-4306-ac65-39f4a3d11b6d
W10-15,piece-to-piece,EMBED,SP25-1067-21,,1,ROD41.275,A706-GR.60,69edd24f-2534-44b6-a49d-44ed084cea37
W10-15,piece-to-piece,INSERT,SP15-457-11,15Mx457 WILLIAMS SPL,1,ROD16,400W,950857c0-907a-42a7-8e35-17e5053eb6c4
W10-15,piece-to-piece,INSERT,SP15-457-31,,1,PD52.387*12.7,400W,bed719f4-42bd-44b1-b1dd-3f171a22fb32
W10-15,piece-to-piece,INSERT,SP15-457-21,,1,ROD26.987,400W,6d9f036b-f5be-49bf-ad0d-31748469f1a1
W10-15,piece-to-piece,INSERT,P-300-11,19Ø INSERT (NC),1,ROD23.813,A36,4dfcbaf9-93ce-4c99-b840-f3e323450526
W10-15,piece-to-piece,EMBED,P-300-21,,1,ROD6.35,A36,97df0c9d-fa8e-4921-8244-99531fe63ad0
W10-15,piece-to-piece,INSERT,P-300-11,19Ø INSERT (NC),1,ROD23.813,A36,1a1cce49-7964-4c93-a7ae-23294169e318
W10-15,piece-to-piece,EMBED,P-300-21,,1,ROD6.35,A36,32ee0310-649f-45dc-99dd-22c5dc907a00
W10-15,piece-to-piece,ANCHOR,P-205-11,12000LB FORGED ANCHOR,1,PL15.88,A36,713ab204-6553-4c2a-841a-78a145cb2c61
W10-15,piece-to-piece,EMBED,P-205-21,,1,PL76.2*12.7,A36,b6b57a36-e7b7-434b-9f93-436c05f33fb2
W10-15,piece-to-piece,EMBED,P-205-31,,1,SPHERE47.625,A36,c7af5340-249b-4d93-840d-7b7249440a97
W10-15,piece-to-piece,EMBED,P-205-32,,1,PL54,Steel_Undefined,7eca978a-9083-4991-beae-99eb62e2895d
W10-15,piece-to-piece,ANCHOR,P-205-11,12000LB FORGED ANCHOR,1,PL15.88,A36,e36a461c-d51e-4cd2-ab39-c55a1c0dfefa
W10-15,piece-to-piece,EMBED,P-205-21,,1,PL76.2*12.7,A36,a4991926-37b1-447b-9fcf-ca5bd78e8627
W10-15,piece-to-piece,EMBED,P-205-31,,1,SPHERE47.625,A36,530a1bb6-b749-4d88-9e79-6f169f44f4ea
W10-15,piece-to-piece,EMBED,P-205-32,,1,PL54,Steel_Undefined,d3994a81-acf0-4fdf-80ff-0d7573a650a7
W10-15,piece-to-piece,ANCHOR,P-205-11,12000LB FORGED ANCHOR,1,PL15.88,A36,d7d8e6f7-fc31-44d8-98f5-6d8e35af9231
W10-15,piece-to-piece,EMBED,P-205-21,,1,PL76.2*12.7,A36,c51b82d1-32a9-4cb4-9ccb-ddbabc9cfaeb
W10-15,piece-to-piece,EMBED,P-205-31,,1,SPHERE47.625,A36,deb906c6-2c44-4679-bcb5-8dd089fdd0fb
W10-15,piece-to-piece,EMBED,P-205-32,,1,PL54,Steel_Undefined,cc6cc8b2-8101-45a3-aa83-1494c84c8f8f
W10-15,piece-to-piece,ANCHOR,P-205-11,12000LB FORGED ANCHOR,1,PL15.88,A36,185f4a28-2a8d-49db-86ca-c566a7da17fd
W10-15,piece-to-piece,EMBED,P-205-21,,1,PL76.2*12.7,A36,875dac78-bd3f-467c-89b9-0d3e54fa8add
W10-15,piece-to-piece,EMBED,P-205-31,,1,SPHERE47.625,A36,51902706-c71b-436f-8214-011e33995c9b
W10-15,piece-to-piece,EMBED,P-205-32,,1,PL54,Steel_Undefined,f192c68e-0d6f-4777-8e39-398e25e9ca4f
W10-15,piece-to-piece,GROUT_TUBE,GT75-1219,75Ø x 1219 GROUT TUBE,1,ROD76,Zero_Density,2689d698-7f23-4508-8b49-ceae6f7f5c71
W10-15,piece-to-piece,GROUT_TUBE,GT75-1219,75Ø x 1219 GROUT TUBE,1,ROD76,Zero_Density,e837a252-88d9-4ad2-8f9d-8424a5c7bc76
W10-97,piece-to-piece,INSERT,P-300-11,19Ø INSERT (NC),1,ROD23.813,A36,44fddcbb-67be-4fea-8fec-f32ceb1de4ec
W10-97,piece-to-piece,EMBED,P-300-21,,1,ROD6.35,A36,598346db-ca22-44fe-86a8-2888b8288979
W10-97,piece-to-piece,GROUT_TUBE,GT75-1219,75Ø x 1219 GROUT TUBE,1,ROD76,Zero_Density,c723e319-bb05-416a-9749-0f49f75fd879
W10-97,piece-to-piece,GROUT_TUBE,GT75-1219,75Ø x 1219 GROUT TUBE,1,ROD76,Zero_Density,439698ff-d5c9-4540-8c2a-1fbb39361288
W10-97,piece-to-piece,GROUT_TUBE,GT75-686,75Ø x 686 GROUT TUBE,1,ROD76,Zero_Density,b4c50380-7d8d-45f4-850e-19e0bae1ebc6
W10-97,piece-to-piece,GROUT_TUBE,GT75-686,75Ø x 686 GROUT TUBE,1,ROD76,Zero_Density,8353dbad-9f6b-4275-9523-5be1b80f0658
W10-97,piece-to-piece,GROUT_TUBE,GT75-686,75Ø x 686 GROUT TUBE,1,ROD76,Zero_Density,967c990e-80d3-4504-ae45-57d114b67a76
W10-97,piece-to-piece,GROUT_TUBE,GT75-686,75Ø x 686 GROUT TUBE,1,ROD76,Zero_Density,a56fef1e-5ce9-4f42-9856-a8f9902830f5
W10-97,piece-to-piece,GROUT_TUBE,GT75-686,75Ø x 686 GROUT TUBE,1,ROD76,Zero_Density,8ff03b92-3be7-4f48-8c7f-1e949a44e4ab
W10-97,piece-to-piece,INSERT,SP15-457-11,15Mx457 WILLIAMS SPL,1,ROD16,400W,80622d5f-734d-4cc7-8808-e7a2792b43d5
W10-97,piece-to-piece,INSERT,SP15-457-31,,1,PD52.387*12.7,400W,b41e236e-addd-4a0c-9d9f-060fad6c739b
W10-97,piece-to-piece,INSERT,SP15-457-21,,1,ROD26.987,400W,7aa08720-bcb7-48b8-b31a-22db0095baf4
W10-97,piece-to-piece,INSERT,SP15-457-11,15Mx457 WILLIAMS SPL,1,ROD16,400W,97400549-123a-44aa-a68c-79c8a2a34995
W10-97,piece-to-piece,INSERT,SP15-457-31,,1,PD52.387*12.7,400W,77765063-0059-4504-9c6c-8ee5a7ea7c3b
W10-97,piece-to-piece,INSERT,SP15-457-21,,1,ROD26.987,400W,4f82d920-dbea-4f02-8d1f-f417f4b82175
W10-97,piece-to-piece,INSERT,SP15-457-11,15Mx457 WILLIAMS SPL,1,ROD16,400W,f22764a8-4ab2-4735-b5ac-e95f73d0b287
W10-97,piece-to-piece,INSERT,SP15-457-31,,1,PD52.387*12.7,400W,73714c15-1d68-4f7a-9509-3ed64525f634
W10-97,piece-to-piece,INSERT,SP15-457-21,,1,ROD26.987,400W,aefb2c49-180f-4bd8-bc97-df4a5d3c23bd
W10-97,piece-to-piece,INSERT,SP25-1067-11,SP25Mx1067 WILLIAMS S,1,ROD25.4,A706-GR.60,b17d365d-999c-4417-8fc2-33f6e5625827
W10-97,piece-to-piece,EMBED,SP25-1067-31,,1,PD66.675*15.875,A706-GR.60,73be8536-60f2-4c72-b664-ec6a514e295a
W10-97,piece-to-piece,EMBED,SP25-1067-21,,1,ROD41.275,A706-GR.60,df93b625-148b-4474-b7ec-0c8b6ca55393
W10-97,piece-to-piece,INSERT,SP25-1067-11,SP25Mx1067 WILLIAMS S,1,ROD25.4,A706-GR.60,93920c3d-b883-4a7e-97f3-c27b574e663d
W10-97,piece-to-piece,EMBED,SP25-1067-31,,1,PD66.675*15.875,A706-GR.60,a70bd8e3-5be1-40c1-9a1f-81857249028a
W10-97,piece-to-piece,EMBED,SP25-1067-21,,1,ROD41.275,A706-GR.60,7dc49ef1-85a1-4831-8236-7e4eabd663f5
W10-97,piece-to-piece,INSERT,SP15-457-11,15Mx457 WILLIAMS SPL,1,ROD16,400W,dad1b71d-8dad-4665-bd9e-756972ad4c22
W10-97,piece-to-piece,INSERT,SP15-457-31,,1,PD52.387*12.7,400W,2624d95e-76ab-4f4f-84a4-cf7b440ec052
W10-97,piece-to-piece,INSERT,SP15-457-21,,1,ROD26.987,400W,2d63d9d5-77eb-4b69-989e-4beba27f3b1e
W10-97,piece-to-piece,INSERT,SP15-457-11,15Mx457 WILLIAMS SPL,1,ROD16,400W,0c0fe4e5-96ca-46c0-9df2-69462adb22c2
W10-97,piece-to-piece,INSERT,SP15-457-31,,1,PD52.387*12.7,400W,cb2fe021-fb7d-4c6f-b580-e06f9425c746
W10-97,piece-to-piece,INSERT,SP15-457-21,,1,ROD26.987,400W,c5f8caba-a313-4a18-894c-98b3d84b1955
W10-97,piece-to-piece,INSERT,P-300-11,19Ø INSERT (NC),1,ROD23.813,A36,f87b597e-ce5c-45b1-a57e-b45dd1caf920
W10-97,piece-to-piece,EMBED,P-300-21,,1,ROD6.35,A36,411ccc37-7155-46ea-b656-eb4f6379d9ad
W10-97,piece-to-piece,INSERT,P-300-11,19Ø INSERT (NC),1,ROD23.813,A36,e8d653b1-a11c-4577-a68a-3d3f7ee76a17
W10-97,piece-to-piece,EMBED,P-300-21,,1,ROD6.35,A36,c741e8a9-c39c-4bf2-8adc-946e033229bc
W10-97,piece-to-piece,ANCHOR,P-205-11,12000LB FORGED ANCHOR,1,PL15.88,A36,76904151-260f-447b-bf3d-f500d7b34a7d
W10-97,piece-to-piece,EMBED,P-205-21,,1,PL76.2*12.7,A36,7309dc29-9596-4781-afc3-42f6e7c36682
W10-97,piece-to-piece,EMBED,P-205-31,,1,SPHERE47.625,A36,a02dc48a-ad49-48ab-8aa8-c41304b565a1
W10-97,piece-to-piece,EMBED,P-205-32,,1,PL54,Steel_Undefined,2dec1581-d987-4df3-a500-ca9b19407397
W10-97,piece-to-piece,ANCHOR,P-205-11,12000LB FORGED ANCHOR,1,PL15.88,A36,fe7e5922-26e7-4254-a1d9-e5e792440611
W10-97,piece-to-piece,EMBED,P-205-21,,1,PL76.2*12.7,A36,1e97010b-f52a-45c0-bce6-d27a0774b83c
W10-97,piece-to-piece,EMBED,P-205-31,,1,SPHERE47.625,A36,2366ef1e-9e60-43f6-a946-a8fd5d47175d
W10-97,piece-to-piece,EMBED,P-205-32,,1,PL54,Steel_Undefined,ca5101bb-ab34-4394-8d51-5bdc22b9d75c
W10-97,piece-to-piece,ANCHOR,P-205-11,12000LB FORGED ANCHOR,1,PL15.88,A36,c5972346-4cc0-4286-97b3-143572a53d7d
W10-97,piece-to-piece,EMBED,P-205-21,,1,PL76.2*12.7,A36,f660a194-5fed-4848-839f-74b4f8ef06dd
W10-97,piece-to-piece,EMBED,P-205-31,,1,SPHERE47.625,A36,e42a0826-f8ea-4331-b6f9-f2e56b0c7183
W10-97,piece-to-piece,EMBED,P-205-32,,1,PL54,Steel_Undefined,e052ea3d-95f7-4dd8-88ca-ec395a19839f
W10-97,piece-to-piece,ANCHOR,P-205-11,12000LB FORGED ANCHOR,1,PL15.88,A36,9c37cfe8-bce4-494c-b86b-25d7d9c3a551
W10-97,piece-to-piece,EMBED,P-205-21,,1,PL76.2*12.7,A36,7f943b7d-4e09-4a3c-8548-345cbff30dc2
W10-97,piece-to-piece,EMBED,P-205-31,,1,SPHERE47.625,A36,091f9480-48bd-4f09-88fc-ccec9770fed0
W10-97,piece-to-piece,EMBED,P-205-32,,1,PL54,Steel_Undefined,ee2b58c5-5b9b-488c-9753-c1d1a34278e7
W10-97,piece-to-piece,INSERT,P-300-11,19Ø INSERT (NC),1,ROD23.813,A36,940f9a4c-8545-40ff-98e2-b882eeec9d57
W10-97,piece-to-piece,EMBED,P-300-21,,1,ROD6.35,A36,7c5035f6-c54c-4fe2-9f62-053f1492bebc
W10-97,piece-to-piece,INSERT,SP25-1067-11,SP25Mx1067 WILLIAMS S,1,ROD25.4,A706-GR.60,af3e320b-20ed-4d34-8244-a4f324387180
W10-97,piece-to-piece,EMBED,SP25-1067-31,,1,PD66.675*15.875,A706-GR.60,d4da42af-c67c-44ff-88a7-488611ff8450
W10-97,piece-to-piece,EMBED,SP25-1067-21,,1,ROD41.275,A706-GR.60,1bb18538-ff3e-4f3c-87f9-2c37e3539a8e
W10-97,piece-to-piece,INSERT,SP25-1067-11,SP25Mx1067 WILLIAMS S,1,ROD25.4,A706-GR.60,165a2f3d-4b54-4090-ab4d-800e0e574c69
W10-97,piece-to-piece,EMBED,SP25-1067-31,,1,PD66.675*15.875,A706-GR.60,94acceb0-2688-48d5-a90e-00e00e97bc54
W10-97,piece-to-piece,EMBED,SP25-1067-21,,1,ROD41.275,A706-GR.60,62e8496c-14c9-4ab3-9f3c-8d243ee23683
W10-171,piece-to-piece,INSERT,P-300-11,19Ø INSERT (NC),1,ROD23.813,A36,ba3c4b71-f303-495a-883e-e75894c84a4d
W10-171,piece-to-piece,EMBED,P-300-21,,1,ROD6.35,A36,985a6ad3-5727-4313-98c6-de82a161aa24
W10-171,piece-to-piece,INSERT,P-300-11,19Ø INSERT (NC),1,ROD23.813,A36,814964bb-0842-4d87-889c-b5e1d68ec8a0
W10-171,piece-to-piece,EMBED,P-300-21,,1,ROD6.35,A36,cb1c367c-118a-4d50-a318-9f2ae7b4d06b
W10-171,piece-to-piece,GROUT_TUBE,GT75-1219,75Ø x 1219 GROUT TUBE,1,ROD76,Zero_Density,9408b6ec-0d63-4e1a-b4c5-21ec2ab76de4
W10-171,piece-to-piece,GROUT_TUBE,GT75-1219,75Ø x 1219 GROUT TUBE,1,ROD76,Zero_Density,ae6430a4-8ec0-429c-a7c6-0324104b892c
W10-171,piece-to-piece,GROUT_TUBE,GT75-686,75Ø x 686 GROUT TUBE,1,ROD76,Zero_Density,5a841dd5-50fd-44ca-939d-5150f0ee52f3
W10-171,piece-to-piece,GROUT_TUBE,GT75-686,75Ø x 686 GROUT TUBE,1,ROD76,Zero_Density,f31eddc4-f5aa-4599-a255-2fb76eac9767
W10-171,piece-to-piece,GROUT_TUBE,GT75-686,75Ø x 686 GROUT TUBE,1,ROD76,Zero_Density,e3c85e13-910e-4634-8b3c-71af8bf817ba
W10-171,piece-to-piece,GROUT_TUBE,GT75-686,75Ø x 686 GROUT TUBE,1,ROD76,Zero_Density,b31d5f29-5a09-46ed-a275-c8dcb69815e3
W10-171,piece-to-piece,GROUT_TUBE,GT75-686,75Ø x 686 GROUT TUBE,1,ROD76,Zero_Density,c1a82176-39c8-4f00-b4db-ffdfa2eccff2
W10-171,piece-to-piece,INSERT,SP25-1067-11,SP25Mx1067 WILLIAMS S,1,ROD25.4,A706-GR.60,51cac1f7-85c8-4df1-b737-588929d51168
W10-171,piece-to-piece,EMBED,SP25-1067-31,,1,PD66.675*15.875,A706-GR.60,3a61afea-f0bb-411b-83b5-b95e4d5cee2d
W10-171,piece-to-piece,EMBED,SP25-1067-21,,1,ROD41.275,A706-GR.60,4464aa3e-f7f0-4cb5-9cbe-5210529ff034
W10-171,piece-to-piece,INSERT,SP25-1067-11,SP25Mx1067 WILLIAMS S,1,ROD25.4,A706-GR.60,6423ddcb-0984-44e2-836a-7fe6609f4105
W10-171,piece-to-piece,EMBED,SP25-1067-31,,1,PD66.675*15.875,A706-GR.60,62af5fe5-fc5f-4bd6-ab32-e9334368afa6
W10-171,piece-to-piece,EMBED,SP25-1067-21,,1,ROD41.275,A706-GR.60,36b1f930-b351-459d-8450-27c8169fc799
W10-171,piece-to-piece,INSERT,SP15-457-11,15Mx457 WILLIAMS SPL,1,ROD16,400W,33e5c02b-6f2d-41dd-89b4-061d5b759b07
W10-171,piece-to-piece,INSERT,SP15-457-31,,1,PD52.387*12.7,400W,d004112c-02eb-4ef5-9cfe-96f176361588
W10-171,piece-to-piece,INSERT,SP15-457-21,,1,ROD26.987,400W,8267a466-84b4-418d-8a4b-5e6a5e49dafa
W10-171,piece-to-piece,INSERT,SP15-457-11,15Mx457 WILLIAMS SPL,1,ROD16,400W,88f73ec6-23e7-452b-84c4-5bc2eb5879a1
W10-171,piece-to-piece,INSERT,SP15-457-31,,1,PD52.387*12.7,400W,b7f02b75-d23c-4ad7-b69c-93b5bcde827b
W10-171,piece-to-piece,INSERT,SP15-457-21,,1,ROD26.987,400W,3abd5aa9-7900-47eb-8894-5a2386952572
W10-171,piece-to-piece,INSERT,SP15-457-11,15Mx457 WILLIAMS SPL,1,ROD16,400W,3a9e8b7f-1d5b-406e-890e-8aed37a69537
W10-171,piece-to-piece,INSERT,SP15-457-31,,1,PD52.387*12.7,400W,41ccdb06-0de0-4da8-ba61-379b4d31b2ec
W10-171,piece-to-piece,INSERT,SP15-457-21,,1,ROD26.987,400W,4d306de8-a6e7-4e55-948a-956c1798e7cb
W10-171,piece-to-piece,INSERT,SP15-457-11,15Mx457 WILLIAMS SPL,1,ROD16,400W,6c9a0319-2695-4c57-8dfc-54a0b2f2de60
W10-171,piece-to-piece,INSERT,SP15-457-31,,1,PD52.387*12.7,400W,9c92ce49-9e48-40ff-ad58-1f961f932338
W10-171,piece-to-piece,INSERT,SP15-457-21,,1,ROD26.987,400W,831f16c4-7595-466f-aaad-f5b30d516f1f
W10-171,piece-to-piece,INSERT,SP15-457-11,15Mx457 WILLIAMS SPL,1,ROD16,400W,03cb9939-7d12-4e6a-bb78-b9fafcb2a5e5
W10-171,piece-to-piece,INSERT,SP15-457-31,,1,PD52.387*12.7,400W,326dcba5-5d9d-445b-aee4-68da76597ba3
W10-171,piece-to-piece,INSERT,SP15-457-21,,1,ROD26.987,400W,4a1cb64d-e77f-47da-8320-07e8deb23991
W10-171,piece-to-piece,INSERT,P-300-11,19Ø INSERT (NC),1,ROD23.813,A36,b0bb7891-161f-42cc-9732-f95b3c15b6ff
W10-171,piece-to-piece,EMBED,P-300-21,,1,ROD6.35,A36,979dc2a1-8a1e-48c1-90e5-7528b39e7153
W10-171,piece-to-piece,INSERT,P-300-11,19Ø INSERT (NC),1,ROD23.813,A36,029ea99f-5c6c-4e81-89f0-0feccd6ba8c7
W10-171,piece-to-piece,EMBED,P-300-21,,1,ROD6.35,A36,86311ddc-04dd-4fee-a08f-9e123b2b7430
W10-171,piece-to-piece,ANCHOR,P-205-11,12000LB FORGED ANCHOR,1,PL15.88,A36,80fe80f5-aa6d-41bb-be55-6ca742ff7b31
W10-171,piece-to-piece,EMBED,P-205-21,,1,PL76.2*12.7,A36,c8ed934f-a2ec-46c2-91b3-dce805f527a1
W10-171,piece-to-piece,EMBED,P-205-31,,1,SPHERE47.625,A36,74c6cce5-e9a2-4633-9fbf-4dea4e6a3676
W10-171,piece-to-piece,EMBED,P-205-32,,1,PL54,Steel_Undefined,91953f6f-73e6-4643-adf6-1d3f18f8fbd5
W10-171,piece-to-piece,ANCHOR,P-205-11,12000LB FORGED ANCHOR,1,PL15.88,A36,b84bcbd0-48f2-47e7-b979-f30ab20a089b
W10-171,piece-to-piece,EMBED,P-205-21,,1,PL76.2*12.7,A36,2f2659bb-fab4-4ec4-a526-b8bfde35e294
W10-171,piece-to-piece,EMBED,P-205-31,,1,SPHERE47.625,A36,b2f9c16b-9ab4-4bd6-956f-101ae48e0c2c
W10-171,piece-to-piece,EMBED,P-205-32,,1,PL54,Steel_Undefined,c9874a60-f422-4842-a504-9d69be5d3fd8
W10-171,piece-to-piece,ANCHOR,P-205-11,12000LB FORGED ANCHOR,1,PL15.88,A36,01dcc652-a280-48eb-b93a-6a8029b2ad40
W10-171,piece-to-piece,EMBED,P-205-21,,1,PL76.2*12.7,A36,de69f71c-6fa4-4dd2-9bce-d1cf255bcf8b
W10-171,piece-to-piece,EMBED,P-205-31,,1,SPHERE47.625,A36,7cfd353e-b23d-4bb8-9a29-0a062c42e432
W10-171,piece-to-piece,EMBED,P-205-32,,1,PL54,Steel_Undefined,1f6eb8e6-d0fe-4253-b704-386e9cdb578b
W10-171,piece-to-piece,ANCHOR,P-205-11,12000LB FORGED ANCHOR,1,PL15.88,A36,9a4d322e-9cf4-46a8-ae8d-1da6ab8af7f8
W10-171,piece-to-piece,EMBED,P-205-21,,1,PL76.2*12.7,A36,31b678e1-9fbe-4ccf-8920-c54c1d1e0558
W10-171,piece-to-piece,EMBED,P-205-31,,1,SPHERE47.625,A36,422a7b0f-d696-42d2-8bfc-d96ed272d796
W10-171,piece-to-piece,EMBED,P-205-32,,1,PL54,Steel_Undefined,e7fdbc1b-7350-409a-9645-208e3ce436d0
W10-150,piece-to-piece,INSERT,P-300-11,19Ø INSERT (NC),1,ROD23.813,A36,82eabecc-691c-4f39-b606-14fa376d450b
W10-150,piece-to-piece,EMBED,P-300-21,,1,ROD6.35,A36,5d873987-85ec-44e9-8317-20d0fa6a55a2
W10-150,piece-to-piece,GROUT_TUBE,GT100-1219-11,100Øx1219 GROUT TUBE,1,ROD102,Zero_Density,a7850450-9314-4339-b769-e238ce0563e6
W10-150,piece-to-piece,GROUT_TUBE,GT100-1219-21,,1,ROD110,Zero_Density,44f348d9-9153-48e7-aad6-c431d76c0b67
W10-150,piece-to-piece,GROUT_TUBE,GT100-1219-31,,1,ROD76,Zero_Density,7732d50f-65eb-4897-ad12-99613b198e12
W10-150,piece-to-piece,GROUT_TUBE,GT100-1219-11,100Øx1219 GROUT TUBE,1,ROD102,Zero_Density,d757d2a4-233e-4d59-b028-458c73a9dd51
W10-150,piece-to-piece,GROUT_TUBE,GT100-1219-21,,1,ROD110,Zero_Density,37257417-904a-4ba7-8a5f-5f11ca1b8659
W10-150,piece-to-piece,GROUT_TUBE,GT100-1219-31,,1,ROD76,Zero_Density,f26d5fae-e06e-4ab3-aeb4-127a40c74cfd
W10-150,piece-to-piece,INSERT,SP30-1219-11,30Mx1219 WILLIAMS SPL,1,ROD30.16,A706-GR.60,6d183c95-2c7c-452d-b686-4ac518ce29e4
W10-150,piece-to-piece,EMBED,SP30-1219-31,,1,PD71.438*19.05,A706-GR.60,bcf868a4-766d-489d-9644-2ca34f0a96a3
W10-150,piece-to-piece,EMBED,SP30-1219-21,,1,ROD44.45,A706-GR.60,79b4a585-904f-41e9-bd29-594d90431619
W10-150,piece-to-piece,INSERT,SP30-1219-11,30Mx1219 WILLIAMS SPL,1,ROD30.16,A706-GR.60,f39fcc56-c90c-4467-b0b5-0253b6556007
W10-150,piece-to-piece,EMBED,SP30-1219-31,,1,PD71.438*19.05,A706-GR.60,9310f455-ebb1-48ca-9c03-efc709dd2d37
W10-150,piece-to-piece,EMBED,SP30-1219-21,,1,ROD44.45,A706-GR.60,8c47fcee-97fc-4900-83c9-5adc76cdc299
W10-150,piece-to-piece,GROUT_TUBE,GT75-1219,75Ø x 1219 GROUT TUBE,1,ROD76,Zero_Density,9532a3fb-ee53-4821-b1f6-87c06cbef655
W10-150,piece-to-piece,GROUT_TUBE,GT75-1219,75Ø x 1219 GROUT TUBE,1,ROD76,Zero_Density,c6fdeeb7-c01d-4702-abd2-76dcf62acc33
W10-150,piece-to-piece,GROUT_TUBE,GT75-686,75Ø x 686 GROUT TUBE,1,ROD76,Zero_Density,279c102f-2a77-4644-ab97-89e88c70c17f
W10-150,piece-to-piece,GROUT_TUBE,GT75-686,75Ø x 686 GROUT TUBE,1,ROD76,Zero_Density,b6f00a8a-b768-4a0d-ba42-b2d322f36a30
W10-150,piece-to-piece,GROUT_TUBE,GT75-686,75Ø x 686 GROUT TUBE,1,ROD76,Zero_Density,f6d5e106-6364-499b-bbe4-884be09d178e
W10-150,piece-to-piece,GROUT_TUBE,GT75-686,75Ø x 686 GROUT TUBE,1,ROD76,Zero_Density,c0b02374-dc3c-49a3-bb2b-4809546230ac
W10-150,piece-to-piece,INSERT,SP25-1067-11,SP25Mx1067 WILLIAMS S,1,ROD25.4,A706-GR.60,6c7a7a11-c5c8-4b0c-8cd7-352fa45206a2
W10-150,piece-to-piece,EMBED,SP25-1067-31,,1,PD66.675*15.875,A706-GR.60,f8031297-210a-42d0-93f2-86646f46a48b
W10-150,piece-to-piece,EMBED,SP25-1067-21,,1,ROD41.275,A706-GR.60,8b6c8f76-1176-4b42-9a0c-12ffca439320
W10-150,piece-to-piece,INSERT,SP25-1067-11,SP25Mx1067 WILLIAMS S,1,ROD25.4,A706-GR.60,97bfab2a-22dd-455d-940b-5d3e8ed2ad3b
W10-150,piece-to-piece,EMBED,SP25-1067-31,,1,PD66.675*15.875,A706-GR.60,812921e4-cb52-4c7a-a47d-a283ea7639bb
W10-150,piece-to-piece,EMBED,SP25-1067-21,,1,ROD41.275,A706-GR.60,1751d33e-c973-4649-8400-d3cdaa0ec220
W10-150,piece-to-piece,INSERT,SP15-457-11,15Mx457 WILLIAMS SPL,1,ROD16,400W,2dcd2a37-80bc-42c7-8f16-9e54d519f255
W10-150,piece-to-piece,INSERT,SP15-457-31,,1,PD52.387*12.7,400W,614b771d-992e-45b0-9551-339edab7de96
W10-150,piece-to-piece,INSERT,SP15-457-21,,1,ROD26.987,400W,826b2566-5ec4-4682-83ac-216458ee473b
W10-150,piece-to-piece,INSERT,SP15-457-11,15Mx457 WILLIAMS SPL,1,ROD16,400W,34de9867-2b69-4ea8-a113-7eeb8de57469
W10-150,piece-to-piece,INSERT,SP15-457-31,,1,PD52.387*12.7,400W,0836cc3d-7082-459e-81b2-44e4217b8abf
W10-150,piece-to-piece,INSERT,SP15-457-21,,1,ROD26.987,400W,c948e9df-3c5f-427b-8a93-c42ad422951f
W10-150,piece-to-piece,INSERT,SP15-457-11,15Mx457 WILLIAMS SPL,1,ROD16,400W,6f01542d-eb4f-466f-94ef-a512f248949a
W10-150,piece-to-piece,INSERT,SP15-457-31,,1,PD52.387*12.7,400W,b477fcb1-ef50-4c34-8d81-58782f273412
W10-150,piece-to-piece,INSERT,SP15-457-21,,1,ROD26.987,400W,d19d5f00-dd4c-48d5-a99c-08e2fc7d18f3
W10-150,piece-to-piece,INSERT,SP15-457-11,15Mx457 WILLIAMS SPL,1,ROD16,400W,84f7160a-bf8b-4ace-a98b-3a9c3fda961f
W10-150,piece-to-piece,INSERT,SP15-457-31,,1,PD52.387*12.7,400W,d9a24be0-f81c-4808-b06a-dc26e3778a91
W10-150,piece-to-piece,INSERT,SP15-457-21,,1,ROD26.987,400W,09fdbcbf-eb7c-498b-b8de-8e93ad9061dd
W10-150,piece-to-piece,INSERT,P-300-11,19Ø INSERT (NC),1,ROD23.813,A36,1b6d6c71-7dbd-46d0-838c-56c03296c904
W10-150,piece-to-piece,EMBED,P-300-21,,1,ROD6.35,A36,0039961b-6c58-4ba5-b7f9-0b9a51106302
W10-150,piece-to-piece,EMBED,P-722-11,13PL. w/STUD,1,PL152.4*12.7,A572-GR.50,3e07ee53-7597-48ab-a4ee-27741f57ec84
W10-150,piece-to-piece,EMBED,P-722-21,,1,STUD_1/2-DIA,A108-C1010-1020,bd668f25-e090-4c4d-9b50-92438ea397ea
W10-150,piece-to-piece,EMBED,P-722-21,,1,STUD_1/2-DIA,A108-C1010-1020,666360fb-5b01-4827-85f9-4654eafe15bf
W10-150,piece-to-piece,ANCHOR,P-205-11,12000LB FORGED ANCHOR,1,PL15.88,A36,1c7f2185-c311-48bf-a6ed-58eee4a9f3cd
W10-150,piece-to-piece,EMBED,P-205-21,,1,PL76.2*12.7,A36,bedc6d7b-6c6e-4b14-933f-4b8e642cb22b
W10-150,piece-to-piece,EMBED,P-205-31,,1,SPHERE47.625,A36,6a1a77c6-178f-49a8-8bb0-612a1920427e
W10-150,piece-to-piece,EMBED,P-205-32,,1,PL54,Steel_Undefined,e32acf18-c463-490a-abec-d78ef7637d99
W10-150,piece-to-piece,ANCHOR,P-205-11,12000LB FORGED ANCHOR,1,PL15.88,A36,29b971b9-4f62-4a36-9208-f55fe167e80d
W10-150,piece-to-piece,EMBED,P-205-21,,1,PL76.2*12.7,A36,ca66379e-dff4-4100-9584-e799ac53b455
W10-150,piece-to-piece,EMBED,P-205-31,,1,SPHERE47.625,A36,9825ed0a-92ce-4246-9dde-cafac51814df
W10-150,piece-to-piece,EMBED,P-205-32,,1,PL54,Steel_Undefined,5094b255-e48d-4171-93e3-d2dae95ba6da
W10-150,piece-to-piece,ANCHOR,P-205-11,12000LB FORGED ANCHOR,1,PL15.88,A36,04f83b6a-7c18-4655-a195-d0fe1f192cbc
W10-150,piece-to-piece,EMBED,P-205-21,,1,PL76.2*12.7,A36,915e152e-f438-4872-9e08-4750806bf082
W10-150,piece-to-piece,EMBED,P-205-31,,1,SPHERE47.625,A36,b9158dd5-b754-47cc-9f34-e4a8790b82b8
W10-150,piece-to-piece,EMBED,P-205-32,,1,PL54,Steel_Undefined,4f9f9e74-074c-4869-998b-e901e102cc6d
W10-150,piece-to-piece,ANCHOR,P-205-11,12000LB FORGED ANCHOR,1,PL15.88,A36,df805e2e-98e7-4a70-9473-05af099936f3
W10-150,piece-to-piece,EMBED,P-205-21,,1,PL76.2*12.7,A36,99ff3689-afd8-49c8-9de5-7921ac7a2ae6
W10-150,piece-to-piece,EMBED,P-205-31,,1,SPHERE47.625,A36,db9c3d28-d166-437b-9f57-7b8e19fa9473
W10-150,piece-to-piece,EMBED,P-205-32,,1,PL54,Steel_Undefined,130e6118-ffd8-4dc7-92c0-e2097516e6f2
W10-150,piece-to-piece,SLEEVE,SLV-64-254,64Ø x 254 PVC SLEEVE,1,ROD70,Zero_Density,7fa9284f-5c4b-408f-8aab-91c3b2f566ac
W10-150,piece-to-piece,INSERT,P-300-11,19Ø INSERT (NC),1,ROD23.813,A36,e4908e7c-e1de-4251-a2d9-dc39a690d46e
W10-150,piece-to-piece,EMBED,P-300-21,,1,ROD6.35,A36,57804535-bcf4-45a9-8260-b851378fabe4
W10-150,piece-to-piece,INSERT,P-300-11,19Ø INSERT (NC),1,ROD23.813,A36,f8ff1eb0-fb87-4875-8a1e-3a621a2c3b93
W10-150,piece-to-piece,EMBED,P-300-21,,1,ROD6.35,A36,b05cc8dd-0f0c-4cb3-865d-364a83e3cf5a
W10-150,piece-to-piece,INSERT,P-300-11,19Ø INSERT (NC),1,ROD23.813,A36,dfdf7400-518c-4cfc-9797-f6e3d3a133a2
W10-150,piece-to-piece,EMBED,P-300-21,,1,ROD6.35,A36,1c994333-1514-40ca-8e62-097333a87476
W10-116,piece-to-piece,EMBED,P-702-11,L152X152X19 W/STUDS,1,L152X152X19,A572-GR.50,9d9a80af-757c-44a3-a685-50e20f16d358
W10-116,piece-to-piece,EMBED,P-702-21,,1,STUD_20M-DIA,A108-C1010-1020,e8138df0-28f5-44b4-9e11-feecaa346736
W10-116,piece-to-piece,EMBED,P-702-21,,1,STUD_20M-DIA,A108-C1010-1020,a6a783d2-5e9c-4e00-8fe9-fcb3154ea85a
W10-116,piece-to-piece,EMBED,P-702-21,,1,STUD_20M-DIA,A108-C1010-1020,60f2738b-b173-4829-85b7-4d735d556657
W10-116,piece-to-piece,EMBED,P-702-21,,1,STUD_20M-DIA,A108-C1010-1020,24d014b0-4d25-4ff4-9cf8-1b694bf78fe6
W10-116,piece-to-piece,INSERT,P-300-11,19Ø INSERT (NC),1,ROD23.813,A36,6afe0825-7fbb-4d9a-843c-def9158d1b3a
W10-116,piece-to-piece,EMBED,P-300-21,,1,ROD6.35,A36,82d7b2cc-c15c-47f9-a9c6-38601612f91a
W10-116,piece-to-piece,INSERT,SP30-1219-11,30Mx1219 WILLIAMS SPL,1,ROD30.16,A706-GR.60,1e73f0f0-8b36-47f6-bad9-01e704f1f24d
W10-116,piece-to-piece,EMBED,SP30-1219-31,,1,PD71.438*19.05,A706-GR.60,9c324ac9-e0e9-4712-ac1f-35a0883d7047
W10-116,piece-to-piece,EMBED,SP30-1219-21,,1,ROD44.45,A706-GR.60,76d1d7a4-0c46-41d0-be84-48b84f1c2381
W10-116,piece-to-piece,INSERT,SP25-1067-11,SP25Mx1067 WILLIAMS S,1,ROD25.4,A706-GR.60,25a7cdda-e0a1-4c68-bf01-d1423116ca99
W10-116,piece-to-piece,EMBED,SP25-1067-31,,1,PD66.675*15.875,A706-GR.60,968c6b32-5fb2-45ce-ac4c-395e9e52497d
W10-116,piece-to-piece,EMBED,SP25-1067-21,,1,ROD41.275,A706-GR.60,94cded58-1333-421d-815d-0edfb6e23067
W10-116,piece-to-piece,GROUT_TUBE,GT100-1219-11,100Øx1219 GROUT TUBE,1,ROD102,Zero_Density,6205c7e0-fcb6-438b-b248-97f9d894497f
W10-116,piece-to-piece,GROUT_TUBE,GT100-1219-21,,1,ROD110,Zero_Density,460ceb7f-7e82-4143-ac44-f38ef73faa25
W10-116,piece-to-piece,GROUT_TUBE,GT100-1219-31,,1,ROD76,Zero_Density,d4aac05c-8b9f-4f91-ae00-8b364385040e
W10-116,piece-to-piece,GROUT_TUBE,GT100-1219-11,100Øx1219 GROUT TUBE,1,ROD102,Zero_Density,d4bbeb94-5f8c-485b-83db-95e9751a8bc6
W10-116,piece-to-piece,GROUT_TUBE,GT100-1219-21,,1,ROD110,Zero_Density,8ae9419d-6703-4ff8-8dbe-55434eb1ef16
W10-116,piece-to-piece,GROUT_TUBE,GT100-1219-31,,1,ROD76,Zero_Density,b0d605e0-9f6b-4072-b360-d936ced03a8e
W10-116,piece-to-piece,GROUT_TUBE,GT100-686-11,100Øx686 GROUT TUBE,1,ROD102,Zero_Density,344b31f3-7fbe-46a6-a91d-40e0f267c322
W10-116,piece-to-piece,GROUT_TUBE,GT100-686-21,,1,ROD110,Zero_Density,aa6d1fd7-06bb-4891-93be-f22bfd589e90
W10-116,piece-to-piece,GROUT_TUBE,GT100-686-31,,1,ROD76,Zero_Density,21cfc139-1445-4ccf-9dbe-d452693ba2ee
W10-116,piece-to-piece,GROUT_TUBE,GT100-686-11,100Øx686 GROUT TUBE,1,ROD102,Zero_Density,03539476-5072-4039-a108-4e0cb4892d17
W10-116,piece-to-piece,GROUT_TUBE,GT100-686-21,,1,ROD110,Zero_Density,d12fb7b5-f413-44d2-ba77-8e63cb96827c
W10-116,piece-to-piece,GROUT_TUBE,GT100-686-31,,1,ROD76,Zero_Density,57f85c50-3678-43fb-ba97-610fbac212a1
W10-116,piece-to-piece,GROUT_TUBE,GT100-686-11,100Øx686 GROUT TUBE,1,ROD102,Zero_Density,bfc5faed-57a9-4bee-81a6-3ab8fbf47288
W10-116,piece-to-piece,GROUT_TUBE,GT100-686-21,,1,ROD110,Zero_Density,c0473b3b-0542-485f-b784-b4218f09bb0b
W10-116,piece-to-piece,GROUT_TUBE,GT100-686-31,,1,ROD76,Zero_Density,2fd8c3e9-d528-4558-b7f2-324c3f7383e5
W10-116,piece-to-piece,INSERT,P-300-11,19Ø INSERT (NC),1,ROD23.813,A36,42a63594-4b0b-4cd0-afff-4e14a7de69db
W10-116,piece-to-piece,EMBED,P-300-21,,1,ROD6.35,A36,70b6aeb3-1a32-42b6-b0c8-81def434144e
W10-116,piece-to-piece,INSERT,SP25-1067-11,SP25Mx1067 WILLIAMS S,1,ROD25.4,A706-GR.60,d0d4dbb7-ad4a-41a9-8a66-3d7b28a862ad
W10-116,piece-to-piece,EMBED,SP25-1067-31,,1,PD66.675*15.875,A706-GR.60,3e707d36-03c4-4927-858f-2b19dea00690
W10-116,piece-to-piece,EMBED,SP25-1067-21,,1,ROD41.275,A706-GR.60,19c6f33d-7efe-47f5-a8bd-52d35a0ab5b2
W10-116,piece-to-piece,INSERT,SP25-1067-11,SP25Mx1067 WILLIAMS S,1,ROD25.4,A706-GR.60,0ebe31b7-a336-406a-bcbb-e825ebeb08e9
W10-116,piece-to-piece,EMBED,SP25-1067-31,,1,PD66.675*15.875,A706-GR.60,ed559a73-da1b-4a4d-84b5-084af92f3725
W10-116,piece-to-piece,EMBED,SP25-1067-21,,1,ROD41.275,A706-GR.60,13991105-6b22-417b-99c9-b1b9f5a50970
W10-116,piece-to-piece,INSERT,SP15-457-11,15Mx457 WILLIAMS SPL,1,ROD16,400W,ddb7c2ad-ee62-4995-b982-250781e9d61e
W10-116,piece-to-piece,INSERT,SP15-457-31,,1,PD52.387*12.7,400W,b7c6b02c-e4ca-4e28-b810-5e673f028dcc
W10-116,piece-to-piece,INSERT,SP15-457-21,,1,ROD26.987,400W,5d2994b7-5567-4553-901d-90b6044984cf
W10-116,piece-to-piece,INSERT,SP15-457-11,15Mx457 WILLIAMS SPL,1,ROD16,400W,39e61fad-50c7-4355-9361-a176ea626cb1
W10-116,piece-to-piece,INSERT,SP15-457-31,,1,PD52.387*12.7,400W,2bccb9be-eb9d-401b-84a0-70985fa465c2
W10-116,piece-to-piece,INSERT,SP15-457-21,,1,ROD26.987,400W,1fbeb7c9-ff6f-44c9-abf2-5b5fb4a15c08
W10-116,piece-to-piece,GROUT_TUBE,GT100-1219-11,100Øx1219 GROUT TUBE,1,ROD102,Zero_Density,2af2e14c-34ec-4b6a-a613-f8d7a9f2b304
W10-116,piece-to-piece,GROUT_TUBE,GT100-1219-21,,1,ROD110,Zero_Density,45deabe2-f70d-4c67-b70b-c08a55ec62f3
W10-116,piece-to-piece,GROUT_TUBE,GT100-1219-31,,1,ROD76,Zero_Density,3cb3a38e-0b63-4d82-9663-0f68a8922868
W10-116,piece-to-piece,CONDUIT,CNDT18,19MM CONDUIT,1,ROD19,Zero_Density,98cd0d86-9c0e-472d-9f06-356128192f4d
W10-116,piece-to-piece,PLATE,EB-S-PL1,Single Plastic Electr,1,160*50.8,Zero_Density,7e2cda49-2dc0-4689-861d-ab09eeed5123
W10-116,piece-to-piece,CONDUIT,CNDT38,19MM CONDUIT,1,ROD19,Zero_Density,a82c7d30-72f0-4175-8194-f2e9bc91aa83
W10-116,piece-to-piece,EMBED,EB-SQ-PL1,Square Plastic Electr,1,160*160,Zero_Density,b2c13e52-680d-4138-9462-8c38765248a2
W10-116,piece-to-piece,INSERT,P-300-11,19Ø INSERT (NC),1,ROD23.813,A36,77bbda1c-f56f-4fe3-93bc-fb4f816fa0a4
W10-116,piece-to-piece,EMBED,P-300-21,,1,ROD6.35,A36,a553045d-d9e4-45f5-8ad4-b0ae2d0f22f3
W10-116,piece-to-piece,INSERT,P-300-11,19Ø INSERT (NC),1,ROD23.813,A36,a09a7f64-49ff-4004-989f-6581edf3ff95
W10-116,piece-to-piece,EMBED,P-300-21,,1,ROD6.35,A36,3db49508-1536-472b-8810-ec7404bb082a
W10-116,piece-to-piece,ANCHOR,P-205-11,12000LB FORGED ANCHOR,1,PL15.88,A36,6ba3f0a4-4ae3-4fb2-b899-0c1f03d7bdde
W10-116,piece-to-piece,EMBED,P-205-21,,1,PL76.2*12.7,A36,d433a8f5-c906-44f7-9bd1-bad0ae9cc60c
W10-116,piece-to-piece,EMBED,P-205-31,,1,SPHERE47.625,A36,9bb3b93a-1d19-49ef-8a01-e64e18bec24a
W10-116,piece-to-piece,EMBED,P-205-32,,1,PL54,Steel_Undefined,4d5be3ef-0a3c-4393-a115-ab4402de13d1
W10-116,piece-to-piece,ANCHOR,P-205-11,12000LB FORGED ANCHOR,1,PL15.88,A36,615960af-13aa-476b-beb0-844ade6e248f
W10-116,piece-to-piece,EMBED,P-205-21,,1,PL76.2*12.7,A36,6f86dea2-929b-4e0f-8299-e7039affd0ca
W10-116,piece-to-piece,EMBED,P-205-31,,1,SPHERE47.625,A36,dde57dfb-ff8d-4ffa-acf9-f04696c6b08a
W10-116,piece-to-piece,EMBED,P-205-32,,1,PL54,Steel_Undefined,195f2ca4-ba96-4c27-84e4-9c88f601a9ef
W10-116,piece-to-piece,SLEEVE,SLV-64-254,64Ø x 254 PVC SLEEVE,1,ROD70,Zero_Density,597c6818-80b6-4b7e-b669-66adbd9bb017
W10-119,piece-to-piece,INSERT,P-300-11,19Ø INSERT (NC),1,ROD23.813,A36,e9f469c0-f0a6-4267-a715-fa8c48237635
W10-119,piece-to-piece,EMBED,P-300-21,,1,ROD6.35,A36,7b45e058-8fc9-4110-963c-1f09364a7793
W10-119,piece-to-piece,INSERT,P-300-11,19Ø INSERT (NC),1,ROD23.813,A36,bded85aa-aacb-4649-afe0-bb4e2268d343
W10-119,piece-to-piece,EMBED,P-300-21,,1,ROD6.35,A36,237c0f74-6aa9-4c13-b91d-8b9e21f5f3f5
W10-119,piece-to-piece,GROUT_TUBE,GT75-1219,75Ø x 1219 GROUT TUBE,1,ROD76,Zero_Density,38ce87a7-1e20-4576-b4ac-be55fb9e4821
W10-119,piece-to-piece,GROUT_TUBE,GT75-1219,75Ø x 1219 GROUT TUBE,1,ROD76,Zero_Density,3cd924e9-e447-4db3-a188-afac0fa4dc78
W10-119,piece-to-piece,GROUT_TUBE,GT75-686,75Ø x 686 GROUT TUBE,1,ROD76,Zero_Density,2abf8581-aac5-4e39-9385-f511f1c8457c
W10-119,piece-to-piece,GROUT_TUBE,GT75-686,75Ø x 686 GROUT TUBE,1,ROD76,Zero_Density,3b9a01f4-f0e2-4e08-9347-0fd64575a1f9
W10-119,piece-to-piece,INSERT,SP15-457-11,15Mx457 WILLIAMS SPL,1,ROD16,400W,3facf3f2-6374-4fcd-aa4b-0cc9b624aac9
W10-119,piece-to-piece,INSERT,SP15-457-31,,1,PD52.387*12.7,400W,24fdf884-93ef-49e2-b2bf-fe3c18b6158a
W10-119,piece-to-piece,INSERT,SP15-457-21,,1,ROD26.987,400W,6ee79a90-63da-4691-8218-f0f2bb4616f8
W10-119,piece-to-piece,INSERT,SP15-457-11,15Mx457 WILLIAMS SPL,1,ROD16,400W,0ff10e0d-2cca-4802-8799-b4154c2f6594
W10-119,piece-to-piece,INSERT,SP15-457-31,,1,PD52.387*12.7,400W,7cc2f9f1-c47f-4d4a-9038-01929ac76b3c
W10-119,piece-to-piece,INSERT,SP15-457-21,,1,ROD26.987,400W,84f4436d-f637-4a03-9fc9-37b4d212bc39
W10-119,piece-to-piece,INSERT,SP15-457-11,15Mx457 WILLIAMS SPL,1,ROD16,400W,fdcebbc6-54f4-4b08-85da-131389cc7fb4
W10-119,piece-to-piece,INSERT,SP15-457-31,,1,PD52.387*12.7,400W,c6344136-43dd-4595-bb97-354727e1d640
W10-119,piece-to-piece,INSERT,SP15-457-21,,1,ROD26.987,400W,bf0a33fe-efdc-4005-b050-c7a2d6c5626e
W10-119,piece-to-piece,INSERT,P-300-11,19Ø INSERT (NC),1,ROD23.813,A36,a0dd8c9b-3427-4f80-9889-044316c92b5c
W10-119,piece-to-piece,EMBED,P-300-21,,1,ROD6.35,A36,d80c1957-87e3-481a-8c43-59d8d7fe7e35
W10-119,piece-to-piece,INSERT,P-300-11,19Ø INSERT (NC),1,ROD23.813,A36,6f884822-b861-426d-a850-c100b886ab1c
W10-119,piece-to-piece,EMBED,P-300-21,,1,ROD6.35,A36,2cb7fa76-d058-47d0-a21e-f5df8c4d7d18
W10-119,piece-to-piece,ANCHOR,P-205-11,12000LB FORGED ANCHOR,1,PL15.88,A36,1d330357-1369-4d83-92ba-b3cb50b21af5
W10-119,piece-to-piece,EMBED,P-205-21,,1,PL76.2*12.7,A36,41216551-bb85-4f12-af94-7445e50cb6ad
W10-119,piece-to-piece,EMBED,P-205-31,,1,SPHERE47.625,A36,0cbb540a-1165-4ec2-b129-bb0a8b514244
W10-119,piece-to-piece,EMBED,P-205-32,,1,PL54,Steel_Undefined,fe9998e6-a9c2-40d6-9ab2-20ef3ec36f37
W10-119,piece-to-piece,ANCHOR,P-205-11,12000LB FORGED ANCHOR,1,PL15.88,A36,22e98a88-2b38-4704-aa17-ed9ccb351620
W10-119,piece-to-piece,EMBED,P-205-21,,1,PL76.2*12.7,A36,b8f85679-911a-4653-a294-1cecce14029d
W10-119,piece-to-piece,EMBED,P-205-31,,1,SPHERE47.625,A36,4f06cd23-e8bd-4deb-ab6c-c9aa296d57aa
W10-119,piece-to-piece,EMBED,P-205-32,,1,PL54,Steel_Undefined,15f7b9d8-05f4-464e-a57e-60047064e087
W10-151,piece-to-piece,INSERT,P-300-11,19Ø INSERT (NC),1,ROD23.813,A36,a5a0f3f2-5774-4791-9223-11670ee44471
W10-151,piece-to-piece,EMBED,P-300-21,,1,ROD6.35,A36,4dae95d6-3cb3-4714-b44b-79ad3d8bf819
W10-151,piece-to-piece,INSERT,P-300-11,19Ø INSERT (NC),1,ROD23.813,A36,d25e82d4-3d04-4be5-aeea-c4f054310ea2
W10-151,piece-to-piece,EMBED,P-300-21,,1,ROD6.35,A36,72e338d7-2d22-4ca8-b07f-a46a52e0004f
W10-151,piece-to-piece,GROUT_TUBE,GT75-686,75Ø x 686 GROUT TUBE,1,ROD76,Zero_Density,98068971-abe1-4d26-8176-997e2bc15a15
W10-151,piece-to-piece,INSERT,SP25-1067-11,SP25Mx1067 WILLIAMS S,1,ROD25.4,A706-GR.60,86cac019-f3f0-4d66-98eb-4fc32c09d911
W10-151,piece-to-piece,EMBED,SP25-1067-31,,1,PD66.675*15.875,A706-GR.60,31ffa547-7630-423c-8195-8410f8168d79
W10-151,piece-to-piece,EMBED,SP25-1067-21,,1,ROD41.275,A706-GR.60,f02c345a-80e5-412e-bdf9-c2c4b9437543
W10-151,piece-to-piece,INSERT,SP25-1067-11,SP25Mx1067 WILLIAMS S,1,ROD25.4,A706-GR.60,3a27a215-8822-412a-b5d9-8eba340fa2b6
W10-151,piece-to-piece,EMBED,SP25-1067-31,,1,PD66.675*15.875,A706-GR.60,03ad9fdf-051f-480a-b2c2-be909bf1c4fe
W10-151,piece-to-piece,EMBED,SP25-1067-21,,1,ROD41.275,A706-GR.60,9de4fca6-edd8-47b2-b7c9-6ffc092c5492
W10-151,piece-to-piece,GROUT_TUBE,GT75-1219,75Ø x 1219 GROUT TUBE,1,ROD76,Zero_Density,dcbe50ec-913b-49de-aada-f2b51cc0cfbb
W10-151,piece-to-piece,INSERT,SP15-457-11,15Mx457 WILLIAMS SPL,1,ROD16,400W,96952ef8-0ee5-4ff8-99bf-f4a3e6acce36
W10-151,piece-to-piece,INSERT,SP15-457-31,,1,PD52.387*12.7,400W,fb603b77-5f15-454f-ae17-9fc0b44fb71e
W10-151,piece-to-piece,INSERT,SP15-457-21,,1,ROD26.987,400W,157f479b-8475-42d3-82f3-1df0f1d13d41
W10-151,piece-to-piece,INSERT,SP15-457-11,15Mx457 WILLIAMS SPL,1,ROD16,400W,44aed8c6-5838-4abc-97ed-e649b4e33020
W10-151,piece-to-piece,INSERT,SP15-457-31,,1,PD52.387*12.7,400W,f08875c8-c6bc-40ab-a6a4-c3237f251fbb
W10-151,piece-to-piece,INSERT,SP15-457-21,,1,ROD26.987,400W,46e9ef16-f9cc-4e00-b1f0-79b1697af45a
W10-151,piece-to-piece,GROUT_TUBE,GT75-686,75Ø x 686 GROUT TUBE,1,ROD76,Zero_Density,6c79585f-430d-493a-9752-27fcfc9e85b7
W10-151,piece-to-piece,GROUT_TUBE,GT75-1219,75Ø x 1219 GROUT TUBE,1,ROD76,Zero_Density,1900527f-daff-43bd-8883-c8fb61ae7502
W10-151,piece-to-piece,ANCHOR,P-205-11,12000LB FORGED ANCHOR,1,PL15.88,A36,e06e6136-6055-402d-aa91-0516c39af9bf
W10-151,piece-to-piece,EMBED,P-205-21,,1,PL76.2*12.7,A36,bd84394e-752e-4bce-8fa5-c9843c51fd6b
W10-151,piece-to-piece,EMBED,P-205-31,,1,SPHERE47.625,A36,b5b8ef04-44a6-44c8-b4d2-81cb183e205c
W10-151,piece-to-piece,EMBED,P-205-32,,1,PL54,Steel_Undefined,1b9a9b4e-dc28-4f27-943b-0ba9f910478b
W10-151,piece-to-piece,ANCHOR,P-205-11,12000LB FORGED ANCHOR,1,PL15.88,A36,a5f33657-5b2b-49fe-b32a-363f233560b4
W10-151,piece-to-piece,EMBED,P-205-21,,1,PL76.2*12.7,A36,0bdad708-566b-41ee-9eb0-0e3d2d9acce5
W10-151,piece-to-piece,EMBED,P-205-31,,1,SPHERE47.625,A36,2c2dcd61-adea-4647-91dd-9b4d1cf96229
W10-151,piece-to-piece,EMBED,P-205-32,,1,PL54,Steel_Undefined,af08a3e1-b09c-4682-a3a1-d7ffbcc4cc03
W10-151,piece-to-piece,INSERT,P-300-11,19Ø INSERT (NC),1,ROD23.813,A36,4ca314fc-2f61-4ea3-9b55-b9e67263f9b8
W10-151,piece-to-piece,EMBED,P-300-21,,1,ROD6.35,A36,bffb4c1c-7c07-48a0-befc-2cfa0199bdd5
W10-151,piece-to-piece,INSERT,P-300-11,19Ø INSERT (NC),1,ROD23.813,A36,d4dc8db8-f520-4442-a735-0e95cb3bacda
W10-151,piece-to-piece,EMBED,P-300-21,,1,ROD6.35,A36,e5712186-4fcb-493c-a59f-c13369b5888e
W10-198,piece-to-piece,GROUT_TUBE,GT100-1219-11,100Øx1219 GROUT TUBE,1,ROD102,Zero_Density,7dc9ed27-bec7-48d5-b75d-97ce6fb51bc6
W10-198,piece-to-piece,GROUT_TUBE,GT100-1219-21,,1,ROD110,Zero_Density,ad3f20d9-90a8-4195-89a8-60c6c2e8515b
W10-198,piece-to-piece,GROUT_TUBE,GT100-1219-31,,1,ROD76,Zero_Density,24794984-5fee-4e3e-9b63-8e7a66bb5f57
W10-198,piece-to-piece,INSERT,SP30-1219-11,30Mx1219 WILLIAMS SPL,1,ROD30.16,A706-GR.60,5c65ea65-dd9d-4ac8-ac80-2cf66b4105d2
W10-198,piece-to-piece,EMBED,SP30-1219-31,,1,PD71.438*19.05,A706-GR.60,4402fa18-311f-42dc-8544-ed5bb3c95c38
W10-198,piece-to-piece,EMBED,SP30-1219-21,,1,ROD44.45,A706-GR.60,5344f7ae-7afa-44d1-ba71-8ef0ba5b53f5
W10-198,piece-to-piece,INSERT,P-300-11,19Ø INSERT (NC),1,ROD23.813,A36,3fae5c19-ac27-4de8-b310-106194b11d91
W10-198,piece-to-piece,EMBED,P-300-21,,1,ROD6.35,A36,532ecd91-3595-4477-9801-69ca648f2214
W10-198,piece-to-piece,INSERT,SP30-1219-11,30Mx1219 WILLIAMS SPL,1,ROD30.16,A706-GR.60,923bd201-4618-4c65-8114-79c9fa64dc88
W10-198,piece-to-piece,EMBED,SP30-1219-31,,1,PD71.438*19.05,A706-GR.60,a4d6b989-33bb-410a-b8e9-5bed362cf16d
W10-198,piece-to-piece,EMBED,SP30-1219-21,,1,ROD44.45,A706-GR.60,39661785-3151-448f-b1c3-f44a21dbf0a9
W10-198,piece-to-piece,INSERT,SP30-1219-11,30Mx1219 WILLIAMS SPL,1,ROD30.16,A706-GR.60,2c2f99d1-2090-441e-975b-bad0905764e3
W10-198,piece-to-piece,EMBED,SP30-1219-31,,1,PD71.438*19.05,A706-GR.60,011f0bc8-1565-49ca-b49a-89511d808a2f
W10-198,piece-to-piece,EMBED,SP30-1219-21,,1,ROD44.45,A706-GR.60,d334ad9a-0938-413a-86ac-8acef7059cff
W10-198,piece-to-piece,GROUT_TUBE,GT100-1219-11,100Øx1219 GROUT TUBE,1,ROD102,Zero_Density,4d25c368-6c7d-4146-9309-b3c9587b1435
W10-198,piece-to-piece,GROUT_TUBE,GT100-1219-21,,1,ROD110,Zero_Density,fa02589c-d8bc-4de1-b581-c31183ce3b2d
W10-198,piece-to-piece,GROUT_TUBE,GT100-1219-31,,1,ROD76,Zero_Density,97c51bba-b2f8-4a68-8df5-edca4e29eca2
W10-198,piece-to-piece,GROUT_TUBE,GT100-1219-11,100Øx1219 GROUT TUBE,1,ROD102,Zero_Density,2ff47502-31e5-44ee-beed-fcc4d6f02e80
W10-198,piece-to-piece,GROUT_TUBE,GT100-1219-21,,1,ROD110,Zero_Density,bec422a5-07e3-4ffa-a942-ee5b3147c480
W10-198,piece-to-piece,GROUT_TUBE,GT100-1219-31,,1,ROD76,Zero_Density,07fba324-53ab-4012-9497-2c73da774023
W10-198,piece-to-piece,INSERT,P-300-11,19Ø INSERT (NC),1,ROD23.813,A36,a970281e-400f-4481-9f33-8da832c1866a
W10-198,piece-to-piece,EMBED,P-300-21,,1,ROD6.35,A36,9d286d84-d26a-441f-8a62-649be2f514e3
W10-198,piece-to-piece,INSERT,P-300-11,19Ø INSERT (NC),1,ROD23.813,A36,00186d58-d44a-4e11-a060-6b23620ed2c2
W10-198,piece-to-piece,EMBED,P-300-21,,1,ROD6.35,A36,1a898073-1240-4b7b-bfd9-3e1c0508ec05
W10-198,piece-to-piece,ANCHOR,P-205-11,12000LB FORGED ANCHOR,1,PL15.88,A36,a0b18471-6b14-4b41-be96-8a3786da7f20
W10-198,piece-to-piece,EMBED,P-205-21,,1,PL76.2*12.7,A36,df6f0095-7ed8-4d97-90b2-ea9d9923d213
W10-198,piece-to-piece,EMBED,P-205-31,,1,SPHERE47.625,A36,4236fd6c-9605-4a1a-b308-7100640c2a96
W10-198,piece-to-piece,EMBED,P-205-32,,1,PL54,Steel_Undefined,f68cf558-a5e7-4db0-8e9e-edde4a6dbcda
W10-198,piece-to-piece,ANCHOR,P-205-11,12000LB FORGED ANCHOR,1,PL15.88,A36,8e7f6cce-b5f7-409e-a167-6647aeb7f584
W10-198,piece-to-piece,EMBED,P-205-21,,1,PL76.2*12.7,A36,b2743dbc-75df-4188-a58a-10ff662d325b
W10-198,piece-to-piece,EMBED,P-205-31,,1,SPHERE47.625,A36,8c7b28c5-8db9-4c96-bf42-dd7f9572ae39
W10-198,piece-to-piece,EMBED,P-205-32,,1,PL54,Steel_Undefined,5bd6b6e6-d07c-4f3a-ad18-dab116f0aa87
W10-31,piece-to-piece,GROUT_TUBE,GT100-1219-11,100Øx1219 GROUT TUBE,1,ROD102,Zero_Density,d3d4b069-e8b4-467b-a85b-40bf2b515beb
W10-31,piece-to-piece,GROUT_TUBE,GT100-1219-21,,1,ROD110,Zero_Density,44a573e8-a6ae-46e8-8e01-7f56305a9a76
W10-31,piece-to-piece,GROUT_TUBE,GT100-1219-31,,1,ROD76,Zero_Density,b20243f4-3c70-4b7b-9e83-f544cc42a2ba
W10-31,piece-to-piece,ANCHOR,P-205-11,12000LB FORGED ANCHOR,1,PL15.88,A36,b57a0c78-9de5-47f8-bee4-474264c01ad6
W10-31,piece-to-piece,EMBED,P-205-21,,1,PL76.2*12.7,A36,98733daa-33f9-4818-8fa0-08501cdb6988
W10-31,piece-to-piece,EMBED,P-205-31,,1,SPHERE47.625,A36,622f08ed-1766-401d-8893-4507c189306a
W10-31,piece-to-piece,EMBED,P-205-32,,1,PL54,Steel_Undefined,855629fa-ace1-428f-a792-eac487c0ce63
W10-31,piece-to-piece,ANCHOR,P-205-11,12000LB FORGED ANCHOR,1,PL15.88,A36,1d724178-3734-4dfe-bf04-de3e7243fa62
W10-31,piece-to-piece,EMBED,P-205-21,,1,PL76.2*12.7,A36,2a46410d-b189-4c68-8309-83cf9449e88e
W10-31,piece-to-piece,EMBED,P-205-31,,1,SPHERE47.625,A36,357dd139-dec6-4cab-bddc-ba44492eea92
W10-31,piece-to-piece,EMBED,P-205-32,,1,PL54,Steel_Undefined,2fcc49e3-a1cc-4d0c-aaa8-da5540636762
W10-31,piece-to-piece,SLEEVE,SLV-64-254,64Ø x 254 PVC SLEEVE,1,ROD70,Zero_Density,19037067-050d-4f78-bd9f-1f275a011f02
W10-31,piece-to-piece,GROUT_TUBE,GT100-1219-11,100Øx1219 GROUT TUBE,1,ROD102,Zero_Density,5299bac1-bb50-417c-a1d2-48da07f0d9bf
W10-31,piece-to-piece,GROUT_TUBE,GT100-1219-21,,1,ROD110,Zero_Density,a8f0e00f-6d77-4741-9d5b-9888911735e6
W10-31,piece-to-piece,GROUT_TUBE,GT100-1219-31,,1,ROD76,Zero_Density,d2f2f57a-cb85-413a-8067-0ea18a831b41
W10-31,piece-to-piece,GROUT_TUBE,GT100-1219-11,100Øx1219 GROUT TUBE,1,ROD102,Zero_Density,95654abf-7f73-4fd3-ba68-d21f7ae5faac
W10-31,piece-to-piece,GROUT_TUBE,GT100-1219-21,,1,ROD110,Zero_Density,ff21c1ba-3c73-4c37-a100-78fcfbc3fa1b
W10-31,piece-to-piece,GROUT_TUBE,GT100-1219-31,,1,ROD76,Zero_Density,519aa989-be3a-4e80-ae58-322a07cf253e
W10-31,piece-to-piece,GROUT_TUBE,GT100-1219-11,100Øx1219 GROUT TUBE,1,ROD102,Zero_Density,dcea0e9a-7a9f-4964-84ef-473986a5bb6b
W10-31,piece-to-piece,GROUT_TUBE,GT100-1219-21,,1,ROD110,Zero_Density,194462b4-fe67-48ef-8215-920f9aa23cdc
W10-31,piece-to-piece,GROUT_TUBE,GT100-1219-31,,1,ROD76,Zero_Density,b601c116-4d43-430f-9610-fd5acedcbbb9
W10-31,piece-to-piece,INSERT,SP30-1219-11,30Mx1219 WILLIAMS SPL,1,ROD30.16,A706-GR.60,bf616b9b-618a-47e7-be3d-8d1bdcb218b1
W10-31,piece-to-piece,EMBED,SP30-1219-31,,1,PD71.438*19.05,A706-GR.60,5fb613a1-c849-49da-a279-adb966fcca90
W10-31,piece-to-piece,EMBED,SP30-1219-21,,1,ROD44.45,A706-GR.60,e85908fa-db4a-4b5d-bd42-ddb81168ce4a
W10-31,piece-to-piece,INSERT,SP30-1219-11,30Mx1219 WILLIAMS SPL,1,ROD30.16,A706-GR.60,a74427ea-3a1a-402c-aad5-ff7ceda1decd
W10-31,piece-to-piece,EMBED,SP30-1219-31,,1,PD71.438*19.05,A706-GR.60,4fc2f975-2df9-4c4d-89a8-22f1f0e36c4b
W10-31,piece-to-piece,EMBED,SP30-1219-21,,1,ROD44.45,A706-GR.60,d12614b6-5e17-4641-9929-7691913ae450
W10-31,piece-to-piece,INSERT,SP30-1219-11,30Mx1219 WILLIAMS SPL,1,ROD30.16,A706-GR.60,2de6df78-b551-4919-b359-067fac6e6fa9
W10-31,piece-to-piece,EMBED,SP30-1219-31,,1,PD71.438*19.05,A706-GR.60,2e3cdf9b-64f0-4b5f-8c2b-856281801a8d
W10-31,piece-to-piece,EMBED,SP30-1219-21,,1,ROD44.45,A706-GR.60,18736892-d05a-4f3e-8879-f8f72cf43fd4
W10-31,piece-to-piece,INSERT,P-300-11,19Ø INSERT (NC),1,ROD23.813,A36,242977c4-53ed-4e78-a203-dabd6948a08d
W10-31,piece-to-piece,EMBED,P-300-21,,1,ROD6.35,A36,24ff4119-67b1-48f6-b401-626e72eaeca6
W10-31,piece-to-piece,INSERT,P-300-11,19Ø INSERT (NC),1,ROD23.813,A36,04f87bba-bef7-4d84-83f1-60a120f6c491
W10-31,piece-to-piece,EMBED,P-300-21,,1,ROD6.35,A36,f9e0969b-ff13-46c4-afaa-577c2aad63c2
W10-31,piece-to-piece,INSERT,P-300-11,19Ø INSERT (NC),1,ROD23.813,A36,92bb9b4e-d479-4bed-8438-35053ad6233b
W10-31,piece-to-piece,EMBED,P-300-21,,1,ROD6.35,A36,11a7fc43-472b-4263-94a9-85553f2298d9
W10-121,piece-to-piece,GROUT_TUBE,GT100-1219-11,100Øx1219 GROUT TUBE,1,ROD102,Zero_Density,d1d02d79-1051-457f-8b58-b3565434f8e5
W10-121,piece-to-piece,GROUT_TUBE,GT100-1219-21,,1,ROD110,Zero_Density,f655b3da-bb6c-4aea-87a2-f5489231f692
W10-121,piece-to-piece,GROUT_TUBE,GT100-1219-31,,1,ROD76,Zero_Density,4cf36bf9-6023-4ab6-a11d-2956221ff15f
W10-121,piece-to-piece,GROUT_TUBE,GT100-1219-11,100Øx1219 GROUT TUBE,1,ROD102,Zero_Density,e3808337-4d89-497d-9a3b-f8eaf66e29ae
W10-121,piece-to-piece,GROUT_TUBE,GT100-1219-21,,1,ROD110,Zero_Density,d7554a12-81af-4789-afb6-37c6a093a483
W10-121,piece-to-piece,GROUT_TUBE,GT100-1219-31,,1,ROD76,Zero_Density,1f0bf63a-1aa0-49c3-aae1-93a9bfc53a4c
W10-121,piece-to-piece,INSERT,P-300-11,19Ø INSERT (NC),1,ROD23.813,A36,67236980-e828-4f90-87e9-0ba7647ee3ca
W10-121,piece-to-piece,EMBED,P-300-21,,1,ROD6.35,A36,38f9b851-15cf-4775-ad41-111f27964104
W10-121,piece-to-piece,INSERT,P-300-11,19Ø INSERT (NC),1,ROD23.813,A36,2b865951-09bd-42da-a01a-9e36458f645f
W10-121,piece-to-piece,EMBED,P-300-21,,1,ROD6.35,A36,18b28319-6ea9-4e83-817f-62c763f73fad
W10-121,piece-to-piece,INSERT,P-300-11,19Ø INSERT (NC),1,ROD23.813,A36,3b03582b-b8f3-474e-97f6-3673c5f308c5
W10-121,piece-to-piece,EMBED,P-300-21,,1,ROD6.35,A36,480fadc4-ca17-498a-bcd4-2de653288621
W10-121,piece-to-piece,INSERT,P-300-11,19Ø INSERT (NC),1,ROD23.813,A36,3087a53e-7773-4bba-9228-cfb97e54863c
W10-121,piece-to-piece,EMBED,P-300-21,,1,ROD6.35,A36,4cde6d0c-46eb-4a55-b800-d2f6bf87a40b
W10-121,piece-to-piece,EMBED,P-220,10Øx2743 AC 5625LB CA,1,CABLE9.53,Steel_Undefined,b48c26ff-d7bb-443c-94d0-b5302e5dc71f
W10-121,piece-to-piece,EMBED,P-220,10Øx2743 AC 5625LB CA,1,CABLE9.53,Steel_Undefined,f306946e-35a9-44c1-be92-15d3c587da13
W10-121,piece-to-piece,INSERT,SP25-1067-11,SP25Mx1067 WILLIAMS S,1,ROD25.4,A706-GR.60,d3b6b5cc-ee49-4c34-9fd1-cfd3b601147c
W10-121,piece-to-piece,EMBED,SP25-1067-31,,1,PD66.675*15.875,A706-GR.60,05c89346-3ada-4a1e-a3c9-f1077b00ffb6
W10-121,piece-to-piece,EMBED,SP25-1067-21,,1,ROD41.275,A706-GR.60,ca7c4856-591d-480b-b896-32808bda150f
W10-121,piece-to-piece,INSERT,SP25-1067-11,SP25Mx1067 WILLIAMS S,1,ROD25.4,A706-GR.60,fc11424b-c848-4e74-85d9-794887f4da79
W10-121,piece-to-piece,EMBED,SP25-1067-31,,1,PD66.675*15.875,A706-GR.60,7b28aa75-06ed-4d2a-a089-5cf37e21a3aa
W10-121,piece-to-piece,EMBED,SP25-1067-21,,1,ROD41.275,A706-GR.60,9f4df297-9ecb-4bd6-bac9-50f8beffb819
W10-105,piece-to-piece,ANCHOR,P-205-11,12000LB FORGED ANCHOR,1,PL15.88,A36,607bc694-e1fb-4f69-96f2-d7f00fd312e2
W10-105,piece-to-piece,EMBED,P-205-21,,1,PL76.2*12.7,A36,88642d06-babe-483b-b00e-5f632124396d
W10-105,piece-to-piece,EMBED,P-205-31,,1,SPHERE47.625,A36,9c2ef634-9f70-4254-ae42-627539f066df
W10-105,piece-to-piece,EMBED,P-205-32,,1,PL54,Steel_Undefined,b63a99f9-5de1-4015-a88b-a0b5d2fcb579
W10-105,piece-to-piece,ANCHOR,P-205-11,12000LB FORGED ANCHOR,1,PL15.88,A36,d2527c7a-44c3-4e52-b421-70bae206f4ad
W10-105,piece-to-piece,EMBED,P-205-21,,1,PL76.2*12.7,A36,7a3d7352-1d4d-4f6b-8f6f-27563516a397
W10-105,piece-to-piece,EMBED,P-205-31,,1,SPHERE47.625,A36,1517145d-ea5d-4068-aa67-9183ce53e9d9
W10-105,piece-to-piece,EMBED,P-205-32,,1,PL54,Steel_Undefined,f832975a-3113-423b-8c60-d15898e6778b
W10-105,piece-to-piece,INSERT,P-300-11,19Ø INSERT (NC),1,ROD23.813,A36,a04857cd-4a23-45a1-8a32-924fb76f96f5
W10-105,piece-to-piece,EMBED,P-300-21,,1,ROD6.35,A36,6ff2a0f7-d566-4767-9c9b-d6f0fc4336f1
W10-105,piece-to-piece,INSERT,P-300-11,19Ø INSERT (NC),1,ROD23.813,A36,4dfca715-57f3-4e26-a911-fff6fa18ed2a
W10-105,piece-to-piece,EMBED,P-300-21,,1,ROD6.35,A36,3eb77111-fa66-42c7-b3a6-9744c5838a64
W10-105,piece-to-piece,GROUT_TUBE,GT75-1219,75Ø x 1219 GROUT TUBE,1,ROD76,Zero_Density,be12c230-1727-450b-8a0e-319268bf0e22
W10-105,piece-to-piece,GROUT_TUBE,GT75-1219,75Ø x 1219 GROUT TUBE,1,ROD76,Zero_Density,a1dadb37-465e-4377-a3db-03c1a6d6fb58
W10-105,piece-to-piece,GROUT_TUBE,GT75-1219,75Ø x 1219 GROUT TUBE,1,ROD76,Zero_Density,47cb1aac-586c-4f2d-83a7-533d742e34db
W10-105,piece-to-piece,EMBED,P-301-11,19Ø EXP.  INS. (NC),1,ROD23.81,A36,4355d4a2-4d27-46cc-a8e0-39f2a0e4e76e
W10-105,piece-to-piece,EMBED,P-301-21,,1,ROD6.35,A36,22e7fff6-ca13-4a8a-b771-62c05df44a6a
W10-105,piece-to-piece,EMBED,P-301-21,,1,ROD6.35,A36,fa22dd26-5f46-421b-a245-f0364e93fca7
W10-105,piece-to-piece,EMBED,P-301-31,,1,ROD4.762,A36,3db75900-aea3-4d0f-88a8-a4619ac2d1d0
W10-105,piece-to-piece,EMBED,P-301-11,19Ø EXP.  INS. (NC),1,ROD23.81,A36,56bf716b-5d25-423c-a647-7b8c6ad16a89
W10-105,piece-to-piece,EMBED,P-301-21,,1,ROD6.35,A36,2c09b8c2-2c5c-4662-81d7-506557ed5895
W10-105,piece-to-piece,EMBED,P-301-21,,1,ROD6.35,A36,fee72db5-b56b-4bec-93d8-aeb950a060c9
W10-105,piece-to-piece,EMBED,P-301-31,,1,ROD4.762,A36,0e75089b-5ef2-4ce3-9815-b02792dd0525
W10-105,piece-to-piece,EMBED,P-301-11,19Ø EXP.  INS. (NC),1,ROD23.81,A36,b63ce989-9950-4c8b-9757-47a19460cec9
W10-105,piece-to-piece,EMBED,P-301-21,,1,ROD6.35,A36,99635ec7-d550-4fc3-b7f0-d970701c6f8f
W10-105,piece-to-piece,EMBED,P-301-21,,1,ROD6.35,A36,2041f779-724c-43e3-9f57-8fc3c6ff895c
W10-105,piece-to-piece,EMBED,P-301-31,,1,ROD4.762,A36,a5455026-26c1-47e8-8713-6c5bee2feea3
W10-105,piece-to-piece,INSERT,SP25-1067-11,SP25Mx1067 WILLIAMS S,1,ROD25.4,A706-GR.60,53851e32-ecb8-4f9c-b26d-bfafe5909a4e
W10-105,piece-to-piece,EMBED,SP25-1067-31,,1,PD66.675*15.875,A706-GR.60,6f1374e4-c29d-4e11-87ab-8acd841a55a7
W10-105,piece-to-piece,EMBED,SP25-1067-21,,1,ROD41.275,A706-GR.60,ff32156e-48e9-4feb-abef-4658ee427308
W10-105,piece-to-piece,INSERT,SP25-1067-11,SP25Mx1067 WILLIAMS S,1,ROD25.4,A706-GR.60,d3ab9729-c5e4-4bf2-8917-e7e14cfba17a
W10-105,piece-to-piece,EMBED,SP25-1067-31,,1,PD66.675*15.875,A706-GR.60,1f95b584-d6ec-47ac-88a6-24034b2272ff
W10-105,piece-to-piece,EMBED,SP25-1067-21,,1,ROD41.275,A706-GR.60,8fc19b00-ef48-4d2b-9dde-de1180ec9529
W10-105,piece-to-piece,INSERT,SP25-1067-11,SP25Mx1067 WILLIAMS S,1,ROD25.4,A706-GR.60,8fa5762a-62ae-4281-b1dc-71f2385b8d18
W10-105,piece-to-piece,EMBED,SP25-1067-31,,1,PD66.675*15.875,A706-GR.60,acffbc8f-3623-4fb3-b08a-456782adf0cf
W10-105,piece-to-piece,EMBED,SP25-1067-21,,1,ROD41.275,A706-GR.60,558b74ad-34b7-4e04-95fe-a3207d1325ce
P6-49,piece-to-piece,EMBED,MPX13,V REVEAL LARGE,1,TRIANGLE12.7*12.7,Misc_Undefined,4f7bfcd5-25cd-492b-b81e-9d1da9ee6bf9
P6-49,piece-to-piece,EMBED,MPX13,V REVEAL LARGE,1,TRIANGLE12.7*12.7,Misc_Undefined,1bc9412b-a6a9-4448-9db1-714de80e8e89
P6-49,piece-to-piece,EMBED,MPX14,V REVEAL LARGE,1,TRIANGLE12.7*12.7,Misc_Undefined,edab900b-6e4e-4a87-8bfc-958621c5fec6
P6-49,piece-to-piece,EMBED,MPX12,MOUNTPART,1,TRIANGLE51.0*12.7,Misc_Undefined,a5bb5a53-e781-4649-a44b-390859c601ff
P6-49,piece-to-piece,EMBED,MPX14,V REVEAL LARGE,1,TRIANGLE12.7*12.7,Misc_Undefined,023408d1-db20-470a-9dc8-1079e3acfcb6
P6-49,piece-to-piece,EMBED,MPX12,MOUNTPART,1,TRIANGLE51.0*12.7,Misc_Undefined,be9458f3-20a1-432d-8793-ca3b1e60a3ed
P6-49,piece-to-piece,CONDUIT,CNDT43,19MM CONDUIT,1,ROD19,Zero_Density,b0f1812f-7f40-4766-b961-d948c246c2c6
P6-49,piece-to-piece,CONDUIT,CNDT42,19MM CONDUIT,1,ROD19,Zero_Density,cfe5a43f-80a1-48b6-babc-3379239d00cf
P6-49,piece-to-piece,EMBED,P-620-11,6PL W/STUDS,1,PL101.6*6.35,A572-GR.50,1e2dedbd-8da8-4146-a32f-5257d7de072b
P6-49,piece-to-piece,EMBED,P-620-21,,1,STUD_1/2-DIA,A108-C1010-1020,4be6bb57-5a4d-4350-853d-d374b937a1ea
P6-49,piece-to-piece,EMBED,P-620-21,,1,STUD_1/2-DIA,A108-C1010-1020,b474d0e0-f580-41e7-bb9a-ecad6e1f2fdc
P6-49,piece-to-piece,EMBED,P-620-21,,1,STUD_1/2-DIA,A108-C1010-1020,e7cf468c-c0fb-4451-bed7-da39c0da7786
P6-49,piece-to-piece,EMBED,P-620-21,,1,STUD_1/2-DIA,A108-C1010-1020,9527e29f-3efd-43de-9edd-84a8f5edbdd4
P6-49,piece-to-piece,EMBED,P-620-11,6PL W/STUDS,1,PL101.6*6.35,A572-GR.50,60b2c73d-b58f-4e1e-826e-fc9bedfc3269
P6-49,piece-to-piece,EMBED,P-620-21,,1,STUD_1/2-DIA,A108-C1010-1020,e21562cc-09c8-4992-869b-53bf8b2b3a34
P6-49,piece-to-piece,EMBED,P-620-21,,1,STUD_1/2-DIA,A108-C1010-1020,c002cb39-15a4-4fc6-8702-fdb4757f8471
P6-49,piece-to-piece,EMBED,P-620-21,,1,STUD_1/2-DIA,A108-C1010-1020,e5108fa2-99c2-4068-b8e1-cc06c620ee3a
P6-49,piece-to-piece,EMBED,P-620-21,,1,STUD_1/2-DIA,A108-C1010-1020,04d73abf-eec9-4fb9-90b2-ae81d744b39a
P6-49,piece-to-piece,EMBED,P-620-11,6PL W/STUDS,1,PL101.6*6.35,A572-GR.50,789688aa-4a43-4125-b720-9f19b4821d2f
P6-49,piece-to-piece,EMBED,P-620-21,,1,STUD_1/2-DIA,A108-C1010-1020,8bd2f4e8-07e9-4b83-b811-f13d0a134a1a
P6-49,piece-to-piece,EMBED,P-620-21,,1,STUD_1/2-DIA,A108-C1010-1020,33cd18b7-acbd-4dbc-85e9-9d2f13553fee
P6-49,piece-to-piece,EMBED,P-620-21,,1,STUD_1/2-DIA,A108-C1010-1020,403091d6-4c98-4329-93ef-791549804231
P6-49,piece-to-piece,EMBED,P-620-21,,1,STUD_1/2-DIA,A108-C1010-1020,5f6e4861-e7d8-4d37-b492-b65e274908c1
P6-49,piece-to-piece,EMBED,P-620-11,6PL W/STUDS,1,PL101.6*6.35,A572-GR.50,c5c2c2bf-d058-414b-b809-4974e994d3ab
P6-49,piece-to-piece,EMBED,P-620-21,,1,STUD_1/2-DIA,A108-C1010-1020,0079c32b-65c2-441f-a24e-3f324f9b5b05
P6-49,piece-to-piece,EMBED,P-620-21,,1,STUD_1/2-DIA,A108-C1010-1020,c3542490-bc65-40fb-b636-5a9048b7e66b
P6-49,piece-to-piece,EMBED,P-620-21,,1,STUD_1/2-DIA,A108-C1010-1020,125f22ec-f2a5-4466-94f0-61df74107b20
P6-49,piece-to-piece,EMBED,P-620-21,,1,STUD_1/2-DIA,A108-C1010-1020,7d792ad1-b6d6-42fd-9132-8b7fcc208442
P6-49,piece-to-piece,GROUT_TUBE,GT76-152,76Øx152mm G.TUBE,1,ROD76.2,Zero_Density,0672461d-757e-44c6-aaf5-5ca3f1ce843c
P6-49,piece-to-piece,GROUT_TUBE,GT76-152,76Øx152mm G.TUBE,1,ROD76.2,Zero_Density,0e5cb035-64a5-4c1a-b7d3-2168f8ede69e
P6-49,piece-to-piece,GROUT_TUBE,GT76-152,76Øx152mm G.TUBE,1,ROD76.2,Zero_Density,6d36d40c-7218-4b84-82c3-8105a0830322
P6-49,piece-to-piece,GROUT_TUBE,GT76-152,76Øx152mm G.TUBE,1,ROD76.2,Zero_Density,9c2cbb6a-6ab2-4ed5-97ad-ef92355f8249
P6-49,piece-to-piece,GROUT_TUBE,GT76-152,76Øx152mm G.TUBE,1,ROD76.2,Zero_Density,8395b21b-0b8e-4a1f-a0f8-7ae24e83a842
P6-49,piece-to-piece,GROUT_TUBE,GT76-152,76Øx152mm G.TUBE,1,ROD76.2,Zero_Density,0efbd192-6845-4b63-a3ff-d401bac30f55
P6-49,piece-to-piece,INSERT,P-300-11,19Ø INSERT (NC),1,ROD23.813,A36,3d3a1773-ce36-43f2-83a8-5784150938ec
P6-49,piece-to-piece,EMBED,P-300-21,,1,ROD6.35,A36,0b6a7cab-753c-4882-9662-2e783eeba231
P6-49,piece-to-piece,INSERT,P-300-11,19Ø INSERT (NC),1,ROD23.813,A36,df07b120-a96e-403a-8afc-bce7cf444449
P6-49,piece-to-piece,EMBED,P-300-21,,1,ROD6.35,A36,a8a0b06d-4979-4b07-b671-9afffacfb41e
P6-49,piece-to-piece,PLATE,P-900-10,25mm KNIFE PLATE,1,PL127*25,A572-GR.50,f3868ed9-032a-4ae7-9ad8-6a721a4949ad
P6-49,piece-to-piece,EMBED,P-900-20,,1,PD28.6*4.76,50W,ad18aee3-598e-47a5-913e-83ae4c688aaf
P6-49,piece-to-piece,EMBED,P-900-30,,1,STUD_3/4-DIA,A108-GR.90,9275aae4-47ae-446f-a24a-4a1fbaf788c4
P6-49,piece-to-piece,PLATE,P-900-10,25mm KNIFE PLATE,1,PL127*25,A572-GR.50,11c1289f-76fd-4145-998b-9719135e1a67
P6-49,piece-to-piece,EMBED,P-900-20,,1,PD28.6*4.76,50W,011ddff2-0214-4862-b9e6-7353889290da
P6-49,piece-to-piece,EMBED,P-900-30,,1,STUD_3/4-DIA,A108-GR.90,d55c5749-0a67-496b-9e92-d7ba606eb27b
P6-49,piece-to-piece,ANCHOR,P-205-11,12000LB FORGED ANCHOR,1,PL15.88,A36,36df087e-64d6-4e5a-9030-c7098055588b
P6-49,piece-to-piece,EMBED,P-205-21,,1,PL76.2*12.7,A36,9be606f3-8f90-4edb-a270-fc3638ed0140
P6-49,piece-to-piece,EMBED,P-205-31,,1,SPHERE47.625,A36,299dd122-5f97-4cde-8bfb-43741a0385d9
P6-49,piece-to-piece,EMBED,P-205-32,,1,PL54,Steel_Undefined,cbb3af0c-fdb6-45fd-8a2a-a57da361fd77
P6-49,piece-to-piece,ANCHOR,P-205-11,12000LB FORGED ANCHOR,1,PL15.88,A36,971bf294-ced4-43f9-b43c-1b02f33a8221
P6-49,piece-to-piece,EMBED,P-205-21,,1,PL76.2*12.7,A36,edd4e34d-cc62-44f4-901d-7d3d31b66cfe
P6-49,piece-to-piece,EMBED,P-205-31,,1,SPHERE47.625,A36,279a1724-7422-417b-8fcb-75675796942b
P6-49,piece-to-piece,EMBED,P-205-32,,1,PL54,Steel_Undefined,d7c3ca22-6c4b-41df-b177-1f9c5b233a38
P6-49,piece-to-piece,ANCHOR,P-205-11,12000LB FORGED ANCHOR,1,PL15.88,A36,53f9be11-2b49-4c86-8f14-3af9792fef95
P6-49,piece-to-piece,EMBED,P-205-21,,1,PL76.2*12.7,A36,76ea5708-f0bf-4c6c-b92e-4c2b3e3dbb71
P6-49,piece-to-piece,EMBED,P-205-31,,1,SPHERE47.625,A36,773ff6a6-98bf-40cf-ba92-d4d692039e7c
P6-49,piece-to-piece,EMBED,P-205-32,,1,PL54,Steel_Undefined,abd68d89-10b4-422e-8ec4-58672ec6b5d8
P6-49,piece-to-piece,ANCHOR,P-205-11,12000LB FORGED ANCHOR,1,PL15.88,A36,8b1a27e7-3be7-403c-81b6-a139a44bc6ed
P6-49,piece-to-piece,EMBED,P-205-21,,1,PL76.2*12.7,A36,714e65c0-d8ba-4d1e-9a3e-8912d0f5f8c7
P6-49,piece-to-piece,EMBED,P-205-31,,1,SPHERE47.625,A36,099b1678-421b-456f-affd-6b731c6edf38
P6-49,piece-to-piece,EMBED,P-205-32,,1,PL54,Steel_Undefined,3a85c684-b6ba-462b-a0b8-31b15113741a
P6-49,piece-to-piece,INSERT,P-300-11,19Ø INSERT (NC),1,ROD23.813,A36,75abecab-acfb-4a54-a76b-f082de4f7970
P6-49,piece-to-piece,EMBED,P-300-21,,1,ROD6.35,A36,f8156bb7-c1d5-4379-8258-60ee5933c468
P6-49,piece-to-piece,INSERT,P-300-11,19Ø INSERT (NC),1,ROD23.813,A36,6fd87100-1e34-49b4-ab97-4b7e39dc58d7
P6-49,piece-to-piece,EMBED,P-300-21,,1,ROD6.35,A36,4f6c4548-c94f-43aa-969f-426564bb54d0
P6-49,piece-to-piece,INSERT,P-300-11,19Ø INSERT (NC),1,ROD23.813,A36,96f021ed-1b42-4ea7-954d-4f0acb285f57
P6-49,piece-to-piece,EMBED,P-300-21,,1,ROD6.35,A36,380b2a18-12fd-4720-be5c-69f765aa74cb
P6-49,piece-to-piece,INSERT,P-300-11,19Ø INSERT (NC),1,ROD23.813,A36,fe7492ef-6fbc-4766-8e02-0e4ae9900769
P6-49,piece-to-piece,EMBED,P-300-21,,1,ROD6.35,A36,184a2bd5-93ea-4b35-8400-4e7a2d9b6237
P6-49,piece-to-piece,INSERT,P-300-11,19Ø INSERT (NC),1,ROD23.813,A36,10e28c5a-1870-4ad6-a935-dd5e64412431
P6-49,piece-to-piece,EMBED,P-300-21,,1,ROD6.35,A36,5d848e0a-fe2a-48e8-ba2f-ba6a5cf8aabe
P6-49,piece-to-piece,INSERT,P-300-11,19Ø INSERT (NC),1,ROD23.813,A36,bd38b192-cc83-4361-8554-951af0364d42
P6-49,piece-to-piece,EMBED,P-300-21,,1,ROD6.35,A36,3d92581e-e9c7-46e2-adc7-4d2ab725c83f
P6-49,piece-to-piece,EMBED,P-620-11,6PL W/STUDS,1,PL101.6*6.35,A572-GR.50,5e4fa730-f487-4460-863e-819457b456de
P6-49,piece-to-piece,EMBED,P-620-21,,1,STUD_1/2-DIA,A108-C1010-1020,821885ee-5327-44b2-9880-abd2d2b60cc8
P6-49,piece-to-piece,EMBED,P-620-21,,1,STUD_1/2-DIA,A108-C1010-1020,83727f33-ff88-47e4-b0fc-9c522b0b7a58
P6-49,piece-to-piece,EMBED,P-620-21,,1,STUD_1/2-DIA,A108-C1010-1020,8d6c9f96-0272-4524-9188-a45a23552865
P6-49,piece-to-piece,EMBED,P-620-21,,1,STUD_1/2-DIA,A108-C1010-1020,318c01ac-36f4-470a-b387-c33d126bb72c
P6-49,piece-to-piece,EMBED,P-620-11,6PL W/STUDS,1,PL101.6*6.35,A572-GR.50,746a52dc-8192-4b2b-b1f3-2f29715e0a9b
P6-49,piece-to-piece,EMBED,P-620-21,,1,STUD_1/2-DIA,A108-C1010-1020,4819bf77-ae61-4a2b-9e1a-2c28718c5e83
P6-49,piece-to-piece,EMBED,P-620-21,,1,STUD_1/2-DIA,A108-C1010-1020,99b5c5f3-4586-4dc6-a915-bf7e156be68a
P6-49,piece-to-piece,EMBED,P-620-21,,1,STUD_1/2-DIA,A108-C1010-1020,804ea0ad-c49d-4b0d-951e-8dbe1d2563bc
P6-49,piece-to-piece,EMBED,P-620-21,,1,STUD_1/2-DIA,A108-C1010-1020,20b554d6-932a-48b6-b81a-f64f6ee7acb6
P6-49,piece-to-piece,EMBED,P-620-11,6PL W/STUDS,1,PL101.6*6.35,A572-GR.50,6bc6d9fa-328b-468d-9705-0ca72bd2a62b
P6-49,piece-to-piece,EMBED,P-620-21,,1,STUD_1/2-DIA,A108-C1010-1020,b1c30345-d49e-4338-9b1c-6a5e868e24df
P6-49,piece-to-piece,EMBED,P-620-21,,1,STUD_1/2-DIA,A108-C1010-1020,fd86ed6b-ad2b-4b5b-b674-260185fdb06a
P6-49,piece-to-piece,EMBED,P-620-21,,1,STUD_1/2-DIA,A108-C1010-1020,2d9b98ac-90dd-4c79-9fcc-9fa52bd7acd6
P6-49,piece-to-piece,EMBED,P-620-21,,1,STUD_1/2-DIA,A108-C1010-1020,6f6388f7-0f2a-41e6-ba5f-b8defd89d9d0
P6-49,piece-to-piece,INSERT,P-300-11,19Ø INSERT (NC),1,ROD23.813,A36,ef51883c-125a-4d13-951a-46b33dc0cf0f
P6-49,piece-to-piece,EMBED,P-300-21,,1,ROD6.35,A36,5642257b-ae1d-4a75-be15-63f307e27805
P6-49,piece-to-piece,PLATE,EB-S-PL1,Single Plastic Electr,1,160*50.8,Zero_Density,5172e8c5-50c8-4d72-9c44-47c2c3437b26
P6-49,piece-to-piece,PLATE,EB-S-PL1,Single Plastic Electr,1,160*50.8,Zero_Density,1b55ac90-4f68-42f7-a7e0-72bf28183c61
P6-49,piece-to-piece,INSERT,P-300-11,19Ø INSERT (NC),1,ROD23.813,A36,86c3db45-7ac0-42e4-8e21-5ccd76701deb
P6-49,piece-to-piece,EMBED,P-300-21,,1,ROD6.35,A36,9e6990e2-7aa4-4944-b450-a48ee78a37d2
P6-49,piece-to-piece,INSERT,P-300-11,19Ø INSERT (NC),1,ROD23.813,A36,ce99b76d-990e-4435-8919-9a95a9ed9b70
P6-49,piece-to-piece,EMBED,P-300-21,,1,ROD6.35,A36,8ee7f49a-8971-4201-a940-a59b08bfe4b6
P6-49,piece-to-piece,INSERT,P-300-11,19Ø INSERT (NC),1,ROD23.813,A36,5a58c9a1-f43b-43cc-9cfc-09277ec3dd9f
P6-49,piece-to-piece,EMBED,P-300-21,,1,ROD6.35,A36,af7c9b13-9169-4813-827b-61abc906cdfe
P6-49,piece-to-piece,INSERT,P-300-11,19Ø INSERT (NC),1,ROD23.813,A36,5a0b5494-acf7-4ac5-8c9e-3919567508d8
P6-49,piece-to-piece,EMBED,P-300-21,,1,ROD6.35,A36,2527178f-0768-4813-bc4b-822105da5afc
P6-49,piece-to-piece,INSERT,P-300-11,19Ø INSERT (NC),1,ROD23.813,A36,417e304c-8991-4607-ac10-9602b5ceea92
P6-49,piece-to-piece,EMBED,P-300-21,,1,ROD6.35,A36,0193ce98-2158-4d67-92c2-92b930579c7f
P6-49,piece-to-piece,INSERT,P-300-11,19Ø INSERT (NC),1,ROD23.813,A36,daaec982-25c2-4372-98a1-c2cccf0b0cd3
P6-49,piece-to-piece,EMBED,P-300-21,,1,ROD6.35,A36,d1974eba-32ce-46b8-b592-d8d534eb5bd1
W10-60,piece-to-piece,CONDUIT,CNDT47,19MM CONDUIT,1,ROD19,Zero_Density,a91bb961-d28d-4839-9a48-8876da04d594
W10-60,piece-to-piece,CONDUIT,CNDT27,19MM CONDUIT,1,ROD19,Zero_Density,ef0f3fe8-ae9c-4f61-89ad-7028ca7ef951
W10-60,piece-to-piece,CONDUIT,CNDT46,19MM CONDUIT,1,ROD19,Zero_Density,c6baaf5a-bfdd-412b-a6a9-37d56cd71af4
W10-60,piece-to-piece,PLATE,P-705-11,13x203x203 PLATE,1,PL203*12.7,A572-GR.50,7088b092-9a03-4428-9944-4ca7a8358feb
W10-60,piece-to-piece,INSERT,P-300-11,19Ø INSERT (NC),1,ROD23.813,A36,96368e2b-825c-4219-b889-8616d36abc60
W10-60,piece-to-piece,EMBED,P-300-21,,1,ROD6.35,A36,97cf8fc5-98a3-4a2c-8286-e23035cb7b82
W10-60,piece-to-piece,INSERT,P-300-11,19Ø INSERT (NC),1,ROD23.813,A36,9ebf383d-5943-4d55-9bb3-77002a1058ce
W10-60,piece-to-piece,EMBED,P-300-21,,1,ROD6.35,A36,130c509d-b2b7-4670-b9ac-4e6991539e10
W10-60,piece-to-piece,SLEEVE,SLV-102-254,102Ø x 254 PVC SLEEVE,1,ROD108,Zero_Density,80f04e37-7127-4c80-aa3c-3627608fcaf5
W10-60,piece-to-piece,SLEEVE,SLV-102-254,102Ø x 254 PVC SLEEVE,1,ROD108,Zero_Density,420c2b1e-d7a0-4ab0-b699-3522b704893b
W10-60,piece-to-piece,EMBED,EB-O-PL1,Octagon Plastic Elect,1,ROD160,Zero_Density,fbc27dbc-be35-4ad4-b813-15de861d4d01
W10-60,piece-to-piece,PLATE,EB-S-PL1,Single Plastic Electr,1,160*50.8,Zero_Density,e05aaba0-d13c-4221-ade3-e7baa87ca0c7
W10-60,piece-to-piece,EMBED,EB-SQ-PL1,Square Plastic Electr,1,160*160,Zero_Density,46dec995-f8bf-4362-b192-3249cd4d4ac2
W10-60,piece-to-piece,ANCHOR,P-205-11,12000LB FORGED ANCHOR,1,PL15.88,A36,bef06747-48f9-47d7-b663-2e0c750415f5
W10-60,piece-to-piece,EMBED,P-205-21,,1,PL76.2*12.7,A36,16895b4d-fee5-4bd4-b3d1-1ff1c620a0de
W10-60,piece-to-piece,EMBED,P-205-31,,1,SPHERE47.625,A36,a24e77df-77e6-4224-b91e-102160c298e7
W10-60,piece-to-piece,EMBED,P-205-32,,1,PL54,Steel_Undefined,b25e9e0f-0803-4fdb-89e4-406eebbc025c
W10-60,piece-to-piece,ANCHOR,P-205-11,12000LB FORGED ANCHOR,1,PL15.88,A36,2676b48b-e2ec-4e66-a7ea-1b9bcb98c0ad
W10-60,piece-to-piece,EMBED,P-205-21,,1,PL76.2*12.7,A36,857063f0-b25a-4155-9d2a-4e233c15afac
W10-60,piece-to-piece,EMBED,P-205-31,,1,SPHERE47.625,A36,d9a26d17-5d96-4f1b-9549-c631892d8457
W10-60,piece-to-piece,EMBED,P-205-32,,1,PL54,Steel_Undefined,e2174ad1-22e9-478c-9580-feae409dda6d
W10-60,piece-to-piece,INSERT,P-300-11,19Ø INSERT (NC),1,ROD23.813,A36,64b2b689-414b-43a2-ba45-b51d1bafbbf3
W10-60,piece-to-piece,EMBED,P-300-21,,1,ROD6.35,A36,e15bef09-970a-4e8d-ac6b-95e1f70dfa6c
W10-60,piece-to-piece,GROUT_TUBE,GT75-1219,75Ø x 1219 GROUT TUBE,1,ROD76,Zero_Density,3282627e-dbec-4882-a695-b22a5d1e5e48
W10-60,piece-to-piece,GROUT_TUBE,GT75-1219,75Ø x 1219 GROUT TUBE,1,ROD76,Zero_Density,342b730b-2230-4333-b089-dab3772fcefa
W10-60,piece-to-piece,GROUT_TUBE,GT75-1219,75Ø x 1219 GROUT TUBE,1,ROD76,Zero_Density,3813932a-e189-4445-90ae-074d9d3bdaf8
W10-60,piece-to-piece,GROUT_TUBE,GT75-1219,75Ø x 1219 GROUT TUBE,1,ROD76,Zero_Density,c00b29bf-6a20-49b6-b748-6c0fab6cfe2e
W10-60,piece-to-piece,GROUT_TUBE,GT75-1219,75Ø x 1219 GROUT TUBE,1,ROD76,Zero_Density,b328799f-4cc6-4885-bbc6-e1d470161eb4
W10-60,piece-to-piece,GROUT_TUBE,GT75-1219,75Ø x 1219 GROUT TUBE,1,ROD76,Zero_Density,8984bbaa-018f-4725-9959-36a58d5ae025
W10-60,piece-to-piece,GROUT_TUBE,GT75-1219,75Ø x 1219 GROUT TUBE,1,ROD76,Zero_Density,b4f5e011-503f-4618-a4b5-fdf0c4b6f784
W10-60,piece-to-piece,INSERT,P-300-11,19Ø INSERT (NC),1,ROD23.813,A36,5a034f39-b96c-4ee8-9f6a-0479699646bb
W10-60,piece-to-piece,EMBED,P-300-21,,1,ROD6.35,A36,599204ea-de17-4e80-9213-07e91047b677
W10-60,piece-to-piece,INSERT,SP25-1067-11,SP25Mx1067 WILLIAMS S,1,ROD25.4,A706-GR.60,4ef04149-2c8d-43dc-b00f-9c04a266c914
W10-60,piece-to-piece,EMBED,SP25-1067-31,,1,PD66.675*15.875,A706-GR.60,e26cb6b7-6754-49a9-b339-ddf6e98c4f4d
W10-60,piece-to-piece,EMBED,SP25-1067-21,,1,ROD41.275,A706-GR.60,75d8c314-fa85-4068-954b-178f00e2c0b2
W10-60,piece-to-piece,INSERT,SP25-1067-11,SP25Mx1067 WILLIAMS S,1,ROD25.4,A706-GR.60,3f5c29e0-6891-4c3e-84a9-bad2b75c3d65
W10-60,piece-to-piece,EMBED,SP25-1067-31,,1,PD66.675*15.875,A706-GR.60,ba0e51e1-27aa-49c3-8fb3-ed616894c9f4
W10-60,piece-to-piece,EMBED,SP25-1067-21,,1,ROD41.275,A706-GR.60,14da4198-df66-4c48-bbfc-c492ecb5500a
W10-60,piece-to-piece,INSERT,SP25-1067-11,SP25Mx1067 WILLIAMS S,1,ROD25.4,A706-GR.60,d545fbbd-d3e9-4740-8097-647dd468d45c
W10-60,piece-to-piece,EMBED,SP25-1067-31,,1,PD66.675*15.875,A706-GR.60,be367280-2eb7-4b40-823c-f41ebda66948
W10-60,piece-to-piece,EMBED,SP25-1067-21,,1,ROD41.275,A706-GR.60,8aa6c06f-7757-47c0-a6ed-ac970b9d51b2
W10-60,piece-to-piece,INSERT,SP25-1067-11,SP25Mx1067 WILLIAMS S,1,ROD25.4,A706-GR.60,dcc9913b-2afd-45ab-b480-2b91985c8962
W10-60,piece-to-piece,EMBED,SP25-1067-31,,1,PD66.675*15.875,A706-GR.60,97fb8cbf-391f-4d72-a7c3-6a6d141e56ff
W10-60,piece-to-piece,EMBED,SP25-1067-21,,1,ROD41.275,A706-GR.60,cfaa919f-545c-4e55-b76a-59c5ddfd7fa7
W10-60,piece-to-piece,INSERT,SP25-1067-11,SP25Mx1067 WILLIAMS S,1,ROD25.4,A706-GR.60,da2a5566-2482-4bf9-93ed-06a85c4726d4
W10-60,piece-to-piece,EMBED,SP25-1067-31,,1,PD66.675*15.875,A706-GR.60,21d45ac4-6046-4b67-8f88-ac5871ffafe1
W10-60,piece-to-piece,EMBED,SP25-1067-21,,1,ROD41.275,A706-GR.60,af29c1ab-72e4-45b3-a102-0ed877b1b775
W10-60,piece-to-piece,INSERT,SP25-1067-11,SP25Mx1067 WILLIAMS S,1,ROD25.4,A706-GR.60,dc45bac3-eae8-4b47-b1b4-543d0cad7675
W10-60,piece-to-piece,EMBED,SP25-1067-31,,1,PD66.675*15.875,A706-GR.60,83e3cf15-19c0-4322-be3d-3355fe068738
W10-60,piece-to-piece,EMBED,SP25-1067-21,,1,ROD41.275,A706-GR.60,503adb1c-9f6e-46cf-8507-df500e727445
W10-60,piece-to-piece,INSERT,SP25-1067-11,SP25Mx1067 WILLIAMS S,1,ROD25.4,A706-GR.60,c054df3f-bc13-4681-a8c6-b62c60225eec
W10-60,piece-to-piece,EMBED,SP25-1067-31,,1,PD66.675*15.875,A706-GR.60,80b459ff-4569-43ee-91bf-23024379bf75
W10-60,piece-to-piece,EMBED,SP25-1067-21,,1,ROD41.275,A706-GR.60,2569b6a7-2e4d-40bf-a55b-addc4c2a0b42
W10-50,piece-to-piece,EMBED,MPX11,V REVEAL LARGE,1,TRIANGLE12.7*12.7,Misc_Undefined,d7e49744-5127-4aa6-81f6-ff6e80eb548c
W10-50,piece-to-piece,INSERT,P-300-11,19Ø INSERT (NC),1,ROD23.813,A36,c4f91208-82b2-4d13-8778-38b20f102750
W10-50,piece-to-piece,EMBED,P-300-21,,1,ROD6.35,A36,07ff5172-d61a-4c15-8239-9548f32c5f47
W10-50,piece-to-piece,INSERT,P-300-11,19Ø INSERT (NC),1,ROD23.813,A36,dd3e9d18-2138-4e3c-af66-5302c447c2a6
W10-50,piece-to-piece,EMBED,P-300-21,,1,ROD6.35,A36,0654fcb5-5ad1-4b0c-b3d2-3bc4863c2d92
W10-50,piece-to-piece,INSERT,P-300-11,19Ø INSERT (NC),1,ROD23.813,A36,dbf1277b-3949-4e53-a8be-f25a1b659054
W10-50,piece-to-piece,EMBED,P-300-21,,1,ROD6.35,A36,6bf9c5c4-5eee-4d3e-924d-f9a8af710143
W10-50,piece-to-piece,GROUT_TUBE,GT75-686,75Ø x 686 GROUT TUBE,1,ROD76,Zero_Density,4f1c279c-ca7f-45ae-bd15-f6003de07e9a
W10-50,piece-to-piece,GROUT_TUBE,GT75-686,75Ø x 686 GROUT TUBE,1,ROD76,Zero_Density,c70919e1-87f6-4fcb-b621-e3c6bdb76c6c
W10-50,piece-to-piece,INSERT,SP15-457-11,15Mx457 WILLIAMS SPL,1,ROD16,400W,0aa9a5eb-f25c-4812-9f47-9ad9910305e6
W10-50,piece-to-piece,INSERT,SP15-457-31,,1,PD52.387*12.7,400W,62921f8d-4c0d-4aca-9983-07948b2ac938
W10-50,piece-to-piece,INSERT,SP15-457-21,,1,ROD26.987,400W,f7612a6e-63ac-4749-9a3d-77a44d9c3620
W10-50,piece-to-piece,INSERT,SP15-457-11,15Mx457 WILLIAMS SPL,1,ROD16,400W,25a89436-b8d3-4366-bef3-92b632473beb
W10-50,piece-to-piece,INSERT,SP15-457-31,,1,PD52.387*12.7,400W,18e64443-f799-4a0c-8f2b-f16138ce96bb
W10-50,piece-to-piece,INSERT,SP15-457-21,,1,ROD26.987,400W,e511aa17-5d2d-4244-ab19-b178b5035ed0
W10-50,piece-to-piece,INSERT,SP15-457-11,15Mx457 WILLIAMS SPL,1,ROD16,400W,da6e8391-bea0-4180-9472-1bdebbce187a
W10-50,piece-to-piece,INSERT,SP15-457-31,,1,PD52.387*12.7,400W,1de9a44a-a9bb-487e-b3f6-f0946fa279ed
W10-50,piece-to-piece,INSERT,SP15-457-21,,1,ROD26.987,400W,bf4e8c54-ff6b-4193-baa9-52a44ca5304b
W10-50,piece-to-piece,INSERT,SP15-457-11,15Mx457 WILLIAMS SPL,1,ROD16,400W,b7bb03b2-1819-454b-ac53-4fbf6fb0bd9d
W10-50,piece-to-piece,INSERT,SP15-457-31,,1,PD52.387*12.7,400W,f7f07178-b40f-4040-a1f8-3c9ac1c73853
W10-50,piece-to-piece,INSERT,SP15-457-21,,1,ROD26.987,400W,7965b890-cfe0-4206-a037-25f35f1b4dfb
W10-50,piece-to-piece,INSERT,SP15-457-11,15Mx457 WILLIAMS SPL,1,ROD16,400W,f5d2bd8a-6ef0-404e-b276-00a09464dc02
W10-50,piece-to-piece,INSERT,SP15-457-31,,1,PD52.387*12.7,400W,5d1ce0b1-033f-47e5-a374-1b7cf4501028
W10-50,piece-to-piece,INSERT,SP15-457-21,,1,ROD26.987,400W,e6dde6cc-6077-45bd-a006-ea1d1403662a
W10-50,piece-to-piece,INSERT,SP15-457-11,15Mx457 WILLIAMS SPL,1,ROD16,400W,49988e2e-4edc-4756-b362-65cf3e7ae0bc
W10-50,piece-to-piece,INSERT,SP15-457-31,,1,PD52.387*12.7,400W,ea8dd69c-2393-4c13-a5a0-729dbb5aeca1
W10-50,piece-to-piece,INSERT,SP15-457-21,,1,ROD26.987,400W,60566aff-91d2-4bff-8d46-b20368edd22b
W10-50,piece-to-piece,INSERT,SP15-457-11,15Mx457 WILLIAMS SPL,1,ROD16,400W,54083497-e0cd-4aae-8e88-d095c36b287d
W10-50,piece-to-piece,INSERT,SP15-457-31,,1,PD52.387*12.7,400W,fb74f5bc-0d8b-4a85-ae92-f5453c65cf0c
W10-50,piece-to-piece,INSERT,SP15-457-21,,1,ROD26.987,400W,99ca4841-adcc-44a4-a17c-f1faee6a3441
W10-50,piece-to-piece,INSERT,SP15-457-11,15Mx457 WILLIAMS SPL,1,ROD16,400W,fb5d34b3-c2eb-4b75-a4f8-961e1ab050f2
W10-50,piece-to-piece,INSERT,SP15-457-31,,1,PD52.387*12.7,400W,8c612b38-c13e-4e49-9b56-f4af3e68599e
W10-50,piece-to-piece,INSERT,SP15-457-21,,1,ROD26.987,400W,277627da-f4a3-4fc4-8b27-98b9ea123ea5
W10-50,piece-to-piece,INSERT,SP15-457-11,15Mx457 WILLIAMS SPL,1,ROD16,400W,ae05cffe-8bca-4372-835a-bb938872c42b
W10-50,piece-to-piece,INSERT,SP15-457-31,,1,PD52.387*12.7,400W,31ac04c1-91e1-47c2-948f-099d1707830e
W10-50,piece-to-piece,INSERT,SP15-457-21,,1,ROD26.987,400W,950ef91c-1389-4834-88c2-7e47152f81be
W10-50,piece-to-piece,GROUT_TUBE,GT75-1219,75Ø x 1219 GROUT TUBE,1,ROD76,Zero_Density,7836a0b9-5c71-46f6-8741-0c68a2808d13
W10-50,piece-to-piece,GROUT_TUBE,GT75-1219,75Ø x 1219 GROUT TUBE,1,ROD76,Zero_Density,b5a52515-bc38-4d1e-86b0-383cc69ba7ad
W10-50,piece-to-piece,GROUT_TUBE,GT75-1219,75Ø x 1219 GROUT TUBE,1,ROD76,Zero_Density,87a8272e-bda0-438e-a3d4-54841ed40f68
W10-50,piece-to-piece,GROUT_TUBE,GT75-1219,75Ø x 1219 GROUT TUBE,1,ROD76,Zero_Density,6f9abc4b-711a-401f-bfdd-963b4789cbcd
W10-50,piece-to-piece,GROUT_TUBE,GT75-1219,75Ø x 1219 GROUT TUBE,1,ROD76,Zero_Density,2b7e48c0-603a-4168-a4e8-4d59402ca04c
W10-50,piece-to-piece,GROUT_TUBE,GT75-1219,75Ø x 1219 GROUT TUBE,1,ROD76,Zero_Density,98aa42b7-b36c-4f8e-b604-1018810a897d
W10-50,piece-to-piece,GROUT_TUBE,GT75-1219,75Ø x 1219 GROUT TUBE,1,ROD76,Zero_Density,e8fe87d7-8ebe-4aa3-b74c-c4df07d3e9fe
W10-50,piece-to-piece,GROUT_TUBE,GT75-1219,75Ø x 1219 GROUT TUBE,1,ROD76,Zero_Density,7f29829a-8ba1-488d-b58c-857b467ca160
W10-50,piece-to-piece,GROUT_TUBE,GT100-1219-11,100Øx1219 GROUT TUBE,1,ROD102,Zero_Density,813de098-0f87-49b7-b13b-abc70d278490
W10-50,piece-to-piece,GROUT_TUBE,GT100-1219-21,,1,ROD110,Zero_Density,ce787350-7c5d-4efa-80f8-37316272affd
W10-50,piece-to-piece,GROUT_TUBE,GT100-1219-31,,1,ROD76,Zero_Density,5399aacd-9536-47d5-a986-1445e0529ef0
W10-50,piece-to-piece,GROUT_TUBE,GT76-254,76Øx254mm G.TUBE,1,ROD76.2,Zero_Density,69803634-7184-4ac7-960a-2ca5034e7d5e
W10-50,piece-to-piece,GROUT_TUBE,GT76-254,76Øx254mm G.TUBE,1,ROD76.2,Zero_Density,0cf235b4-719d-420b-b7fa-be11d1f9687d
W10-50,piece-to-piece,GROUT_TUBE,GT76-254,76Øx254mm G.TUBE,1,ROD76.2,Zero_Density,6f1a26df-f567-4128-ac42-9fd0003eb70b
W10-50,piece-to-piece,GROUT_TUBE,GT76-254,76Øx254mm G.TUBE,1,ROD76.2,Zero_Density,51d4cc2c-eaa7-4929-a21a-bda5e5ba0efa
W10-50,piece-to-piece,GROUT_TUBE,GT76-254,76Øx254mm G.TUBE,1,ROD76.2,Zero_Density,e6895dc9-626c-4f22-96dd-b6be76e96d78
W10-50,piece-to-piece,GROUT_TUBE,GT76-254,76Øx254mm G.TUBE,1,ROD76.2,Zero_Density,9829654a-5100-4282-b4d8-4d396d8f31fd
W10-50,piece-to-piece,CONDUIT,CNDT37,19MM CONDUIT,1,ROD19,Zero_Density,4a30435b-18cb-4691-9395-e2a6de3823ce
W10-50,piece-to-piece,PLATE,EB-S-PL1,Single Plastic Electr,1,160*50.8,Zero_Density,5ec84b14-57fe-422e-9c27-2eaf54e7069c
W10-50,piece-to-piece,EMBED,P-602-11,13PL. W/STUD,1,PL101.6*12.7,A572-GR.50,977f74bb-977a-436a-aec8-b2541b004fca
W10-50,piece-to-piece,EMBED,P-602-21,,1,STUD_1/2-DIA,A108-C1010-1020,ecacfcab-fb92-4641-8676-e15cd3f0c202
W10-50,piece-to-piece,INSERT,P-300-11,19Ø INSERT (NC),1,ROD23.813,A36,85f82e18-0fe5-4756-b03b-ab87d8069c9f
W10-50,piece-to-piece,EMBED,P-300-21,,1,ROD6.35,A36,cd686fdf-b505-4126-a14f-fe76e62c889e
W10-50,piece-to-piece,INSERT,P-300-11,19Ø INSERT (NC),1,ROD23.813,A36,d390c44a-da55-40e7-9eab-d345b1095a54
W10-50,piece-to-piece,EMBED,P-300-21,,1,ROD6.35,A36,2c3ede8d-c16c-42c2-90d3-6ef4328d0b05
W10-50,piece-to-piece,ANCHOR,P-205-11,12000LB FORGED ANCHOR,1,PL15.88,A36,59e60965-a372-4372-8ab9-850460f3e95e
W10-50,piece-to-piece,EMBED,P-205-21,,1,PL76.2*12.7,A36,6a92132f-94e3-408a-bc31-8e2cf7d4bfc2
W10-50,piece-to-piece,EMBED,P-205-31,,1,SPHERE47.625,A36,07a22de8-4c05-4819-8754-208cec5f4e2e
W10-50,piece-to-piece,EMBED,P-205-32,,1,PL54,Steel_Undefined,73160f31-3850-47c8-a359-7df5e28c02f9
W10-50,piece-to-piece,ANCHOR,P-205-11,12000LB FORGED ANCHOR,1,PL15.88,A36,e57d32ee-7a18-4bcc-b624-8ca82b1d3fca
W10-50,piece-to-piece,EMBED,P-205-21,,1,PL76.2*12.7,A36,c2762a16-6e3d-45e6-88fa-16e10e99fd05
W10-50,piece-to-piece,EMBED,P-205-31,,1,SPHERE47.625,A36,deb23875-4e71-40d5-96ae-8b992f710038
W10-50,piece-to-piece,EMBED,P-205-32,,1,PL54,Steel_Undefined,d70a588e-7260-439e-be53-a582f625a048
W10-50,piece-to-piece,ANCHOR,P-205-11,12000LB FORGED ANCHOR,1,PL15.88,A36,7ca27669-f114-49f4-988d-64ad10b7fda0
W10-50,piece-to-piece,EMBED,P-205-21,,1,PL76.2*12.7,A36,caba158d-452f-4570-bc15-1f89a813627f
W10-50,piece-to-piece,EMBED,P-205-31,,1,SPHERE47.625,A36,406f49a6-3ab7-47f0-a809-1f6eaa7d4c6d
W10-50,piece-to-piece,EMBED,P-205-32,,1,PL54,Steel_Undefined,a4ced1cf-b4c1-4e29-88be-13d496e06d45
W10-50,piece-to-piece,ANCHOR,P-205-11,12000LB FORGED ANCHOR,1,PL15.88,A36,010adebd-54e9-4ff4-bde8-d7586d5a5282
W10-50,piece-to-piece,EMBED,P-205-21,,1,PL76.2*12.7,A36,b0dc98aa-74fc-41c6-8960-09d4f36d368c
W10-50,piece-to-piece,EMBED,P-205-31,,1,SPHERE47.625,A36,27b4021e-b5cc-4d49-83a8-aa904adfda51
W10-50,piece-to-piece,EMBED,P-205-32,,1,PL54,Steel_Undefined,891d7e72-5326-4957-9a3e-a871fa3ba623
W10-13,piece-to-piece,INSERT,P-300-11,19Ø INSERT (NC),1,ROD23.813,A36,a07afeaf-7e2d-4ff0-997b-84a07eddb5e8
W10-13,piece-to-piece,EMBED,P-300-21,,1,ROD6.35,A36,80a418b8-588d-48da-9ab6-b2333a82d6e3
W10-13,piece-to-piece,INSERT,SP25-1067-11,SP25Mx1067 WILLIAMS S,1,ROD25.4,A706-GR.60,abcafbe4-eaf3-4399-8876-c94e434c2e08
W10-13,piece-to-piece,EMBED,SP25-1067-31,,1,PD66.675*15.875,A706-GR.60,30ff63e5-22b3-4a22-bfcd-762554df3dd6
W10-13,piece-to-piece,EMBED,SP25-1067-21,,1,ROD41.275,A706-GR.60,add6bc08-2c35-4e0e-952e-359baa984d2c
W10-13,piece-to-piece,INSERT,SP25-1067-11,SP25Mx1067 WILLIAMS S,1,ROD25.4,A706-GR.60,52ddb98e-9bf0-46c6-96d6-a6f3531e5d20
W10-13,piece-to-piece,EMBED,SP25-1067-31,,1,PD66.675*15.875,A706-GR.60,865eb408-e7ef-4e44-ab21-45a42206b95d
W10-13,piece-to-piece,EMBED,SP25-1067-21,,1,ROD41.275,A706-GR.60,c4a6172e-c6f1-427b-99cd-baac726b1c7c
W10-13,piece-to-piece,INSERT,SP25-1067-11,SP25Mx1067 WILLIAMS S,1,ROD25.4,A706-GR.60,064696e0-5ce5-497b-8333-84b52983a196
W10-13,piece-to-piece,EMBED,SP25-1067-31,,1,PD66.675*15.875,A706-GR.60,b1b01ba7-4af9-4c78-96f4-5d6477dd4ca8
W10-13,piece-to-piece,EMBED,SP25-1067-21,,1,ROD41.275,A706-GR.60,3a231a87-704d-495d-a7e8-02fae75c1c37
W10-13,piece-to-piece,INSERT,SP15-457-11,15Mx457 WILLIAMS SPL,1,ROD16,400W,7c80cc75-9752-4d41-a99a-0064f68a1bdd
W10-13,piece-to-piece,INSERT,SP15-457-31,,1,PD52.387*12.7,400W,21cfbd0d-6600-4689-a023-3f3707b74b9f
W10-13,piece-to-piece,INSERT,SP15-457-21,,1,ROD26.987,400W,b1d6fbf1-3272-4139-ac65-cb30b7afcc90
W10-13,piece-to-piece,INSERT,SP15-457-11,15Mx457 WILLIAMS SPL,1,ROD16,400W,ef5386d1-8f23-4d49-acf8-a95103c1b0b7
W10-13,piece-to-piece,INSERT,SP15-457-31,,1,PD52.387*12.7,400W,71ff00dd-a89c-4d0b-ba3c-531fce56f7b3
W10-13,piece-to-piece,INSERT,SP15-457-21,,1,ROD26.987,400W,d8a1569f-fa59-483c-a69d-2eb3f29a1d24
W10-13,piece-to-piece,PLATE,P-616-11,13x203x203 PLATE,1,PL203*13,A572-GR.50,210508de-c70c-43bc-8a05-64506706dfde
W10-13,piece-to-piece,EMBED,P-616-21,,1,STUD_12M-DIA,A108-C1010-1020,aba38d66-9864-4d18-b3be-1013726aa9ed
W10-13,piece-to-piece,EMBED,P-616-21,,1,STUD_12M-DIA,A108-C1010-1020,2ea0fab7-62a9-49c7-9af8-9e5cd7058a8e
W10-13,piece-to-piece,EMBED,P-616-21,,1,STUD_12M-DIA,A108-C1010-1020,3d60479f-f973-45b8-8734-e3eeb5489695
W10-13,piece-to-piece,EMBED,P-616-21,,1,STUD_12M-DIA,A108-C1010-1020,28a4c633-0f88-4475-911e-3270a347299e
W10-13,piece-to-piece,PLATE,P-616-11,13x203x203 PLATE,1,PL203*13,A572-GR.50,8130c30e-8c8e-4d8c-b16d-2ce3b2e27a2f
W10-13,piece-to-piece,EMBED,P-616-21,,1,STUD_12M-DIA,A108-C1010-1020,d2784aa4-cc6c-4818-99df-60dacf4cac0f
W10-13,piece-to-piece,EMBED,P-616-21,,1,STUD_12M-DIA,A108-C1010-1020,9589eb83-a03a-4603-9cfd-e26af36447c4
W10-13,piece-to-piece,EMBED,P-616-21,,1,STUD_12M-DIA,A108-C1010-1020,87ee0c0f-7a26-4921-993c-b09f0889e35b
W10-13,piece-to-piece,EMBED,P-616-21,,1,STUD_12M-DIA,A108-C1010-1020,a94eb192-0356-44a4-8c9b-ad904dde9fde
W10-13,piece-to-piece,GROUT_TUBE,GT100-1219-11,100Øx1219 GROUT TUBE,1,ROD102,Zero_Density,5ecbf3f5-ff0e-4610-b3a1-e769864ee1ad
W10-13,piece-to-piece,GROUT_TUBE,GT100-1219-21,,1,ROD110,Zero_Density,05227bc5-7470-4c3d-a30d-f2d6f521c060
W10-13,piece-to-piece,GROUT_TUBE,GT100-1219-31,,1,ROD76,Zero_Density,6123787b-5781-453f-823b-8824210390c2
W10-13,piece-to-piece,GROUT_TUBE,GT100-686-11,100Øx686 GROUT TUBE,1,ROD102,Zero_Density,f27d77df-8c88-409a-a985-15e9adbcd05b
W10-13,piece-to-piece,GROUT_TUBE,GT100-686-21,,1,ROD110,Zero_Density,c4b48207-80a6-46ce-9f88-a8d70ec67b1e
W10-13,piece-to-piece,GROUT_TUBE,GT100-686-31,,1,ROD76,Zero_Density,f4f78c99-3c6d-4b5b-a9fd-1e0352cb69d7
W10-13,piece-to-piece,GROUT_TUBE,GT100-1219-11,100Øx1219 GROUT TUBE,1,ROD102,Zero_Density,7f8230bd-b121-4a08-857d-ae70517c2a66
W10-13,piece-to-piece,GROUT_TUBE,GT100-1219-21,,1,ROD110,Zero_Density,94b66de4-6337-4dc8-b368-d15fc42dd29d
W10-13,piece-to-piece,GROUT_TUBE,GT100-1219-31,,1,ROD76,Zero_Density,06352e20-0cc2-4001-a4ba-c4cfc1e48f05
W10-13,piece-to-piece,GROUT_TUBE,GT100-686-11,100Øx686 GROUT TUBE,1,ROD102,Zero_Density,f4e35a30-3d74-43e5-b88d-e6087b4dbfb8
W10-13,piece-to-piece,GROUT_TUBE,GT100-686-21,,1,ROD110,Zero_Density,38ae6d31-731d-4ca3-bbfc-8c3a0e3ab480
W10-13,piece-to-piece,GROUT_TUBE,GT100-686-31,,1,ROD76,Zero_Density,9d7c45af-61d7-4638-9553-2f7466789845
W10-13,piece-to-piece,GROUT_TUBE,GT100-686-11,100Øx686 GROUT TUBE,1,ROD102,Zero_Density,cdf2114b-152a-44ca-8126-dbab40900bc8
W10-13,piece-to-piece,GROUT_TUBE,GT100-686-21,,1,ROD110,Zero_Density,99638d08-b2f8-4e81-af04-e70920579489
W10-13,piece-to-piece,GROUT_TUBE,GT100-686-31,,1,ROD76,Zero_Density,eec7ecd6-8d7d-4786-93c7-ea563d5a96a2
W10-13,piece-to-piece,GROUT_TUBE,GT76-254,76Øx254mm G.TUBE,1,ROD76.2,Zero_Density,3b237422-77b2-4b7f-a207-47c367e3a957
W10-13,piece-to-piece,GROUT_TUBE,GT76-254,76Øx254mm G.TUBE,1,ROD76.2,Zero_Density,e95f0225-db2c-4c61-9f1e-b89005c83c47
W10-13,piece-to-piece,GROUT_TUBE,GT76-254,76Øx254mm G.TUBE,1,ROD76.2,Zero_Density,2955f725-1f70-45a4-9fff-49bbf6150315
W10-13,piece-to-piece,INSERT,P-300-11,19Ø INSERT (NC),1,ROD23.813,A36,efc7100e-a277-49ae-bcc0-5cf5f83a7723
W10-13,piece-to-piece,EMBED,P-300-21,,1,ROD6.35,A36,cb48f312-0cbb-4941-8dae-989ad1612127
W10-13,piece-to-piece,INSERT,P-300-11,19Ø INSERT (NC),1,ROD23.813,A36,9538a1ed-c1e9-4b18-b0a4-d6dde60a1551
W10-13,piece-to-piece,EMBED,P-300-21,,1,ROD6.35,A36,82872943-669e-46da-a1d1-0e113d0b2886
W10-13,piece-to-piece,ANCHOR,P-205-11,12000LB FORGED ANCHOR,1,PL15.88,A36,0b0979f6-5a30-4584-a666-e0a8659b5bb3
W10-13,piece-to-piece,EMBED,P-205-21,,1,PL76.2*12.7,A36,700b9a52-00ef-49e2-b81e-431eceac65a4
W10-13,piece-to-piece,EMBED,P-205-31,,1,SPHERE47.625,A36,549677e9-edad-4392-9456-65ee823cc6cd
W10-13,piece-to-piece,EMBED,P-205-32,,1,PL54,Steel_Undefined,6b7a1e3c-73f5-443b-8c6c-1b0a78fc4727
W10-13,piece-to-piece,ANCHOR,P-205-11,12000LB FORGED ANCHOR,1,PL15.88,A36,c6438733-5b75-40c7-9993-35e531c6ce8b
W10-13,piece-to-piece,EMBED,P-205-21,,1,PL76.2*12.7,A36,be77c7f0-b147-40f5-b18b-25c1d56e7161
W10-13,piece-to-piece,EMBED,P-205-31,,1,SPHERE47.625,A36,828186f8-ff54-4aa9-a299-075a321fdaff
W10-13,piece-to-piece,EMBED,P-205-32,,1,PL54,Steel_Undefined,5b4976a9-a7b3-45c2-9083-3544caae39ff
W10-78,piece-to-piece,EMBED,MPX1,V REVEAL LARGE,1,TRIANGLE12.7*12.7,Misc_Undefined,ff8b3733-189b-4c34-8a6d-37949f8307e7
W10-78,piece-to-piece,GROUT_TUBE,GT100-1219-11,100Øx1219 GROUT TUBE,1,ROD102,Zero_Density,1059a49f-a33e-435d-9e03-13a78fb50509
W10-78,piece-to-piece,GROUT_TUBE,GT100-1219-21,,1,ROD110,Zero_Density,68aac56c-4704-4eaf-aa65-762fd44d08b2
W10-78,piece-to-piece,GROUT_TUBE,GT100-1219-31,,1,ROD76,Zero_Density,7014562b-c8fb-44ba-8e73-5b60f693dfa4
W10-78,piece-to-piece,GROUT_TUBE,GT100-686-11,100Øx686 GROUT TUBE,1,ROD102,Zero_Density,32a53b93-2a21-40b1-926c-6bdb4d238753
W10-78,piece-to-piece,GROUT_TUBE,GT100-686-21,,1,ROD110,Zero_Density,9a372334-49c8-4398-87b7-f137f45a31bf
W10-78,piece-to-piece,GROUT_TUBE,GT100-686-31,,1,ROD76,Zero_Density,b3e38774-e0c1-4128-83fb-7e477544481c
W10-78,piece-to-piece,INSERT,P-300-11,19Ø INSERT (NC),1,ROD23.813,A36,356cd7ed-8fe5-4633-840a-8bd3c1532844
W10-78,piece-to-piece,EMBED,P-300-21,,1,ROD6.35,A36,0060863b-1360-451e-b645-3beaa378892b
W10-78,piece-to-piece,INSERT,P-300-11,19Ø INSERT (NC),1,ROD23.813,A36,6bb86031-51f9-4f42-b9f4-c5e99ce1ac61
W10-78,piece-to-piece,EMBED,P-300-21,,1,ROD6.35,A36,3ac11bdd-814c-459f-a792-d237210f8ded
W10-78,piece-to-piece,INSERT,SP25-1067-11,SP25Mx1067 WILLIAMS S,1,ROD25.4,A706-GR.60,c9c3672a-373b-4da1-bbbb-26540496fe44
W10-78,piece-to-piece,EMBED,SP25-1067-31,,1,PD66.675*15.875,A706-GR.60,a31c287d-b3f8-475a-8f58-5385c3ba7946
W10-78,piece-to-piece,EMBED,SP25-1067-21,,1,ROD41.275,A706-GR.60,35bea9db-0598-4474-872f-fe660fc73970
W10-78,piece-to-piece,INSERT,SP25-1067-11,SP25Mx1067 WILLIAMS S,1,ROD25.4,A706-GR.60,a68bd45b-0400-4cdf-94dc-f07dd63e0bf5
W10-78,piece-to-piece,EMBED,SP25-1067-31,,1,PD66.675*15.875,A706-GR.60,be4538bc-cdc2-4970-8918-2a845c9ecfb2
W10-78,piece-to-piece,EMBED,SP25-1067-21,,1,ROD41.275,A706-GR.60,28475f31-5080-4fce-b78e-8b9ee5351a44
W10-78,piece-to-piece,INSERT,SP25-1067-11,SP25Mx1067 WILLIAMS S,1,ROD25.4,A706-GR.60,d36c85c0-2e92-43d0-8736-a9768d2fc2aa
W10-78,piece-to-piece,EMBED,SP25-1067-31,,1,PD66.675*15.875,A706-GR.60,edd5ad1a-7b44-4f99-acb3-83b3006b5352
W10-78,piece-to-piece,EMBED,SP25-1067-21,,1,ROD41.275,A706-GR.60,4cebcc75-79f1-4a25-b2d9-a17556c07532
W10-78,piece-to-piece,INSERT,SP25-1067-11,SP25Mx1067 WILLIAMS S,1,ROD25.4,A706-GR.60,f81d98f4-f32f-4fda-a132-ced914a17e1d
W10-78,piece-to-piece,EMBED,SP25-1067-31,,1,PD66.675*15.875,A706-GR.60,60354a18-f72e-4ac7-bbdf-b4ed651f2c95
W10-78,piece-to-piece,EMBED,SP25-1067-21,,1,ROD41.275,A706-GR.60,de9029b3-2a8e-4911-8340-3b9b83536f37
W10-78,piece-to-piece,PLATE,P-616-11,13x203x203 PLATE,1,PL203*13,A572-GR.50,e815a4f5-4bdc-4962-822f-097c7969dfb0
W10-78,piece-to-piece,EMBED,P-616-21,,1,STUD_12M-DIA,A108-C1010-1020,880bda34-6977-4f0d-8478-ad16dd2226c9
W10-78,piece-to-piece,EMBED,P-616-21,,1,STUD_12M-DIA,A108-C1010-1020,7f908427-2cf7-4611-8671-f849c951e18d
W10-78,piece-to-piece,EMBED,P-616-21,,1,STUD_12M-DIA,A108-C1010-1020,b301fe6c-4b1d-4f81-9a10-789a45e9a895
W10-78,piece-to-piece,EMBED,P-616-21,,1,STUD_12M-DIA,A108-C1010-1020,f25dad6a-1f00-4c7e-865b-46e02ba34ed1
W10-78,piece-to-piece,PLATE,P-616-11,13x203x203 PLATE,1,PL203*13,A572-GR.50,02550f79-8240-4343-a0a7-3be836f1ba5e
W10-78,piece-to-piece,EMBED,P-616-21,,1,STUD_12M-DIA,A108-C1010-1020,27341fb4-eeaf-4c10-adb8-be77cfca119d
W10-78,piece-to-piece,EMBED,P-616-21,,1,STUD_12M-DIA,A108-C1010-1020,dc33bacc-75f8-4894-b71f-bd4c247e68fa
W10-78,piece-to-piece,EMBED,P-616-21,,1,STUD_12M-DIA,A108-C1010-1020,45067173-51cf-4fe6-b67a-607b7d66de08
W10-78,piece-to-piece,EMBED,P-616-21,,1,STUD_12M-DIA,A108-C1010-1020,511bed14-33dc-4ce0-aa91-a7fc09e873f2
W10-78,piece-to-piece,INSERT,SP25-1067-11,SP25Mx1067 WILLIAMS S,1,ROD25.4,A706-GR.60,18ba8667-e5b4-443e-8160-bc42e4da08a6
W10-78,piece-to-piece,EMBED,SP25-1067-31,,1,PD66.675*15.875,A706-GR.60,ad84e499-9d6a-4ee2-aeb2-a2b8b626e1a0
W10-78,piece-to-piece,EMBED,SP25-1067-21,,1,ROD41.275,A706-GR.60,a4a3dfd1-570e-418b-b3ff-ea37ed72a621
W10-78,piece-to-piece,INSERT,SP30-1219-11,30Mx1219 WILLIAMS SPL,1,ROD30.16,A706-GR.60,b8f47543-f1c1-4f9d-9d13-7325b222739d
W10-78,piece-to-piece,EMBED,SP30-1219-31,,1,PD71.438*19.05,A706-GR.60,9aac4750-dd8b-4cd6-b08b-172332773f53
W10-78,piece-to-piece,EMBED,SP30-1219-21,,1,ROD44.45,A706-GR.60,c327d3bc-f7d7-4f83-9628-e5dbf093f254
W10-78,piece-to-piece,GROUT_TUBE,GT100-1219-11,100Øx1219 GROUT TUBE,1,ROD102,Zero_Density,7fd7fb50-b365-4e4f-af08-6a0f4ca340b6
W10-78,piece-to-piece,GROUT_TUBE,GT100-1219-21,,1,ROD110,Zero_Density,e0c674a5-cb99-43eb-94a5-5be0a0eb9b56
W10-78,piece-to-piece,GROUT_TUBE,GT100-1219-31,,1,ROD76,Zero_Density,b0e8e843-1172-4b5e-bd0c-32c1dab819ba
W10-78,piece-to-piece,GROUT_TUBE,GT100-1219-11,100Øx1219 GROUT TUBE,1,ROD102,Zero_Density,9e804654-821e-4e7b-9819-6333adb77249
W10-78,piece-to-piece,GROUT_TUBE,GT100-1219-21,,1,ROD110,Zero_Density,9face8ee-0d63-41cd-86a2-9cc778c73216
W10-78,piece-to-piece,GROUT_TUBE,GT100-1219-31,,1,ROD76,Zero_Density,8a0f40ed-66f6-475c-b236-07795039f1f6
W10-78,piece-to-piece,GROUT_TUBE,GT100-1219-11,100Øx1219 GROUT TUBE,1,ROD102,Zero_Density,48dcce7c-efdd-4eda-a9d3-47c73ee63c33
W10-78,piece-to-piece,GROUT_TUBE,GT100-1219-21,,1,ROD110,Zero_Density,c22e4c61-2242-4745-8009-4aaadf5fd521
W10-78,piece-to-piece,GROUT_TUBE,GT100-1219-31,,1,ROD76,Zero_Density,e14a021d-9fe1-4c6f-b24d-759fb84f6a40
W10-78,piece-to-piece,GROUT_TUBE,GT100-1219-11,100Øx1219 GROUT TUBE,1,ROD102,Zero_Density,9c0d6644-8d35-4a40-96d2-2c4712da1f08
W10-78,piece-to-piece,GROUT_TUBE,GT100-1219-21,,1,ROD110,Zero_Density,bd99d71f-f192-4157-be37-48f50801b813
W10-78,piece-to-piece,GROUT_TUBE,GT100-1219-31,,1,ROD76,Zero_Density,f3168d7d-b79c-4b38-9f07-d532babe7f7f
W10-78,piece-to-piece,GROUT_TUBE,GT100-1219-11,100Øx1219 GROUT TUBE,1,ROD102,Zero_Density,02516e95-82e9-4308-beab-7d34101855fc
W10-78,piece-to-piece,GROUT_TUBE,GT100-1219-21,,1,ROD110,Zero_Density,de6d4c36-1efd-4d06-9db0-f1d5f18b076b
W10-78,piece-to-piece,GROUT_TUBE,GT100-1219-31,,1,ROD76,Zero_Density,0aaecb44-6704-4928-bf5f-b53c968c6e9a
W10-78,piece-to-piece,INSERT,P-300-11,19Ø INSERT (NC),1,ROD23.813,A36,722e6d7a-366c-4486-9f61-b871727fe4e9
W10-78,piece-to-piece,EMBED,P-300-21,,1,ROD6.35,A36,dff1380c-e855-4ffa-b2f4-71b8e6ca0586
W10-78,piece-to-piece,INSERT,P-300-11,19Ø INSERT (NC),1,ROD23.813,A36,ac2b1494-3258-4e62-8af7-0cd73725c11f
W10-78,piece-to-piece,EMBED,P-300-21,,1,ROD6.35,A36,e168cc90-e319-4f63-ac6b-eb9b0b31de94
W10-78,piece-to-piece,ANCHOR,P-205-11,12000LB FORGED ANCHOR,1,PL15.88,A36,494d843b-b649-4ffe-8c66-f8f109672d3c
W10-78,piece-to-piece,EMBED,P-205-21,,1,PL76.2*12.7,A36,bc96d1b1-b4b3-4756-bb53-1f44b30aacf4
W10-78,piece-to-piece,EMBED,P-205-31,,1,SPHERE47.625,A36,cac5a21f-8108-4989-b328-32d8645a55af
W10-78,piece-to-piece,EMBED,P-205-32,,1,PL54,Steel_Undefined,39661b8e-3cc4-4e05-ada2-00ae72ad68fe
W10-78,piece-to-piece,ANCHOR,P-205-11,12000LB FORGED ANCHOR,1,PL15.88,A36,d787b38b-6d3c-4de7-9d56-78aacbb5a537
W10-78,piece-to-piece,EMBED,P-205-21,,1,PL76.2*12.7,A36,6f98541c-0528-46f4-a54e-8bd8e57e811b
W10-78,piece-to-piece,EMBED,P-205-31,,1,SPHERE47.625,A36,0a41706a-0c67-40e5-9c4e-46b374d6a6a1
W10-78,piece-to-piece,EMBED,P-205-32,,1,PL54,Steel_Undefined,1f8008de-a29d-4def-be0f-af5e569f773a
W10-78,piece-to-piece,GROUT_TUBE,GT76-254,76Øx254mm G.TUBE,1,ROD76.2,Zero_Density,5dba95cf-f97e-4a23-9e11-1a223f6b5678
W10-27,piece-to-piece,EMBED,MPX1,V REVEAL LARGE,1,TRIANGLE12.7*12.7,Misc_Undefined,7a9a8f8d-c14d-47f0-a528-16ef18e08352
W10-27,piece-to-piece,EMBED,MPX1,V REVEAL LARGE,1,TRIANGLE12.7*12.7,Misc_Undefined,66fda016-e0cc-44f3-a007-9c1447fd65c1
W10-27,piece-to-piece,GROUT_TUBE,GT100-1219-11,100Øx1219 GROUT TUBE,1,ROD102,Zero_Density,9b41eb8f-0b98-4624-b0b8-2d3ac9376566
W10-27,piece-to-piece,GROUT_TUBE,GT100-1219-21,,1,ROD110,Zero_Density,269c1283-5434-46c3-a97f-3b15e08a9143
W10-27,piece-to-piece,GROUT_TUBE,GT100-1219-31,,1,ROD76,Zero_Density,d2eea2e5-a444-4466-98f4-d3c54481503d
W10-27,piece-to-piece,GROUT_TUBE,GT100-686-11,100Øx686 GROUT TUBE,1,ROD102,Zero_Density,fd7d3d91-1a07-4ef8-add5-69c30c2b8b52
W10-27,piece-to-piece,GROUT_TUBE,GT100-686-21,,1,ROD110,Zero_Density,46931220-9108-403b-96c1-5c8364fbcb97
W10-27,piece-to-piece,GROUT_TUBE,GT100-686-31,,1,ROD76,Zero_Density,5f478f5f-7261-4961-8f6c-e97383d98315
W10-27,piece-to-piece,INSERT,P-300-11,19Ø INSERT (NC),1,ROD23.813,A36,abfd8333-4aa5-4386-b012-08286d7ab7e7
W10-27,piece-to-piece,EMBED,P-300-21,,1,ROD6.35,A36,8da1bf61-a55e-4590-81f7-8fb8794b000a
W10-27,piece-to-piece,INSERT,P-300-11,19Ø INSERT (NC),1,ROD23.813,A36,bb59750d-bf94-4823-9c0d-eca91b944d39
W10-27,piece-to-piece,EMBED,P-300-21,,1,ROD6.35,A36,145343b3-b922-4b52-a2d5-2e45a744e575
W10-27,piece-to-piece,GROUT_TUBE,GT100-1219-11,100Øx1219 GROUT TUBE,1,ROD102,Zero_Density,1140f5b7-6caa-4729-aca3-b66bab39b83c
W10-27,piece-to-piece,GROUT_TUBE,GT100-1219-21,,1,ROD110,Zero_Density,2bb02b4c-5df0-4a62-a9fc-3b737b58bb0e
W10-27,piece-to-piece,GROUT_TUBE,GT100-1219-31,,1,ROD76,Zero_Density,c7d52633-b84e-4a16-adea-aca8c935c147
W10-27,piece-to-piece,INSERT,SP25-1067-11,SP25Mx1067 WILLIAMS S,1,ROD25.4,A706-GR.60,9bd2288c-a820-46d4-8c31-15b4f8a0b5e7
W10-27,piece-to-piece,EMBED,SP25-1067-31,,1,PD66.675*15.875,A706-GR.60,eb6449aa-40b0-4af8-a79c-b75f26e0680f
W10-27,piece-to-piece,EMBED,SP25-1067-21,,1,ROD41.275,A706-GR.60,9968415a-5f8a-4a99-9550-7c29c64538f3
W10-27,piece-to-piece,INSERT,SP15-457-11,15Mx457 WILLIAMS SPL,1,ROD16,400W,7049e5ce-22e2-4bda-9d6a-415671ed0e5d
W10-27,piece-to-piece,INSERT,SP15-457-31,,1,PD52.387*12.7,400W,c389b88b-553c-4617-b821-9d3a40f3ea16
W10-27,piece-to-piece,INSERT,SP15-457-21,,1,ROD26.987,400W,73320c83-2b83-4d0a-b65a-747b18efe8a4
W10-27,piece-to-piece,INSERT,SP25-1067-11,SP25Mx1067 WILLIAMS S,1,ROD25.4,A706-GR.60,23af280b-39f7-45cc-b00e-4dfac9f1b3c4
W10-27,piece-to-piece,EMBED,SP25-1067-31,,1,PD66.675*15.875,A706-GR.60,fe28c162-326c-420f-8fcb-35d964d4777c
W10-27,piece-to-piece,EMBED,SP25-1067-21,,1,ROD41.275,A706-GR.60,ca8acddb-1308-4bfa-b1d9-bef3ebc09642
W10-27,piece-to-piece,INSERT,SP25-1067-11,SP25Mx1067 WILLIAMS S,1,ROD25.4,A706-GR.60,1b1722ed-5cc4-4f5b-845f-75fb26c39e79
W10-27,piece-to-piece,EMBED,SP25-1067-31,,1,PD66.675*15.875,A706-GR.60,62bd028f-7f5b-4380-ae8d-fbaa41a68efc
W10-27,piece-to-piece,EMBED,SP25-1067-21,,1,ROD41.275,A706-GR.60,7839531f-fef2-46d5-be9e-3d0aaec1a119
W10-27,piece-to-piece,INSERT,SP25-1067-11,SP25Mx1067 WILLIAMS S,1,ROD25.4,A706-GR.60,a4f64046-b0c5-4a83-9de2-479408f51a1c
W10-27,piece-to-piece,EMBED,SP25-1067-31,,1,PD66.675*15.875,A706-GR.60,7fc1cab7-0eed-4c26-be8a-5334a1086b6e
W10-27,piece-to-piece,EMBED,SP25-1067-21,,1,ROD41.275,A706-GR.60,3995d904-be0f-4b50-a1d6-fafbb46be14f
W10-27,piece-to-piece,INSERT,SP25-1067-11,SP25Mx1067 WILLIAMS S,1,ROD25.4,A706-GR.60,bdf4eb74-4f6c-4720-b9bf-71162f212716
W10-27,piece-to-piece,EMBED,SP25-1067-31,,1,PD66.675*15.875,A706-GR.60,15c0518b-c649-46e1-b109-4924dd8936de
W10-27,piece-to-piece,EMBED,SP25-1067-21,,1,ROD41.275,A706-GR.60,6985a94a-190b-4af2-bb0d-e61b237c98b5
W10-27,piece-to-piece,INSERT,SP25-1067-11,SP25Mx1067 WILLIAMS S,1,ROD25.4,A706-GR.60,44dbb696-d794-4cef-b008-ba094748b441
W10-27,piece-to-piece,EMBED,SP25-1067-31,,1,PD66.675*15.875,A706-GR.60,56ecf04b-15bf-4a81-9510-5547b688610e
W10-27,piece-to-piece,EMBED,SP25-1067-21,,1,ROD41.275,A706-GR.60,90dea2fb-fa85-45dd-bddc-3f637f148ed5
W10-27,piece-to-piece,INSERT,SP25-1067-11,SP25Mx1067 WILLIAMS S,1,ROD25.4,A706-GR.60,56dfd3de-3491-4ed2-8192-cf5280a31620
W10-27,piece-to-piece,EMBED,SP25-1067-31,,1,PD66.675*15.875,A706-GR.60,7e6f464a-264b-40a8-ba56-be34c7552de3
W10-27,piece-to-piece,EMBED,SP25-1067-21,,1,ROD41.275,A706-GR.60,8469a515-29c7-4816-ad8b-b323f2666038
W10-27,piece-to-piece,INSERT,SP25-1067-11,SP25Mx1067 WILLIAMS S,1,ROD25.4,A706-GR.60,5ce51b54-7d0b-4355-8593-4f0c4a38effc
W10-27,piece-to-piece,EMBED,SP25-1067-31,,1,PD66.675*15.875,A706-GR.60,4ab4c81a-e71d-457a-8895-81791441e174
W10-27,piece-to-piece,EMBED,SP25-1067-21,,1,ROD41.275,A706-GR.60,8d9f6cda-8dd8-4e44-bced-1a8dd8050550
W10-27,piece-to-piece,GROUT_TUBE,GT100-686-11,100Øx686 GROUT TUBE,1,ROD102,Zero_Density,484962f3-97d0-4e43-9446-1ea5a3c02508
W10-27,piece-to-piece,GROUT_TUBE,GT100-686-21,,1,ROD110,Zero_Density,2cab1222-c2b9-46cb-a949-c1f71ee005c6
W10-27,piece-to-piece,GROUT_TUBE,GT100-686-31,,1,ROD76,Zero_Density,e08b576d-8f8b-4574-a518-a3fcc13236db
W10-27,piece-to-piece,GROUT_TUBE,GT100-1219-11,100Øx1219 GROUT TUBE,1,ROD102,Zero_Density,58411e76-7575-47e1-b63d-8635e1d15bb7
W10-27,piece-to-piece,GROUT_TUBE,GT100-1219-21,,1,ROD110,Zero_Density,22e8427b-5e7f-4751-b6bd-f9abaddc6e0b
W10-27,piece-to-piece,GROUT_TUBE,GT100-1219-31,,1,ROD76,Zero_Density,1258975e-ad13-49c7-b8a1-6450053e1c4c
W10-27,piece-to-piece,GROUT_TUBE,GT100-1219-11,100Øx1219 GROUT TUBE,1,ROD102,Zero_Density,ddd9dea0-c419-4a29-be3f-2a1d39a6eec9
W10-27,piece-to-piece,GROUT_TUBE,GT100-1219-21,,1,ROD110,Zero_Density,db39e3cd-27c1-48d2-b827-a0d58effedfb
W10-27,piece-to-piece,GROUT_TUBE,GT100-1219-31,,1,ROD76,Zero_Density,6677a0cb-ef59-4e71-add5-b017adac1236
W10-27,piece-to-piece,GROUT_TUBE,GT100-1219-11,100Øx1219 GROUT TUBE,1,ROD102,Zero_Density,5b29be4e-5e4a-49ce-b492-fd717ec52f4a
W10-27,piece-to-piece,GROUT_TUBE,GT100-1219-21,,1,ROD110,Zero_Density,fb0b6f1c-56b2-4445-b62f-8704499bf6dc
W10-27,piece-to-piece,GROUT_TUBE,GT100-1219-31,,1,ROD76,Zero_Density,d05cf8d5-3b7a-4135-9510-31144f67feb5
W10-27,piece-to-piece,GROUT_TUBE,GT100-1219-11,100Øx1219 GROUT TUBE,1,ROD102,Zero_Density,9fb8e1df-3075-4274-a38b-ad8ce122c769
W10-27,piece-to-piece,GROUT_TUBE,GT100-1219-21,,1,ROD110,Zero_Density,096f506d-79aa-418c-b51e-f6dddb71022e
W10-27,piece-to-piece,GROUT_TUBE,GT100-1219-31,,1,ROD76,Zero_Density,8c68ffa9-f00c-4a22-844d-a17286775914
W10-27,piece-to-piece,CONDUIT,CNDT15,19MM CONDUIT,1,ROD19,Zero_Density,119f68c2-cc56-428f-ac17-f467b7a43a4e
W10-27,piece-to-piece,PLATE,EB-S-PL1,Single Plastic Electr,1,160*50.8,Zero_Density,0b72c2a8-89a7-4c62-9b0a-253d0bf1261c
W10-27,piece-to-piece,INSERT,P-300-11,19Ø INSERT (NC),1,ROD23.813,A36,4aa7872c-6d0f-4d90-b8f9-a0b5187eea0e
W10-27,piece-to-piece,EMBED,P-300-21,,1,ROD6.35,A36,8f98ce84-1a1e-40e3-a953-69988eed34d7
W10-27,piece-to-piece,INSERT,P-300-11,19Ø INSERT (NC),1,ROD23.813,A36,a7eb055e-5ac8-46bf-8620-3e49c23f72c3
W10-27,piece-to-piece,EMBED,P-300-21,,1,ROD6.35,A36,da6738b9-4212-4fca-97a7-0392bcc0bfde
W10-27,piece-to-piece,GROUT_TUBE,GT76-254,76Øx254mm G.TUBE,1,ROD76.2,Zero_Density,ae894a3b-7549-4948-ab71-3a07ac848eed
W10-27,piece-to-piece,GROUT_TUBE,GT76-254,76Øx254mm G.TUBE,1,ROD76.2,Zero_Density,345d9fe9-6874-4ddd-84d7-186a29bee2f5
W10-27,piece-to-piece,ANCHOR,P-205-11,12000LB FORGED ANCHOR,1,PL15.88,A36,af83ee96-9eb3-4d14-aea7-d902c7c73113
W10-27,piece-to-piece,EMBED,P-205-21,,1,PL76.2*12.7,A36,13f0e310-d584-494f-a7a1-daf60efb3cfc
W10-27,piece-to-piece,EMBED,P-205-31,,1,SPHERE47.625,A36,2066aa74-8966-4115-9284-656fdee1a35f
W10-27,piece-to-piece,EMBED,P-205-32,,1,PL54,Steel_Undefined,08c3368c-a135-40e2-896c-fdcb4ac7c4fc
W10-27,piece-to-piece,ANCHOR,P-205-11,12000LB FORGED ANCHOR,1,PL15.88,A36,5dd0b076-0635-4fc2-a9ea-349a122065cd
W10-27,piece-to-piece,EMBED,P-205-21,,1,PL76.2*12.7,A36,4fd0e1d0-b54a-4d64-b14f-0ec55cdcabb1
W10-27,piece-to-piece,EMBED,P-205-31,,1,SPHERE47.625,A36,15b469e4-9c44-4057-9c7d-00cdc18cd013
W10-27,piece-to-piece,EMBED,P-205-32,,1,PL54,Steel_Undefined,77b44bde-ab52-4c67-9e42-5a4a9970eea2
W10-27,piece-to-piece,ANCHOR,P-205-11,12000LB FORGED ANCHOR,1,PL15.88,A36,32c2fa48-4924-4a53-a69b-10400c90e8da
W10-27,piece-to-piece,EMBED,P-205-21,,1,PL76.2*12.7,A36,cd0d90de-dbf7-43c0-94b9-6edd57cf19e2
W10-27,piece-to-piece,EMBED,P-205-31,,1,SPHERE47.625,A36,63e95806-62c2-41d5-901f-5c6b424a415a
W10-27,piece-to-piece,EMBED,P-205-32,,1,PL54,Steel_Undefined,34805311-ce48-45bf-9eb3-21245e4239bd
W10-27,piece-to-piece,ANCHOR,P-205-11,12000LB FORGED ANCHOR,1,PL15.88,A36,8c4a18ea-15ef-47aa-8bb2-8daf9116fb94
W10-27,piece-to-piece,EMBED,P-205-21,,1,PL76.2*12.7,A36,acc119c0-af1a-466a-a295-d9fde021f28d
W10-27,piece-to-piece,EMBED,P-205-31,,1,SPHERE47.625,A36,f28009c1-af93-44de-b5aa-c00df5ef4bb8
W10-27,piece-to-piece,EMBED,P-205-32,,1,PL54,Steel_Undefined,7225cc61-10ea-435f-8a7e-00c20215ec86
W10-43,piece-to-piece,GROUT_TUBE,GT100-1219-11,100Øx1219 GROUT TUBE,1,ROD102,Zero_Density,2642b92e-8df9-4db6-ba3f-c09a61c63757
W10-43,piece-to-piece,GROUT_TUBE,GT100-1219-21,,1,ROD110,Zero_Density,56d8cc22-4677-47b6-9ef2-1fc79ca98429
W10-43,piece-to-piece,GROUT_TUBE,GT100-1219-31,,1,ROD76,Zero_Density,87ccec93-4c86-4f6c-be43-c844bd5d6511
W10-43,piece-to-piece,GROUT_TUBE,GT100-686-11,100Øx686 GROUT TUBE,1,ROD102,Zero_Density,45bf5dee-cce7-4405-8cc3-4cf734026ee3
W10-43,piece-to-piece,GROUT_TUBE,GT100-686-21,,1,ROD110,Zero_Density,dad0e03c-77ad-44b3-b0bb-01a890feee46
W10-43,piece-to-piece,GROUT_TUBE,GT100-686-31,,1,ROD76,Zero_Density,815e421f-896f-47f9-9547-bd42b8770ea1
W10-43,piece-to-piece,INSERT,SP15-457-11,15Mx457 WILLIAMS SPL,1,ROD16,400W,e3d13df2-7cbe-43ca-8876-9a55a9b5ac97
W10-43,piece-to-piece,INSERT,SP15-457-31,,1,PD52.387*12.7,400W,154ed5b6-95e3-4268-b395-50e44afc19c9
W10-43,piece-to-piece,INSERT,SP15-457-21,,1,ROD26.987,400W,7999cca9-3c61-4207-9271-b0d2f92a7dd5
W10-43,piece-to-piece,INSERT,SP15-457-11,15Mx457 WILLIAMS SPL,1,ROD16,400W,49671c59-fe8e-495e-abd9-1102cb70269a
W10-43,piece-to-piece,INSERT,SP15-457-31,,1,PD52.387*12.7,400W,24b98e08-7665-42c8-9854-d1a8f4f1db04
W10-43,piece-to-piece,INSERT,SP15-457-21,,1,ROD26.987,400W,3a09d4a4-0f97-43cf-a5d8-f1318f8b8718
W10-43,piece-to-piece,INSERT,SP15-457-11,15Mx457 WILLIAMS SPL,1,ROD16,400W,849443a6-ca71-4ea0-83a5-dd24e0d73174
W10-43,piece-to-piece,INSERT,SP15-457-31,,1,PD52.387*12.7,400W,edb8dfbb-5955-4a6d-b25d-0e96884176d4
W10-43,piece-to-piece,INSERT,SP15-457-21,,1,ROD26.987,400W,69dc476c-aaae-4c57-88aa-6f70bd3760d4
W10-43,piece-to-piece,INSERT,SP15-457-11,15Mx457 WILLIAMS SPL,1,ROD16,400W,6df85a15-6edd-4534-a66d-0cffcb97263a
W10-43,piece-to-piece,INSERT,SP15-457-31,,1,PD52.387*12.7,400W,894238e5-f632-45ed-ba87-4724165d0c1e
W10-43,piece-to-piece,INSERT,SP15-457-21,,1,ROD26.987,400W,b2570057-e438-44c8-ae6d-7c28fcdd9a1f
W10-43,piece-to-piece,INSERT,SP15-457-11,15Mx457 WILLIAMS SPL,1,ROD16,400W,b5111669-2e28-4766-9bc3-c5be368a035f
W10-43,piece-to-piece,INSERT,SP15-457-31,,1,PD52.387*12.7,400W,072d40c0-a935-4d89-b732-71b0cde49fd0
W10-43,piece-to-piece,INSERT,SP15-457-21,,1,ROD26.987,400W,180a7e19-bb51-4168-9888-a765b4fe9625
W10-43,piece-to-piece,INSERT,P-300-11,19Ø INSERT (NC),1,ROD23.813,A36,dfa77b0a-349a-41f0-ba97-f9e9112fae69
W10-43,piece-to-piece,EMBED,P-300-21,,1,ROD6.35,A36,d32caaf7-bca2-45f7-aefa-935ce281f6d9
W10-43,piece-to-piece,PLATE,P-705-11,13x203x203 PLATE,1,PL203*12.7,A572-GR.50,0be4aee2-32ac-41b0-aa7a-cc2119b9d0af
W10-43,piece-to-piece,INSERT,SP15-457-11,15Mx457 WILLIAMS SPL,1,ROD16,400W,ceaad235-18c1-455c-b9a5-0fac36aab9b5
W10-43,piece-to-piece,INSERT,SP15-457-31,,1,PD52.387*12.7,400W,0d668edb-8c10-4aaf-ba90-30a3b0659f9c
W10-43,piece-to-piece,INSERT,SP15-457-21,,1,ROD26.987,400W,36372cbc-6026-4e67-9b16-184c1fd9af0b
W10-43,piece-to-piece,INSERT,SP15-457-11,15Mx457 WILLIAMS SPL,1,ROD16,400W,dbd0764f-cc47-4222-b76f-6e58703c2764
W10-43,piece-to-piece,INSERT,SP15-457-31,,1,PD52.387*12.7,400W,9c1340b1-8b09-41e0-895d-242d1846f305
W10-43,piece-to-piece,INSERT,SP15-457-21,,1,ROD26.987,400W,9ad21e9b-edca-4f8a-9bb7-4d7009b7b466
W10-43,piece-to-piece,INSERT,SP15-457-11,15Mx457 WILLIAMS SPL,1,ROD16,400W,22635525-3165-4ada-bcbb-7c289a6939d8
W10-43,piece-to-piece,INSERT,SP15-457-31,,1,PD52.387*12.7,400W,c788111c-9642-4cd2-8d5e-51ff1276f69d
W10-43,piece-to-piece,INSERT,SP15-457-21,,1,ROD26.987,400W,41e7399d-f735-46a4-947b-62d9a6b43926
W10-43,piece-to-piece,GROUT_TUBE,GT100-1219-11,100Øx1219 GROUT TUBE,1,ROD102,Zero_Density,0caaf11c-0c74-4823-9503-76c9a6328557
W10-43,piece-to-piece,GROUT_TUBE,GT100-1219-21,,1,ROD110,Zero_Density,6ed6ae7b-3f48-430d-8c6a-b2b574bd2379
W10-43,piece-to-piece,GROUT_TUBE,GT100-1219-31,,1,ROD76,Zero_Density,3b1647d3-0faf-4e1c-b36d-0eb93a298044
W10-43,piece-to-piece,GROUT_TUBE,GT100-686-11,100Øx686 GROUT TUBE,1,ROD102,Zero_Density,bb128415-60d6-4cd8-ae91-7db22624a2b4
W10-43,piece-to-piece,GROUT_TUBE,GT100-686-21,,1,ROD110,Zero_Density,eb794e4f-d537-4802-9d4c-9186d50b7582
W10-43,piece-to-piece,GROUT_TUBE,GT100-686-31,,1,ROD76,Zero_Density,11e894ef-2b76-4ba7-b13f-31ea123dd236
W10-43,piece-to-piece,GROUT_TUBE,GT100-686-11,100Øx686 GROUT TUBE,1,ROD102,Zero_Density,1af38f25-23a1-430e-9405-b6554de231a5
W10-43,piece-to-piece,GROUT_TUBE,GT100-686-21,,1,ROD110,Zero_Density,f6e689bc-f5b5-4867-b12d-6a816cc8c25c
W10-43,piece-to-piece,GROUT_TUBE,GT100-686-31,,1,ROD76,Zero_Density,566937d9-9c41-4337-9596-fa3a4ebede7b
W10-43,piece-to-piece,GROUT_TUBE,GT100-686-11,100Øx686 GROUT TUBE,1,ROD102,Zero_Density,5be0f536-6c39-465d-933e-46692dd8ef7a
W10-43,piece-to-piece,GROUT_TUBE,GT100-686-21,,1,ROD110,Zero_Density,7d889178-c6ba-459d-8a2a-3bfcd000993b
W10-43,piece-to-piece,GROUT_TUBE,GT100-686-31,,1,ROD76,Zero_Density,b6e2167e-0b8c-4739-9df5-c2ddd19455a5
W10-43,piece-to-piece,GROUT_TUBE,GT100-686-11,100Øx686 GROUT TUBE,1,ROD102,Zero_Density,fb5e2756-f202-4291-b6fe-272a8e105e68
W10-43,piece-to-piece,GROUT_TUBE,GT100-686-21,,1,ROD110,Zero_Density,8bac11f6-beb6-44d6-bd70-76f483662c57
W10-43,piece-to-piece,GROUT_TUBE,GT100-686-31,,1,ROD76,Zero_Density,48fe72c7-895b-4c32-b75d-31a479c4dab3
W10-43,piece-to-piece,CONDUIT,CNDT16,19MM CONDUIT,1,ROD19,Zero_Density,05e7c94a-19c1-46df-8859-34b991f7e4d0
W10-43,piece-to-piece,PLATE,EB-S-PL1,Single Plastic Electr,1,160*50.8,Zero_Density,648fe841-7299-4f31-aa71-e96379702274
W10-43,piece-to-piece,INSERT,P-300-11,19Ø INSERT (NC),1,ROD23.813,A36,c6459e32-d52c-495a-b17b-0dd03bdd28d3
W10-43,piece-to-piece,EMBED,P-300-21,,1,ROD6.35,A36,6d0d697b-7bad-4249-beb1-e3cf560a6e02
W10-43,piece-to-piece,INSERT,P-300-11,19Ø INSERT (NC),1,ROD23.813,A36,90ce66f3-d9b9-4909-ba75-0aa013a0989f
W10-43,piece-to-piece,EMBED,P-300-21,,1,ROD6.35,A36,188090b1-4b04-41e2-8072-a8b8f8cb4d37
W10-43,piece-to-piece,ANCHOR,P-205-11,12000LB FORGED ANCHOR,1,PL15.88,A36,a7e3b767-c476-4962-8e28-946f68055fd2
W10-43,piece-to-piece,EMBED,P-205-21,,1,PL76.2*12.7,A36,61db0850-b10e-4ae1-8ae9-120b12062f2f
W10-43,piece-to-piece,EMBED,P-205-31,,1,SPHERE47.625,A36,038a8b49-9104-4763-8ee1-cb10e964f4f2
W10-43,piece-to-piece,EMBED,P-205-32,,1,PL54,Steel_Undefined,b4f4337c-05ac-4a53-923c-de998d846f08
W10-43,piece-to-piece,ANCHOR,P-205-11,12000LB FORGED ANCHOR,1,PL15.88,A36,09485cd2-5d86-43c7-888e-9ace515da312
W10-43,piece-to-piece,EMBED,P-205-21,,1,PL76.2*12.7,A36,6a58fef6-e896-4018-9f1b-d8424bb34010
W10-43,piece-to-piece,EMBED,P-205-31,,1,SPHERE47.625,A36,5eb0c08b-2028-43ea-8b94-1d2da398a280
W10-43,piece-to-piece,EMBED,P-205-32,,1,PL54,Steel_Undefined,b0701fcb-58d8-4752-afb7-b8d5eded126a
W10-43,piece-to-piece,ANCHOR,P-205-11,12000LB FORGED ANCHOR,1,PL15.88,A36,60f4c9f0-55d5-4b60-91e6-a5ae4548f8f2
W10-43,piece-to-piece,EMBED,P-205-21,,1,PL76.2*12.7,A36,8a717131-1716-4fc7-a482-3bc872e72aaa
W10-43,piece-to-piece,EMBED,P-205-31,,1,SPHERE47.625,A36,6ea31317-e166-49f8-90da-6e7467a60bb7
W10-43,piece-to-piece,EMBED,P-205-32,,1,PL54,Steel_Undefined,e561792c-8c42-49ca-b527-176a31ed4159
W10-43,piece-to-piece,ANCHOR,P-205-11,12000LB FORGED ANCHOR,1,PL15.88,A36,4d3a07f1-a037-4b82-a702-af8e13e88338
W10-43,piece-to-piece,EMBED,P-205-21,,1,PL76.2*12.7,A36,a213753d-3864-4376-b605-2d403e7b5e6b
W10-43,piece-to-piece,EMBED,P-205-31,,1,SPHERE47.625,A36,b3029356-3f54-4b5e-9bfe-b5877ba2e791
W10-43,piece-to-piece,EMBED,P-205-32,,1,PL54,Steel_Undefined,960b6187-f238-40bd-965f-a42f9af99465
W10-43,piece-to-piece,SLEEVE,SLV-102-254,102Ø x 254 PVC SLEEVE,1,ROD108,Zero_Density,75690fb5-cbba-4c5c-bd28-96f28661353f
