PieceMark,Name,Profile,Material,Floor,Grid,PosX,PosY,PosZ,StartX,StartY,StartZ,EndX,EndY,EndZ,LengthMm,Guid
W10-60,WALL,2975*254,6000,,X10771/Y18863,10770.938,18863.003,24525,12587.873,18863.003,24525,8954.003,18863.003,24525,3633.9,de79b38d-0fb5-4e64-b6ea-81ffbaae26f7
P6-49,WALL,3254*152,6000,,X-76/Y14938,-76.257,14938.003,15246,-76.257,21090,15246,-76.257,8786.005,15246,12304,dc564452-503e-43d9-b5e4-c2db2b8cc32f
SR-2,Stair,PL1062,6000,,X9758/Y16853,9758,16852.96,27502.88,9758,16852.96,27502.88,9758,16852.96,27502.88,0,c30b8745-de43-46af-b08d-66541b11967b
W10-105,WALL,2975*254,6000,,X26444/Y11671,26443.743,11670.878,9525,26990.743,11670.878,9525,25896.743,11670.878,9525,1094,df8b5a0d-1c5d-49a8-ba09-44ae8522e244
W10-121(?),WALL,3475*254,6000,,X9733/Y29401,9733.052,29401.003,25,9733.052,29755.003,25,9733.052,29047.003,25,708,32ace510-fa1d-4e0a-8f17-18967edf147b
W10-31,WALL,3475*254,6000,,X14352/Y18142,14351.873,18141.503,25,14351.873,18717.003,24.999,14351.873,17566.002,25,1151,7e7e013e-d8ff-470d-9a61-b9baa8990c50
W10-151,WALL,2975*254,6000,,X14352/Y12637,14351.873,12636.503,24525,14351.873,14114.003,24525,14351.873,11159.003,24525,2955,967e4487-0053-4e00-aa68-377af1eeec63
W10-151,WALL,2975*254,6000,,X14352/Y12637,14351.873,12636.503,21525,14351.873,14114.003,21525,14351.873,11159.003,21525,2955,315dff42-342d-424a-8f0b-0b941a270b18
W10-119,WALL,2975*254,6000,,X14352/Y12637,14351.873,12636.503,27525,14351.873,14114.003,27525,14351.873,11159.003,27525,2955,e40aecb6-409a-44aa-9199-a8fd3c7f4ce3
W10-198,WALL,2975*254,6000,,X14352/Y18142,14351.873,18141.503,24525,14351.873,18717.003,24524.999,14351.873,17566.003,24525,1151,c7f1efd9-34a4-448d-8e5f-2050311360a7
W10-198,WALL,2975*254,6000,,X14352/Y18142,14351.873,18141.503,21525,14351.873,18717.003,21524.999,14351.873,17566.003,21525,1151,7ba1a3f3-4fb4-4891-9cf5-7baca96546b2
W10-151,WALL,2975*254,6000,,X14352/Y12637,14351.873,12636.503,15525,14351.873,14114.003,15525,14351.873,11159.003,15525,2955,aee7a372-296e-456b-863b-18810dfd42e2
W10-198,WALL,2975*254,6000,,X14352/Y18142,14351.873,18141.503,15525,14351.873,18717.003,15524.999,14351.873,17566.003,15525,1151,a23ebf55-fb5d-4eb8-81a7-dfe8fc09d044
W10-151,WALL,2975*254,6000,,X14352/Y12637,14351.873,12636.503,18525,14351.873,14114.003,18525,14351.873,11159.003,18525,2955,a5471c01-3dc6-49f9-b26d-3278608e5735
W10-198,WALL,2975*254,6000,,X14352/Y18142,14351.873,18141.503,18525,14351.873,18717.003,18524.999,14351.873,17566.003,18525,1151,9206fd05-c43a-447f-b87a-85ce751d67e7
W10-198,WALL,2975*254,6000,,X14352/Y18142,14351.873,18141.503,9525,14351.873,18717.003,9524.999,14351.873,17566.003,9525,1151,19131252-6e11-4b0d-b051-8f00464cb38b
W10-151,WALL,2975*254,6000,,X14352/Y12637,14351.873,12636.503,12525,14351.873,14114.003,12525,14351.873,11159.003,12525,2955,243882a1-0f1c-41a1-9599-cae469f12e45
W10-151,WALL,2975*254,6000,,X14352/Y12637,14351.873,12636.503,3525,14351.873,14114.003,3525,14351.873,11159.003,3525,2955,122e5720-68dd-4e7f-82af-e8a6c210eedf
W10-198,WALL,2975*254,6000,,X14352/Y18142,14351.873,18141.503,12525,14351.873,18717.003,12524.999,14351.873,17566.003,12525,1151,59aa40e9-70f7-4ca1-84d3-18bf85a90b77
W10-198,WALL,2975*254,6000,,X14352/Y18142,14351.873,18141.503,6525,14351.873,18717.003,6524.999,14351.873,17566.003,6525,1151,dfb5d286-03bd-41e4-a972-166a1a477e43
W10-151,WALL,2975*254,6000,,X14352/Y12637,14351.873,12636.503,9525,14351.873,14114.003,9525,14351.873,11159.003,9525,2955,23789b74-a5e1-453b-9d20-aa2222b2259e
W10-151,WALL,2975*254,6000,,X14352/Y12637,14351.873,12636.503,6525,14351.873,14114.003,6525,14351.873,11159.003,6525,2955,1b487224-3cdb-472c-aaf2-e0db6e69d1d2
W10-116(?),WALL,3475*254,6000,,X14352/Y11649,14351.873,11649.003,25,14351.873,14114.002,25,14351.873,9184.003,25,4930,168ca1c2-08d1-4c30-b4cd-31f2dda8fd30
L-4,Landing,254.0*2129.0,6000,,X10410/Y18736,10409.5,18736.003,27516,9208,18736.003,27516,11611,18736.003,27516,2403,11602871-df7d-4688-a3ce-e2813ce81937
L-4,Landing,254.0*2129.0,6000,,X10410/Y18736,10409.5,18736.003,18516,9208,18736.003,18516,11611,18736.003,18516,2403,126a97d4-5c5f-42c8-8c6e-588a043598cc
L-4,Landing,254.0*2129.0,6000,,X10410/Y18736,10409.5,18736.003,21516,9208,18736.003,21516,11611,18736.003,21516,2403,f0406f5d-59b9-48b4-88e2-dcacaeb5780e
L-4,Landing,254.0*2129.0,6000,,X10410/Y18736,10409.5,18736.003,24516,9208,18736.003,24516,11611,18736.003,24516,2403,538e33f0-4861-41f9-ae05-92e1d53396e2
L-5,Landing,254.0*2129.0,6000,,X10410/Y11140,10409.5,11140.003,18516,11611,11140.003,18516,9208,11140.003,18516,2403,b7cf8797-572d-4d9b-9699-2ccf38422eb3
L-5,Landing,254.0*2129.0,6000,,X10410/Y11140,10409.5,11140.003,21516,11611,11140.003,21516,9208,11140.003,21516,2403,19a59a15-6437-476b-9a7f-6db27435fe27
L-5,Landing,254.0*2129.0,6000,,X10410/Y11140,10409.5,11140.003,9516,11611,11140.003,9516,9208,11140.003,9516,2403,edad2f60-2688-4e8a-93da-88039fcd3d82
L-5,Landing,254.0*2129.0,6000,,X10410/Y11140,10409.5,11140.003,12516,11611,11140.003,12516,9208,11140.003,12516,2403,45df5f91-4d0b-4cc9-97fd-9e1739e86acb
L-5,Landing,254.0*2129.0,6000,,X10410/Y11140,10409.5,11140.003,15516,11611,11140.003,15516,9208,11140.003,15516,2403,3f4c17eb-6922-48bf-a252-b18d7a9c1ddd
SR-1,Stair,PL1062,6000,,X11061/Y12784,11060.873,12784.132,1.32,11060.873,12784.132,1.32,11060.873,12784.132,1.32,0,9d94f553-ca77-47c9-bf05-c9be5cabd594
L-4,Landing,254.0*2129.0,6000,,X10410/Y18736,10409.5,18736.003,9516,9208,18736.003,9516,11611,18736.003,9516,2403,9cef1a97-0d58-45c2-a893-28ad70d9dd9a
L-4,Landing,254.0*2129.0,6000,,X10410/Y18736,10409.5,18736.003,12516,9208,18736.003,12516,11611,18736.003,12516,2403,821a1aca-05ca-4842-9e63-121740c35e9a
L-4,Landing,254.0*2129.0,6000,,X10410/Y18736,10409.5,18736.003,15516,9208,18736.003,15516,11611,18736.003,15516,2403,18f64f05-4203-4e4c-95de-2a9b43b3a3e2
SR-1,Stair,PL1062,6000,,X9758/Y17099,9758,17098.872,1.32,9758,17098.872,1.32,9758,17098.872,1.32,0,684de0ef-20f3-4012-888a-75f15f9f5129
SR-2,Stair,PL1062,6000,,X9758/Y16853,9758,16852.96,3518.88,9758,16852.96,3518.88,9758,16852.96,3518.88,0,ff009fac-bbd4-4c96-a01e-dbf018324558
SR-2,Stair,PL1062,6000,,X11061/Y13022,11061.003,13022.044,3518.88,11061.003,13022.044,3518.88,11061.003,13022.044,3518.88,0,9b7a4dc4-88d4-4543-922c-c22bd6403c36
SR-2,Stair,PL1062,6000,,X9758/Y16853,9758,16852.96,6518.88,9758,16852.96,6518.88,9758,16852.96,6518.88,0,40bd6907-ef54-4430-ab54-17910e29f2da
SR-2,Stair,PL1062,6000,,X11061/Y13022,11061.05,13022.044,6518.88,11061.05,13022.044,6518.88,11061.05,13022.044,6518.88,0,9cae74ab-b840-4d0d-93d8-0394f54917c1
SR-2,Stair,PL1062,6000,,X11061/Y13022,11061.05,13022.044,9518.88,11061.05,13022.044,9518.88,11061.05,13022.044,9518.88,0,dea84b75-5436-45ce-a14b-dba1f1f862d5
SR-2,Stair,PL1062,6000,,X11061/Y13022,11061.053,13022.044,15518.88,11061.053,13022.044,15518.88,11061.053,13022.044,15518.88,0,7ccb8151-7856-43e0-917c-3e2025555deb
SR-2,Stair,PL1062,6000,,X11061/Y13022,11061.053,13022.044,12518.88,11061.053,13022.044,12518.88,11061.053,13022.044,12518.88,0,052b0755-3bf2-4093-956e-6bafa7b6fa86
SR-2,Stair,PL1062,6000,,X9758/Y16853,9758,16852.96,12518.88,9758,16852.96,12518.88,9758,16852.96,12518.88,0,0abaecfd-11cc-4686-aba0-979259803b47
SR-2,Stair,PL1062,6000,,X9758/Y16853,9758,16852.96,9518.88,9758,16852.96,9518.88,9758,16852.96,9518.88,0,3ba2a4f2-e0ba-481a-bd26-c08b88badebd
SR-2,Stair,PL1062,6000,,X9758/Y16853,9758,16852.96,15518.88,9758,16852.96,15518.88,9758,16852.96,15518.88,0,b927fec2-aa31-489c-90ce-a46948aa3bdc
SR-2,Stair,PL1062,6000,,X9758/Y16853,9758,16852.96,18518.88,9758,16852.96,18518.88,9758,16852.96,18518.88,0,8f3de6d5-074b-4637-a579-474d4d3fbf2b
SR-2,Stair,PL1062,6000,,X11061/Y13022,11061.053,13022.044,21518.88,11061.053,13022.044,21518.88,11061.053,13022.044,21518.88,0,c73984cd-1bdd-4c42-ab9c-c32d8e444b6f
SR-2,Stair,PL1062,6000,,X11061/Y13022,11061.054,13022.044,18518.88,11061.054,13022.044,18518.88,11061.054,13022.044,18518.88,0,6ac89f5b-c3c3-458e-be47-ccf2542dcdf1
SR-2,Stair,PL1062,6000,,X9758/Y16853,9758,16852.96,21518.88,9758,16852.96,21518.88,9758,16852.96,21518.88,0,0f08905a-ae62-4d4d-b855-405dcaca75c0
SR-2,Stair,PL1062,6000,,X9758/Y16853,9758,16852.96,24518.88,9758,16852.96,24518.88,9758,16852.96,24518.88,0,424f44ab-3f46-4e55-af62-46d62c5f3ba4
L-1,Landing,254.0*2129.0,6000,,X10410/Y11140,10409.5,11140.003,3516,11611,11140.003,3516,9208,11140.003,3516,2403,52e11c82-7a9f-4408-b17a-60393f52a0bd
L-3,Landing,254.0*1866.0,6000,,X10410/Y11140,10409.5,11140.004,27516,11611,11140.004,27516,9208,11140.004,27516,2403,4542c1fe-ae73-429a-87f1-1b3f4e4aedee
SR-2,Stair,PL1062,6000,,X11061/Y13022,11061.05,13022.044,24518.88,11061.05,13022.044,24518.88,11061.05,13022.044,24518.88,0,16712323-27b4-4cc1-86b2-4bc753cfbc96
L-5,Landing,254.0*2129.0,6000,,X10410/Y11140,10409.5,11140.003,24516,11611,11140.003,24516,9208,11140.003,24516,2403,ab58d16c-d8fd-4a57-bd8c-b9ae0fe4b0e8
L-5,Landing,254.0*2129.0,6000,,X10410/Y11140,10409.5,11140.003,6516,11611,11140.003,6516,9208,11140.003,6516,2403,7bde2305-90ce-488c-9c5f-fc72184bc505
L-4,Landing,254.0*2129.0,6000,,X10410/Y18736,10409.5,18736.003,6516,9208,18736.003,6516,11611,18736.003,6516,2403,f4ba2d0e-8bc2-452b-968b-0f0a41d34b40
L-2,Landing,254.0*2256.0,6000,,X10410/Y18736,10409.5,18736.003,3516,9208,18736.003,3516,11611,18736.003,3516,2403,38461e74-e97c-4244-83cc-e6a470ef2832
BA-4,Balcony ,254.0*1891.0,7000,,X21613/Y29047,21613.444,29047.153,6500,20093.382,29047.303,6500,23133.507,29047.003,6500,3040.1,25581c20-af4c-42ae-822f-78b19fa11957
BA-4,Balcony ,254.0*1891.0,7000,,X4112/Y29047,4112.301,29047.003,6500,2592.238,29047.003,6500,5632.363,29047.003,6500,3040.1,1b4ff15e-08c2-4a77-8523-73255d3dbdf4
BA-4,Balcony ,254.0*1891.0,7000,,X4112/Y829,4112.301,829.003,6500,5632.363,829.003,6500,2592.238,829.004,6500,3040.1,d697eea8-5ddb-4b3c-b8ac-a70f7ed79115
BA-4,Balcony ,254.0*1891.0,7000,,X21613/Y829,21613.444,829.003,6500,23133.507,829.004,6500,20093.382,829.003,6500,3040.1,668924a0-876c-4508-8234-ebb58879bab0
BA-6,Balcony ,254.0*1891.0,7000,,X12863/Y30047,12862.723,30047.003,6500,10836.86,30047.003,6500,14888.585,30047.003,6500,4051.7,0ee70eec-b641-4e0d-8ebb-7a631101c934
BA-5,Balcony ,254.0*1891.0,7000,,X-171/Y14938,-171.257,14938.003,6500,-171.257,11797.883,6500,-171.257,18078.123,6500,6280.2,128a5105-f439-4e79-a4c2-aa27dccc6c92
BA-5,Balcony ,254.0*1891.0,7000,,X25897/Y14938,25896.743,14938.003,6500,25896.743,18078.128,6500,25896.743,11797.878,6500,6280.3,0ef552c6-097f-4599-ad59-850e5200beb6
BA-12,Balcony ,254.0*1891.0,7000,,X12863/Y-171,12862.723,-170.997,6500,14888.585,-170.997,6500,10836.86,-170.996,6500,4051.7,7a3acc93-4d00-41b0-b665-6d7f0a6b4d1d
W10-150,WALL,2975*254,6000,,X16642/Y14938,16642,14938.003,24525,16642,18717.003,24524.999,16642,11159.003,24525,7558,7c62729d-baa2-4994-b878-341e36f2284b
W10-150,WALL,2975*254,6000,,X16642/Y14938,16642,14938.003,21525,16642,18717.003,21524.999,16642,11159.003,21525,7558,d5bd8f05-b5a6-49a1-b763-5702dcbb5231
W10-150,WALL,2975*254,6000,,X16642/Y14938,16642,14938.003,18525,16642,18717.003,18524.999,16642,11159.003,18525,7558,b60bf46f-75a0-435e-a18c-89863a7bb96d
W10-150,WALL,2975*254,6000,,X16642/Y14938,16642,14938.003,15525,16642,18717.003,15524.999,16642,11159.003,15525,7558,af451597-7cd1-4d15-96a9-1602e0d7c4ce
W10-150,WALL,2975*254,6000,,X16642/Y14938,16642,14938.003,12525,16642,18717.003,12524.999,16642,11159.003,12525,7558,79a3e2b5-6cd4-4ab1-b730-2c01867d0790
W10-150,WALL,2975*254,6000,,X16642/Y14938,16642,14938.003,9525,16642,18717.003,9524.999,16642,11159.003,9525,7558,dc8aa00f-4f99-4527-9e1e-56b368f22f69
W10-150,WALL,2975*254,6000,,X16642/Y14938,16642,14938.003,6525,16642,18717.003,6524.999,16642,11159.003,6525,7558,45a95d6f-b487-4b76-aa3f-21f4116824d3
W10-13,WALL,3475*254,6000,,X17980/Y975,17979.663,975.003,25,20093.378,975.003,25,15865.948,975.003,25,4227.4,e273a682-f32f-4b4b-8465-7770e81f4f20
W10-171,WALL,2975*254,6000,,X9081/Y14938,9081,14938.003,12525,9081,11159.003,12525,9081,18717.003,12525,7558,a8d30f15-0e6e-474f-a3b9-72d46fdd0a26
W10-12,WALL,3218*254,6000,,X17471/Y9038,17470.873,9038.003,25,18430.873,9038.003,25,16510.873,9038.003,25,1920,8daf6336-10f6-4c3a-99a8-b276b22694f5
W10-97,WALL,2975*254,6000,,X9081/Y14938,9081,14938.003,24525,9081,11159.003,24525,9081,18717.003,24525,7558,11d827d7-1f1e-4cd3-942d-9708aa4030a2
W10-4,WALL,3218*254,6000,,X10432/Y20838,10431.827,20838.003,25,7140.657,20838.003,25,13722.997,20838.003,25,6582.3,c8a7c197-fbb4-4f3f-8541-fac746a8c2f7
W10-11,WALL,3218*254,6000,,X16219/Y20838,16218.587,20838.003,25,15399.397,20838.003,25,17037.776,20838.003,25,1638.4,e68357a8-4195-4aa3-ada2-c38b92aa2ac0
W10-205,WALL,2975*254,6000,,X11738/Y14938,11738,14938.003,6525,11738,11159.003,6525,11738,18717.003,6525,7558,8fa24cf3-c7c6-4bfc-b537-16083f1a2609
W10-206,WALL,2975*254,6000,,X11738/Y14938,11738,14938.003,24525,11738,11159.003,24525,11738,18717.003,24525,7558,9d48d718-9d26-480d-89ef-5287bdc5dff9
W10-171,WALL,2975*254,6000,,X9081/Y14938,9081,14938.003,21525,9081,11159.003,21525,9081,18717.003,21525,7558,42bfa63a-51df-46a1-a025-5e94d02fab76
W10-171,WALL,2975*254,6000,,X9081/Y14938,9081,14938.003,18525,9081,11159.003,18525,9081,18717.003,18525,7558,64ed902f-17b3-4578-ae06-9f721840343e
W10-171,WALL,2975*254,6000,,X9081/Y14938,9081,14938.003,15525,9081,11159.003,15525,9081,18717.003,15525,7558,a4645d55-6f18-4b81-a460-052ec5e5e964
W10-15(?),WALL,2975*254,6000,,X9081/Y14938,9081,14938.003,27525,9081,11159.003,27525,9081,18717.003,27525,7558,f24812de-5fe1-476c-8987-d6eb248446b3
W10-171,WALL,2975*254,6000,,X9081/Y14938,9081,14938.003,9525,9081,11159.003,9525,9081,18717.003,9525,7558,9dab1a8a-f83e-4d44-85d1-786e0470d92a
W10-171,WALL,2975*254,6000,,X9081/Y14938,9081,14938.003,6525,9081,11159.003,6525,9081,18717.003,6525,7558,97d1dcd6-2ee4-4a1d-9630-33891bde3665
W10-205,WALL,2975*254,6000,,X11738/Y14938,11738,14938.003,21525,11738,11159.003,21525,11738,18717.003,21525,7558,bd187786-103c-4a38-814d-a9db48e01d7b
W10-205,WALL,2975*254,6000,,X11738/Y14938,11738,14938.003,9525,11738,11159.003,9525,11738,18717.003,9525,7558,47de3cb6-3747-44f4-89ba-154fed715862
W10-205,WALL,2975*254,6000,,X11738/Y14938,11738,14938.003,15525,11738,11159.003,15525,11738,18717.003,15525,7558,1c678277-9d01-460a-abc8-84b584e0173e
W10-205,WALL,2975*254,6000,,X11738/Y14938,11738,14938.003,12525,11738,11159.003,12525,11738,18717.003,12525,7558,3d52a7e7-f6ab-4976-9717-dd2cbd15a397
W10-205,WALL,2975*254,6000,,X11738/Y14938,11738,14938.003,18525,11738,11159.003,18525,11738,18717.003,18525,7558,fcd17cb6-cd88-45de-b15e-1c1b1dbabd36
W10-83,WALL,2975*254,6000,,X5177/Y28901,5177.025,28901.003,27525,494.003,28901.003,27525,9860.048,28901.003,27525,9366,d982237e-d087-4622-83fc-32f4dfe846e3
W10-81,WALL,2975*254,6000,,X5177/Y28901,5177.025,28901.003,24525,494.003,28901.003,24525,9860.048,28901.003,24525,9366,da4a3956-d086-4747-ae34-d8ac1d519bc8
W10-71,WALL,2975*254,6000,,X5177/Y28901,5177.025,28901.003,21525,494.003,28901.003,21525,9860.048,28901.003,21525,9366,51cabf97-ffe8-4557-8764-b9ebf78f891f
W10-23,WALL,2975*254,6000,,X5177/Y28901,5177.025,28901.003,18525,494.003,28901.003,18525,9860.048,28901.003,18525,9366,1831787b-52ae-4b2a-8ca0-c77847609967
W10-56,WALL,2975*254,6000,,X5177/Y28901,5177.025,28901.003,15525,494.003,28901.003,15525,9860.048,28901.003,15525,9366,7209278b-80b2-49f7-b4d7-5b6293b74155
W10-48,WALL,2975*254,6000,,X5177/Y28901,5177.025,28901.003,12525,494.003,28901.003,12525,9860.048,28901.003,12525,9366,5706c16e-9471-4f11-9bd6-1b01845b857f
W10-44,WALL,2975*254,6000,,X5177/Y28901,5177.025,28901.003,9525,494.003,28901.003,9525,9860.048,28901.003,9525,9366,ac0d3e8e-99ad-4d03-a0d1-fdeb7754f700
W10-175,WALL,2975*254,6000,,X20549/Y975,20548.975,975.003,9525,25232.002,975.003,9525,15865.948,975.003,9525,9366.1,1502fe3c-b393-4b20-8410-09bbaecc807c
W10-42,WALL,2975*254,6000,,X5177/Y975,5177.025,975.003,9525,494.003,975.003,9525,9860.048,975.003,9525,9366,ab6dd885-869a-4e39-a20d-475bb199493e
W10-53,WALL,2975*254,6000,,X20549/Y975,20548.975,975.003,6525,25232.002,975.003,6525,15865.948,975.003,6525,9366.1,5170137e-7e7b-47ae-bc0f-e56e24581c0a
W10-132,WALL,2975*254,6000,,X5177/Y975,5177.025,975.003,6525,494.003,975.003,6525,9860.048,975.003,6525,9366,2f6f6996-852d-4a9c-9c9d-301f373b7d68
W10-50,WALL,2975*254,6000,,X20549/Y975,20548.975,975.003,27525,25232.002,975.003,27525,15865.948,975.003,27525,9366.1,6bf54085-d515-4edb-8256-f2f2ad61834b
W10-73(?),WALL,2975*254,6000,,X5177/Y975,5177.025,975.003,27525,494.003,975.003,27525,9860.048,975.003,27525,9366,a3d261f2-fc02-4224-8ea8-fb0bf78eafa0
W10-69,WALL,2975*254,6000,,X20549/Y975,20548.975,975.003,24525,25232.002,975.003,24525,15865.948,975.003,24525,9366.1,8a0d4713-57b0-42fe-b510-beb0ba1ad5dc
W10-68,WALL,2975*254,6000,,X5177/Y975,5177.025,975.003,24525,494.003,975.003,24525,9860.048,975.003,24525,9366,834be42b-32ce-464d-83e9-beb5b30d702d
W10-67,WALL,2975*254,6000,,X20549/Y975,20548.975,975.003,21525,25232.002,975.003,21525,15865.948,975.003,21525,9366.1,3062d9a9-655e-455f-be33-54878ffbfa10
W10-66,WALL,2975*254,6000,,X5177/Y975,5177.025,975.003,21525,494.003,975.003,21525,9860.048,975.003,21525,9366,37541cdb-5e4a-4559-80fe-de24238e447f
W10-178,WALL,2975*254,6000,,X20549/Y975,20548.975,975.003,18525,25232.002,975.003,18525,15865.948,975.003,18525,9366.1,ba0575b4-77aa-4e72-a78b-68faa67813f9
W10-10,WALL,2975*254,6000,,X5177/Y975,5177.025,975.003,18525,494.003,975.003,18525,9860.048,975.003,18525,9366,94d09e12-7aed-49ab-966a-6bc195a1849d
W10-57,WALL,2975*254,6000,,X20549/Y975,20548.975,975.003,15525,25232.002,975.003,15525,15865.948,975.003,15525,9366.1,7fb1814c-d8bb-4a82-9f21-8b5dd619c694
W10-55,WALL,2975*254,6000,,X5177/Y975,5177.025,975.003,15525,494.003,975.003,15525,9860.048,975.003,15525,9366,3b3893c9-f737-463a-b820-e7a814ce52be
W10-49,WALL,2975*254,6000,,X20549/Y975,20548.975,975.003,12525,25232.002,975.003,12525,15865.948,975.003,12525,9366.1,180945c5-a2cf-46a1-b620-e9360665b6c7
W10-47,WALL,2975*254,6000,,X5177/Y975,5177.025,975.003,12525,494.003,975.003,12525,9860.048,975.003,12525,9366,2da1ae23-6445-465c-bb1b-f96ba0870a29
W10-59,WALL,2975*254,6000,,X20549/Y28901,20548.975,28901.003,15525,25232.002,28901.003,15525,15865.948,28901.003,15525,9366.1,d4e77ad0-da37-45aa-8c41-70f79e9c8af3
W10-51,WALL,2975*254,6000,,X20549/Y28901,20548.975,28901.003,12525,25232.002,28901.003,12525,15865.948,28901.003,12525,9366.1,8cc2cdfa-250c-4573-ab68-83c2e04f37b8
W10-45,WALL,2975*254,6000,,X20549/Y28901,20548.975,28901.003,9525,25232.002,28901.003,9525,15865.948,28901.003,9525,9366.1,ed3316bb-1d08-4992-b5c8-643c0b859583
W10-182,WALL,2975*254,6000,,X20549/Y28901,20548.975,28901.003,6525,25232.002,28901.003,6525,15865.948,28901.003,6525,9366.1,5437ea14-13c2-46ff-bedb-c006e1fdc594
W10-103,WALL,2975*254,6000,,X20549/Y28901,20548.975,28901.003,27525,25232.002,28901.003,27525,15865.948,28901.003,27525,9366.1,98f5af04-3a4a-4c6b-a520-eb3be55a6105
W10-91,WALL,2975*254,6000,,X20549/Y28901,20548.975,28901.003,24525,25232.002,28901.003,24525,15865.948,28901.003,24525,9366.1,5e83d8e5-06aa-43cc-9db4-922cdd633351
W10-77,WALL,2975*254,6000,,X20549/Y28901,20548.975,28901.003,21525,25232.002,28901.003,21525,15865.948,28901.003,21525,9366.1,23ed2215-cab1-4a01-a90a-f017c842e928
W10-30,WALL,2975*254,6000,,X20549/Y28901,20548.975,28901.003,18525,25232.002,28901.003,18525,15865.948,28901.003,18525,9366.1,7047a3d0-130b-4178-a36d-a9b50f712b9c
P6-15,WALL,3254*152,6000,,X25802/Y14938,25801.743,14938.003,18246,25801.743,21090,18246,25801.743,8786.005,18246,12304,783b4196-7dd9-46ac-85e8-30533d245960
P6-15,WALL,3254*152,6000,,X25802/Y14938,25801.743,14938.003,15246,25801.743,21090,15246,25801.743,8786.005,15246,12304,952762b0-621f-4471-8d06-5637d4bf69fd
P6-15,WALL,3254*152,6000,,X25802/Y14938,25801.743,14938.003,12246,25801.743,21090,12246,25801.743,8786.005,12246,12304,adee99ee-aa72-4182-971d-4f130e60b409
P6-15,WALL,3254*152,6000,,X25802/Y14938,25801.743,14938.003,9246,25801.743,21090,9246,25801.743,8786.005,9246,12304,2c559f52-2065-419d-a00a-a6957648f909
P6-15,WALL,3254*152,6000,,X25802/Y14938,25801.743,14938.003,6246,25801.743,21090,6246,25801.743,8786.005,6246,12304,938426c9-51f8-4450-9511-c04a091b25a3
P6-14,WALL,3904*152,6000,,X25802/Y14938,25801.743,14938.003,27246,25801.743,21090,27246,25801.743,8786.005,27246,12304,5ef87934-2b3e-4144-b762-acba9a49a6fe
P6-15,WALL,3254*152,6000,,X25802/Y14938,25801.743,14938.003,24246,25801.743,21090,24246,25801.743,8786.005,24246,12304,5b24e3f0-ea4d-4d0e-9759-0893a933eda1
P6-15,WALL,3254*152,6000,,X25802/Y14938,25801.743,14938.003,21246,25801.743,21090,21246,25801.743,8786.005,21246,12304,fdb913de-c822-4707-8564-06f0bc23998a
P6-49,WALL,3254*152,6000,,X-76/Y14938,-76.257,14938.003,18246,-76.257,21090,18246,-76.257,8786.005,18246,12304,a206f3da-de9f-42c0-b172-4524008be5dc
P6-49,WALL,3254*152,6000,,X-76/Y14938,-76.257,14938.003,9246,-76.257,21090,9246,-76.257,8786.005,9246,12304,b08e46bb-7f50-4a6f-af3c-a50f4543de51
P6-49,WALL,3254*152,6000,,X-76/Y14938,-76.257,14938.003,12246,-76.257,21090,12246,-76.257,8786.005,12246,12304,55160adc-84ad-4ba2-b9fd-aa6b3ff2cc4e
P6-13,WALL,3904*152,6000,,X-76/Y14938,-76.257,14938.003,27246,-76.257,21090,27246,-76.257,8786.005,27246,12304,3bd0018d-9f5d-4c23-b7f6-e1d64796d8f2
P6-49,WALL,3254*152,6000,,X-76/Y14938,-76.257,14938.003,24246,-76.257,21090,24246,-76.257,8786.005,24246,12304,f539d967-7240-47cd-bba0-478dd104caea
P6-49,WALL,3254*152,6000,,X-76/Y14938,-76.257,14938.003,21246,-76.257,21090,21246,-76.257,8786.005,21246,12304,4f035bf7-8410-4bb0-b9ae-a9b66a7f8584
W10-111,WALL,625*254,6000,,X20549/Y975,20548.975,975.003,30525,25232.002,975.003,30525,15865.948,975.003,30525,9366.1,e4b02b6a-853d-4e58-9299-bda46fec4c9d
W10-108,WALL,625*254,6000,,X12863/Y-25,12862.998,-24.997,30525,9606.05,-24.997,30525,16119.945,-24.997,30525,6513.9,f330928d-0ca7-42d0-82f1-b5236ea2a968
W10-101,WALL,625*254,6000,,X12863/Y29901,12862.998,29901.003,30525,9606.05,29901.003,30525,16119.945,29901.003,30525,6513.9,852999cf-c2f3-4792-b678-de8f34bc0de9
W10-102,WALL,625*254,6000,,X247/Y20963,246.874,20963.003,30525,18.747,20963.003,30525,475,20963.003,30525,456.3,6c7e13c4-7bf0-459a-ba98-6788b6887ede
W10-117,WALL,625*254,6000,,X247/Y8913,246.874,8913.003,30525,18.747,8913.003,30525,475,8913.003,30525,456.3,621ce4dd-257b-4de6-bf26-434f64d7dd7f
W10-74,WALL,625*254,6000,,X25479/Y8913,25478.87,8913.003,30525,25251,8913.003,30525,25706.74,8913.003,30525,455.7,1a2eb07a-9545-498d-9f96-8f6ef76ede39
W10-52,WALL,625*254,6000,,X25479/Y20963,25478.87,20963.003,30525,25251,20963.003,30525,25706.74,20963.003,30525,455.7,6866e431-c936-4c5d-b7f7-e7d6500002dc
W10-21,WALL,625*254,6000,,X5177/Y28901,5177.025,28901.003,30525,494.003,28901.003,30525,9860.048,28901.003,30525,9366,187ca509-c6cf-427b-9769-8c1f26b2ce50
W10-106,WALL,625*254,6000,,X20549/Y28901,20548.975,28901.003,30525,25232.002,28901.003,30525,15865.948,28901.003,30525,9366.1,e1d79e70-789c-4bd7-a3d4-9d5d04ce66d8
W10-63,WALL,2975*254,6000,,X12863/Y-25,12862.998,-24.997,12525,9606.05,-24.997,12525,16119.945,-24.997,12525,6513.9,e596f74e-5f72-4566-959a-4754e016e786
W10-63,WALL,2975*254,6000,,X12863/Y-25,12862.998,-24.997,9525,9606.05,-24.997,9525,16119.945,-24.997,9525,6513.9,ff7268ef-e29e-4ee4-956a-042eb4ddd591
W10-63,WALL,2975*254,6000,,X12863/Y-25,12862.998,-24.997,6525,9606.05,-24.997,6525,16119.945,-24.997,6525,6513.9,3569a82a-50a6-4b26-aed0-79b327d84404
W10-95,WALL,2975*254,6000,,X12863/Y29901,12862.998,29901.003,27525,9606.05,29901.003,27525,16119.945,29901.003,27525,6513.9,0c106450-9069-4182-8650-0d9749987bf1
W10-86,WALL,2975*254,6000,,X12863/Y29901,12862.998,29901.003,24525,9606.05,29901.003,24525,16119.945,29901.003,24525,6513.9,bd50ccb1-d615-410a-8363-1b05652517d0
W10-86,WALL,2975*254,6000,,X12863/Y29901,12862.998,29901.003,21525,9606.05,29901.003,21525,16119.945,29901.003,21525,6513.9,33069a1c-b75c-4783-985f-51606053c2c9
W10-26,WALL,2975*254,6000,,X12863/Y-25,12862.998,-24.997,27525,9606.05,-24.997,27525,16119.945,-24.997,27525,6513.9,8a05356b-b14b-48f8-8613-806bdbd3111c
W10-63,WALL,2975*254,6000,,X12863/Y-25,12862.998,-24.997,24525,9606.05,-24.997,24525,16119.945,-24.997,24525,6513.9,90d9af79-74ba-4437-92ec-2f398f0bbd47
W10-63,WALL,2975*254,6000,,X12863/Y-25,12862.998,-24.997,21525,9606.05,-24.997,21525,16119.945,-24.997,21525,6513.9,9c9c3a95-4862-4e8d-933c-d2523a1c4006
W10-63,WALL,2975*254,6000,,X12863/Y-25,12862.998,-24.997,18525,9606.05,-24.997,18525,16119.945,-24.997,18525,6513.9,e97a4094-f777-4951-ac54-62d7969e610f
W10-63,WALL,2975*254,6000,,X12863/Y-25,12862.998,-24.997,15525,9606.05,-24.997,15525,16119.945,-24.997,15525,6513.9,4f0e24c3-db2a-4e5c-8d59-d511856158ec
W10-86,WALL,2975*254,6000,,X12863/Y29901,12862.998,29901.003,18525,9606.05,29901.003,18525,16119.945,29901.003,18525,6513.9,5e6346f0-3f43-4ddb-bd8b-c93c2b3e4bb2
W10-86,WALL,2975*254,6000,,X12863/Y29901,12862.998,29901.003,15525,9606.05,29901.003,15525,16119.945,29901.003,15525,6513.9,64de6791-f5f4-4ba9-ba7e-8309608755b4
W10-86,WALL,2975*254,6000,,X12863/Y29901,12862.998,29901.003,12525,9606.05,29901.003,12525,16119.945,29901.003,12525,6513.9,a577366b-9f39-4c28-bf7b-2944cf977e38
W10-86,WALL,2975*254,6000,,X12863/Y29901,12862.998,29901.003,9525,9606.05,29901.003,9525,16119.945,29901.003,9525,6513.9,c39f9e81-ab6f-4b5d-a673-023b57cca3d8
W10-86,WALL,2975*254,6000,,X12863/Y29901,12862.998,29901.003,6525,9606.05,29901.003,6525,16119.945,29901.003,6525,6513.9,73ea929b-07d2-4994-a0d4-6f12165d0031
W10-80,WALL,625*254,6000,,X5177/Y975,5177.025,975.003,30525,494.003,975.003,30525,9860.048,975.003,30525,9366,11337d44-1168-439a-96d5-9300ba5a6cbb
W10-78,WALL,3475*254,6000,,X22672/Y975,22672.19,975.003,25,25232.002,975.003,25,20112.378,975.003,25,5119.6,e4a19de4-f15a-45cb-bbcf-35a1256f6f99
W10-125,WALL,2975*254,6000,,X20549/Y975,20548.975,975.003,3525,25232.002,975.003,3525,15865.948,975.003,3525,9366.1,1368de7b-40f3-4151-b060-4ba436e3ab45
W10-124,WALL,2975*254,6000,,X12863/Y29901,12862.998,29901.003,3525,9606.05,29901.003,3525,16119.945,29901.003,3525,6513.9,de8f8688-29a3-479f-afef-1d443976ef0c
W10-76,WALL,3475*254,6000,,X12863/Y29901,12862.998,29901.003,25,9606.05,29901.003,25,16119.945,29901.003,25,6513.9,bb2dff6d-8197-4b65-a546-76a8dcec51c4
A5,CIP BEAM,Basic Wall:P FW2 FDN Wall Pre-Cast 250:1549247,6000,,X12588/Y11013,12587.773,11013.003,-1626,12587.773,11013.003,-1626,12587.773,11013.003,-1626,0,0ff3bb4a-48b2-4dd8-a081-2fc4d35c4bc3
SW17-4,WALL,3441*432,6000,,X9733/Y11013,9732.503,11013.003,30525,10689.003,11013.003,30525,8776.003,11013.003,30525,1913,57e2fc70-2a3e-42d3-b746-c64e4e620c03
SW17-1,WALL,3626*432,6000,,X14352/Y15993,14351.873,15992.504,30525,14351.873,18717.003,30524.999,14351.873,13268.005,30525,5449,d521028b-ca01-427c-8a2d-d30e00e62d62
SW17-2,WALL,3626*432,6000,,X16642/Y15993,16642,15992.501,30525,16642,18717.003,30524.999,16642,13268,30525,5449,5bad886a-41b6-4412-950c-8514cec5a0cf
SW15-1,WALL,3720*381,6000,,X10410/Y14938,10409.503,14938.003,30246,10409.503,11159.003,30246,10409.503,18717.003,30246,7558,29397e31-2a94-4cfa-80c8-862714ff196f
P6-8,WALL,3625*152,6000,,X25327/Y4808,25326.743,4807.503,27525,25326.743,848.003,27525,25326.743,8767.003,27525,7919,d5fb6c04-3126-4583-b95e-4dfb83a25cd5
P6-19,WALL,3625*152,6000,,X25327/Y25069,25326.743,25068.503,27525,25326.743,29028.003,27525,25326.743,21109.003,27525,7919,fecdc050-ad94-4cf4-ab3f-b6e1befd2bee
W10-92,WALL,3625*254,6000,,X15993/Y475,15992.948,475.003,27525,15992.948,829.003,27525,15992.948,121.003,27525,708,752de51f-430b-4bbb-9d95-71805b17c1fe
W10-29,WALL,3625*254,6000,,X9733/Y475,9733.048,475.003,27525,9733.048,829.003,27525,9733.048,121.003,27525,708,a03aceb4-6ffc-495f-8632-cfc87b273aef
W10-75,WALL,2975*254,6000,,X25479/Y20963,25478.87,20963.003,27525,25251,20963.003,27525,25706.74,20963.003,27525,455.7,3d3c328e-656c-4c65-8e3d-04fc9ae99486
W10-104,WALL,2975*254,6000,,X25479/Y8913,25478.87,8913.003,27525,25251,8913.003,27525,25706.74,8913.003,27525,455.7,0767eda5-1314-4caf-b8d3-7c558c58f678
W10-84,WALL,3625*254,6000,,X15993/Y29401,15992.948,29401.003,27525,15992.948,29755.003,27525,15992.948,29047.003,27525,708,a6369927-da0c-4265-8c05-6ede49eb32e0
W10-107,WALL,2718*254,6000,,X2465/Y29594,2465.238,29594.003,27525,2465.238,30141.003,27525,2465.238,29047.003,27525,1094,27ba9a40-1948-4a6b-926d-d5f9e15504bf
W10-127,WALL,2718*254,6000,,X15016/Y30594,15015.585,30594.003,27525,15015.585,31141.003,27525,15015.585,30047.003,27525,1094,ef044b3c-6853-4bc3-940b-7965dbdbeb00
W10-107,WALL,2718*254,6000,,X19966/Y29594,19966.382,29594.003,27525,19966.382,30141.003,27525,19966.382,29047.003,27525,1094,0125c7ec-2cfb-4603-bf05-1609ae702756
W10-107,WALL,2718*254,6000,,X10710/Y30594,10709.86,30594.003,27525,10709.86,31141.003,27525,10709.86,30047.003,27525,1094,4cad983c-e989-4240-b1b3-60b19b5582f2
W10-39,WALL,2718*254,6000,,X26444/Y11671,26443.743,11670.878,27525,26990.743,11670.878,27525,25896.743,11670.878,27525,1094,677f46e3-10bf-42af-8f3f-a87cc5a1632a
W10-58,WALL,2718*254,6000,,X26444/Y18205,26443.743,18205.128,27525,26990.743,18205.128,27525,25896.743,18205.128,27525,1094,831fe9e2-6c88-4874-b74a-e2508104aec4
W10-85,WALL,3625*254,6000,,X9733/Y29401,9733.048,29401.003,27525,9733.048,29755.003,27525,9733.048,29047.003,27525,708,8f104ff5-d6c8-40c1-bc36-56579f39f467
W10-107,WALL,2718*254,6000,,X5759/Y282,5759.363,282.003,27525,5759.363,-264.997,27525,5759.363,829.003,27525,1094,613675be-8167-48ec-91a2-36a643d332d2
W10-99,WALL,2718*254,6000,,X10710/Y-718,10709.86,-717.997,27525,10709.86,-1264.997,27525,10709.86,-170.997,27525,1094,db84a27f-aa3e-43fd-ae2a-ba8a9a50e9d6
W10-107,WALL,2718*254,6000,,X23261/Y282,23260.507,282.003,27525,23260.507,-264.997,27525,23260.507,829.003,27525,1094,74cd3570-d5a5-4c96-9a38-2ba4699a6997
W10-112,WALL,2718*254,6000,,X5759/Y29594,5759.363,29594.003,27525,5759.363,30141.003,27525,5759.363,29047.003,27525,1094,34ef6b2a-2e65-4e68-94c8-39877baa3156
W10-107,WALL,2718*254,6000,,X15016/Y-718,15015.585,-717.997,27525,15015.585,-1264.997,27525,15015.585,-170.997,27525,1094,eaf9cf07-bdbf-4a75-9d07-6e9796fcc326
W10-112,WALL,2718*254,6000,,X19966/Y282,19966.382,282.003,27525,19966.382,-264.997,27525,19966.382,829.003,27525,1094,b482d7e9-665c-499b-b81c-ace21a5a2e26
SW17-3,WALL,3441*432,6000,,X9081/Y14938,9081,14938.003,30525,9081,11159.003,30525,9081,18717.003,30525,7558,72181061-9bb9-45db-ad77-f69b45b7a129
W10-64(?),WALL,2975*254,6000,,X9081/Y14938,9081,14938.003,3525,9081,11159.003,3525,9081,18717.003,3525,7558,22c4507c-9a04-4f92-ad34-9cb49d6e27af
W10-96,WALL,2975*254,6000,,X16642/Y14938,16642,14938.003,27525,16642,18717.003,27524.999,16642,11159.003,27525,7558,5dd96e98-9464-40e6-9753-cfe8d4a8b5a6
W10-90,WALL,2718*254,6000,,X11738/Y14938,11738,14938.003,27525,11738,11159.003,27525,11738,18717.003,27525,7558,63e22404-3e25-4e2e-b55c-964387fc96b7
W10-150,WALL,2975*254,6000,,X16642/Y14938,16642,14938.003,3525,16642,18717.003,3524.999,16642,11159.003,3525,7558,2934e713-2155-4df0-80df-8eb9789a97ad
W10-65,WALL,2975*254,6000,,X14352/Y18142,14351.873,18141.503,27525,14351.873,18717.003,27524.999,14351.873,17566.003,27525,1151,41cd3640-0ca0-40df-8a9d-5204fca5914f
W10-40,WALL,3218*254,6000,,X22848/Y9038,22847.503,9038.003,25,25213.003,9038.003,25,20482.003,9038.003,25,4731,1c8d4fa3-106e-4369-9c45-e0da0374871b
W10-8,WALL,3218*254,6000,,X5226/Y9038,5225.933,9038.003,25,9938.863,9038.003,25,513.003,9038.003,25,9425.9,11f28d35-a0fd-4abc-b54e-70e53b45cceb
W10-72,WALL,2975*254,6000,,X5177/Y975,5177.025,975.003,3525,494.003,975.003,3525,9860.048,975.003,3525,9366,a46ebf0f-242e-4a28-a821-8970c5b05d25
W10-37,WALL,3475*254,6000,,X20549/Y28901,20548.975,28901.003,25,25232.002,28901.003,25,15865.948,28901.003,25,9366.1,e1d8983b-6a7b-424b-98a3-d8705568c9fa
W10-43,WALL,3218*254,6000,,X21669/Y20838,21668.889,20838.003,25,18124.776,20838.003,25,25213.003,20838.003,25,7088.2,9cbe66b9-4629-4c3f-955c-2b61d8397094
W10-54,WALL,2975*254,6000,,X20549/Y28901,20548.975,28901.003,3525,25232.002,28901.003,3525,15865.948,28901.003,3525,9366.1,4b060c38-e1a8-45e0-a433-7f16fed9e9bf
W10-109,WALL,3475*254,6000,,X25479/Y8913,25478.87,8913.003,25,25251,8913.003,25,25706.74,8913.003,25,455.7,50da4e23-7929-41ca-bf1c-c27afd24bb83
W8-29,WALL,2975*203,6000,,X10410/Y14938,10409.503,14938.003,27525,10409.503,12538.003,27525,10409.503,17338.003,27525,4800,08e3591c-226d-4255-af53-df8d49743f52
W8-23,WALL,2975*203,6000,,X10410/Y14938,10409.503,14938.003,24525,10409.503,12538.003,24525,10409.503,17338.003,24525,4800,1358fb19-e3c7-4858-bdb7-5af8040c2342
W8-23,WALL,2975*203,6000,,X10410/Y14938,10409.503,14938.003,21525,10409.503,12538.003,21525,10409.503,17338.003,21525,4800,07d388ec-8125-41bc-a93f-5d2cc06b4bac
W8-23,WALL,2975*203,6000,,X10410/Y14938,10409.503,14938.003,18525,10409.503,12538.003,18525,10409.503,17338.003,18525,4800,75ce1f52-5e8c-45d6-8778-12208839f8be
W8-23,WALL,2975*203,6000,,X10410/Y14938,10409.503,14938.003,15525,10409.503,12538.003,15525,10409.503,17338.003,15525,4800,a95eec0c-3753-468a-9103-2c0357a3ce8a
W8-23,WALL,2975*203,6000,,X10410/Y14938,10409.503,14938.003,6525,10409.503,12538.003,6525,10409.503,17338.003,6525,4800,08f95e08-610f-4ec8-9100-22b12f28bf9d
W8-23,WALL,2975*203,6000,,X10410/Y14938,10409.503,14938.003,12525,10409.503,12538.003,12525,10409.503,17338.003,12525,4800,28fc4b80-d0ce-4655-99a8-809c9501fab8
W8-23,WALL,2975*203,6000,,X10410/Y14938,10409.503,14938.003,9525,10409.503,12538.003,9525,10409.503,17338.003,9525,4800,528dffbe-1e45-4686-9f19-331d7a042d01
W10-14(?),WALL,3475*254,6000,,X9081/Y14938,9081,14938.003,25,9081,11159.003,25,9081,18717.003,25,7558,4441f771-65d1-4fcc-b8d0-7dde601635ac
W10-16,WALL,3475*254,6000,,X9720/Y18863,9720.088,18863.003,25,10486.173,18863.003,25,8954.003,18863.003,25,1532.2,19f5f4e1-87ab-4c2f-adbb-d1b3d1647f1a
W10-24,WALL,3475*254,6000,,X12099/Y18863,12099.373,18863.003,25,12587.873,18863.003,25,11610.873,18863.003,25,977,9ac7cdc3-ba5b-4a2a-bcd1-168133803fd1
W10-33,WALL,3475*254,6000,,X15497/Y18863,15496.938,18863.003,25,16769.003,18863.003,25,14224.873,18863.003,25,2544.1,4e26266c-5aac-449f-847c-8503a2dd3a47
W10-35,WALL,3475*254,6000,,X16642/Y12061,16642,12061.001,25,16642,9184.003,25,16642,14938,25,5754,f9c03824-6db9-4b40-9d5c-0ae9439d518e
W10-22,WALL,3475*254,6000,,X11738/Y13951,11738,13950.503,25,11738,9184.003,25,11738,18717.003,25,9533,65f1ae93-36ac-43ff-a719-e6ab3f048606
W10-7,WALL,3218*254,6000,,X2912/Y20838,2911.829,20838.003,25,513,20838.003,25,5310.657,20838.003,25,4797.7,1d7985e2-143b-4d84-b8e0-f94aab789aa0
W10-28,WALL,3218*254,6000,,X13045/Y9038,13044.873,9038.003,25,14478.873,9038.003,25,11610.873,9038.003,25,2868,27b5479a-427a-4c19-89e6-c3fa9dc531ef
W8-1,WALL,3475*203,6000,,X10410/Y14938,10409.503,14938.003,25,10409.503,12538.003,25,10409.503,17338.003,25,4800,c1c88735-303c-4c44-ae62-6d488ec041bc
W10-32,WALL,3475*254,6000,,X15497/Y13122,15496.938,13122.003,25,16496.003,13122.003,25,14497.873,13122.003,25,1998.1,af52caa0-9ce5-43ac-a83e-a67960a88c0b
W10-36,WALL,3475*254,6000,,X16642/Y16837,16642,16837.003,25,16642,18717.003,24.999,16642,14957.003,25,3760,3d2412f1-5b2b-4464-b88b-7714ff195e70
W10-98,WALL,3475*254,6000,,X247/Y8913,246.874,8913.003,25,18.747,8913.003,25,475,8913.003,25,456.3,baf47f71-ffe5-4673-975b-cfb378f5c9bf
W10-19,WALL,3475*254,6000,,X25479/Y20963,25478.87,20963.003,25,25251,20963.003,25,25706.74,20963.003,25,455.7,bad7e10d-a198-4206-9d1b-091a4bf51e60
W10-17,WALL,3475*254,6000,,X15993/Y475,15992.948,475.003,25,15992.948,829.003,25,15992.948,121.003,25,708,3f4b5a1e-aa10-4427-a933-b9dc69dbfb13
W10-70,WALL,3475*254,6000,,X9733/Y475,9733.048,475.003,25,9733.048,829.003,25,9733.048,121.003,25,708,2116d5a5-f5d6-4a0f-9b45-3a55c7b90feb
W10-88,WALL,3475*254,6000,,X-718/Y11671,-718.257,11670.883,25,-1265.257,11670.883,25,-171.257,11670.883,25,1094,1403255c-052e-4a82-9db1-4e6c9da1d47b
W10-6,WALL,3475*254,6000,,X-718/Y18205,-718.257,18205.123,25,-1265.257,18205.123,25,-171.257,18205.123,25,1094,a9bc1e4d-09e4-4d3d-afb4-2f766d36d64d
W10-123,WALL,2975*254,6000,,X12863/Y-25,12862.998,-24.997,3525,9606.05,-24.997,3525,16119.945,-24.997,3525,6513.9,7a199af3-3441-4ba6-bb19-83784eba758a
P6-12,WALL,3254*152,6000,,X25802/Y14938,25801.743,14938.003,3246,25801.743,21090,3246,25801.743,8786.005,3246,12304,ef3e87e6-0954-41ad-9de0-e257e3644297
P6-21,WALL,2975*152,6000,,X399/Y25069,398.743,25068.503,3525,398.743,29028.003,3525,398.743,21109.003,3525,7919,c3023f1c-90ca-4570-bb94-4d2cef585535
W10-118,WALL,2975*254,6000,,X19966/Y282,19966.382,282.003,3525,19966.382,-264.997,3525,19966.382,829.003,3525,1094,e5ab6722-9125-4295-a51a-72cdbdbf675f
W10-61,WALL,2975*254,6000,,X23261/Y282,23260.507,282.003,3525,23260.507,-264.997,3525,23260.507,829.003,3525,1094,33231195-18d3-4605-8cd8-98224723db6c
W10-61,WALL,2975*254,6000,,X5759/Y282,5759.363,282.003,3525,5759.363,-264.997,3525,5759.363,829.003,3525,1094,b44a4bdd-dc2f-4154-8fad-d7813a88ad1f
W10-118,WALL,2975*254,6000,,X2465/Y282,2465.238,282.003,3525,2465.238,-264.997,3525,2465.238,829.003,3525,1094,382ec575-f76c-4af7-ae0f-c0317ba93a9b
W10-41,WALL,2975*254,6000,,X5177/Y28901,5177.025,28901.003,3525,494.003,28901.003,3525,9860.048,28901.003,3525,9366,1c06984c-4099-48af-bf91-119e36e622da
P6-9,WALL,2975*152,6000,,X25327/Y4808,25326.743,4807.503,3525,25326.743,848.003,3525,25326.743,8767.003,3525,7919,38f578c9-facc-4deb-b1b2-fbe9af9555da
P6-10,WALL,2975*152,6000,,X25327/Y25069,25326.743,25068.503,3525,25326.743,29028.003,3525,25326.743,21109.003,3525,7919,e7e7880a-c7db-42b6-a0a6-7f79211baeec
W10-118,WALL,2975*254,6000,,X5759/Y29594,5759.363,29594.003,3525,5759.363,30141.003,3525,5759.363,29047.003,3525,1094,d99827af-5321-46e8-844f-ea575163e6fa
W10-61,WALL,2975*254,6000,,X2465/Y29594,2465.238,29594.003,3525,2465.238,30141.003,3525,2465.238,29047.003,3525,1094,d96ad56a-2b1a-450e-8409-752292a80fc6
W10-61,WALL,2975*254,6000,,X19966/Y29594,19966.382,29594.003,3525,19966.382,30141.003,3525,19966.382,29047.003,3525,1094,91cd35f7-99dd-4b4f-9614-444670f0ef20
W10-118,WALL,2975*254,6000,,X23261/Y29594,23260.507,29594.003,3525,23260.507,30141.003,3525,23260.507,29047.003,3525,1094,aac40b66-3cef-4d72-91db-d06656e07108
P6-7,WALL,2975*152,6000,,X399/Y4808,398.743,4807.503,3525,398.743,848.003,3525,398.743,8767.003,3525,7919,dee72901-dc73-495f-94dc-c70136a23466
W10-122,WALL,2975*254,6000,,X15016/Y30594,15015.585,30594.003,3525,15015.585,31141.003,3525,15015.585,30047.003,3525,1094,386fd147-e33a-4ff1-977d-1f064ad74797
W10-61,WALL,2975*254,6000,,X10710/Y30594,10709.86,30594.003,3525,10709.86,31141.003,3525,10709.86,30047.003,3525,1094,dfc10a4e-391c-4220-806b-cdc3a479d57f
W10-139,WALL,2975*254,6000,,X26444/Y18205,26443.743,18205.128,3525,26990.743,18205.128,3525,25896.743,18205.128,3525,1094,13f3664b-de9b-46d9-ab7a-6c117a1f1ada
W10-147,WALL,2975*254,6000,,X26444/Y11671,26443.743,11670.878,3525,26990.743,11670.878,3525,25896.743,11670.878,3525,1094,7c2fcbe9-61a1-48d3-b331-0ccec5803819
W10-61,WALL,2975*254,6000,,X15016/Y-718,15015.585,-717.997,3525,15015.585,-1264.997,3525,15015.585,-170.997,3525,1094,40e1568e-9567-4c56-ad8d-96cd60b87d9c
W10-120,WALL,2975*254,6000,,X10710/Y-718,10709.86,-717.997,3525,10709.86,-1264.997,3525,10709.86,-170.997,3525,1094,caab5311-d0a9-4630-b4a3-db2381202953
W10-18,WALL,2975*254,6000,,X15993/Y29401,15992.948,29401.003,3525,15992.948,29755.003,3525,15992.948,29047.003,3525,708,ed3325f9-930b-4a9b-b493-070bc5a52795
W10-143,WALL,2975*254,6000,,X9733/Y29401,9733.048,29401.003,3525,9733.048,29755.003,3525,9733.048,29047.003,3525,708,1a6ef3da-4418-42e4-afc3-8200d62a7959
W10-20,WALL,3475*254,6000,,X10273/Y11013,10272.938,11013.003,25,11591.873,11013.003,25,8954.003,11013.003,25,2637.9,c81ee033-0cf2-452a-80a8-10eea5ad8104
W10-25,WALL,3475*254,6000,,X12236/Y11013,12235.823,11013.003,25,12587.773,11013.003,25,11883.873,11013.003,25,703.9,884545ed-8f7c-4e98-af81-2f3aa770a0df
W10-141,WALL,2975*254,6000,,X247/Y8913,246.874,8913.003,3525,18.747,8913.003,3525,475,8913.003,3525,456.3,4d31d882-ee5b-4f65-ab04-e4d1a0a068c0
W10-62,WALL,2975*254,6000,,X25479/Y20963,25478.87,20963.003,3525,25251,20963.003,3525,25706.74,20963.003,3525,455.7,86308b79-6415-4077-a65b-14e3afaa52fa
W10-144,WALL,2975*254,6000,,X15993/Y475,15992.948,475.003,3525,15992.948,829.003,3525,15992.948,121.003,3525,708,4f3e43bf-4eeb-4144-929a-3335fd626d23
W10-142,WALL,2975*254,6000,,X9733/Y475,9733.048,475.003,3525,9733.048,829.003,3525,9733.048,121.003,3525,708,ecb4c1d8-b255-466e-9c6d-34f611cd3f55
W10-148,WALL,2975*254,6000,,X-718/Y11671,-718.257,11670.883,3525,-1265.257,11670.883,3525,-171.257,11670.883,3525,1094,2460a3e9-a5a2-4455-b9be-c98e3d94b4be
W10-140,WALL,2975*254,6000,,X-718/Y18205,-718.257,18205.123,3525,-1265.257,18205.123,3525,-171.257,18205.123,3525,1094,2a1fc56f-7144-45f3-adcd-9fdd8fd4ed3a
W10-207,WALL,2975*254,6000,,X25479/Y8913,25478.87,8913.003,3525,25251,8913.003,3525,25706.74,8913.003,3525,455.7,40fc5999-31af-4b9e-b023-1c4ca31e6094
W10-38,WALL,2975*254,6000,,X247/Y20963,246.874,20963.003,3525,18.747,20963.003,3525,475,20963.003,3525,456.3,ebe5ab22-b20e-4a0d-8303-2fffcd45c70c
P6-11,WALL,3254*152,6000,,X-76/Y14938,-76.257,14938.003,3246,-76.257,21090,3246,-76.257,8786.005,3246,12304,dce4b236-a1da-4a65-8cfe-4239a291739d
W10-140,WALL,2975*254,6000,,X-718/Y18205,-718.257,18205.123,6525,-1265.257,18205.123,6525,-171.257,18205.123,6525,1094,333761eb-5612-4ac9-8001-6e8a0880eb02
W10-128,WALL,2975*254,6000,,X19966/Y282,19966.382,282.003,6525,19966.382,-264.997,6525,19966.382,829.003,6525,1094,a06a4b9d-d7c0-4132-adf9-2ae89c762897
W10-177,WALL,2975*254,6000,,X23261/Y282,23260.507,282.003,6525,23260.507,-264.997,6525,23260.507,829.003,6525,1094,4798d273-ce3c-4e0f-945c-91b3f2f8c8c0
W10-177,WALL,2975*254,6000,,X5759/Y282,5759.363,282.003,6525,5759.363,-264.997,6525,5759.363,829.003,6525,1094,73e558bd-65ef-44ab-96d9-b02010d4415a
W10-128,WALL,2975*254,6000,,X2465/Y282,2465.238,282.003,6525,2465.238,-264.997,6525,2465.238,829.003,6525,1094,b02d224a-bec0-42b3-b1d3-9ef701cf8aee
W10-128,WALL,2975*254,6000,,X5759/Y29594,5759.363,29594.003,6525,5759.363,30141.003,6525,5759.363,29047.003,6525,1094,ec01bf62-67ff-4aee-a1b7-ed694db568e2
W10-177,WALL,2975*254,6000,,X2465/Y29594,2465.238,29594.003,6525,2465.238,30141.003,6525,2465.238,29047.003,6525,1094,cf4e788c-062f-43d2-9f08-96edd38bd6f6
W10-177,WALL,2975*254,6000,,X19966/Y29594,19966.382,29594.003,6525,19966.382,30141.003,6525,19966.382,29047.003,6525,1094,546d4870-5c08-4ac4-92ce-2a84028a150b
W10-128,WALL,2975*254,6000,,X23261/Y29594,23260.507,29594.003,6525,23260.507,30141.003,6525,23260.507,29047.003,6525,1094,62dc33fc-b32f-4672-8d2e-0282a3148722
W10-129,WALL,2975*254,6000,,X15016/Y30594,15015.585,30594.003,6525,15015.585,31141.003,6525,15015.585,30047.003,6525,1094,9408bf3d-3b7f-45ac-a10d-61153b72988f
W10-177,WALL,2975*254,6000,,X10710/Y30594,10709.86,30594.003,6525,10709.86,31141.003,6525,10709.86,30047.003,6525,1094,99f01668-5f6d-4e2a-a431-aa8e67cd0c53
W10-148,WALL,2975*254,6000,,X26444/Y18205,26443.743,18205.128,6525,26990.743,18205.128,6525,25896.743,18205.128,6525,1094,ed900602-6d18-4ce0-8c0e-0ea5f45c9ecc
W10-105,WALL,2975*254,6000,,X26444/Y11671,26443.743,11670.878,6525,26990.743,11670.878,6525,25896.743,11670.878,6525,1094,2b06f8df-5a90-45c9-948c-91c4a23498b3
W10-177,WALL,2975*254,6000,,X15016/Y-718,15015.585,-717.997,6525,15015.585,-1264.997,6525,15015.585,-170.997,6525,1094,e418793e-8a88-46cc-b72d-9fba8ad0d96d
W10-203,WALL,2975*254,6000,,X10710/Y-718,10709.86,-717.997,6525,10709.86,-1264.997,6525,10709.86,-170.997,6525,1094,9a506e04-a648-40a1-93dc-8c6f46da3d86
W8-16,WALL,2718*203,6000,,X13960/Y20838,13960.157,20838.003,3525,12142.411,20838.003,3525,15777.903,20838.003,3525,3635.5,1140c352-ba9b-43dd-b36c-b748084e38f4
W8-19,WALL,2718*203,6000,,X21227/Y20838,21226.863,20838.003,3525,17240.723,20838.003,3525,25213.003,20838.003,3525,7972.3,8695816e-bdc6-4d50-afa8-31524c9fdee9
W10-93,WALL,2975*254,6000,,X10771/Y11013,10770.888,11013.003,3525,12587.773,11013.003,3525,8954.003,11013.003,3525,3633.8,e419c544-d570-4b95-91b7-37549136d958
W10-60,WALL,2975*254,6000,,X10771/Y18863,10770.938,18863.003,3525,12587.873,18863.003,3525,8954.003,18863.003,3525,3633.9,a1673031-34fb-4993-aca0-fbc24c9bd681
W10-153,WALL,2975*254,6000,,X15497/Y18863,15496.938,18863.003,3525,16769.003,18863.003,3525,14224.873,18863.003,3525,2544.1,b3b5bf83-bd00-4e58-a413-adb974482052
W10-149,WALL,2975*254,6000,,X14352/Y18142,14351.873,18141.503,3525,14351.873,18717.003,3524.999,14351.873,17566.003,3525,1151,be83518e-2521-47ec-a46e-d99e3cd7ebaf
W8-18,WALL,2718*203,6000,,X4092/Y9038,4091.788,9038.003,3525,7670.573,9038.003,3525,513.003,9038.003,3525,7157.6,536b3245-e1a9-4942-937c-a4a0404cbd71
W8-20,WALL,2718*203,6000,,X21644/Y9038,21644.438,9038.003,3525,25213.003,9038.003,3525,18075.873,9038.003,3525,7137.1,aa8b28ca-e03b-418d-a08d-5a54d0b23879
W10-130,WALL,2975*254,6000,,X11738/Y14938,11738,14938.003,3525,11738,11159.003,3525,11738,18717.003,3525,7558,702221c7-80c0-4447-bd0b-e09585b956c4
W8-11,WALL,2718*203,6000,,X4065/Y20838,4065.285,20838.003,3525,513,20838.003,3525,7617.57,20838.003,3525,7104.6,83932528-e2ea-46a1-aa5e-4f21e8742274
W8-14,WALL,2718*203,6000,,X9906/Y9038,9906.493,9038.003,3525,11055.413,9038.003,3525,8757.573,9038.003,3525,2297.8,767958b9-21c7-4e98-a7a6-e4968d1e575a
W8-23,WALL,2975*203,6000,,X10410/Y14938,10409.503,14938.003,3525,10409.503,12538.003,3525,10409.503,17338.003,3525,4800,d4472523-6d07-445a-a225-4db3de119659
W10-152,WALL,2975*254,6000,,X15497/Y13122,15496.938,13122.003,3525,16496.003,13122.003,3525,14497.873,13122.003,3525,1998.1,476e0c3c-9e5c-4e7d-8e22-65c293dd4512
W10-177,WALL,2975*254,6000,,X10710/Y30594,10709.86,30594.003,12525,10709.86,31141.003,12525,10709.86,30047.003,12525,1094,1cbfc89b-07cf-47b9-a2b2-07562681f448
W10-148,WALL,2975*254,6000,,X26444/Y18205,26443.743,18205.128,12525,26990.743,18205.128,12525,25896.743,18205.128,12525,1094,723c1dd7-3cc5-415d-8986-d99db946af16
W10-105,WALL,2975*254,6000,,X26444/Y11671,26443.743,11670.878,12525,26990.743,11670.878,12525,25896.743,11670.878,12525,1094,2a43554a-acb9-4047-b324-5013ba5ae0a0
W10-177,WALL,2975*254,6000,,X15016/Y-718,15015.585,-717.997,12525,15015.585,-1264.997,12525,15015.585,-170.997,12525,1094,1c51a8f2-571b-4b53-8be1-2b44e1d759ef
W10-203,WALL,2975*254,6000,,X10710/Y-718,10709.86,-717.997,12525,10709.86,-1264.997,12525,10709.86,-170.997,12525,1094,52e2b9bd-119c-4863-a670-9192478e86df
W10-148,WALL,2975*254,6000,,X-718/Y11671,-718.257,11670.883,9525,-1265.257,11670.883,9525,-171.257,11670.883,9525,1094,517b56a0-adca-404a-aa6e-6e6e2a6cdb4c
W10-140,WALL,2975*254,6000,,X-718/Y18205,-718.257,18205.123,9525,-1265.257,18205.123,9525,-171.257,18205.123,9525,1094,0afa91b3-693c-4772-b395-8ee732723a7b
W10-128,WALL,2975*254,6000,,X19966/Y282,19966.382,282.003,9525,19966.382,-264.997,9525,19966.382,829.003,9525,1094,74b134b7-a9cc-4b94-8ede-316b4d207487
W10-177,WALL,2975*254,6000,,X23261/Y282,23260.507,282.003,9525,23260.507,-264.997,9525,23260.507,829.003,9525,1094,15f66984-fb40-4ca9-9a45-6d2f0b6428d2
W10-177,WALL,2975*254,6000,,X5759/Y282,5759.363,282.003,9525,5759.363,-264.997,9525,5759.363,829.003,9525,1094,250d9cd5-7b63-4872-bbe8-28204fe43da9
W10-128,WALL,2975*254,6000,,X5759/Y29594,5759.363,29594.003,15525,5759.363,30141.003,15525,5759.363,29047.003,15525,1094,1dd559cf-745b-443e-a973-fac973283314
W10-177,WALL,2975*254,6000,,X2465/Y29594,2465.238,29594.003,15525,2465.238,30141.003,15525,2465.238,29047.003,15525,1094,4b820395-b52f-4dae-9071-9dec1e3ce9a0
W10-177,WALL,2975*254,6000,,X19966/Y29594,19966.382,29594.003,15525,19966.382,30141.003,15525,19966.382,29047.003,15525,1094,2c0eb552-6e11-4da5-b293-b79c91ea9c0d
W10-128,WALL,2975*254,6000,,X23261/Y29594,23260.507,29594.003,15525,23260.507,30141.003,15525,23260.507,29047.003,15525,1094,afb19b1b-2ca0-4a75-860f-a27ddaa345ef
W10-129,WALL,2975*254,6000,,X15016/Y30594,15015.585,30594.003,15525,15015.585,31141.003,15525,15015.585,30047.003,15525,1094,4c474336-e063-452a-8570-0e6bba2ed914
W10-177,WALL,2975*254,6000,,X10710/Y30594,10709.86,30594.003,15525,10709.86,31141.003,15525,10709.86,30047.003,15525,1094,dbc74f04-34ee-405b-aae5-cca8cfd991ab
W10-148,WALL,2975*254,6000,,X26444/Y18205,26443.743,18205.128,15525,26990.743,18205.128,15525,25896.743,18205.128,15525,1094,ca95de57-f14a-4a52-8d72-e7b7730f2c8f
W10-105,WALL,2975*254,6000,,X26444/Y11671,26443.743,11670.878,15525,26990.743,11670.878,15525,25896.743,11670.878,15525,1094,893c678e-3912-4630-9344-015ce7cee1f8
W10-177,WALL,2975*254,6000,,X15016/Y-718,15015.585,-717.997,15525,15015.585,-1264.997,15525,15015.585,-170.997,15525,1094,bbeb46e8-e012-4754-8399-471eb36f8f2c
W10-203,WALL,2975*254,6000,,X10710/Y-718,10709.86,-717.997,15525,10709.86,-1264.997,15525,10709.86,-170.997,15525,1094,47b98463-95e9-4650-ae6f-4e530a33c8e1
W10-148,WALL,2975*254,6000,,X-718/Y11671,-718.257,11670.883,12525,-1265.257,11670.883,12525,-171.257,11670.883,12525,1094,dc626fb0-b698-4e5a-bed1-fa10fa5f5b11
W10-140,WALL,2975*254,6000,,X-718/Y18205,-718.257,18205.123,12525,-1265.257,18205.123,12525,-171.257,18205.123,12525,1094,877b84a9-5405-45fc-9e76-6af05730a29c
W10-128,WALL,2975*254,6000,,X19966/Y282,19966.382,282.003,12525,19966.382,-264.997,12525,19966.382,829.003,12525,1094,00d81e3a-44c1-4c3c-b263-c6e192d7cff3
W10-177,WALL,2975*254,6000,,X23261/Y282,23260.507,282.003,12525,23260.507,-264.997,12525,23260.507,829.003,12525,1094,c0326f91-8a83-47e2-a3a7-c1e479e7207f
W10-177,WALL,2975*254,6000,,X5759/Y282,5759.363,282.003,12525,5759.363,-264.997,12525,5759.363,829.003,12525,1094,b4f4e09c-f286-4a50-bf10-448963ed1de7
W10-128,WALL,2975*254,6000,,X2465/Y282,2465.238,282.003,12525,2465.238,-264.997,12525,2465.238,829.003,12525,1094,2fa0a590-17f4-4492-a3aa-ed7c0450d6e6
W10-128,WALL,2975*254,6000,,X5759/Y29594,5759.363,29594.003,12525,5759.363,30141.003,12525,5759.363,29047.003,12525,1094,16983ff3-9c44-4404-a65f-caaae3c08708
W10-177,WALL,2975*254,6000,,X2465/Y29594,2465.238,29594.003,12525,2465.238,30141.003,12525,2465.238,29047.003,12525,1094,d3c9cf0f-132e-4bb1-b15c-5053f3fca42b
W10-177,WALL,2975*254,6000,,X19966/Y29594,19966.382,29594.003,12525,19966.382,30141.003,12525,19966.382,29047.003,12525,1094,6aae4ebb-1c2f-4cb6-82fa-3984be104af3
W10-128,WALL,2975*254,6000,,X23261/Y29594,23260.507,29594.003,12525,23260.507,30141.003,12525,23260.507,29047.003,12525,1094,4255edf7-fdbb-459e-964c-98b9509bf882
W10-129,WALL,2975*254,6000,,X15016/Y30594,15015.585,30594.003,12525,15015.585,31141.003,12525,15015.585,30047.003,12525,1094,79343ec6-c15c-48ea-9f15-004bef6a0d4a
W10-128,WALL,2975*254,6000,,X2465/Y282,2465.238,282.003,9525,2465.238,-264.997,9525,2465.238,829.003,9525,1094,62cbb2f9-0f61-4c40-9358-23fedc3bee7b
W10-128,WALL,2975*254,6000,,X5759/Y29594,5759.363,29594.003,9525,5759.363,30141.003,9525,5759.363,29047.003,9525,1094,eb3cf5f0-2bb3-4f1f-89fd-8a6685bdc954
W10-177,WALL,2975*254,6000,,X2465/Y29594,2465.238,29594.003,9525,2465.238,30141.003,9525,2465.238,29047.003,9525,1094,339bd2e3-c5e7-45ae-b3b2-e7e9905e3e16
W10-177,WALL,2975*254,6000,,X19966/Y29594,19966.382,29594.003,9525,19966.382,30141.003,9525,19966.382,29047.003,9525,1094,711e291b-c764-4547-bbfa-38a676d1373f
W10-128,WALL,2975*254,6000,,X23261/Y29594,23260.507,29594.003,9525,23260.507,30141.003,9525,23260.507,29047.003,9525,1094,2c4bd45d-a573-4859-94a0-c93e7106f7ae
W10-129,WALL,2975*254,6000,,X15016/Y30594,15015.585,30594.003,9525,15015.585,31141.003,9525,15015.585,30047.003,9525,1094,97db869f-e993-4394-8638-b1bf7c014b61
W10-177,WALL,2975*254,6000,,X10710/Y30594,10709.86,30594.003,9525,10709.86,31141.003,9525,10709.86,30047.003,9525,1094,141e36ce-245e-4483-8b4d-29722c381587
W10-148,WALL,2975*254,6000,,X26444/Y18205,26443.743,18205.128,9525,26990.743,18205.128,9525,25896.743,18205.128,9525,1094,478f2b59-c7bf-4b70-a38b-277d9815f904
W10-177,WALL,2975*254,6000,,X15016/Y-718,15015.585,-717.997,9525,15015.585,-1264.997,9525,15015.585,-170.997,9525,1094,0d7743a7-5e56-465c-b62a-dc1ba0ffd601
W10-203,WALL,2975*254,6000,,X10710/Y-718,10709.86,-717.997,9525,10709.86,-1264.997,9525,10709.86,-170.997,9525,1094,bd4a7d19-8d46-47b2-a388-c7eeb80b3d51
W10-148,WALL,2975*254,6000,,X-718/Y11671,-718.257,11670.883,6525,-1265.257,11670.883,6525,-171.257,11670.883,6525,1094,cb3e5b7e-77f7-40b8-96fa-c612a1b1968b
W10-140,WALL,2975*254,6000,,X-718/Y18205,-718.257,18205.123,18525,-1265.257,18205.123,18525,-171.257,18205.123,18525,1094,a2cb7eb6-0ca6-4370-b75d-88147dc38cb1
W10-128,WALL,2975*254,6000,,X19966/Y282,19966.382,282.003,18525,19966.382,-264.997,18525,19966.382,829.003,18525,1094,14afda8b-b555-483c-8113-1114f2e695a2
W10-177,WALL,2975*254,6000,,X23261/Y282,23260.507,282.003,18525,23260.507,-264.997,18525,23260.507,829.003,18525,1094,c18d76ee-b2c8-42ad-8ee4-620cb7720725
W10-177,WALL,2975*254,6000,,X5759/Y282,5759.363,282.003,18525,5759.363,-264.997,18525,5759.363,829.003,18525,1094,1eddc9bd-46f4-44c1-857c-7c8957f7bf46
W10-128,WALL,2975*254,6000,,X2465/Y282,2465.238,282.003,18525,2465.238,-264.997,18525,2465.238,829.003,18525,1094,91614b9d-b306-42a5-bc98-759d15a83baf
W10-128,WALL,2975*254,6000,,X5759/Y29594,5759.363,29594.003,18525,5759.363,30141.003,18525,5759.363,29047.003,18525,1094,c9cda6c6-2134-44ff-92b5-30f8f15ad144
W10-177,WALL,2975*254,6000,,X2465/Y29594,2465.238,29594.003,18525,2465.238,30141.003,18525,2465.238,29047.003,18525,1094,b718170b-8c70-4e1a-951c-c06a3e2825cc
W10-177,WALL,2975*254,6000,,X19966/Y29594,19966.382,29594.003,18525,19966.382,30141.003,18525,19966.382,29047.003,18525,1094,0855b96f-1794-4ce7-951b-799ecb5c35e7
W10-128,WALL,2975*254,6000,,X23261/Y29594,23260.507,29594.003,18525,23260.507,30141.003,18525,23260.507,29047.003,18525,1094,4c2a574d-ba3d-498a-97cf-06990f701bf7
W10-129,WALL,2975*254,6000,,X15016/Y30594,15015.585,30594.003,18525,15015.585,31141.003,18525,15015.585,30047.003,18525,1094,77cc899e-bcb4-473b-8d77-c6577309cc7f
W10-177,WALL,2975*254,6000,,X10710/Y30594,10709.86,30594.003,18525,10709.86,31141.003,18525,10709.86,30047.003,18525,1094,7bd9cf83-8d48-4e06-9744-506d2605a911
W10-148,WALL,2975*254,6000,,X26444/Y18205,26443.743,18205.128,18525,26990.743,18205.128,18525,25896.743,18205.128,18525,1094,16299686-c23b-42dd-9162-7de7a44427af
W10-105,WALL,2975*254,6000,,X26444/Y11671,26443.743,11670.878,18525,26990.743,11670.878,18525,25896.743,11670.878,18525,1094,b4868ee1-79e6-4c22-a726-70cea8ca9d3d
W10-177,WALL,2975*254,6000,,X15016/Y-718,15015.585,-717.997,18525,15015.585,-1264.997,18525,15015.585,-170.997,18525,1094,8e11a647-153a-430a-b978-9c2a7287ffa3
W10-203,WALL,2975*254,6000,,X10710/Y-718,10709.86,-717.997,18525,10709.86,-1264.997,18525,10709.86,-170.997,18525,1094,44fec9ed-76ad-4470-97d9-50f4920f0141
W10-148,WALL,2975*254,6000,,X-718/Y11671,-718.257,11670.883,15525,-1265.257,11670.883,15525,-171.257,11670.883,15525,1094,d2fcc4b6-9cfb-4b11-9702-bea4384adbc0
W10-140,WALL,2975*254,6000,,X-718/Y18205,-718.257,18205.123,15525,-1265.257,18205.123,15525,-171.257,18205.123,15525,1094,cc63f1de-8611-4bdc-9ebb-1adb5da99fa3
W10-128,WALL,2975*254,6000,,X19966/Y282,19966.382,282.003,15525,19966.382,-264.997,15525,19966.382,829.003,15525,1094,96526582-99e0-4afc-a9ee-3f0528caaeae
W10-177,WALL,2975*254,6000,,X23261/Y282,23260.507,282.003,15525,23260.507,-264.997,15525,23260.507,829.003,15525,1094,1852d950-81d2-425a-9c69-d01b440cfdcc
W10-177,WALL,2975*254,6000,,X5759/Y282,5759.363,282.003,15525,5759.363,-264.997,15525,5759.363,829.003,15525,1094,b0cc2d72-865a-4ea0-b429-e2f3b6238ad6
W10-128,WALL,2975*254,6000,,X2465/Y282,2465.238,282.003,15525,2465.238,-264.997,15525,2465.238,829.003,15525,1094,5881e761-d329-4216-b0aa-10a4458808f7
W10-128,WALL,2975*254,6000,,X5759/Y29594,5759.363,29594.003,21525,5759.363,30141.003,21525,5759.363,29047.003,21525,1094,83375cd9-4d63-4ba5-9f77-66e1987583a4
W10-177,WALL,2975*254,6000,,X2465/Y29594,2465.238,29594.003,21525,2465.238,30141.003,21525,2465.238,29047.003,21525,1094,dfe251f4-18a2-431a-877e-3b7c0fa671fb
W10-177,WALL,2975*254,6000,,X19966/Y29594,19966.382,29594.003,21525,19966.382,30141.003,21525,19966.382,29047.003,21525,1094,f8eaf942-138f-406a-ab78-5c0d146bfd8a
W10-128,WALL,2975*254,6000,,X23261/Y29594,23260.507,29594.003,21525,23260.507,30141.003,21525,23260.507,29047.003,21525,1094,edae9ba4-3c33-416c-a297-443deb0ee7a9
W10-129,WALL,2975*254,6000,,X15016/Y30594,15015.585,30594.003,21525,15015.585,31141.003,21525,15015.585,30047.003,21525,1094,f49ed421-307f-44bf-a2da-804fbe8162ad
W10-177,WALL,2975*254,6000,,X10710/Y30594,10709.86,30594.003,21525,10709.86,31141.003,21525,10709.86,30047.003,21525,1094,22351916-8a9f-4697-8f04-a1eb5019208b
W10-148,WALL,2975*254,6000,,X26444/Y18205,26443.743,18205.128,21525,26990.743,18205.128,21525,25896.743,18205.128,21525,1094,bf9d0bd5-6d7e-43f9-a181-b2c34e789150
W10-105,WALL,2975*254,6000,,X26444/Y11671,26443.743,11670.878,21525,26990.743,11670.878,21525,25896.743,11670.878,21525,1094,12db4da0-ae32-4d07-81e9-9313308948b3
W10-177,WALL,2975*254,6000,,X15016/Y-718,15015.585,-717.997,21525,15015.585,-1264.997,21525,15015.585,-170.997,21525,1094,bdd33868-c3f3-4986-8af1-7906c34d53b0
W10-203,WALL,2975*254,6000,,X10710/Y-718,10709.86,-717.997,21525,10709.86,-1264.997,21525,10709.86,-170.997,21525,1094,9468bcfb-f24d-4aff-9c56-b7a12c318963
W10-148,WALL,2975*254,6000,,X-718/Y11671,-718.257,11670.883,18525,-1265.257,11670.883,18525,-171.257,11670.883,18525,1094,f475d7c7-c6ba-449f-8852-fc611b2cf445
W10-140,WALL,2975*254,6000,,X-718/Y18205,-718.257,18205.123,24525,-1265.257,18205.123,24525,-171.257,18205.123,24525,1094,08a3e77f-3df8-4429-9fe1-a8a1ea3c9432
W10-128,WALL,2975*254,6000,,X19966/Y282,19966.382,282.003,24525,19966.382,-264.997,24525,19966.382,829.003,24525,1094,777a86c8-12f8-4a9a-a83f-dcf01c260375
W10-177,WALL,2975*254,6000,,X23261/Y282,23260.507,282.003,24525,23260.507,-264.997,24525,23260.507,829.003,24525,1094,9960931f-28db-4289-81bb-38172bcfd75d
W10-177,WALL,2975*254,6000,,X5759/Y282,5759.363,282.003,24525,5759.363,-264.997,24525,5759.363,829.003,24525,1094,5f340fc8-9d10-4b51-ad6d-141280d32289
W10-128,WALL,2975*254,6000,,X2465/Y282,2465.238,282.003,24525,2465.238,-264.997,24525,2465.238,829.003,24525,1094,c8b1244b-f9d5-4880-aa14-c9d7975f6aa4
W10-128,WALL,2975*254,6000,,X5759/Y29594,5759.363,29594.003,24525,5759.363,30141.003,24525,5759.363,29047.003,24525,1094,850806e2-0a57-4eb6-ba49-f03891470e63
W10-177,WALL,2975*254,6000,,X2465/Y29594,2465.238,29594.003,24525,2465.238,30141.003,24525,2465.238,29047.003,24525,1094,f7e88459-b0d6-4e44-9cbd-bc6eec271692
W10-177,WALL,2975*254,6000,,X19966/Y29594,19966.382,29594.003,24525,19966.382,30141.003,24525,19966.382,29047.003,24525,1094,c51e53ed-1f01-488b-a0a0-040c38e5f84d
W10-128,WALL,2975*254,6000,,X23261/Y29594,23260.507,29594.003,24525,23260.507,30141.003,24525,23260.507,29047.003,24525,1094,299e84cf-f0c5-433d-a3d8-f6918514dee0
W10-129,WALL,2975*254,6000,,X15016/Y30594,15015.585,30594.003,24525,15015.585,31141.003,24525,15015.585,30047.003,24525,1094,e9e0644b-be1b-478d-9dc5-ea24cfd6e16d
W10-177,WALL,2975*254,6000,,X10710/Y30594,10709.86,30594.003,24525,10709.86,31141.003,24525,10709.86,30047.003,24525,1094,3804b22f-332b-4169-b914-0747246265d8
W8-37,WALL,2718*203,6000,,X4065/Y20838,4065.285,20838.003,6525,513,20838.003,6525,7617.57,20838.003,6525,7104.6,213d09c4-1fa1-4ace-80cd-ad8dc469133d
W10-173,WALL,2975*254,6000,,X9733/Y29401,9733.048,29401.003,12525,9733.048,29755.003,12525,9733.048,29047.003,12525,708,2e78d753-e888-4360-93c2-6eb90fb17797
W10-79,WALL,2975*254,6000,,X15993/Y29401,15992.948,29401.003,9525,15992.948,29755.003,9525,15992.948,29047.003,9525,708,c4179f02-fc94-4a63-9e26-2ac92674c051
W8-13,WALL,2718*203,6000,,X9880/Y20838,9879.991,20838.003,3525,8704.571,20838.003,3525,11055.411,20838.003,3525,2350.8,0ff9626b-b2a1-4005-8529-1267444ad357
W10-173,WALL,2975*254,6000,,X9733/Y29401,9733.048,29401.003,9525,9733.048,29755.003,9525,9733.048,29047.003,9525,708,f05bab15-6b89-4a0b-87d2-d90ec36cb10d
W10-79,WALL,2975*254,6000,,X15993/Y29401,15992.948,29401.003,6525,15992.948,29755.003,6525,15992.948,29047.003,6525,708,8e50cbea-c1fb-4a46-83a2-efe897086b0f
W10-173,WALL,2975*254,6000,,X9733/Y29401,9733.048,29401.003,6525,9733.048,29755.003,6525,9733.048,29047.003,6525,708,4583ac07-ca2d-4286-a548-7c651820442b
W10-58,WALL,2718*254,6000,,X-718/Y11671,-718.257,11670.883,27525,-1265.257,11670.883,27525,-171.257,11670.883,27525,1094,fe7d6e1c-ae9e-4712-a090-423e5769b32b
W10-39,WALL,2718*254,6000,,X-718/Y18205,-718.257,18205.123,27525,-1265.257,18205.123,27525,-171.257,18205.123,27525,1094,e9eb7839-5579-4dcd-8806-4c475248426c
W10-148,WALL,2975*254,6000,,X-718/Y11671,-718.257,11670.883,24525,-1265.257,11670.883,24525,-171.257,11670.883,24525,1094,3f9519d3-3fde-49da-ac6a-b3c462823015
W8-34,WALL,2718*203,6000,,X9880/Y20838,9879.991,20838.003,12525,8704.571,20838.003,12525,11055.411,20838.003,12525,2350.8,b267411b-0046-49f8-af3d-864d577be70c
W8-42,WALL,2718*203,6000,,X13960/Y20838,13960.157,20838.003,12525,12142.411,20838.003,12525,15777.903,20838.003,12525,3635.5,f848179b-9639-4552-a08f-416710ffe362
W8-27,WALL,2718*203,6000,,X21227/Y20838,21226.863,20838.003,12525,17240.723,20838.003,12525,25213.003,20838.003,12525,7972.3,4fa9e336-5dea-4905-8447-af664e1cb878
W8-37,WALL,2718*203,6000,,X4065/Y20838,4065.285,20838.003,12525,513,20838.003,12525,7617.57,20838.003,12525,7104.6,9112074f-92c7-4ef7-9118-59f4df653ea2
W8-34,WALL,2718*203,6000,,X9880/Y20838,9879.991,20838.003,9525,8704.571,20838.003,9525,11055.411,20838.003,9525,2350.8,84cb803f-6739-4c15-a0c1-f8f137981aa3
W8-42,WALL,2718*203,6000,,X13960/Y20838,13960.157,20838.003,9525,12142.411,20838.003,9525,15777.903,20838.003,9525,3635.5,747cae4b-7ffd-470b-bfb2-34741ed3c09a
W8-27,WALL,2718*203,6000,,X21227/Y20838,21226.863,20838.003,9525,17240.723,20838.003,9525,25213.003,20838.003,9525,7972.3,ac06c84c-202f-47c2-b4cf-110579d38085
W8-37,WALL,2718*203,6000,,X4065/Y20838,4065.285,20838.003,9525,513,20838.003,9525,7617.57,20838.003,9525,7104.6,e853fc4b-5f40-4bea-a21f-15c0717403e6
W10-79,WALL,2975*254,6000,,X15993/Y29401,15992.948,29401.003,24525,15992.948,29755.003,24525,15992.948,29047.003,24525,708,06f43934-83fa-495e-a98f-649e32aa7cb1
W8-34,WALL,2718*203,6000,,X9880/Y20838,9879.991,20838.003,6525,8704.571,20838.003,6525,11055.411,20838.003,6525,2350.8,79434998-8c07-4766-af62-8a2b9ebe1325
W10-173,WALL,2975*254,6000,,X9733/Y29401,9733.048,29401.003,24525,9733.048,29755.003,24525,9733.048,29047.003,24525,708,a2073356-bbaa-4ed8-b708-c5a40c68ff89
W10-148,WALL,2975*254,6000,,X26444/Y18205,26443.743,18205.128,24525,26990.743,18205.128,24525,25896.743,18205.128,24525,1094,db317f90-32d2-48d1-8585-1d37d1c0e32a
W10-105,WALL,2975*254,6000,,X26444/Y11671,26443.743,11670.878,24525,26990.743,11670.878,24525,25896.743,11670.878,24525,1094,a814a307-527b-44c5-a945-c3019853cb71
W10-177,WALL,2975*254,6000,,X15016/Y-718,15015.585,-717.997,24525,15015.585,-1264.997,24525,15015.585,-170.997,24525,1094,1c4df7c2-51af-4fbe-a38d-01d55fab5c18
W10-203,WALL,2975*254,6000,,X10710/Y-718,10709.86,-717.997,24525,10709.86,-1264.997,24525,10709.86,-170.997,24525,1094,778b256b-286c-4664-b55d-bd6524a71c2e
W10-148,WALL,2975*254,6000,,X-718/Y11671,-718.257,11670.883,21525,-1265.257,11670.883,21525,-171.257,11670.883,21525,1094,e7082917-3366-4ba0-9b98-a8b46d2357c3
W10-140,WALL,2975*254,6000,,X-718/Y18205,-718.257,18205.123,21525,-1265.257,18205.123,21525,-171.257,18205.123,21525,1094,383e58ed-e85e-4c10-b5b9-026ed719bbc6
W10-128,WALL,2975*254,6000,,X19966/Y282,19966.382,282.003,21525,19966.382,-264.997,21525,19966.382,829.003,21525,1094,4ad0a7dd-4508-4f34-ac48-958e7b54e502
W10-177,WALL,2975*254,6000,,X23261/Y282,23260.507,282.003,21525,23260.507,-264.997,21525,23260.507,829.003,21525,1094,e4575635-b8cf-4a51-a8cc-0460456cf552
W10-177,WALL,2975*254,6000,,X5759/Y282,5759.363,282.003,21525,5759.363,-264.997,21525,5759.363,829.003,21525,1094,14e551e3-c8a4-4dc3-80db-540f3347e600
W10-128,WALL,2975*254,6000,,X2465/Y282,2465.238,282.003,21525,2465.238,-264.997,21525,2465.238,829.003,21525,1094,343602a9-db67-4a90-8a35-ec618660a204
W10-79,WALL,2975*254,6000,,X15993/Y29401,15992.948,29401.003,21525,15992.948,29755.003,21525,15992.948,29047.003,21525,708,2b7b8953-8bda-4263-89a5-88577ec42888
W8-42,WALL,2718*203,6000,,X13960/Y20838,13960.157,20838.003,6525,12142.411,20838.003,6525,15777.903,20838.003,6525,3635.5,ba826699-fb64-4dd3-ac4e-33c1ce40b3d0
W10-173,WALL,2975*254,6000,,X9733/Y29401,9733.048,29401.003,21525,9733.048,29755.003,21525,9733.048,29047.003,21525,708,9bcc6ab9-6158-4b48-8791-53950026726e
W10-79,WALL,2975*254,6000,,X15993/Y29401,15992.948,29401.003,18525,15992.948,29755.003,18525,15992.948,29047.003,18525,708,a192d536-1a6f-4916-aa5f-faa3f90381b1
W10-173,WALL,2975*254,6000,,X9733/Y29401,9733.048,29401.003,18525,9733.048,29755.003,18525,9733.048,29047.003,18525,708,c35c6624-cd6b-4457-9663-b488db82198e
W10-79,WALL,2975*254,6000,,X15993/Y29401,15992.948,29401.003,15525,15992.948,29755.003,15525,15992.948,29047.003,15525,708,7e81e0c2-58e2-4d3a-937f-99911f6a1364
W8-27,WALL,2718*203,6000,,X21227/Y20838,21226.863,20838.003,6525,17240.723,20838.003,6525,25213.003,20838.003,6525,7972.3,c1557194-e139-4b9f-9b7a-ffffb942abe4
W10-173,WALL,2975*254,6000,,X9733/Y29401,9733.048,29401.003,15525,9733.048,29755.003,15525,9733.048,29047.003,15525,708,890dfef8-7717-47c3-9ddd-fc8b478d8432
W10-79,WALL,2975*254,6000,,X15993/Y29401,15992.948,29401.003,12525,15992.948,29755.003,12525,15992.948,29047.003,12525,708,10ca1d17-969c-4829-b043-8dc9c722b934
W8-42,WALL,2718*203,6000,,X13960/Y20838,13960.157,20838.003,21525,12142.411,20838.003,21525,15777.903,20838.003,21525,3635.5,a0fbdbfe-115f-4b97-b06e-200cd4d29094
W8-27,WALL,2718*203,6000,,X21227/Y20838,21226.863,20838.003,21525,17240.723,20838.003,21525,25213.003,20838.003,21525,7972.3,87a58f38-2f7b-4721-bd63-4dcdb924d9f9
W8-37,WALL,2718*203,6000,,X4065/Y20838,4065.285,20838.003,21525,513,20838.003,21525,7617.57,20838.003,21525,7104.6,895ef6ed-9cad-45ff-b51b-994941d96f59
W8-34,WALL,2718*203,6000,,X9880/Y20838,9879.991,20838.003,18525,8704.571,20838.003,18525,11055.411,20838.003,18525,2350.8,2e3c4868-e5ac-48a8-bd39-2f5827f68161
W8-42,WALL,2718*203,6000,,X13960/Y20838,13960.157,20838.003,18525,12142.411,20838.003,18525,15777.903,20838.003,18525,3635.5,e19133bf-b02e-4ac5-b837-835c0507fe80
W8-27,WALL,2718*203,6000,,X21227/Y20838,21226.863,20838.003,18525,17240.723,20838.003,18525,25213.003,20838.003,18525,7972.3,1a80a8ed-ed4c-4642-b075-4a919948c162
W8-37,WALL,2718*203,6000,,X4065/Y20838,4065.285,20838.003,18525,513,20838.003,18525,7617.57,20838.003,18525,7104.6,c0d0129e-47eb-4755-8005-381f11107a76
W8-34,WALL,2718*203,6000,,X9880/Y20838,9879.991,20838.003,15525,8704.571,20838.003,15525,11055.411,20838.003,15525,2350.8,b4bf4433-fe49-4f60-affd-472a6917dc2e
W8-42,WALL,2718*203,6000,,X13960/Y20838,13960.157,20838.003,15525,12142.411,20838.003,15525,15777.903,20838.003,15525,3635.5,ccabebc2-a0d6-4757-8def-8e5aa4cfaf78
W8-27,WALL,2718*203,6000,,X21227/Y20838,21226.863,20838.003,15525,17240.723,20838.003,15525,25213.003,20838.003,15525,7972.3,c682ab6b-df54-478d-908a-25d3bd206d15
W8-37,WALL,2718*203,6000,,X4065/Y20838,4065.285,20838.003,15525,513,20838.003,15525,7617.57,20838.003,15525,7104.6,82e12f54-4589-484e-b964-ce562ee745f6
W10-153,WALL,2975*254,6000,,X15497/Y18863,15496.938,18863.003,18525,16769.003,18863.003,18525,14224.873,18863.003,18525,2544.1,3ad04a3c-b1bd-4647-b1f0-11648b006dc6
W10-60,WALL,2975*254,6000,,X10771/Y18863,10770.938,18863.003,18525,12587.873,18863.003,18525,8954.003,18863.003,18525,3633.9,62785fe0-8c52-4c0e-90e8-4f0124a3f5cb
W10-153,WALL,2975*254,6000,,X15497/Y18863,15496.938,18863.003,15525,16769.003,18863.003,15525,14224.873,18863.003,15525,2544.1,eeaa1681-5a78-4891-a769-5e9df563fe23
W10-60,WALL,2975*254,6000,,X10771/Y18863,10770.938,18863.003,15525,12587.873,18863.003,15525,8954.003,18863.003,15525,3633.9,1bda3f62-db33-4868-a8e8-51afbeae8a21
W10-153,WALL,2975*254,6000,,X15497/Y18863,15496.938,18863.003,12525,16769.003,18863.003,12525,14224.873,18863.003,12525,2544.1,93d02370-081d-413a-a661-96a6f61f8048
W10-60,WALL,2975*254,6000,,X10771/Y18863,10770.938,18863.003,12525,12587.873,18863.003,12525,8954.003,18863.003,12525,3633.9,2a8a0b04-4d16-404c-b29d-9a522a41537d
W10-153,WALL,2975*254,6000,,X15497/Y18863,15496.938,18863.003,9525,16769.003,18863.003,9525,14224.873,18863.003,9525,2544.1,2b171da1-2e6b-45ad-a9d3-fdb6f01fc1f6
W10-60,WALL,2975*254,6000,,X10771/Y18863,10770.938,18863.003,9525,12587.873,18863.003,9525,8954.003,18863.003,9525,3633.9,d7c8ca84-de87-4cb1-afce-b5a2bee84bbf
W10-100,WALL,2975*254,6000,,X15497/Y13122,15496.938,13122.003,27525,16496.003,13122.003,27525,14497.873,13122.003,27525,1998.1,4d835761-e4af-45af-83f8-0c43eb77babe
W10-193,WALL,2975*254,6000,,X15497/Y13122,15496.938,13122.003,24525,16496.003,13122.003,24525,14497.873,13122.003,24525,1998.1,b02ac25f-1c83-4557-8104-b4d7950bb03a
W10-193,WALL,2975*254,6000,,X15497/Y13122,15496.938,13122.003,21525,16496.003,13122.003,21525,14497.873,13122.003,21525,1998.1,dec434e8-e11f-4501-889d-de51be19d624
W10-193,WALL,2975*254,6000,,X15497/Y13122,15496.938,13122.003,18525,16496.003,13122.003,18525,14497.873,13122.003,18525,1998.1,f4e1e9ec-55cd-48de-aa99-a8191c4c683a
W10-193,WALL,2975*254,6000,,X15497/Y13122,15496.938,13122.003,15525,16496.003,13122.003,15525,14497.873,13122.003,15525,1998.1,78285393-4551-46a3-95be-41c2fd8571a6
W10-193,WALL,2975*254,6000,,X15497/Y13122,15496.938,13122.003,12525,16496.003,13122.003,12525,14497.873,13122.003,12525,1998.1,b169c564-2dd9-4723-b347-03963f3f6cd3
W10-193,WALL,2975*254,6000,,X15497/Y13122,15496.938,13122.003,9525,16496.003,13122.003,9525,14497.873,13122.003,9525,1998.1,b239f210-5a33-4b14-8a20-bd6db1c623e0
W10-152,WALL,2975*254,6000,,X15497/Y13122,15496.938,13122.003,6525,16496.003,13122.003,6525,14497.873,13122.003,6525,1998.1,744d3607-1036-4a91-b4b9-123a52bf1199
W10-60,WALL,2975*254,6000,,X10771/Y18863,10770.938,18863.003,6525,12587.873,18863.003,6525,8954.003,18863.003,6525,3633.9,ba3a9088-1fa1-4154-9771-aad5b8692267
SW17-7,WALL,3626*432,6000,,X15497/Y18863,15496.938,18863.003,30525,16947.003,18863.003,30525,14046.873,18863.003,30525,2900.1,2e6f2595-aef0-440c-878f-24270c821623
W8-35,WALL,2718*203,6000,,X9906/Y9038,9906.493,9038.003,6525,11055.413,9038.003,6525,8757.573,9038.003,6525,2297.8,8df44606-9c77-49ef-9bf4-9d4f55371f42
W8-17,WALL,2718*203,6000,,X14566/Y9038,14565.793,9038.003,3525,16989.173,9038.003,3525,12142.413,9038.003,3525,4846.8,68125471-4e83-4ed2-ad64-7c03e27945f6
W10-87,WALL,2975*254,6000,,X10771/Y11013,10770.888,11013.003,27525,12587.773,11013.003,27525,8954.003,11013.003,27525,3633.8,f7982f1a-f21a-41be-913d-40cae27c9d77
W10-196,WALL,2975*254,6000,,X10771/Y11013,10770.888,11013.003,24525,12587.773,11013.003,24525,8954.003,11013.003,24525,3633.8,38219594-ee1a-4487-b7f6-1c6fe39b36c3
W10-196,WALL,2975*254,6000,,X10771/Y11013,10770.888,11013.003,18525,12587.773,11013.003,18525,8954.003,11013.003,18525,3633.8,3f8a3f09-53f5-4ffd-9328-4412d9920567
W10-196,WALL,2975*254,6000,,X10771/Y11013,10770.888,11013.003,15525,12587.773,11013.003,15525,8954.003,11013.003,15525,3633.8,c5ddcad8-bb27-46c1-8724-9d544fdd20ed
W10-196,WALL,2975*254,6000,,X10771/Y11013,10770.888,11013.003,12525,12587.773,11013.003,12525,8954.003,11013.003,12525,3633.8,7697768e-3d05-40a6-9eef-064341c79b0b
W10-196,WALL,2975*254,6000,,X10771/Y11013,10770.888,11013.003,9525,12587.773,11013.003,9525,8954.003,11013.003,9525,3633.8,bddbc361-ef58-4829-b8ee-650498b058db
W10-196,WALL,2975*254,6000,,X10771/Y11013,10770.888,11013.003,6525,12587.773,11013.003,6525,8954.003,11013.003,6525,3633.8,8c6de8cd-bcb6-4747-99bc-d93e96a84fe8
W10-196,WALL,2975*254,6000,,X10771/Y11013,10770.888,11013.003,21525,12587.773,11013.003,21525,8954.003,11013.003,21525,3633.8,d9d0367d-1ba3-411c-a8ed-dcbbdd82240c
SW17-6,WALL,3626*432,6000,,X15497/Y13122,15496.938,13122.003,30525,16947.003,13122.003,30525,14046.873,13122.003,30525,2900.1,2656a635-5f51-4236-8660-d40aa2077e5a
W10-153,WALL,2975*254,6000,,X15497/Y18863,15496.938,18863.003,6525,16769.003,18863.003,6525,14224.873,18863.003,6525,2544.1,6e6f1bf7-3912-44f5-8535-e2874398c37a
W8-4,WALL,2718*203,6000,,X9880/Y20838,9879.991,20838.003,27525,8704.571,20838.003,27525,11055.411,20838.003,27525,2350.8,6d130a66-3faa-43c5-91bf-f4c2e0b87426
W8-7,WALL,2718*203,6000,,X13960/Y20838,13960.157,20838.003,27525,12142.411,20838.003,27525,15777.903,20838.003,27525,3635.5,f1763014-55ce-4aad-b272-8cdffd1c3aec
W8-9,WALL,2718*203,6000,,X21227/Y20838,21226.863,20838.003,27525,17240.723,20838.003,27525,25213.003,20838.003,27525,7972.3,2382626d-7128-4756-ae43-682be62618ff
W8-2,WALL,2718*203,6000,,X4065/Y20838,4065.285,20838.003,27525,513,20838.003,27525,7617.57,20838.003,27525,7104.6,449d5a12-9dfd-4659-813b-e325300fea07
W8-34,WALL,2718*203,6000,,X9880/Y20838,9879.991,20838.003,24525,8704.571,20838.003,24525,11055.411,20838.003,24525,2350.8,b30b8307-1bd6-47bf-b0ea-355564048684
W8-42,WALL,2718*203,6000,,X13960/Y20838,13960.157,20838.003,24525,12142.411,20838.003,24525,15777.903,20838.003,24525,3635.5,22a0aa67-865d-491b-85e4-3194ec348e86
W8-27,WALL,2718*203,6000,,X21227/Y20838,21226.863,20838.003,24525,17240.723,20838.003,24525,25213.003,20838.003,24525,7972.3,df0c1161-19ee-47f8-8622-b3afe695bb38
W8-37,WALL,2718*203,6000,,X4065/Y20838,4065.285,20838.003,24525,513,20838.003,24525,7617.57,20838.003,24525,7104.6,2c35c1f4-3c3c-4d38-9a3c-31cbe04e95d2
W8-34,WALL,2718*203,6000,,X9880/Y20838,9879.991,20838.003,21525,8704.571,20838.003,21525,11055.411,20838.003,21525,2350.8,becb4edb-0149-4042-8eea-419bd4876cc6
SW17-5,WALL,3441*432,6000,,X9733/Y18863,9732.503,18863.003,30525,10689.003,18863.003,30525,8776.003,18863.003,30525,1913,888da217-2347-4a0b-bab1-07daad816f8d
W10-110,WALL,2975*254,6000,,X15497/Y18863,15496.938,18863.003,27525,16769.003,18863.003,27525,14224.873,18863.003,27525,2544.1,55059a00-5b7a-4b6a-a451-c5cd6dd2b401
W10-89,WALL,2975*254,6000,,X10771/Y18863,10770.938,18863.003,27525,12587.873,18863.003,27525,8954.003,18863.003,27525,3633.9,3afb2189-cd4c-4052-9e20-1f93c581fde8
W10-153,WALL,2975*254,6000,,X15497/Y18863,15496.938,18863.003,24525,16769.003,18863.003,24525,14224.873,18863.003,24525,2544.1,bb93a013-c58f-40a5-95d7-6cbc214d88d6
W10-153,WALL,2975*254,6000,,X15497/Y18863,15496.938,18863.003,21525,16769.003,18863.003,21525,14224.873,18863.003,21525,2544.1,f627fa58-aa51-49c2-acaa-cab44b6c5068
W10-60,WALL,2975*254,6000,,X10771/Y18863,10770.938,18863.003,21525,12587.873,18863.003,21525,8954.003,18863.003,21525,3633.9,24c1f6fa-1622-4f33-8b55-784551493ae6
W10-38,WALL,2975*254,6000,,X247/Y20963,246.874,20963.003,6525,18.747,20963.003,6525,475,20963.003,6525,456.3,ce2dcb05-1503-4148-a145-4e43264e8296
W8-8,WALL,2718*203,6000,,X14566/Y9038,14565.793,9038.003,27525,16989.173,9038.003,27525,12142.413,9038.003,27525,4846.8,a306bf7c-a634-4d85-9b19-e292e771e5d2
W8-3,WALL,2718*203,6000,,X4092/Y9038,4091.788,9038.003,27525,7670.573,9038.003,27525,513.003,9038.003,27525,7157.6,f53ebc73-6637-4ee1-9bbe-8f4bdf4d6d7b
W8-10,WALL,2718*203,6000,,X21644/Y9038,21644.438,9038.003,27525,25213.003,9038.003,27525,18075.873,9038.003,27525,7137.1,f493ceef-4ee3-4e0a-8ee0-ac24916c0806
W8-5,WALL,2718*203,6000,,X9906/Y9038,9906.493,9038.003,27525,11055.413,9038.003,27525,8757.573,9038.003,27525,2297.8,263dbeda-eea4-4280-8613-f6d17669eb89
W8-38,WALL,2718*203,6000,,X14566/Y9038,14565.793,9038.003,24525,16989.173,9038.003,24525,12142.413,9038.003,24525,4846.8,e9d0daa8-7f11-44da-b135-5f3e1cf5c1bf
W8-22,WALL,2718*203,6000,,X4092/Y9038,4091.788,9038.003,24525,7670.573,9038.003,24525,513.003,9038.003,24525,7157.6,1c1d985f-fe05-471e-96ea-7c384580c71c
W8-35,WALL,2718*203,6000,,X9906/Y9038,9906.493,9038.003,24525,11055.413,9038.003,24525,8757.573,9038.003,24525,2297.8,da7ac312-6592-48f1-9691-08e24eb7cecd
W8-38,WALL,2718*203,6000,,X14566/Y9038,14565.793,9038.003,21525,16989.173,9038.003,21525,12142.413,9038.003,21525,4846.8,5f337018-c554-456c-8247-bd56436a0ed4
W8-22,WALL,2718*203,6000,,X4092/Y9038,4091.788,9038.003,21525,7670.573,9038.003,21525,513.003,9038.003,21525,7157.6,13856c69-31f3-4275-afd6-c2e569b25813
W8-39,WALL,2718*203,6000,,X21644/Y9038,21644.438,9038.003,21525,25213.003,9038.003,21525,18075.873,9038.003,21525,7137.1,897e9786-3dd4-4f1d-847a-0e8eff6fb820
W8-35,WALL,2718*203,6000,,X9906/Y9038,9906.493,9038.003,21525,11055.413,9038.003,21525,8757.573,9038.003,21525,2297.8,71ee4016-7301-4a33-8190-6267bb933d1e
W8-38,WALL,2718*203,6000,,X14566/Y9038,14565.793,9038.003,18525,16989.173,9038.003,18525,12142.413,9038.003,18525,4846.8,9745c1da-a81e-4341-bb7a-8fcc77c06523
W8-22,WALL,2718*203,6000,,X4092/Y9038,4091.788,9038.003,18525,7670.573,9038.003,18525,513.003,9038.003,18525,7157.6,aae4c330-ab3b-478b-af61-160056d7dc9e
W8-39,WALL,2718*203,6000,,X21644/Y9038,21644.438,9038.003,18525,25213.003,9038.003,18525,18075.873,9038.003,18525,7137.1,f788fc10-6fe4-4780-9e53-634a6f62dd36
W8-35,WALL,2718*203,6000,,X9906/Y9038,9906.493,9038.003,18525,11055.413,9038.003,18525,8757.573,9038.003,18525,2297.8,2a329156-a193-4921-a9c3-92c0a365b120
W8-38,WALL,2718*203,6000,,X14566/Y9038,14565.793,9038.003,15525,16989.173,9038.003,15525,12142.413,9038.003,15525,4846.8,9d02f47f-c7a1-4050-b899-4b5304f656ca
W8-22,WALL,2718*203,6000,,X4092/Y9038,4091.788,9038.003,15525,7670.573,9038.003,15525,513.003,9038.003,15525,7157.6,4d4f96cf-1e27-4ba8-8ef1-249ad35de0bc
W8-39,WALL,2718*203,6000,,X21644/Y9038,21644.438,9038.003,15525,25213.003,9038.003,15525,18075.873,9038.003,15525,7137.1,601a1047-99a8-412b-b20d-77dac2988724
W8-35,WALL,2718*203,6000,,X9906/Y9038,9906.493,9038.003,15525,11055.413,9038.003,15525,8757.573,9038.003,15525,2297.8,b3f044a5-6d7b-45cc-bca3-2970680095be
W8-38,WALL,2718*203,6000,,X14566/Y9038,14565.793,9038.003,12525,16989.173,9038.003,12525,12142.413,9038.003,12525,4846.8,2b598630-e092-4d78-a7f6-c928608b865d
W8-22,WALL,2718*203,6000,,X4092/Y9038,4091.788,9038.003,12525,7670.573,9038.003,12525,513.003,9038.003,12525,7157.6,44793b5b-8482-4283-9d93-3fe238a8df93
W8-39,WALL,2718*203,6000,,X21644/Y9038,21644.438,9038.003,12525,25213.003,9038.003,12525,18075.873,9038.003,12525,7137.1,6755ffae-c2e4-4604-8643-725167fe6a69
W8-35,WALL,2718*203,6000,,X9906/Y9038,9906.493,9038.003,12525,11055.413,9038.003,12525,8757.573,9038.003,12525,2297.8,2bf27dc4-e4de-4445-984e-b1553f01f08c
W8-38,WALL,2718*203,6000,,X14566/Y9038,14565.793,9038.003,9525,16989.173,9038.003,9525,12142.413,9038.003,9525,4846.8,473bbd5a-d450-4c51-a12d-c8adab73a87a
W8-22,WALL,2718*203,6000,,X4092/Y9038,4091.788,9038.003,9525,7670.573,9038.003,9525,513.003,9038.003,9525,7157.6,0be4c18a-aebb-494a-b6df-7824d19275de
W8-39,WALL,2718*203,6000,,X21644/Y9038,21644.438,9038.003,9525,25213.003,9038.003,9525,18075.873,9038.003,9525,7137.1,e5856fb3-c2a9-47de-8842-9bb8196fa461
W8-35,WALL,2718*203,6000,,X9906/Y9038,9906.493,9038.003,9525,11055.413,9038.003,9525,8757.573,9038.003,9525,2297.8,fc7f662d-ed26-4b0d-b5d8-a8a2195020c6
W8-30,WALL,2718*203,6000,,X14566/Y9038,14565.793,9038.003,6525,16989.173,9038.003,6525,12142.413,9038.003,6525,4846.8,31b34947-b93c-4ec2-852b-c105756eb830
W8-22,WALL,2718*203,6000,,X4092/Y9038,4091.788,9038.003,6525,7670.573,9038.003,6525,513.003,9038.003,6525,7157.6,7b6e1b2f-dcec-4cfe-8076-c96f8998d6c9
W8-28,WALL,2718*203,6000,,X21644/Y9038,21644.438,9038.003,6525,25213.003,9038.003,6525,18075.873,9038.003,6525,7137.1,402504fb-2876-4cfb-9830-025757f1cee6
W10-62,WALL,2975*254,6000,,X25479/Y20963,25478.87,20963.003,15525,25251,20963.003,15525,25706.74,20963.003,15525,455.7,23994583-cb0f-4c95-9e50-a199383e1da8
W10-207,WALL,2975*254,6000,,X25479/Y8913,25478.87,8913.003,15525,25251,8913.003,15525,25706.74,8913.003,15525,455.7,00c66caa-90e6-4414-86c2-3d62b982d06c
W10-38,WALL,2975*254,6000,,X247/Y20963,246.874,20963.003,15525,18.747,20963.003,15525,475,20963.003,15525,456.3,d4885a83-60f1-4a32-b26d-7c738625bc2c
W10-62,WALL,2975*254,6000,,X25479/Y20963,25478.87,20963.003,12525,25251,20963.003,12525,25706.74,20963.003,12525,455.7,6af02220-b777-4579-8735-c0ccaf708456
W10-207,WALL,2975*254,6000,,X25479/Y8913,25478.87,8913.003,12525,25251,8913.003,12525,25706.74,8913.003,12525,455.7,0ea4d8a6-0375-4c26-8480-60dc3eda8110
W10-38,WALL,2975*254,6000,,X247/Y20963,246.874,20963.003,12525,18.747,20963.003,12525,475,20963.003,12525,456.3,35035ae1-4065-41a2-86f3-cb23a8b1890f
W10-172,WALL,2975*254,6000,,X9733/Y475,9733.048,475.003,6525,9733.048,829.003,6525,9733.048,121.003,6525,708,afee1d7f-7bdc-4115-8e97-0798d4083110
W10-2,WALL,2975*254,6000,,X247/Y8913,246.874,8913.003,27525,18.747,8913.003,27525,475,8913.003,27525,456.3,359b1f51-d193-43b0-ba6f-fca227786665
W10-82,WALL,2975*254,6000,,X247/Y20963,246.874,20963.003,27525,18.747,20963.003,27525,475,20963.003,27525,456.3,1641267f-2a56-4819-a925-f45c4e7bf0a6
W10-62,WALL,2975*254,6000,,X25479/Y20963,25478.87,20963.003,24525,25251,20963.003,24525,25706.74,20963.003,24525,455.7,34529d5d-05a3-4d9c-90c3-5dcbfad79a16
W10-207,WALL,2975*254,6000,,X25479/Y8913,25478.87,8913.003,24525,25251,8913.003,24525,25706.74,8913.003,24525,455.7,67b077c7-e78f-4f7a-8081-c281d04f9785
W10-38,WALL,2975*254,6000,,X247/Y20963,246.874,20963.003,24525,18.747,20963.003,24525,475,20963.003,24525,456.3,7d6bf5aa-7162-4514-a2b2-da5f58401d56
W10-174,WALL,2975*254,6000,,X15993/Y475,15992.948,475.003,21525,15992.948,829.003,21525,15992.948,121.003,21525,708,c4baeaab-e1f7-46e2-96e7-4fcb1904aba3
W10-172,WALL,2975*254,6000,,X9733/Y475,9733.048,475.003,21525,9733.048,829.003,21525,9733.048,121.003,21525,708,4fdf4724-fc96-4b93-86c7-77e08c54a20e
W10-174,WALL,2975*254,6000,,X15993/Y475,15992.948,475.003,18525,15992.948,829.003,18525,15992.948,121.003,18525,708,25ddf7da-97f6-4465-972a-68b7e748549f
W10-172,WALL,2975*254,6000,,X9733/Y475,9733.048,475.003,18525,9733.048,829.003,18525,9733.048,121.003,18525,708,66c877ee-251f-40d6-baa7-96b15d6fae02
W10-174,WALL,2975*254,6000,,X15993/Y475,15992.948,475.003,15525,15992.948,829.003,15525,15992.948,121.003,15525,708,38a422a6-e53c-4b6e-a461-e3662e4d2c42
W10-172,WALL,2975*254,6000,,X9733/Y475,9733.048,475.003,15525,9733.048,829.003,15525,9733.048,121.003,15525,708,f6e57534-aa5d-4202-931c-00033dc1aca7
W10-174,WALL,2975*254,6000,,X15993/Y475,15992.948,475.003,12525,15992.948,829.003,12525,15992.948,121.003,12525,708,a46cfd06-ee8f-41a1-af44-c1fec2f02978
W10-172,WALL,2975*254,6000,,X9733/Y475,9733.048,475.003,12525,9733.048,829.003,12525,9733.048,121.003,12525,708,cbe41d99-c5f5-4e6e-b2ce-6bafee34b24e
W10-174,WALL,2975*254,6000,,X15993/Y475,15992.948,475.003,9525,15992.948,829.003,9525,15992.948,121.003,9525,708,9f58111a-2d7a-4c40-be0a-8a053b8ea04a
W10-172,WALL,2975*254,6000,,X9733/Y475,9733.048,475.003,9525,9733.048,829.003,9525,9733.048,121.003,9525,708,a1144723-f09c-4081-9b4a-897bd650aa68
W10-174,WALL,2975*254,6000,,X15993/Y475,15992.948,475.003,6525,15992.948,829.003,6525,15992.948,121.003,6525,708,42fa9737-6c40-4807-b2ec-1a3bbf15aed8
W10-62,WALL,2975*254,6000,,X25479/Y20963,25478.87,20963.003,9525,25251,20963.003,9525,25706.74,20963.003,9525,455.7,20c0cee6-d40b-4abd-990f-56d3958889d7
W10-207,WALL,2975*254,6000,,X25479/Y8913,25478.87,8913.003,9525,25251,8913.003,9525,25706.74,8913.003,9525,455.7,1e6d0731-17f3-4df6-8fa5-b126e8a124ea
W10-38,WALL,2975*254,6000,,X247/Y20963,246.874,20963.003,9525,18.747,20963.003,9525,475,20963.003,9525,456.3,715d67ca-870c-4e02-9b0e-77eb183b179e
W10-141,WALL,2975*254,6000,,X247/Y8913,246.874,8913.003,6525,18.747,8913.003,6525,475,8913.003,6525,456.3,af5d73a9-bcd2-4b47-94cd-dda51e57ed61
W10-62,WALL,2975*254,6000,,X25479/Y20963,25478.87,20963.003,6525,25251,20963.003,6525,25706.74,20963.003,6525,455.7,5a7238ce-00d7-43c3-8154-2a5dfa8add2b
W10-207,WALL,2975*254,6000,,X25479/Y8913,25478.87,8913.003,6525,25251,8913.003,6525,25706.74,8913.003,6525,455.7,e87588a0-97a1-4e05-b90c-f2f6d3c2d5ae
W10-62,WALL,2975*254,6000,,X25479/Y20963,25478.87,20963.003,21525,25251,20963.003,21525,25706.74,20963.003,21525,455.7,2a47d504-70a5-45a2-af27-a5830742cd3e
W10-207,WALL,2975*254,6000,,X25479/Y8913,25478.87,8913.003,21525,25251,8913.003,21525,25706.74,8913.003,21525,455.7,87c64729-552d-4519-9421-999679ee8aa6
W10-38,WALL,2975*254,6000,,X247/Y20963,246.874,20963.003,21525,18.747,20963.003,21525,475,20963.003,21525,456.3,6a1b776f-2c81-483c-aa85-af0a65bbba1c
W10-62,WALL,2975*254,6000,,X25479/Y20963,25478.87,20963.003,18525,25251,20963.003,18525,25706.74,20963.003,18525,455.7,c5d2a944-bc80-4f4a-bba8-5a1c63cd2569
W10-207,WALL,2975*254,6000,,X25479/Y8913,25478.87,8913.003,18525,25251,8913.003,18525,25706.74,8913.003,18525,455.7,def8f3c4-6a9f-4107-8788-f36819a10055
W10-38,WALL,2975*254,6000,,X247/Y20963,246.874,20963.003,18525,18.747,20963.003,18525,475,20963.003,18525,456.3,7d9da5df-24a9-4a0d-a23d-8c1d7187485f
W10-113,WALL,3475*254,6000,,X5759/Y29594,5759.363,29594.003,25,5759.363,30141.003,25,5759.363,29047.003,25,1094,48141e57-0fd7-4cae-87f9-2acf9806ed19
P6-5,WALL,3475*152,6000,,X25327/Y25069,25326.743,25068.503,25,25326.743,29028.003,25,25326.743,21109.003,25,7919,5e4aab41-5a47-4058-8679-4af32d12e03e
P6-4,WALL,3475*152,6000,,X25327/Y4808,25326.743,4807.503,25,25326.743,848.003,25,25326.743,8767.003,25,7919,8c8c203f-d6d3-46d2-b3d0-43763e77de9b
W10-9,WALL,3475*254,6000,,X5177/Y28901,5177.025,28901.003,25,494.003,28901.003,25,9860.048,28901.003,25,9366,4fb116d7-1b68-473d-b864-a8e124e6936b
W10-113,WALL,3475*254,6000,,X2465/Y282,2465.238,282.003,25,2465.238,-264.997,25,2465.238,829.003,25,1094,5aee42fc-ba1e-4620-8e2d-b326f056549a
W10-114,WALL,3475*254,6000,,X5759/Y282,5759.363,282.003,25,5759.363,-264.997,25,5759.363,829.003,25,1094,ad101982-62fe-4043-90c1-71448f4999d6
W10-114,WALL,3475*254,6000,,X23261/Y282,23260.507,282.003,25,23260.507,-264.997,25,23260.507,829.003,25,1094,845dac7a-da15-4383-b3be-ca807e6d258f
W10-115,WALL,3475*254,6000,,X19966/Y282,19966.382,282.003,25,19966.382,-264.997,25,19966.382,829.003,25,1094,92fd16f5-3c96-4189-a605-9d21e8bb7aa1
P6-3,WALL,3475*152,6000,,X399/Y25069,398.743,25068.503,25,398.743,29028.003,25,398.743,21109.003,25,7919,7069b2ec-29f1-4f03-9a5c-6f416520a4da
P6-6,WALL,3475*152,6000,,X25802/Y14938,25801.743,14938.003,25,25801.743,21090,25,25801.743,8786.005,25,12304,07a7b842-65dc-4535-8454-9bf430151476
W10-1,WALL,3218*254,6000,,X-1119/Y14938,-1119.257,14938.003,25,-2067.257,14938.003,25,-171.257,14938.003,25,1896,d45f426d-0f28-4c4a-a1f4-844e352be035
W10-70,WALL,3475*254,6000,,X15993/Y29401,15992.948,29401.003,25,15992.948,29755.003,25,15992.948,29047.003,25,708,a415bb3b-057c-4129-a247-150c702613a1
W10-3,WALL,3475*254,6000,,X10710/Y-718,10709.86,-717.997,25,10709.86,-1264.997,25,10709.86,-170.997,25,1094,52b778bc-7411-402c-b5b5-227899fdfcbd
W10-114,WALL,3475*254,6000,,X15016/Y-718,15015.585,-717.997,25,15015.585,-1264.997,25,15015.585,-170.997,25,1094,f11dbdba-888b-49cf-acf0-ab7de4d0ffda
W10-6,WALL,3475*254,6000,,X26444/Y11671,26443.743,11670.878,25,26990.743,11670.878,25,25896.743,11670.878,25,1094,e76e81bd-01cd-4563-bed1-3c213eb1a0d2
W10-88,WALL,3475*254,6000,,X26444/Y18205,26443.743,18205.128,25,26990.743,18205.128,25,25896.743,18205.128,25,1094,92a467d5-1bb1-48b7-b7a6-7f2d3d5951ef
W10-114,WALL,3475*254,6000,,X10710/Y30594,10709.86,30594.003,25,10709.86,31141.003,25,10709.86,30047.003,25,1094,7072124f-53d5-4985-b8f5-a3642063e99c
W10-113,WALL,3475*254,6000,,X15016/Y30594,15015.585,30594.003,25,15015.585,31141.003,25,15015.585,30047.003,25,1094,ea1aba8d-b463-42cc-bfcc-1c1f06dca57e
P6-2,WALL,3475*152,6000,,X399/Y4808,398.743,4807.503,25,398.743,848.003,25,398.743,8767.003,25,7919,ff49ee8c-eca0-4f1a-bb0e-c18d79724f6b
W10-113,WALL,3475*254,6000,,X23261/Y29594,23260.507,29594.003,25,23260.507,30141.003,25,23260.507,29047.003,25,1094,e3b83e02-2d35-47f7-a3a0-c6f4233d7e65
W10-114,WALL,3475*254,6000,,X19966/Y29594,19966.382,29594.003,25,19966.382,30141.003,25,19966.382,29047.003,25,1094,7ac8c914-943c-4477-88ca-adb3c856b019
W10-114,WALL,3475*254,6000,,X2465/Y29594,2465.238,29594.003,25,2465.238,30141.003,25,2465.238,29047.003,25,1094,b31e8c07-7393-4413-baa8-e42da5a6d4d7
W10-27,WALL,3475*254,6000,,X12863/Y-25,12862.998,-24.997,25,9606.05,-24.997,25,16119.945,-24.997,25,6513.9,51fc0362-214f-4875-b806-2e377db5cfdf
P6-1,WALL,3475*152,6000,,X-76/Y14938,-76.257,14938.003,25,-76.257,21090,25,-76.257,8786.005,25,12304,b2636c68-dfd3-4216-8730-348a6deb01ca
W10-5,WALL,3475*254,6000,,X247/Y20963,246.874,20963.003,25,18.747,20963.003,25,475,20963.003,25,456.3,341843f3-b1eb-4e06-acf2-127249a2cc9c
W10-174,WALL,2975*254,6000,,X15993/Y475,15992.948,475.003,24525,15992.948,829.003,24525,15992.948,121.003,24525,708,60347e71-4aed-49ec-b9ed-456ccf591183
W10-172,WALL,2975*254,6000,,X9733/Y475,9733.048,475.003,24525,9733.048,829.003,24525,9733.048,121.003,24525,708,c2ce7a04-278a-491e-a475-199aa66a0f5b
P6-47,WALL,2975*152,6000,,X399/Y25069,398.743,25068.503,24525,398.743,29028.003,24525,398.743,21109.003,24525,7919,8bf3aa1e-03d0-44ff-8844-b045ed86935d
P6-23(?),WALL,3625*152,6000,,X399/Y4808,398.743,4807.503,27525,398.743,848.003,27525,398.743,8767.003,27525,7919,22ad4bc5-2b95-4548-9af5-9dc9f719f2c5
P6-17,WALL,3625*152,6000,,X399/Y25069,398.743,25068.503,27525,398.743,29028.003,27525,398.743,21109.003,27525,7919,5781f0cf-b464-4a0c-9ac8-df2cd4c4ba53
P6-16,WALL,2975*152,6000,,X25327/Y25069,25326.743,25068.503,6525,25326.743,29028.003,6525,25326.743,21109.003,6525,7919,b65ecc11-1e8d-4d71-a875-60e894808cec
P6-37,WALL,2975*152,6000,,X25327/Y4808,25326.743,4807.503,6525,25326.743,848.003,6525,25326.743,8767.003,6525,7919,ea9d76b8-8cd8-4907-96d4-8130bb39bfc3
P6-25,WALL,2975*152,6000,,X25327/Y25069,25326.743,25068.503,9525,25326.743,29028.003,9525,25326.743,21109.003,9525,7919,10c40db0-8920-4845-93a1-a2d65f38aecd
P6-24,WALL,2975*152,6000,,X25327/Y4808,25326.743,4807.503,9525,25326.743,848.003,9525,25326.743,8767.003,9525,7919,d1d19959-d368-4e5f-83e5-954d4707be67
P6-29,WALL,2975*152,6000,,X25327/Y25069,25326.743,25068.503,12525,25326.743,29028.003,12525,25326.743,21109.003,12525,7919,cff5ec05-4bbd-4960-8fe5-9f2491ae41c5
P6-22,WALL,2975*152,6000,,X399/Y25069,398.743,25068.503,9525,398.743,29028.003,9525,398.743,21109.003,9525,7919,4c30ea6a-027e-4ee3-b25e-e8dea98dafc7
P6-27,WALL,2975*152,6000,,X399/Y4808,398.743,4807.503,12525,398.743,848.003,12525,398.743,8767.003,12525,7919,9d2d1420-d231-4517-9c3d-246e8580527c
P6-26,WALL,2975*152,6000,,X399/Y25069,398.743,25068.503,12525,398.743,29028.003,12525,398.743,21109.003,12525,7919,dfc7c222-9426-4040-a7eb-3d6e4961e716
P6-31,WALL,2975*152,6000,,X399/Y4808,398.743,4807.503,15525,398.743,848.003,15525,398.743,8767.003,15525,7919,772f017a-9f59-4704-bdea-a2204c5952d3
P6-34,WALL,2975*152,6000,,X399/Y25069,398.743,25068.503,15525,398.743,29028.003,15525,398.743,21109.003,15525,7919,7ab65a43-4eb5-4f4e-90d5-f676fa62cfc7
P6-30,WALL,2975*152,6000,,X399/Y4808,398.743,4807.503,18525,398.743,848.003,18525,398.743,8767.003,18525,7919,5a011a61-2f4a-437d-a53b-7558f34c7466
P6-33,WALL,2975*152,6000,,X399/Y25069,398.743,25068.503,18525,398.743,29028.003,18525,398.743,21109.003,18525,7919,3dc25ba1-6677-441d-8aa5-2eee2dcef795
P6-43,WALL,2975*152,6000,,X399/Y4808,398.743,4807.503,21525,398.743,848.003,21525,398.743,8767.003,21525,7919,a9b9bf09-c16b-4f5d-8570-ba3d34e78bc0
P6-45,WALL,2975*152,6000,,X399/Y25069,398.743,25068.503,21525,398.743,29028.003,21525,398.743,21109.003,21525,7919,49c00d98-02d2-40e9-905f-c74ad22567d2
P6-46,WALL,2975*152,6000,,X399/Y4808,398.743,4807.503,24525,398.743,848.003,24525,398.743,8767.003,24525,7919,385b1c55-f7cf-43a9-84e9-4954b7fa7116
W10-189,WALL,2718*254,6000,,X15497/Y11013,15496.938,11013.003,18525,16769.003,11013.003,18525,14224.873,11013.003,18525,2544.1,079e1aa0-3463-4707-ba90-9b806f342f86
W10-189,WALL,2718*254,6000,,X15497/Y11013,15496.938,11013.003,21525,16769.003,11013.003,21525,14224.873,11013.003,21525,2544.1,8f2074c2-3aea-4410-87fc-a1f7fdc8c3d1
W10-189,WALL,2718*254,6000,,X15497/Y11013,15496.938,11013.003,24525,16769.003,11013.003,24525,14224.873,11013.003,24525,2544.1,2aef2fed-89f9-4a6e-8d73-7342506ead34
W10-94,WALL,2718*254,6000,,X15497/Y11013,15496.938,11013.003,27525,16769.003,11013.003,27525,14224.873,11013.003,27525,2544.1,ff8b507c-8a54-4e35-9fda-2210b4a63434
P6-18,WALL,2975*152,6000,,X399/Y4808,398.743,4807.503,6525,398.743,848.003,6525,398.743,8767.003,6525,7919,ee65fb27-c6cf-458b-b936-86aaa8888c9c
P6-32,WALL,2975*152,6000,,X399/Y25069,398.743,25068.503,6525,398.743,29028.003,6525,398.743,21109.003,6525,7919,7af9113d-f76b-4b1e-9b4f-74c9a70ed0a4
P6-20,WALL,2975*152,6000,,X399/Y4808,398.743,4807.503,9525,398.743,848.003,9525,398.743,8767.003,9525,7919,3129be7f-35e9-4bad-9668-692e2a64f1c1
P6-28,WALL,2975*152,6000,,X25327/Y4808,25326.743,4807.503,12525,25326.743,848.003,12525,25326.743,8767.003,12525,7919,0c2f727a-a257-4e98-9c3e-ef5ef45af760
P6-36,WALL,2975*152,6000,,X25327/Y25069,25326.743,25068.503,15525,25326.743,29028.003,15525,25326.743,21109.003,15525,7919,6fefbb1a-40ff-45c5-87b2-a7352e3c3816
P6-35,WALL,2975*152,6000,,X25327/Y4808,25326.743,4807.503,15525,25326.743,848.003,15525,25326.743,8767.003,15525,7919,cdbb77b0-9e65-49b5-b93f-d46fcfda7721
P6-44,WALL,2975*152,6000,,X25327/Y25069,25326.743,25068.503,18525,25326.743,29028.003,18525,25326.743,21109.003,18525,7919,2069fb5b-960f-417d-a7b8-8ca73dd96168
P6-38,WALL,2975*152,6000,,X25327/Y4808,25326.743,4807.503,18525,25326.743,848.003,18525,25326.743,8767.003,18525,7919,eab22953-c849-46ed-985e-5b72ab745c22
P6-41,WALL,2975*152,6000,,X25327/Y25069,25326.743,25068.503,21525,25326.743,29028.003,21525,25326.743,21109.003,21525,7919,b59e3c6d-c0ae-403f-8fc8-5efab2be4262
P6-39,WALL,2975*152,6000,,X25327/Y4808,25326.743,4807.503,21525,25326.743,848.003,21525,25326.743,8767.003,21525,7919,4aab5633-1d2c-4e2c-a0e5-009c95ef7a56
P6-42,WALL,2975*152,6000,,X25327/Y25069,25326.743,25068.503,24525,25326.743,29028.003,24525,25326.743,21109.003,24525,7919,42acb989-b3fe-4fc3-84ad-03005996d558
P6-40,WALL,2975*152,6000,,X25327/Y4808,25326.743,4807.503,24525,25326.743,848.003,24525,25326.743,8767.003,24525,7919,5ce3e367-66af-448a-ad41-4d553aacce72
W10-46(?),WALL,2718*254,6000,,X15497/Y11013,15496.938,11013.003,3525,16769.003,11013.003,3525,14224.873,11013.003,3525,2544.1,80d59641-f36b-47c8-b8fe-0ed0362b8da3
W10-189,WALL,2718*254,6000,,X15497/Y11013,15496.938,11013.003,9525,16769.003,11013.003,9525,14224.873,11013.003,9525,2544.1,cee0bc61-644e-44a6-92cb-7a7a4808b4a9
W10-189,WALL,2718*254,6000,,X15497/Y11013,15496.938,11013.003,6525,16769.003,11013.003,6525,14224.873,11013.003,6525,2544.1,e4fb6278-14ff-44d7-bdd9-44e9836d918d
W10-189,WALL,2718*254,6000,,X15497/Y11013,15496.938,11013.003,12525,16769.003,11013.003,12525,14224.873,11013.003,12525,2544.1,3cb1f117-ef1f-40a5-adad-ead85db30867
W10-189,WALL,2718*254,6000,,X15497/Y11013,15496.938,11013.003,15525,16769.003,11013.003,15525,14224.873,11013.003,15525,2544.1,9fd557e6-bd1d-4c05-8cd3-e79c68d1536e
W10-34,WALL,3475*254,6000,,X5177/Y975,5177.028,975.005,25,9860.052,975.007,25,494.003,975.003,25,9366,19e6621b-80a4-4298-8ff2-d13eba1bb997
BA-1,Balcony ,254.0*3415.74,7000,,X-171/Y14938,-171.257,14938.003,3500,-171.257,11797.883,3500,-171.257,18078.123,3500,6280.2,eae25e27-efb3-4f86-95c3-06e41c851dcd
BA-3,Balcony ,254.0*2381.0,7000,,X12863/Y30047,12862.723,30047.003,3500,10836.86,30047.003,3500,14888.585,30047.003,3500,4051.7,eee9b11e-23e0-4a4a-9e41-8a7be900d128
BA-3,Balcony ,254.0*2381.0,7000,,X12863/Y-171,12862.723,-170.997,3500,14888.585,-170.997,3500,10836.86,-170.997,3500,4051.7,24dbea55-966d-4937-9a7b-71f6a9373712
BA-4,Balcony ,254.0*1891.0,7000,,X21613/Y29047,21613.444,29047.153,3500,20093.382,29047.303,3500,23133.507,29047.003,3500,3040.1,a830c102-d832-4e7c-ab4d-c1c60b4249ee
BA-4,Balcony ,254.0*1891.0,7000,,X21613/Y829,21613.444,829.003,3500,23133.507,829.004,3500,20093.382,829.003,3500,3040.1,5e1e2848-e492-4aca-8402-4521b5fbb751
BA-5,Balcony ,254.0*1891.0,7000,,X25897/Y14938,25896.743,14938.003,3500,25896.743,18078.128,3500,25896.743,11797.878,3500,6280.3,637ff885-6b23-4f99-af87-8b7a84026679
BA-4,Balcony ,254.0*1891.0,7000,,X4112/Y829,4112.301,829.003,3500,5632.363,829.003,3500,2592.238,829.004,3500,3040.1,e1acda6f-5cbe-498f-9b5d-dc927c188dc3
BA-4,Balcony ,254.0*1891.0,7000,,X4112/Y29047,4112.301,29047.003,3500,2592.238,29047.003,3500,5632.363,29047.003,3500,3040.1,1f6acd71-ace5-4e6c-9eef-2e0f5100852d
W10-165,WALL,2975*254,6000,,X5177/Y28901,5177.025,28901.003,6525,494.003,28901.003,6525,9860.048,28901.003,6525,9366,8cb67b6f-2e73-4dd2-8a25-eea6e13884ed
BA-9(?),Balcony ,254.0*1891.0,7000,,X4112/Y829,4112.297,828.997,30500,5784.362,828.997,30500,2440.232,828.997,30500,3344.1,314f642e-719d-46ba-8587-0c449faa591f
BA-9(?),Balcony ,254.0*1891.0,7000,,X21613/Y29047,21613.443,29047.003,30500,19941.378,29047.003,30500,23285.508,29047.003,30500,3344.1,db0501dc-e0f3-4d2a-bdc8-b122cbc7393c
BA-9(?),Balcony ,254.0*1891.0,7000,,X4112/Y29047,4112.303,29047.003,30500,2440.238,29047.003,30500,5784.368,29047.003,30500,3344.1,c47f9289-ca0a-4bd0-963c-6704348d44b7
BA-10(?),Balcony ,254.0*1891.0,7000,,X12863/Y30047,12862.725,30047,30500,10684.858,30047.003,30500,15040.592,30046.997,30500,4355.7,01868033-8793-4eb8-9e54-d1bbfda6bb97
BA-8(?),Balcony ,254.0*1891.0,7000,,X25897/Y14938,25896.733,14938.007,30500,25896.733,18230.132,30500,25896.733,11645.882,30500,6584.2,9d4c0b9e-b595-4274-8409-9d249c68aed8
BA-8(?),Balcony ,254.0*1891.0,7000,,X-171/Y14938,-171.263,14938.003,30500,-171.263,11645.878,30500,-171.263,18230.128,30500,6584.2,421d0c97-3883-40f7-9707-50ed32c35095
BA-11(?),Balcony ,254.0*1891.0,7000,,X12863/Y-171,12862.727,-170.993,30500,15040.592,-170.993,30500,10684.862,-170.993,30500,4355.7,827eca15-43d9-42d0-bb1a-02524f899a61
BA-9(?),Balcony ,254.0*1891.0,7000,,X21613/Y829,21613.437,828.997,30500,23285.502,828.997,30500,19941.372,828.997,30500,3344.1,ca2dd327-4205-423a-b52d-9c762d7af92c
BA-12,Balcony ,254.0*1891.0,7000,,X12863/Y-171,12862.723,-170.997,15500,14888.585,-170.997,15500,10836.86,-170.996,15500,4051.7,ec4699c5-b981-4cc8-b0ca-e1a8f4d801af
BA-2,Balcony ,254.0*1891.0,7000,,X-171/Y14938,-171.257,14938.003,15500,-171.257,11797.883,15500,-171.257,18078.123,15500,6280.2,f7f6f626-27b4-4b7f-9af6-3c565466089b
BA-4,Balcony ,254.0*1891.0,7000,,X21613/Y829,21613.444,829.003,15500,23133.507,829.004,15500,20093.382,829.003,15500,3040.1,5d5ccc6b-3bd7-4c6b-a6ed-1df3a36e1638
BA-4,Balcony ,254.0*1891.0,7000,,X4112/Y829,4112.301,829.003,15500,5632.363,829.003,15500,2592.238,829.004,15500,3040.1,cb840fd2-e243-4fea-afb0-674769329b32
BA-12,Balcony ,254.0*1891.0,7000,,X12863/Y-171,12862.723,-170.997,12500,14888.585,-170.997,12500,10836.86,-170.996,12500,4051.7,4157aa7b-3fe8-477b-b388-20526bb7f19e
BA-4,Balcony ,254.0*1891.0,7000,,X4112/Y29047,4112.301,29047.003,15500,2592.238,29047.003,15500,5632.363,29047.003,15500,3040.1,84b657f5-23a2-4433-9756-7cd1c37e638a
BA-4,Balcony ,254.0*1891.0,7000,,X21613/Y29047,21613.444,29047.153,15500,20093.382,29047.303,15500,23133.507,29047.003,15500,3040.1,7bbd1c8c-bf9a-4d13-b129-78eb9f993eac
BA-5,Balcony ,254.0*1891.0,7000,,X25897/Y14938,25896.743,14938.003,15500,25896.743,18078.128,15500,25896.743,11797.878,15500,6280.3,0187c378-e823-484a-a02b-b5230e4a7762
BA-6,Balcony ,254.0*1891.0,7000,,X12863/Y30047,12862.723,30047.003,15500,10836.86,30047.003,15500,14888.585,30047.003,15500,4051.7,974b45ba-cbaa-4e67-81c5-d9db41642f3b
BA-5,Balcony ,254.0*1891.0,7000,,X25897/Y14938,25896.743,14938.003,12500,25896.743,18078.128,12500,25896.743,11797.878,12500,6280.3,dc7ce8e4-0f48-48f7-8b51-f7c87b89e474
BA-6,Balcony ,254.0*1891.0,7000,,X12863/Y30047,12862.723,30047.003,12500,10836.86,30047.003,12500,14888.585,30047.003,12500,4051.7,d9dc0203-f29b-4e9a-a7c1-ca24a791e095
BA-2,Balcony ,254.0*1891.0,7000,,X-171/Y14938,-171.257,14938.003,12500,-171.257,11797.883,12500,-171.257,18078.123,12500,6280.2,41b95b35-4e95-4672-84cd-8f744ebc9a4d
BA-6,Balcony ,254.0*1891.0,7000,,X12863/Y30047,12862.723,30047.003,9500,10836.86,30047.003,9500,14888.585,30047.003,9500,4051.7,30030603-abc3-4aa5-8591-c1ad63086515
BA-5,Balcony ,254.0*1891.0,7000,,X-171/Y14938,-171.257,14938.003,9500,-171.257,11797.883,9500,-171.257,18078.123,9500,6280.2,36f42e42-b320-491d-a63f-8502f087fd84
BA-4,Balcony ,254.0*1891.0,7000,,X21613/Y829,21613.444,829.003,12500,23133.507,829.004,12500,20093.382,829.003,12500,3040.1,7a8bf554-b586-4f68-af0e-086368d24bbe
BA-4,Balcony ,254.0*1891.0,7000,,X4112/Y829,4112.301,829.003,12500,5632.363,829.003,12500,2592.238,829.004,12500,3040.1,69d7cdac-c3bc-41e7-9937-2dd65be9873f
BA-12,Balcony ,254.0*1891.0,7000,,X12863/Y-171,12862.723,-170.997,9500,14888.585,-170.997,9500,10836.86,-170.996,9500,4051.7,d0a28032-de95-47a1-b5e3-d70c34dfe99c
BA-4,Balcony ,254.0*1891.0,7000,,X4112/Y29047,4112.301,29047.003,12500,2592.238,29047.003,12500,5632.363,29047.003,12500,3040.1,7a8211ee-0b3d-4379-9f80-184fac10e591
BA-4,Balcony ,254.0*1891.0,7000,,X21613/Y29047,21613.444,29047.153,12500,20093.382,29047.303,12500,23133.507,29047.003,12500,3040.1,9fe8a306-f116-43e7-ac5b-75cb011088dd
BA-4,Balcony ,254.0*1891.0,7000,,X21613/Y829,21613.444,829.003,9500,23133.507,829.004,9500,20093.382,829.003,9500,3040.1,a6c06c35-8903-4030-a6d0-9502320bf6a6
BA-4,Balcony ,254.0*1891.0,7000,,X4112/Y29047,4112.301,29047.003,9500,2592.238,29047.003,9500,5632.363,29047.003,9500,3040.1,e48cf7a5-a961-4d88-9617-b74297325385
BA-4,Balcony ,254.0*1891.0,7000,,X21613/Y29047,21613.444,29047.153,9500,20093.382,29047.303,9500,23133.507,29047.003,9500,3040.1,2ea13c6f-e79b-480c-9cfd-c63a990e0281
BA-4,Balcony ,254.0*1891.0,7000,,X4112/Y829,4112.301,829.003,9500,5632.363,829.003,9500,2592.238,829.004,9500,3040.1,3f81fb8c-1be3-4b84-9b2b-f1c7cb54b284
BA-5,Balcony ,254.0*1891.0,7000,,X25897/Y14938,25896.743,14938.003,9500,25896.743,18078.128,9500,25896.743,11797.878,9500,6280.3,92c715a9-cac9-49dd-a6b8-9b18342ad65c
L-6,Landing,254*1784.84,6000,,X9822/Y11045,9821.5,11045.004,30500,10435,11045.004,30500,9208,11045.004,30500,1227,5464c575-e079-494c-ad79-7a2650d89408
BA-2,Balcony ,254.0*1891.0,7000,,X-171/Y14938,-171.257,14938.003,27500,-171.257,11797.883,27500,-171.257,18078.123,27500,6280.2,6f0d8a70-9f19-41b6-878e-dbb2ff0feca1
BA-12,Balcony ,254.0*1891.0,7000,,X12863/Y-171,12862.723,-170.997,27500,14888.585,-170.997,27500,10836.86,-170.996,27500,4051.7,d71caf95-e268-41d5-9a22-2874f6ea741d
BA-6,Balcony ,254.0*1891.0,7000,,X12863/Y30047,12862.723,30047.003,27500,10836.86,30047.003,27500,14888.585,30047.003,27500,4051.7,1c5a4696-7d52-45c9-ac51-c0b6b60cc44f
BA-4,Balcony ,254.0*1891.0,7000,,X21613/Y29047,21613.444,29047.153,27500,20093.382,29047.303,27500,23133.507,29047.003,27500,3040.1,41cc17ae-e549-413b-9950-9adbbedff1e6
BA-4,Balcony ,254.0*1891.0,7000,,X21613/Y829,21613.444,829.003,27500,23133.507,829.004,27500,20093.382,829.003,27500,3040.1,ee66cb0a-6045-44fe-81e4-f55fa3ceaa67
BA-4,Balcony ,254.0*1891.0,7000,,X4112/Y829,4112.301,829.003,27500,5632.363,829.003,27500,2592.238,829.004,27500,3040.1,d8145e5a-658a-4a06-bb57-e50d7dc03f97
BA-5,Balcony ,254.0*1891.0,7000,,X25897/Y14938,25896.743,14938.003,27500,25896.743,18078.128,27500,25896.743,11797.878,27500,6280.3,7fb2191a-daed-40c9-9f16-471718b6dd85
BA-4,Balcony ,254.0*1891.0,7000,,X4112/Y29047,4112.301,29047.003,27500,2592.238,29047.003,27500,5632.363,29047.003,27500,3040.1,1ebd7c84-fd6b-4d90-bb7a-fd730d4dafe5
BA-12,Balcony ,254.0*1891.0,7000,,X12863/Y-171,12862.723,-170.997,24500,14888.585,-170.997,24500,10836.86,-170.996,24500,4051.7,7474f202-ca6d-461f-8d32-9f29acb91a38
BA-2,Balcony ,254.0*1891.0,7000,,X-171/Y14938,-171.257,14938.003,24500,-171.257,11797.883,24500,-171.257,18078.123,24500,6280.2,541ab303-a25e-4d6c-8d07-11cb250f14de
BA-4,Balcony ,254.0*1891.0,7000,,X21613/Y29047,21613.444,29047.153,24500,20093.382,29047.303,24500,23133.507,29047.003,24500,3040.1,44689e03-51a5-430e-acfe-921279a35f58
BA-4,Balcony ,254.0*1891.0,7000,,X21613/Y829,21613.444,829.003,24500,23133.507,829.004,24500,20093.382,829.003,24500,3040.1,e5f1b618-22fe-4a91-accf-425b3ef2cebf
BA-5,Balcony ,254.0*1891.0,7000,,X25897/Y14938,25896.743,14938.003,24500,25896.743,18078.128,24500,25896.743,11797.878,24500,6280.3,8fdad5f9-bbcd-4049-9eb5-939e9306505e
BA-6,Balcony ,254.0*1891.0,7000,,X12863/Y30047,12862.723,30047.003,24500,10836.86,30047.003,24500,14888.585,30047.003,24500,4051.7,d6acfb11-3853-4521-b5fb-8a31bfcb6778
BA-4,Balcony ,254.0*1891.0,7000,,X4112/Y829,4112.301,829.003,24500,5632.363,829.003,24500,2592.238,829.004,24500,3040.1,fa4f0140-de89-4f1a-9708-36917eb072ca
BA-4,Balcony ,254.0*1891.0,7000,,X4112/Y29047,4112.301,29047.003,24500,2592.238,29047.003,24500,5632.363,29047.003,24500,3040.1,87c3723a-52d6-418c-a6aa-1127b13bf1e8
BA-12,Balcony ,254.0*1891.0,7000,,X12863/Y-171,12862.723,-170.997,21500,14888.585,-170.997,21500,10836.86,-170.996,21500,4051.7,7c3e46f1-e1ac-48dd-a219-077123d4e7d2
BA-2,Balcony ,254.0*1891.0,7000,,X-171/Y14938,-171.257,14938.003,21500,-171.257,11797.883,21500,-171.257,18078.123,21500,6280.2,506c88cf-bb60-41b7-8ac2-21f40be246ff
BA-5,Balcony ,254.0*1891.0,7000,,X25897/Y14938,25896.743,14938.003,21500,25896.743,18078.128,21500,25896.743,11797.878,21500,6280.3,129f55cf-45e1-4e9d-89e7-14368aa7c201
BA-6,Balcony ,254.0*1891.0,7000,,X12863/Y30047,12862.723,30047.003,21500,10836.86,30047.003,21500,14888.585,30047.003,21500,4051.7,dc97a070-ad72-4a0a-b52f-f4fe64bff102
BA-4,Balcony ,254.0*1891.0,7000,,X4112/Y829,4112.301,829.003,21500,5632.363,829.003,21500,2592.238,829.004,21500,3040.1,4445887f-2c04-4b5a-91b5-b6582e79ed5e
BA-4,Balcony ,254.0*1891.0,7000,,X4112/Y29047,4112.301,29047.003,21500,2592.238,29047.003,21500,5632.363,29047.003,21500,3040.1,5331fd43-8e1b-4fd8-956d-d5770b3c8c5f
BA-4,Balcony ,254.0*1891.0,7000,,X21613/Y29047,21613.444,29047.153,21500,20093.382,29047.303,21500,23133.507,29047.003,21500,3040.1,caddaf40-e8a8-4707-9227-b05e320d0f90
BA-4,Balcony ,254.0*1891.0,7000,,X21613/Y829,21613.444,829.003,21500,23133.507,829.004,21500,20093.382,829.003,21500,3040.1,953c69a9-e0d3-4147-aa6b-e565d8817360
BA-2,Balcony ,254.0*1891.0,7000,,X-171/Y14938,-171.257,14938.003,18500,-171.257,11797.883,18500,-171.257,18078.123,18500,6280.2,73035992-9c46-4256-b8e4-1aeb9cdecae0
BA-12,Balcony ,254.0*1891.0,7000,,X12863/Y-171,12862.723,-170.997,18500,14888.585,-170.997,18500,10836.86,-170.996,18500,4051.7,e193c3a4-2bfc-42cd-87a8-ee19cb3a1858
BA-4,Balcony ,254.0*1891.0,7000,,X21613/Y829,21613.444,829.003,18500,23133.507,829.004,18500,20093.382,829.003,18500,3040.1,77237e03-01f8-4498-8d95-8d8652cb9317
BA-4,Balcony ,254.0*1891.0,7000,,X4112/Y829,4112.301,829.003,18500,5632.363,829.003,18500,2592.238,829.004,18500,3040.1,3390515a-f0a2-4782-bf25-07a7261db3f6
BA-4,Balcony ,254.0*1891.0,7000,,X21613/Y29047,21613.444,29047.153,18500,20093.382,29047.303,18500,23133.507,29047.003,18500,3040.1,4a37e4eb-ef36-4565-a296-80c2fdd1757a
BA-5,Balcony ,254.0*1891.0,7000,,X25897/Y14938,25896.743,14938.003,18500,25896.743,18078.128,18500,25896.743,11797.878,18500,6280.3,e86abec9-454c-417f-99af-47e879b8f546
BA-6,Balcony ,254.0*1891.0,7000,,X12863/Y30047,12862.723,30047.003,18500,10836.86,30047.003,18500,14888.585,30047.003,18500,4051.7,1f7ddc10-a7b5-49b5-8fdd-f8e797851c50
BA-4,Balcony ,254.0*1891.0,7000,,X4112/Y29047,4112.301,29047.003,18500,2592.238,29047.003,18500,5632.363,29047.003,18500,3040.1,89c22f11-3004-49af-b5fc-dfba2e70cbe2
W8-39,WALL,2718*203,6000,,X21644/Y9038,21644.438,9038.003,24525,25213.003,9038.003,24525,18075.873,9038.003,24525,7137.1,21b0745f-8ff5-49ee-b3e0-c61f2c5de718
W10-141,WALL,2975*254,6000,,X247/Y8913,246.874,8913.003,9525,18.747,8913.003,9525,475,8913.003,9525,456.3,4409a7bd-8440-446b-b68c-b9c7e67dea0e
W10-141,WALL,2975*254,6000,,X247/Y8913,246.874,8913.003,12525,18.747,8913.003,12525,475,8913.003,12525,456.3,679d0000-97ed-4a11-8a61-e22feee7fa94
W10-141,WALL,2975*254,6000,,X247/Y8913,246.874,8913.003,15525,18.747,8913.003,15525,475,8913.003,15525,456.3,136a92c2-240f-4ea9-b8c1-20ee8258d6f6
W10-141,WALL,2975*254,6000,,X247/Y8913,246.874,8913.003,18525,18.747,8913.003,18525,475,8913.003,18525,456.3,e0cb8c0e-a340-4b2e-938a-6add5def7ace
W10-141,WALL,2975*254,6000,,X247/Y8913,246.874,8913.003,21525,18.747,8913.003,21525,475,8913.003,21525,456.3,789c11f6-33df-4590-a56b-f1fdad5d4c1d
W10-141,WALL,2975*254,6000,,X247/Y8913,246.874,8913.003,24525,18.747,8913.003,24525,475,8913.003,24525,456.3,684db899-7089-4b4c-a99b-be66a79bae1c
P6-49,WALL,3254*152,6000,,X-76/Y14938,-76.257,14938.003,6246,-76.257,21090,6246,-76.257,8786.005,6246,12304,ae3d7710-fcb2-46dc-8c25-2567870de1f6
W10-112,WALL,2718*254,6000,,X23261/Y29594,23260.503,29594.003,27525,23260.503,30141.003,27525,23260.503,29047.003,27525,1094,89bc2b0c-f969-4ba8-8298-83d540a29342
W10-112,WALL,2718*254,6000,,X2465/Y282,2465.242,282.003,27525,2465.242,-264.997,27525,2465.242,829.003,27525,1094,700ee29b-0167-4af9-9198-3eceba8437c1
