PieceMark,Mark,Kind,Description,Qty,Profile,Material,LengthMm,WeightKg,Guid
L-6,P-403,EMBED,L102X102X12.7 W/STUDS,1,L102X102X12.7,A572-GR.50,,,e8f2703f-a5e5-4b42-b84b-5b7165fb10fa
L-6,P-207,ANCHOR,4000LB T-BAR ANCHOR,4,PL15.88,A36,,,6e82dfd9-5251-45ff-96ba-14b11be3d39e
L-6,P-206,EMBED,,1,PL54,Steel_Undefined,,,bb2adde2-ac0b-41e7-8456-7bff0d724e38
L-6,P-403,EMBED,L102X102X12.7 W/STUDS,1,L102X102X12.7,A572-GR.50,,,e8f2703f-a5e5-4b42-b84b-5b7165fb10fa
L-6,P-207,ANCHOR,4000LB T-BAR ANCHOR,4,PL15.88,A36,,,6e82dfd9-5251-45ff-96ba-14b11be3d39e
L-6,P-206,EMBED,,1,PL54,Steel_Undefined,,,bb2adde2-ac0b-41e7-8456-7bff0d724e38
L-6,P-403,EMBED,L102X102X12.7 W/STUDS,1,L102X102X12.7,A572-GR.50,,,e8f2703f-a5e5-4b42-b84b-5b7165fb10fa
L-6,P-207,ANCHOR,4000LB T-BAR ANCHOR,4,PL15.88,A36,,,6e82dfd9-5251-45ff-96ba-14b11be3d39e
L-6,P-206,EMBED,,1,PL54,Steel_Undefined,,,bb2adde2-ac0b-41e7-8456-7bff0d724e38
L-6,P-403,EMBED,L102X102X12.7 W/STUDS,1,L102X102X12.7,A572-GR.50,,,e8f2703f-a5e5-4b42-b84b-5b7165fb10fa
L-6,P-207,ANCHOR,4000LB T-BAR ANCHOR,4,PL15.88,A36,,,6e82dfd9-5251-45ff-96ba-14b11be3d39e
L-6,P-206,EMBED,,1,PL54,Steel_Undefined,,,bb2adde2-ac0b-41e7-8456-7bff0d724e38
BA-2,P-620,EMBED,6PL W/STUDS,1,PL101.6*6.35,A572-GR.50,,,14494043-ec85-48c9-a728-19a1077ce43c
BA-2,P-207,ANCHOR,4000LB T-BAR ANCHOR,4,PL15.88,A36,,,6776787c-9c20-4dfc-9c89-2fdf8972443c
BA-2,P-206,EMBED,,1,PL54,Steel_Undefined,,,e4bb45c2-a480-45d4-be23-21a986a1db20
BA-2,P-620,EMBED,6PL W/STUDS,1,PL101.6*6.35,A572-GR.50,,,14494043-ec85-48c9-a728-19a1077ce43c
BA-2,P-207,ANCHOR,4000LB T-BAR ANCHOR,4,PL15.88,A36,,,6776787c-9c20-4dfc-9c89-2fdf8972443c
BA-2,P-206,EMBED,,1,PL54,Steel_Undefined,,,e4bb45c2-a480-45d4-be23-21a986a1db20
BA-2,P-620,EMBED,6PL W/STUDS,1,PL101.6*6.35,A572-GR.50,,,14494043-ec85-48c9-a728-19a1077ce43c
BA-2,P-207,ANCHOR,4000LB T-BAR ANCHOR,4,PL15.88,A36,,,6776787c-9c20-4dfc-9c89-2fdf8972443c
BA-2,P-206,EMBED,,1,PL54,Steel_Undefined,,,e4bb45c2-a480-45d4-be23-21a986a1db20
BA-2,P-620,EMBED,6PL W/STUDS,1,PL101.6*6.35,A572-GR.50,,,14494043-ec85-48c9-a728-19a1077ce43c
BA-2,P-207,ANCHOR,4000LB T-BAR ANCHOR,4,PL15.88,A36,,,6776787c-9c20-4dfc-9c89-2fdf8972443c
BA-2,P-206,EMBED,,1,PL54,Steel_Undefined,,,e4bb45c2-a480-45d4-be23-21a986a1db20
BA-3,P-207,ANCHOR,4000LB T-BAR ANCHOR,4,PL15.88,A36,,,8487c1ac-a9eb-4d3c-b9af-4c7e9cd5ecd2
BA-3,P-206,EMBED,,1,PL54,Steel_Undefined,,,acb579a2-198a-437c-9064-16c62d420580
BA-3,P-207,ANCHOR,4000LB T-BAR ANCHOR,4,PL15.88,A36,,,8487c1ac-a9eb-4d3c-b9af-4c7e9cd5ecd2
BA-3,P-206,EMBED,,1,PL54,Steel_Undefined,,,acb579a2-198a-437c-9064-16c62d420580
BA-3,P-207,ANCHOR,4000LB T-BAR ANCHOR,4,PL15.88,A36,,,8487c1ac-a9eb-4d3c-b9af-4c7e9cd5ecd2
BA-3,P-206,EMBED,,1,PL54,Steel_Undefined,,,acb579a2-198a-437c-9064-16c62d420580
BA-3,P-207,ANCHOR,4000LB T-BAR ANCHOR,4,PL15.88,A36,,,8487c1ac-a9eb-4d3c-b9af-4c7e9cd5ecd2
BA-3,P-206,EMBED,,1,PL54,Steel_Undefined,,,acb579a2-198a-437c-9064-16c62d420580
BA-1,P-204,ANCHOR,8000LB T-BAR ANCHOR,4,PL15.875,A36,,,9e8d201a-5def-41cd-adf8-2593b7e77b87
BA-1,P-204,ANCHOR,8000LB T-BAR ANCHOR,4,PL15.875,A36,,,9e8d201a-5def-41cd-adf8-2593b7e77b87
BA-1,P-204,ANCHOR,8000LB T-BAR ANCHOR,4,PL15.875,A36,,,9e8d201a-5def-41cd-adf8-2593b7e77b87
BA-1,P-204,ANCHOR,8000LB T-BAR ANCHOR,4,PL15.875,A36,,,9e8d201a-5def-41cd-adf8-2593b7e77b87
BA-12,P-207,ANCHOR,4000LB T-BAR ANCHOR,4,PL15.88,A36,,,701c2895-43d2-4d04-853c-634ad82af5a9
BA-12,P-206,EMBED,,1,PL54,Steel_Undefined,,,9daa079a-f70e-4948-b110-5c25978c2784
BA-12,P-207,ANCHOR,4000LB T-BAR ANCHOR,4,PL15.88,A36,,,701c2895-43d2-4d04-853c-634ad82af5a9
BA-12,P-206,EMBED,,1,PL54,Steel_Undefined,,,9daa079a-f70e-4948-b110-5c25978c2784
BA-12,P-207,ANCHOR,4000LB T-BAR ANCHOR,4,PL15.88,A36,,,701c2895-43d2-4d04-853c-634ad82af5a9
BA-12,P-206,EMBED,,1,PL54,Steel_Undefined,,,9daa079a-f70e-4948-b110-5c25978c2784
BA-12,P-207,ANCHOR,4000LB T-BAR ANCHOR,4,PL15.88,A36,,,701c2895-43d2-4d04-853c-634ad82af5a9
BA-12,P-206,EMBED,,1,PL54,Steel_Undefined,,,9daa079a-f70e-4948-b110-5c25978c2784
BA-5,P-207,ANCHOR,4000LB T-BAR ANCHOR,4,PL15.88,A36,,,f9fbf83f-586f-4c5a-abcb-938fd478322c
BA-5,P-206,EMBED,,1,PL54,Steel_Undefined,,,3b746265-c67c-43d8-9e1b-a9cc0a571fa9
BA-5,P-207,ANCHOR,4000LB T-BAR ANCHOR,4,PL15.88,A36,,,f9fbf83f-586f-4c5a-abcb-938fd478322c
BA-5,P-206,EMBED,,1,PL54,Steel_Undefined,,,3b746265-c67c-43d8-9e1b-a9cc0a571fa9
BA-5,P-207,ANCHOR,4000LB T-BAR ANCHOR,4,PL15.88,A36,,,f9fbf83f-586f-4c5a-abcb-938fd478322c
BA-5,P-206,EMBED,,1,PL54,Steel_Undefined,,,3b746265-c67c-43d8-9e1b-a9cc0a571fa9
BA-5,P-207,ANCHOR,4000LB T-BAR ANCHOR,4,PL15.88,A36,,,f9fbf83f-586f-4c5a-abcb-938fd478322c
BA-5,P-206,EMBED,,1,PL54,Steel_Undefined,,,3b746265-c67c-43d8-9e1b-a9cc0a571fa9
BA-6,P-207,ANCHOR,4000LB T-BAR ANCHOR,4,PL15.88,A36,,,4598adc4-9d67-49a6-ab18-bc6fed27cc1d
BA-6,P-206,EMBED,,1,PL54,Steel_Undefined,,,95a9e610-a097-4c2b-948b-807d530354f8
BA-6,P-207,ANCHOR,4000LB T-BAR ANCHOR,4,PL15.88,A36,,,4598adc4-9d67-49a6-ab18-bc6fed27cc1d
BA-6,P-206,EMBED,,1,PL54,Steel_Undefined,,,95a9e610-a097-4c2b-948b-807d530354f8
BA-6,P-207,ANCHOR,4000LB T-BAR ANCHOR,4,PL15.88,A36,,,4598adc4-9d67-49a6-ab18-bc6fed27cc1d
BA-6,P-206,EMBED,,1,PL54,Steel_Undefined,,,95a9e610-a097-4c2b-948b-807d530354f8
BA-6,P-207,ANCHOR,4000LB T-BAR ANCHOR,4,PL15.88,A36,,,4598adc4-9d67-49a6-ab18-bc6fed27cc1d
BA-6,P-206,EMBED,,1,PL54,Steel_Undefined,,,95a9e610-a097-4c2b-948b-807d530354f8
BA-4,P-207,ANCHOR,4000LB T-BAR ANCHOR,4,PL15.88,A36,,,01d178f5-f015-46ea-a922-97b4bf286bb2
BA-4,P-206,EMBED,,1,PL54,Steel_Undefined,,,d9cf448a-a45e-4c4a-b462-fedd0652b096
BA-4,P-207,ANCHOR,4000LB T-BAR ANCHOR,4,PL15.88,A36,,,01d178f5-f015-46ea-a922-97b4bf286bb2
BA-4,P-206,EMBED,,1,PL54,Steel_Undefined,,,d9cf448a-a45e-4c4a-b462-fedd0652b096
BA-4,P-207,ANCHOR,4000LB T-BAR ANCHOR,4,PL15.88,A36,,,01d178f5-f015-46ea-a922-97b4bf286bb2
BA-4,P-206,EMBED,,1,PL54,Steel_Undefined,,,d9cf448a-a45e-4c4a-b462-fedd0652b096
BA-4,P-207,ANCHOR,4000LB T-BAR ANCHOR,4,PL15.88,A36,,,01d178f5-f015-46ea-a922-97b4bf286bb2
BA-4,P-206,EMBED,,1,PL54,Steel_Undefined,,,d9cf448a-a45e-4c4a-b462-fedd0652b096
L-2,GT75-254,GROUT_TUBE,75Ø GROUT TUBE x 254,1,ROD76.2,Zero_Density,,,2596f280-44b7-4286-a083-a77cf565c152
L-2,P-403,EMBED,L102X102X12.7 W/STUDS,1,L102X102X12.7,A572-GR.50,,,56b18a31-95a4-452d-b4bf-76e1bde07b75
L-2,P-207,ANCHOR,4000LB T-BAR ANCHOR,4,PL15.88,A36,,,763c2785-3015-48e1-b208-c7ccb048c1dc
L-2,P-206,EMBED,,1,PL54,Steel_Undefined,,,9943f0b2-be45-47db-b304-22376fc9364a
L-2,SLV-102-254,SLEEVE,102Ø x 254 PVC SLEEVE,1,ROD108,Zero_Density,,,8441f091-8531-4249-8f2d-88adf346a6cc
L-2,SLV-152-254,SLEEVE,152Ø x 254 PVC SLEEVE,1,ROD160,Zero_Density,,,cc441704-e76d-4845-9a56-2dcdbae388e7
L-2,GT75-254,GROUT_TUBE,75Ø GROUT TUBE x 254,1,ROD76.2,Zero_Density,,,2596f280-44b7-4286-a083-a77cf565c152
L-2,P-403,EMBED,L102X102X12.7 W/STUDS,1,L102X102X12.7,A572-GR.50,,,56b18a31-95a4-452d-b4bf-76e1bde07b75
L-2,P-207,ANCHOR,4000LB T-BAR ANCHOR,4,PL15.88,A36,,,763c2785-3015-48e1-b208-c7ccb048c1dc
L-2,P-206,EMBED,,1,PL54,Steel_Undefined,,,9943f0b2-be45-47db-b304-22376fc9364a
L-2,SLV-102-254,SLEEVE,102Ø x 254 PVC SLEEVE,1,ROD108,Zero_Density,,,8441f091-8531-4249-8f2d-88adf346a6cc
L-2,SLV-152-254,SLEEVE,152Ø x 254 PVC SLEEVE,1,ROD160,Zero_Density,,,cc441704-e76d-4845-9a56-2dcdbae388e7
L-2,GT75-254,GROUT_TUBE,75Ø GROUT TUBE x 254,1,ROD76.2,Zero_Density,,,2596f280-44b7-4286-a083-a77cf565c152
L-2,P-403,EMBED,L102X102X12.7 W/STUDS,1,L102X102X12.7,A572-GR.50,,,56b18a31-95a4-452d-b4bf-76e1bde07b75
L-2,P-207,ANCHOR,4000LB T-BAR ANCHOR,4,PL15.88,A36,,,763c2785-3015-48e1-b208-c7ccb048c1dc
L-2,P-206,EMBED,,1,PL54,Steel_Undefined,,,9943f0b2-be45-47db-b304-22376fc9364a
L-2,SLV-102-254,SLEEVE,102Ø x 254 PVC SLEEVE,1,ROD108,Zero_Density,,,8441f091-8531-4249-8f2d-88adf346a6cc
L-2,SLV-152-254,SLEEVE,152Ø x 254 PVC SLEEVE,1,ROD160,Zero_Density,,,cc441704-e76d-4845-9a56-2dcdbae388e7
L-2,GT75-254,GROUT_TUBE,75Ø GROUT TUBE x 254,1,ROD76.2,Zero_Density,,,2596f280-44b7-4286-a083-a77cf565c152
L-2,P-403,EMBED,L102X102X12.7 W/STUDS,1,L102X102X12.7,A572-GR.50,,,56b18a31-95a4-452d-b4bf-76e1bde07b75
L-2,P-207,ANCHOR,4000LB T-BAR ANCHOR,4,PL15.88,A36,,,763c2785-3015-48e1-b208-c7ccb048c1dc
L-2,P-206,EMBED,,1,PL54,Steel_Undefined,,,9943f0b2-be45-47db-b304-22376fc9364a
L-2,SLV-102-254,SLEEVE,102Ø x 254 PVC SLEEVE,1,ROD108,Zero_Density,,,8441f091-8531-4249-8f2d-88adf346a6cc
L-2,SLV-152-254,SLEEVE,152Ø x 254 PVC SLEEVE,1,ROD160,Zero_Density,,,cc441704-e76d-4845-9a56-2dcdbae388e7
L-3,GT75-254,GROUT_TUBE,75Ø GROUT TUBE x 254,1,ROD76.2,Zero_Density,,,02577a29-cc7b-4bc1-8084-19b633e09fd0
L-3,P-403,EMBED,L102X102X12.7 W/STUDS,1,L102X102X12.7,A572-GR.50,,,f830af74-c271-4770-9404-27d31825a13b
L-3,P-207,ANCHOR,4000LB T-BAR ANCHOR,4,PL15.88,A36,,,172cf4c1-f4a7-48a5-8299-08fc8460ae08
L-3,P-206,EMBED,,1,PL54,Steel_Undefined,,,0aff3c05-c9ab-49d3-ac27-0905fb69ca02
L-3,SLV-152-254,SLEEVE,152Ø x 254 PVC SLEEVE,1,ROD160,Zero_Density,,,87616d5e-e6bb-4df8-a0f9-4ddc059c8f75
L-3,GT75-254,GROUT_TUBE,75Ø GROUT TUBE x 254,1,ROD76.2,Zero_Density,,,02577a29-cc7b-4bc1-8084-19b633e09fd0
L-3,P-403,EMBED,L102X102X12.7 W/STUDS,1,L102X102X12.7,A572-GR.50,,,f830af74-c271-4770-9404-27d31825a13b
L-3,P-207,ANCHOR,4000LB T-BAR ANCHOR,4,PL15.88,A36,,,172cf4c1-f4a7-48a5-8299-08fc8460ae08
L-3,P-206,EMBED,,1,PL54,Steel_Undefined,,,0aff3c05-c9ab-49d3-ac27-0905fb69ca02
L-3,SLV-152-254,SLEEVE,152Ø x 254 PVC SLEEVE,1,ROD160,Zero_Density,,,87616d5e-e6bb-4df8-a0f9-4ddc059c8f75
L-3,GT75-254,GROUT_TUBE,75Ø GROUT TUBE x 254,1,ROD76.2,Zero_Density,,,02577a29-cc7b-4bc1-8084-19b633e09fd0
L-3,P-403,EMBED,L102X102X12.7 W/STUDS,1,L102X102X12.7,A572-GR.50,,,f830af74-c271-4770-9404-27d31825a13b
L-3,P-207,ANCHOR,4000LB T-BAR ANCHOR,4,PL15.88,A36,,,172cf4c1-f4a7-48a5-8299-08fc8460ae08
L-3,P-206,EMBED,,1,PL54,Steel_Undefined,,,0aff3c05-c9ab-49d3-ac27-0905fb69ca02
L-3,SLV-152-254,SLEEVE,152Ø x 254 PVC SLEEVE,1,ROD160,Zero_Density,,,87616d5e-e6bb-4df8-a0f9-4ddc059c8f75
L-3,GT75-254,GROUT_TUBE,75Ø GROUT TUBE x 254,1,ROD76.2,Zero_Density,,,02577a29-cc7b-4bc1-8084-19b633e09fd0
L-3,P-403,EMBED,L102X102X12.7 W/STUDS,1,L102X102X12.7,A572-GR.50,,,f830af74-c271-4770-9404-27d31825a13b
L-3,P-207,ANCHOR,4000LB T-BAR ANCHOR,4,PL15.88,A36,,,172cf4c1-f4a7-48a5-8299-08fc8460ae08
L-3,P-206,EMBED,,1,PL54,Steel_Undefined,,,0aff3c05-c9ab-49d3-ac27-0905fb69ca02
L-3,SLV-152-254,SLEEVE,152Ø x 254 PVC SLEEVE,1,ROD160,Zero_Density,,,87616d5e-e6bb-4df8-a0f9-4ddc059c8f75
L-1,GT75-254,GROUT_TUBE,75Ø GROUT TUBE x 254,1,ROD76.2,Zero_Density,,,3dc77d41-05c2-4a5f-a228-7a63fd0f5e08
L-1,P-403,EMBED,L102X102X12.7 W/STUDS,1,L102X102X12.7,A572-GR.50,,,913677ea-e753-449c-8730-b5962017c459
L-1,P-207,ANCHOR,4000LB T-BAR ANCHOR,4,PL15.88,A36,,,209ce317-d1b7-46e3-8e77-4902a261baf0
L-1,P-206,EMBED,,1,PL54,Steel_Undefined,,,96d51274-e3ba-44c8-afe5-783d8842a4b3
L-1,SLV-152-254,SLEEVE,152Ø x 254 PVC SLEEVE,1,ROD160,Zero_Density,,,ec778128-fd60-4442-815e-ccac5d53c371
L-1,GT75-254,GROUT_TUBE,75Ø GROUT TUBE x 254,1,ROD76.2,Zero_Density,,,3dc77d41-05c2-4a5f-a228-7a63fd0f5e08
L-1,P-403,EMBED,L102X102X12.7 W/STUDS,1,L102X102X12.7,A572-GR.50,,,913677ea-e753-449c-8730-b5962017c459
L-1,P-207,ANCHOR,4000LB T-BAR ANCHOR,4,PL15.88,A36,,,209ce317-d1b7-46e3-8e77-4902a261baf0
L-1,P-206,EMBED,,1,PL54,Steel_Undefined,,,96d51274-e3ba-44c8-afe5-783d8842a4b3
L-1,SLV-152-254,SLEEVE,152Ø x 254 PVC SLEEVE,1,ROD160,Zero_Density,,,ec778128-fd60-4442-815e-ccac5d53c371
L-1,GT75-254,GROUT_TUBE,75Ø GROUT TUBE x 254,1,ROD76.2,Zero_Density,,,3dc77d41-05c2-4a5f-a228-7a63fd0f5e08
L-1,P-403,EMBED,L102X102X12.7 W/STUDS,1,L102X102X12.7,A572-GR.50,,,913677ea-e753-449c-8730-b5962017c459
L-1,P-207,ANCHOR,4000LB T-BAR ANCHOR,4,PL15.88,A36,,,209ce317-d1b7-46e3-8e77-4902a261baf0
L-1,P-206,EMBED,,1,PL54,Steel_Undefined,,,96d51274-e3ba-44c8-afe5-783d8842a4b3
L-1,SLV-152-254,SLEEVE,152Ø x 254 PVC SLEEVE,1,ROD160,Zero_Density,,,ec778128-fd60-4442-815e-ccac5d53c371
L-1,GT75-254,GROUT_TUBE,75Ø GROUT TUBE x 254,1,ROD76.2,Zero_Density,,,3dc77d41-05c2-4a5f-a228-7a63fd0f5e08
L-1,P-403,EMBED,L102X102X12.7 W/STUDS,1,L102X102X12.7,A572-GR.50,,,913677ea-e753-449c-8730-b5962017c459
L-1,P-207,ANCHOR,4000LB T-BAR ANCHOR,4,PL15.88,A36,,,209ce317-d1b7-46e3-8e77-4902a261baf0
L-1,P-206,EMBED,,1,PL54,Steel_Undefined,,,96d51274-e3ba-44c8-afe5-783d8842a4b3
L-1,SLV-152-254,SLEEVE,152Ø x 254 PVC SLEEVE,1,ROD160,Zero_Density,,,ec778128-fd60-4442-815e-ccac5d53c371
L-5,GT75-254,GROUT_TUBE,75Ø GROUT TUBE x 254,1,ROD76.2,Zero_Density,,,6f105bef-ef57-43be-8b8b-5241c68efcad
L-5,P-403,EMBED,L102X102X12.7 W/STUDS,1,L102X102X12.7,A572-GR.50,,,21a01f82-db44-441a-bccc-c83b3ef2da8a
L-5,P-207,ANCHOR,4000LB T-BAR ANCHOR,4,PL15.88,A36,,,b355fc8c-9a0e-4ccc-90bb-96eca81136e5
L-5,P-206,EMBED,,1,PL54,Steel_Undefined,,,ee634299-1e29-4730-9976-f0f0741f04cc
L-5,SLV-152-254,SLEEVE,152Ø x 254 PVC SLEEVE,1,ROD160,Zero_Density,,,67bbdcaa-249b-4014-a5d1-36283c80ae4e
L-5,GT75-254,GROUT_TUBE,75Ø GROUT TUBE x 254,1,ROD76.2,Zero_Density,,,6f105bef-ef57-43be-8b8b-5241c68efcad
L-5,P-403,EMBED,L102X102X12.7 W/STUDS,1,L102X102X12.7,A572-GR.50,,,21a01f82-db44-441a-bccc-c83b3ef2da8a
L-5,P-207,ANCHOR,4000LB T-BAR ANCHOR,4,PL15.88,A36,,,b355fc8c-9a0e-4ccc-90bb-96eca81136e5
L-5,P-206,EMBED,,1,PL54,Steel_Undefined,,,ee634299-1e29-4730-9976-f0f0741f04cc
L-5,SLV-152-254,SLEEVE,152Ø x 254 PVC SLEEVE,1,ROD160,Zero_Density,,,67bbdcaa-249b-4014-a5d1-36283c80ae4e
L-5,GT75-254,GROUT_TUBE,75Ø GROUT TUBE x 254,1,ROD76.2,Zero_Density,,,6f105bef-ef57-43be-8b8b-5241c68efcad
L-5,P-403,EMBED,L102X102X12.7 W/STUDS,1,L102X102X12.7,A572-GR.50,,,21a01f82-db44-441a-bccc-c83b3ef2da8a
L-5,P-207,ANCHOR,4000LB T-BAR ANCHOR,4,PL15.88,A36,,,b355fc8c-9a0e-4ccc-90bb-96eca81136e5
L-5,P-206,EMBED,,1,PL54,Steel_Undefined,,,ee634299-1e29-4730-9976-f0f0741f04cc
L-5,SLV-152-254,SLEEVE,152Ø x 254 PVC SLEEVE,1,ROD160,Zero_Density,,,67bbdcaa-249b-4014-a5d1-36283c80ae4e
L-5,GT75-254,GROUT_TUBE,75Ø GROUT TUBE x 254,1,ROD76.2,Zero_Density,,,6f105bef-ef57-43be-8b8b-5241c68efcad
L-5,P-403,EMBED,L102X102X12.7 W/STUDS,1,L102X102X12.7,A572-GR.50,,,21a01f82-db44-441a-bccc-c83b3ef2da8a
L-5,P-207,ANCHOR,4000LB T-BAR ANCHOR,4,PL15.88,A36,,,b355fc8c-9a0e-4ccc-90bb-96eca81136e5
L-5,P-206,EMBED,,1,PL54,Steel_Undefined,,,ee634299-1e29-4730-9976-f0f0741f04cc
L-5,SLV-152-254,SLEEVE,152Ø x 254 PVC SLEEVE,1,ROD160,Zero_Density,,,67bbdcaa-249b-4014-a5d1-36283c80ae4e
L-4,GT75-254,GROUT_TUBE,75Ø GROUT TUBE x 254,1,ROD76.2,Zero_Density,,,141f2f30-9d7d-478b-ab8c-590c3c4364a1
L-4,P-403,EMBED,L102X102X12.7 W/STUDS,1,L102X102X12.7,A572-GR.50,,,89541242-d7d0-46e7-b186-0f647267e07f
L-4,P-207,ANCHOR,4000LB T-BAR ANCHOR,4,PL15.88,A36,,,84274df7-5d36-4316-b932-d06e18e8ef5f
L-4,P-206,EMBED,,1,PL54,Steel_Undefined,,,ac8400c6-63d5-4c4c-be6c-eb60ccb687f3
L-4,SLV-102-254,SLEEVE,102Ø x 254 PVC SLEEVE,1,ROD108,Zero_Density,,,c879ddba-7c5c-4d15-a3d6-b1c2345446c6
L-4,SLV-152-254,SLEEVE,152Ø x 254 PVC SLEEVE,1,ROD160,Zero_Density,,,0c101008-4e5c-45cf-9ec7-970f111b4c8f
L-4,GT75-254,GROUT_TUBE,75Ø GROUT TUBE x 254,1,ROD76.2,Zero_Density,,,141f2f30-9d7d-478b-ab8c-590c3c4364a1
L-4,P-403,EMBED,L102X102X12.7 W/STUDS,1,L102X102X12.7,A572-GR.50,,,89541242-d7d0-46e7-b186-0f647267e07f
L-4,P-207,ANCHOR,4000LB T-BAR ANCHOR,4,PL15.88,A36,,,84274df7-5d36-4316-b932-d06e18e8ef5f
L-4,P-206,EMBED,,1,PL54,Steel_Undefined,,,ac8400c6-63d5-4c4c-be6c-eb60ccb687f3
L-4,SLV-102-254,SLEEVE,102Ø x 254 PVC SLEEVE,1,ROD108,Zero_Density,,,c879ddba-7c5c-4d15-a3d6-b1c2345446c6
L-4,SLV-152-254,SLEEVE,152Ø x 254 PVC SLEEVE,1,ROD160,Zero_Density,,,0c101008-4e5c-45cf-9ec7-970f111b4c8f
L-4,GT75-254,GROUT_TUBE,75Ø GROUT TUBE x 254,1,ROD76.2,Zero_Density,,,141f2f30-9d7d-478b-ab8c-590c3c4364a1
L-4,P-403,EMBED,L102X102X12.7 W/STUDS,1,L102X102X12.7,A572-GR.50,,,89541242-d7d0-46e7-b186-0f647267e07f
L-4,P-207,ANCHOR,4000LB T-BAR ANCHOR,4,PL15.88,A36,,,84274df7-5d36-4316-b932-d06e18e8ef5f
L-4,P-206,EMBED,,1,PL54,Steel_Undefined,,,ac8400c6-63d5-4c4c-be6c-eb60ccb687f3
L-4,SLV-102-254,SLEEVE,102Ø x 254 PVC SLEEVE,1,ROD108,Zero_Density,,,c879ddba-7c5c-4d15-a3d6-b1c2345446c6
L-4,SLV-152-254,SLEEVE,152Ø x 254 PVC SLEEVE,1,ROD160,Zero_Density,,,0c101008-4e5c-45cf-9ec7-970f111b4c8f
L-4,GT75-254,GROUT_TUBE,75Ø GROUT TUBE x 254,1,ROD76.2,Zero_Density,,,141f2f30-9d7d-478b-ab8c-590c3c4364a1
L-4,P-403,EMBED,L102X102X12.7 W/STUDS,1,L102X102X12.7,A572-GR.50,,,89541242-d7d0-46e7-b186-0f647267e07f
L-4,P-207,ANCHOR,4000LB T-BAR ANCHOR,4,PL15.88,A36,,,84274df7-5d36-4316-b932-d06e18e8ef5f
L-4,P-206,EMBED,,1,PL54,Steel_Undefined,,,ac8400c6-63d5-4c4c-be6c-eb60ccb687f3
L-4,SLV-102-254,SLEEVE,102Ø x 254 PVC SLEEVE,1,ROD108,Zero_Density,,,c879ddba-7c5c-4d15-a3d6-b1c2345446c6
L-4,SLV-152-254,SLEEVE,152Ø x 254 PVC SLEEVE,1,ROD160,Zero_Density,,,0c101008-4e5c-45cf-9ec7-970f111b4c8f
SR-1,P-206,EMBED,4000LB LIFTER W/10M V,1,PL69.85*9.53,A36,,,fe8e8e0d-25fc-42d2-aa6a-c54a738caff2
SR-2,P-206,EMBED,4000LB LIFTER W/10M V,1,PL69.85*9.53,A36,,,5b06539a-2839-4c31-968a-458793900491
W10-165,MPX11,EMBED,V REVEAL LARGE,1,TRIANGLE12.7*12.7,Misc_Undefined,,,264cdfbf-bd6f-4c81-8911-065723ceb95e
W10-165,P-300,INSERT,19Ø INSERT (NC),5,ROD23.813,A36,,,571d9f22-d517-439a-9c58-e69d3ef69820
W10-165,GT75-1219,GROUT_TUBE,75Ø x 1219 GROUT TUBE,8,ROD76,Zero_Density,,,f0f51e6f-23be-4dbf-9c05-07a3b985c798
W10-165,GT75-686,GROUT_TUBE,75Ø x 686 GROUT TUBE,2,ROD76,Zero_Density,,,c13651ba-a0be-4522-b8ef-fc2276c19496
W10-165,GT100-1219,GROUT_TUBE,100Øx1219 GROUT TUBE,3,ROD102,Zero_Density,,,fcd7e68c-78b9-456f-a976-5e375ea150bf
W10-165,SP30-1219,INSERT,30Mx1219 WILLIAMS SPL,1,ROD30.16,A706-GR.60,,,429d7bf7-53f5-46fe-b579-3b3f4659dae7
W10-165,SP25-1067,INSERT,SP25Mx1067 WILLIAMS S,8,ROD25.4,A706-GR.60,,,8d47d5d3-c889-44e9-b9a3-9db23e9d77ef
W10-165,SP15-457,INSERT,15Mx457 WILLIAMS SPL,6,ROD16,400W,,,2c12a6e0-ebde-4711-96db-7072bcdba689
W10-165,GT76-254,GROUT_TUBE,76Øx254mm G.TUBE,6,ROD76.2,Zero_Density,,,1d4a92c9-b0b4-437a-befa-67d562d901bf
W10-165,CNDT,CONDUIT,19MM CONDUIT,1,ROD19,Zero_Density,,,11bb9520-3ed3-46b8-8ce5-27fb72e15d50
W10-165,EB-S-PL,PLATE,Single Plastic Electr,1,160*50.8,Zero_Density,,,f86fa17e-9ecf-41fe-a9e6-22de2ed046a9
W10-165,P-602,EMBED,13PL. W/STUD,1,PL101.6*12.7,A572-GR.50,,,165788c5-45ce-458a-b249-d6d6bcef9b48
W10-165,P-205,ANCHOR,12000LB FORGED ANCHOR,4,PL15.88,A36,,,9947272e-2026-475d-9847-05534db63632
W10-34,MPX3,EMBED,V REVEAL LARGE,1,TRIANGLE12.7*12.7,Misc_Undefined,,,d2f186c6-7582-4456-ade3-1131f9fff0ac
W10-34,GT100-686,GROUT_TUBE,100Øx686 GROUT TUBE,6,ROD102,Zero_Density,,,d07345a0-4bc6-4f38-bd60-acbe3d83e311
W10-34,GT100-1219,GROUT_TUBE,100Øx1219 GROUT TUBE,27,ROD102,Zero_Density,,,e2270bf4-05ed-41be-83a0-764903babe03
W10-34,P-300,INSERT,19Ø INSERT (NC),5,ROD23.813,A36,,,57b17aa7-e2e8-4847-96c3-7d0313f123fe
W10-34,SP25-1067,INSERT,SP25Mx1067 WILLIAMS S,8,ROD25.4,A706-GR.60,,,3ff01528-e421-4569-bc00-1e6c915eec29
W10-34,SP15-457,INSERT,15Mx457 WILLIAMS SPL,6,ROD16,400W,,,9ff35318-0821-45eb-9287-16a21231425c
W10-34,SP30-1219,INSERT,30Mx1219 WILLIAMS SPL,1,ROD30.16,A706-GR.60,,,ff3671dc-e5d3-4f28-9b3d-b1417bd9a89c
W10-34,P-205,ANCHOR,12000LB FORGED ANCHOR,4,PL15.88,A36,,,e335e868-0a04-43ad-9719-e5e8f595f5ee
W10-34,GT76-254,GROUT_TUBE,76Øx254mm G.TUBE,2,ROD76.2,Zero_Density,,,75d3bca1-f36b-48a2-b2ee-e2529537a3a7
W10-46(?),P-300,INSERT,19Ø INSERT (NC),4,ROD23.813,A36,,,a1218298-c8b0-4def-9f22-aa31f2aaf204
W10-46(?),SP25-1067,INSERT,SP25Mx1067 WILLIAMS S,2,ROD25.4,A706-GR.60,,,938c9f94-c941-413f-a432-2f61cbedb08b
W10-46(?),SP15-457,INSERT,15Mx457 WILLIAMS SPL,3,ROD16,400W,,,e32f847e-4533-4905-9a6d-db439beb616e
W10-46(?),P-705,PLATE,13x203x203 PLATE,1,PL203*12.7,A572-GR.50,,,aa2de8d8-f695-4641-b106-e9bbb3fb1419
W10-46(?),GT100-1219,GROUT_TUBE,100Øx1219 GROUT TUBE,6,ROD102,Zero_Density,,,16bfb14c-6604-4f56-a26f-485dc04a097c
W10-46(?),P-205,ANCHOR,12000LB FORGED ANCHOR,2,PL15.88,A36,,,39e709a1-3c3b-41b4-8f81-72f4315343fc
P6-40,P-620,EMBED,6PL W/STUDS,1,PL101.6*6.35,A572-GR.50,,,b1df2f0a-a6d2-4a8c-9d22-d5c6b9a163bf
P6-40,P-300,INSERT,19Ø INSERT (NC),10,ROD23.813,A36,,,b485691b-4560-4760-85d8-cdc851e88e32
P6-40,P-900-10,PLATE,25mm KNIFE PLATE,1,PL127*25,A572-GR.50,,,46276581-0233-440c-a20d-ac1b565e9dfa
P6-40,P-900-20,EMBED,,1,PD28.6*4.76,50W,,,f1080c29-1663-448d-acfb-bd187492692f
P6-40,P-900-30,EMBED,,1,STUD_3/4-DIA,A108-GR.90,,,e030d4e3-b9ae-4a58-a2ec-841cdb5d6fb1
P6-40,P-742-10,PLATE,19PL KNIFE PLATE,1,PL114.3*19.05,A572-GR.50,,,916102e8-47a2-4fa9-91f3-df39e9b2fdb4
P6-40,P-742-20,EMBED,,1,PD28.6*4.76,50W,,,8a57a03d-4d21-4a01-baef-98ab432e3e9b
P6-40,P-742-30,EMBED,,1,STUD_3/4-DIA,A108-GR.90,,,770a4339-8eef-4628-88f9-ebaf2f17b25d
P6-40,P-205,ANCHOR,12000LB FORGED ANCHOR,4,PL15.88,A36,,,6474cdcc-6fca-42c0-8a7d-5dfe7228807f
P6-42,P-620,EMBED,6PL W/STUDS,1,PL101.6*6.35,A572-GR.50,,,d2dabd90-2d98-4cef-8562-0469b93af484
P6-42,P-300,INSERT,19Ø INSERT (NC),10,ROD23.813,A36,,,e0786034-da88-4a01-9328-00ecf61f9477
P6-42,P-900-10,PLATE,25mm KNIFE PLATE,1,PL127*25,A572-GR.50,,,9c810ec5-e5a6-49f3-b8a3-fecdb1d154f3
P6-42,P-900-20,EMBED,,1,PD28.6*4.76,50W,,,0c426052-50fb-498b-a936-dd4521a8d012
P6-42,P-900-30,EMBED,,1,STUD_3/4-DIA,A108-GR.90,,,e1786eac-0b48-4253-a2b2-1ff53fc8e5d7
P6-42,P-743-10,PLATE,19PL KNIFE PLATE.,1,PL114.3*19.05,A572-GR.50,,,c816f299-7045-474c-829b-55b4adc0aa44
P6-42,P-743-20,EMBED,,1,PD28.6*4.76,50W,,,6e98c6f1-3cb0-494c-8c76-b4f74079590e
P6-42,P-743-30,EMBED,,1,STUD_3/4-DIA,A108-GR.90,,,ec6c75bb-c1ef-433e-88de-5f54b186b062
P6-42,P-205,ANCHOR,12000LB FORGED ANCHOR,4,PL15.88,A36,,,7fbe5588-c62a-49b2-91d2-369ba872d816
P6-39,P-620,EMBED,6PL W/STUDS,1,PL101.6*6.35,A572-GR.50,,,7e43133e-6173-4349-b586-1e271add0f2c
P6-39,P-300,INSERT,19Ø INSERT (NC),10,ROD23.813,A36,,,c1f8de77-850c-46be-9099-f0d9910bdbe7
P6-39,P-900-10,PLATE,25mm KNIFE PLATE,1,PL127*25,A572-GR.50,,,be4af4cd-4831-4ccf-9a5e-dada9c075722
P6-39,P-900-20,EMBED,,1,PD28.6*4.76,50W,,,11d3916a-ac13-46d8-a6ce-27759d1536c8
P6-39,P-900-30,EMBED,,1,STUD_3/4-DIA,A108-GR.90,,,96dfb017-f273-4ce1-bae3-4d2cd34d33cc
P6-39,P-742-10,PLATE,19PL KNIFE PLATE,1,PL114.3*19.05,A572-GR.50,,,2a5c0a2b-441b-47df-b124-fde744394e3f
P6-39,P-742-20,EMBED,,1,PD28.6*4.76,50W,,,5235c15f-36c7-413d-90b1-c98b5bcb9294
P6-39,P-742-30,EMBED,,1,STUD_3/4-DIA,A108-GR.90,,,bb8c11d3-2b6e-4953-b498-a956afd46481
P6-39,P-205,ANCHOR,12000LB FORGED ANCHOR,4,PL15.88,A36,,,fe8ad40a-fd1b-47ce-b704-db9528d55b2c
P6-41,P-620,EMBED,6PL W/STUDS,1,PL101.6*6.35,A572-GR.50,,,21da6004-5ce0-4e01-8393-ece6ebea7d09
P6-41,P-300,INSERT,19Ø INSERT (NC),10,ROD23.813,A36,,,a629ee76-fd63-4d2e-9711-0c451936581f
P6-41,P-900-10,PLATE,25mm KNIFE PLATE,1,PL127*25,A572-GR.50,,,521012df-ec0e-477e-9b00-517f4e8bc575
P6-41,P-900-20,EMBED,,1,PD28.6*4.76,50W,,,9be0704f-0b0a-4a54-8a3b-685f1aa85102
P6-41,P-900-30,EMBED,,1,STUD_3/4-DIA,A108-GR.90,,,882ab44a-d68c-4dac-ad96-1f004b521389
P6-41,P-743-10,PLATE,19PL KNIFE PLATE.,1,PL114.3*19.05,A572-GR.50,,,6675787f-7efd-4bb6-8cf5-09755128cbb8
P6-41,P-743-20,EMBED,,1,PD28.6*4.76,50W,,,800dac65-21a7-46db-adfc-ba1050c19402
P6-41,P-743-30,EMBED,,1,STUD_3/4-DIA,A108-GR.90,,,0b0567b1-5783-4fad-87c3-0267800fd1aa
P6-41,P-205,ANCHOR,12000LB FORGED ANCHOR,4,PL15.88,A36,,,5eea763e-938a-4128-a8ef-0ba8de94e4f9
P6-38,P-620,EMBED,6PL W/STUDS,1,PL101.6*6.35,A572-GR.50,,,428a285a-e42c-45d8-9718-bae78e654cc6
P6-38,P-300,INSERT,19Ø INSERT (NC),10,ROD23.813,A36,,,42aa1043-b27b-42b9-bebf-50e6386ee460
P6-38,P-900-10,PLATE,25mm KNIFE PLATE,1,PL127*25,A572-GR.50,,,846eaa40-0817-49cc-9389-6a87a0df5cba
P6-38,P-900-20,EMBED,,1,PD28.6*4.76,50W,,,400b9a1e-cebd-4226-8110-edfe09fb7d3a
P6-38,P-900-30,EMBED,,1,STUD_3/4-DIA,A108-GR.90,,,3cca118c-9d4e-4900-888a-e791fbed8f34
P6-38,P-742-10,PLATE,19PL KNIFE PLATE,1,PL114.3*19.05,A572-GR.50,,,8f8549c2-a991-4604-b222-664349767186
P6-38,P-742-20,EMBED,,1,PD28.6*4.76,50W,,,1cff5c8c-30ef-4448-9aa1-1af26bb955be
P6-38,P-742-30,EMBED,,1,STUD_3/4-DIA,A108-GR.90,,,c17b9b1d-169a-4b97-a89a-6b8afb1e2ebf
P6-38,P-205,ANCHOR,12000LB FORGED ANCHOR,4,PL15.88,A36,,,c19b0d99-cccb-4b87-977a-6c4d241561e9
P6-44,P-620,EMBED,6PL W/STUDS,1,PL101.6*6.35,A572-GR.50,,,66c227cf-e214-4af3-b8e2-3f59801c8134
P6-44,P-300,INSERT,19Ø INSERT (NC),10,ROD23.813,A36,,,e8b3da12-952b-4ba4-9e77-70ff1c8da3ba
P6-44,P-900-10,PLATE,25mm KNIFE PLATE,1,PL127*25,A572-GR.50,,,fb32db06-fe61-4606-a245-1781d7890e5c
P6-44,P-900-20,EMBED,,1,PD28.6*4.76,50W,,,1e033a1a-75d9-4061-85d5-8eff1f231ed2
P6-44,P-900-30,EMBED,,1,STUD_3/4-DIA,A108-GR.90,,,bb813347-578c-4c5f-8890-4aed555db31b
P6-44,P-743-10,PLATE,19PL KNIFE PLATE.,1,PL114.3*19.05,A572-GR.50,,,07fed0bc-649e-4e8c-9f91-f07adcef20a9
P6-44,P-743-20,EMBED,,1,PD28.6*4.76,50W,,,54311647-8d6b-4e65-b200-c539a575e7b7
P6-44,P-743-30,EMBED,,1,STUD_3/4-DIA,A108-GR.90,,,07f9f24e-ffc8-4d3f-be75-fa987e1e317c
P6-44,P-205,ANCHOR,12000LB FORGED ANCHOR,4,PL15.88,A36,,,0f697935-c036-454c-9ca1-40e7f23d7c91
P6-35,P-620,EMBED,6PL W/STUDS,1,PL101.6*6.35,A572-GR.50,,,f20bcc77-829c-483b-afda-29af02e2d419
P6-35,P-300,INSERT,19Ø INSERT (NC),10,ROD23.813,A36,,,0240cee3-47fa-4225-9d0b-e657e41a425f
P6-35,P-900-10,PLATE,25mm KNIFE PLATE,1,PL127*25,A572-GR.50,,,f4f676de-e967-4d90-8287-86e5951fa8f3
P6-35,P-900-20,EMBED,,1,PD28.6*4.76,50W,,,742cd468-4299-4b94-b149-b47b50846f15
P6-35,P-900-30,EMBED,,1,STUD_3/4-DIA,A108-GR.90,,,b05e73e4-aa31-4577-bd15-5d90b1921bc8
P6-35,P-742-10,PLATE,19PL KNIFE PLATE,1,PL114.3*19.05,A572-GR.50,,,3e3533b9-fb46-45ab-b110-6ad91581c420
P6-35,P-742-20,EMBED,,1,PD28.6*4.76,50W,,,49ca5d35-0fcb-44df-8052-afe217e45745
P6-35,P-742-30,EMBED,,1,STUD_3/4-DIA,A108-GR.90,,,fda19b7c-ef15-4ef0-bf3e-5af7d3903411
P6-35,P-205,ANCHOR,12000LB FORGED ANCHOR,4,PL15.88,A36,,,d385f873-4246-435b-a798-65353adede93
P6-36,P-620,EMBED,6PL W/STUDS,1,PL101.6*6.35,A572-GR.50,,,0e7dd456-15d5-4197-891d-1b5adda675e8
P6-36,P-300,INSERT,19Ø INSERT (NC),10,ROD23.813,A36,,,c391ee44-84d4-40a8-b5d0-f97e4e7c000b
P6-36,P-900-10,PLATE,25mm KNIFE PLATE,1,PL127*25,A572-GR.50,,,bdb89344-de6b-42c4-9471-b09eb156063f
P6-36,P-900-20,EMBED,,1,PD28.6*4.76,50W,,,49adea67-5850-4e51-a480-3500c47db0ac
P6-36,P-900-30,EMBED,,1,STUD_3/4-DIA,A108-GR.90,,,923040a4-a654-4510-8f83-69566293322d
P6-36,P-743-10,PLATE,19PL KNIFE PLATE.,1,PL114.3*19.05,A572-GR.50,,,c99f12d8-2bc1-408d-8636-acf340de009b
P6-36,P-743-20,EMBED,,1,PD28.6*4.76,50W,,,4828464c-6641-41a6-85d4-ef5d22dfe31b
P6-36,P-743-30,EMBED,,1,STUD_3/4-DIA,A108-GR.90,,,fefd4128-f4bd-4aea-b4a8-331c68a8ba1a
P6-36,P-205,ANCHOR,12000LB FORGED ANCHOR,4,PL15.88,A36,,,a1c83c5f-8e7b-4aff-abf4-f717f51bbe6e
P6-28,P-620,EMBED,6PL W/STUDS,1,PL101.6*6.35,A572-GR.50,,,a29bcb0e-508a-4df1-a2c1-554af6471a9b
P6-28,P-300,INSERT,19Ø INSERT (NC),10,ROD23.813,A36,,,7ff73783-0b70-4c55-a8a6-c23a6cf0ce31
P6-28,P-900-10,PLATE,25mm KNIFE PLATE,1,PL127*25,A572-GR.50,,,1d8abf20-4913-4115-bc9d-dcedd2f947b4
P6-28,P-900-20,EMBED,,1,PD28.6*4.76,50W,,,747d7112-9098-450a-8dea-d6caa2df6b30
P6-28,P-900-30,EMBED,,1,STUD_3/4-DIA,A108-GR.90,,,7b04c281-537b-47db-ac24-bed726d168ef
P6-28,P-742-10,PLATE,19PL KNIFE PLATE,1,PL114.3*19.05,A572-GR.50,,,3e9c6f32-334d-4fde-9f0c-c83d3cbae281
P6-28,P-742-20,EMBED,,1,PD28.6*4.76,50W,,,9b0d50c4-e281-40df-998e-2e6d53fb34c5
P6-28,P-742-30,EMBED,,1,STUD_3/4-DIA,A108-GR.90,,,2d2ff523-d056-4eee-9847-2069a6824af8
P6-28,P-205,ANCHOR,12000LB FORGED ANCHOR,4,PL15.88,A36,,,b6a88047-61bc-4fd7-b9d2-e658397a7510
P6-20,P-620,EMBED,6PL W/STUDS,1,PL101.6*6.35,A572-GR.50,,,a26ac1ad-e858-47d6-9afb-e3184920e5ce
P6-20,P-300,INSERT,19Ø INSERT (NC),10,ROD23.813,A36,,,a5fcbe55-4d63-4ef1-95a4-d1d677789ecb
P6-20,P-900-10,PLATE,25mm KNIFE PLATE,1,PL127*25,A572-GR.50,,,55a10ed4-a577-44d2-b1a4-0f2c23eb9500
P6-20,P-900-20,EMBED,,1,PD28.6*4.76,50W,,,e14c4b24-1780-4579-af59-a7898d8df7af
P6-20,P-900-30,EMBED,,1,STUD_3/4-DIA,A108-GR.90,,,8fe8b210-222c-4548-aeaf-a144ac6b0c8d
P6-20,P-743-10,PLATE,19PL KNIFE PLATE.,1,PL114.3*19.05,A572-GR.50,,,375d530e-18ff-43ca-9faf-d57534b245c0
P6-20,P-743-20,EMBED,,1,PD28.6*4.76,50W,,,efac6e54-a46e-4383-8a51-8b80ccb99429
P6-20,P-743-30,EMBED,,1,STUD_3/4-DIA,A108-GR.90,,,8ed1f516-8ece-4c7b-a8c8-ec9072445d2a
P6-20,P-205,ANCHOR,12000LB FORGED ANCHOR,4,PL15.88,A36,,,1435c031-c749-48f9-8da6-a17fc1c594d0
P6-32,P-620,EMBED,6PL W/STUDS,1,PL101.6*6.35,A572-GR.50,,,83c4b61c-ee9b-457a-9af2-944768dd725c
P6-32,P-900-10,PLATE,25mm KNIFE PLATE,1,PL127*25,A572-GR.50,,,10031bd0-698e-4213-8bd0-f0241c93fae3
P6-32,P-900-20,EMBED,,1,PD28.6*4.76,50W,,,b26fca75-db6a-44ad-ac67-096b24434773
P6-32,P-900-30,EMBED,,1,STUD_3/4-DIA,A108-GR.90,,,129868be-4e07-4993-a5a7-237ffa901338
P6-32,P-742-10,PLATE,19PL KNIFE PLATE,1,PL114.3*19.05,A572-GR.50,,,107a2371-403c-4aa1-9d2e-19859aa7be3e
P6-32,P-742-20,EMBED,,1,PD28.6*4.76,50W,,,ee4fc05b-3733-4cf3-aa55-58c0b5c17524
P6-32,P-742-30,EMBED,,1,STUD_3/4-DIA,A108-GR.90,,,3cee4a53-e1e2-4e7c-93ba-b39da65b1f7e
P6-32,P-300,INSERT,19Ø INSERT (NC),10,ROD23.813,A36,,,9a77d116-d6be-4847-a139-34a802b57960
P6-32,P-205,ANCHOR,12000LB FORGED ANCHOR,4,PL15.88,A36,,,060bcf79-f3aa-450d-8c2b-eb64820d22cb
P6-18,P-620,EMBED,6PL W/STUDS,1,PL101.6*6.35,A572-GR.50,,,765c6d80-dede-4f64-ae8a-82ab139ede53
P6-18,P-300,INSERT,19Ø INSERT (NC),10,ROD23.813,A36,,,ca55e209-0759-441e-a2d8-1fec4d6287ab
P6-18,P-900-10,PLATE,25mm KNIFE PLATE,1,PL127*25,A572-GR.50,,,b1833f53-450c-4e81-9385-345cbd854a82
P6-18,P-900-20,EMBED,,1,PD28.6*4.76,50W,,,a63d6c6e-7e83-4d8b-a45d-b494d12439b8
P6-18,P-900-30,EMBED,,1,STUD_3/4-DIA,A108-GR.90,,,84f751c2-e7bf-465b-beec-6d0114d5c996
P6-18,P-743-10,PLATE,19PL KNIFE PLATE.,1,PL114.3*19.05,A572-GR.50,,,2578e53b-b8c3-469a-9922-6f1a60af0ea8
P6-18,P-743-20,EMBED,,1,PD28.6*4.76,50W,,,a570f264-d57d-420d-b974-089e98ab9d14
P6-18,P-743-30,EMBED,,1,STUD_3/4-DIA,A108-GR.90,,,4fda2e8c-62d7-49b3-a73d-285f3d77c57c
P6-18,P-205,ANCHOR,12000LB FORGED ANCHOR,4,PL15.88,A36,,,723db1c6-3336-4cd2-8d68-e87a635129a8
W10-94,P-300,INSERT,19Ø INSERT (NC),4,ROD23.813,A36,,,16f70d27-da74-4f05-9f08-b29e6529456c
W10-94,GT75-1219,GROUT_TUBE,75Ø x 1219 GROUT TUBE,2,ROD76,Zero_Density,,,a7e6f199-29cb-467a-b7d2-750bed0dad96
W10-94,GT75-686,GROUT_TUBE,75Ø x 686 GROUT TUBE,1,ROD76,Zero_Density,,,5ebe87ac-a053-4c2a-8865-31c82cc8a421
W10-94,P-705,PLATE,13x203x203 PLATE,1,PL203*12.7,A572-GR.50,,,702ad99d-9121-4224-839a-4031d9899c33
W10-94,P-205,ANCHOR,12000LB FORGED ANCHOR,2,PL15.88,A36,,,dc919a1f-98db-483c-8b9a-dd7ecc39b66d
W10-189,P-300,INSERT,19Ø INSERT (NC),4,ROD23.813,A36,,,ed448066-3ca6-4bb7-ac57-6d58cc6f8183
W10-189,GT75-1219,GROUT_TUBE,75Ø x 1219 GROUT TUBE,2,ROD76,Zero_Density,,,276c8e90-568c-46dd-a537-39e14c916d54
W10-189,GT75-686,GROUT_TUBE,75Ø x 686 GROUT TUBE,1,ROD76,Zero_Density,,,6883838e-8462-4279-8ed4-54c3c7d71731
W10-189,SP25-1067,INSERT,SP25Mx1067 WILLIAMS S,2,ROD25.4,A706-GR.60,,,626dc244-002e-4ff6-9582-84a72a228368
W10-189,SP15-457,INSERT,15Mx457 WILLIAMS SPL,3,ROD16,400W,,,fb5ae303-c6a0-4b41-918a-25a5b724cc45
W10-189,P-705,PLATE,13x203x203 PLATE,1,PL203*12.7,A572-GR.50,,,71a619d3-4bf6-4cc6-a362-7cae94fb3f90
W10-189,P-205,ANCHOR,12000LB FORGED ANCHOR,2,PL15.88,A36,,,ffba48c2-1324-46aa-b8a8-0fa14033020d
P6-46,P-620,EMBED,6PL W/STUDS,1,PL101.6*6.35,A572-GR.50,,,79e56c60-5943-4c67-8642-18b26e3a0046
P6-46,P-300,INSERT,19Ø INSERT (NC),10,ROD23.813,A36,,,7eaa74b3-1498-4735-a700-857b35adf881
P6-46,P-900-10,PLATE,25mm KNIFE PLATE,1,PL127*25,A572-GR.50,,,ef07e0c1-5e91-499c-ac87-7d601d0e4383
P6-46,P-900-20,EMBED,,1,PD28.6*4.76,50W,,,71cd8c85-21ed-42dc-af79-3628826c32be
P6-46,P-900-30,EMBED,,1,STUD_3/4-DIA,A108-GR.90,,,590f28f2-3fd0-4b99-a9a1-bf9c82e1ad85
P6-46,P-743-10,PLATE,19PL KNIFE PLATE.,1,PL114.3*19.05,A572-GR.50,,,09699a8e-ed70-4d55-8d79-ee44e353e964
P6-46,P-743-20,EMBED,,1,PD28.6*4.76,50W,,,3c862a5f-276e-40bb-8bc0-f97aa00f932c
P6-46,P-743-30,EMBED,,1,STUD_3/4-DIA,A108-GR.90,,,9a35308c-eac9-4b3a-a3fe-38c39c885dbf
P6-46,P-205,ANCHOR,12000LB FORGED ANCHOR,4,PL15.88,A36,,,8d549142-ef26-4665-84f0-80c8f7c1c86b
P6-45,P-620,EMBED,6PL W/STUDS,1,PL101.6*6.35,A572-GR.50,,,6b6d75e8-208c-4908-8d20-07711cb2ff77
P6-45,P-300,INSERT,19Ø INSERT (NC),10,ROD23.813,A36,,,a27f76a6-bea7-4bc3-b7b3-98022671585f
P6-45,P-900-10,PLATE,25mm KNIFE PLATE,1,PL127*25,A572-GR.50,,,855b0821-a952-411c-8dca-202b4327d3c4
P6-45,P-900-20,EMBED,,1,PD28.6*4.76,50W,,,cd88903e-2a7d-4d38-afea-82b97879bfd2
P6-45,P-900-30,EMBED,,1,STUD_3/4-DIA,A108-GR.90,,,65547c27-9765-4ea0-aa9b-6998b155b508
P6-45,P-742-10,PLATE,19PL KNIFE PLATE,1,PL114.3*19.05,A572-GR.50,,,e96a37cc-16c5-40ae-ab6c-e24478d800ee
P6-45,P-742-20,EMBED,,1,PD28.6*4.76,50W,,,c9ab84ba-d491-41d0-8c2c-7d49ef5c9749
P6-45,P-742-30,EMBED,,1,STUD_3/4-DIA,A108-GR.90,,,df2cc5c1-e70a-4ae5-9948-1b0e213623cb
P6-45,P-205,ANCHOR,12000LB FORGED ANCHOR,4,PL15.88,A36,,,a8d4f57b-e3b5-4b90-9fb4-100266f96ae4
P6-43,P-620,EMBED,6PL W/STUDS,1,PL101.6*6.35,A572-GR.50,,,500f2fa9-0fae-4bc9-b2a4-6640a774545d
P6-43,P-300,INSERT,19Ø INSERT (NC),10,ROD23.813,A36,,,fc6abd3b-da40-494e-9d2d-908df8bc1b15
P6-43,P-900-10,PLATE,25mm KNIFE PLATE,1,PL127*25,A572-GR.50,,,c2a06e19-f0bf-47e1-a392-dce7e00cae03
P6-43,P-900-20,EMBED,,1,PD28.6*4.76,50W,,,87669cde-41d2-4c54-abac-9408bf2bb1c7
P6-43,P-900-30,EMBED,,1,STUD_3/4-DIA,A108-GR.90,,,e5620b1f-0869-483b-b5fd-b954cd14cab2
P6-43,P-743-10,PLATE,19PL KNIFE PLATE.,1,PL114.3*19.05,A572-GR.50,,,c06330ad-b9a6-47de-b3c5-fe735eb327d2
P6-43,P-743-20,EMBED,,1,PD28.6*4.76,50W,,,c03ff68a-95c7-404a-83b5-6ab7743fe2bf
P6-43,P-743-30,EMBED,,1,STUD_3/4-DIA,A108-GR.90,,,e8317ac9-1eea-4a1a-9582-7fb29f5d3289
P6-43,P-205,ANCHOR,12000LB FORGED ANCHOR,4,PL15.88,A36,,,132932be-cd42-4e1f-85c5-447be9d2d3f9
P6-33,P-620,EMBED,6PL W/STUDS,1,PL101.6*6.35,A572-GR.50,,,452977c6-cc39-4a11-b791-023aa2af0da3
P6-33,P-300,INSERT,19Ø INSERT (NC),10,ROD23.813,A36,,,1ebc8054-8fdd-4e2d-ba5f-274e8c63e324
P6-33,P-900-10,PLATE,25mm KNIFE PLATE,1,PL127*25,A572-GR.50,,,3c7eba62-3f3f-4247-bdaa-eacf26df42dd
P6-33,P-900-20,EMBED,,1,PD28.6*4.76,50W,,,ffeac079-adad-45ca-9a00-86de5ba846dc
P6-33,P-900-30,EMBED,,1,STUD_3/4-DIA,A108-GR.90,,,e394d802-d012-4d96-8d96-65c78751fac2
P6-33,P-742-10,PLATE,19PL KNIFE PLATE,1,PL114.3*19.05,A572-GR.50,,,a5c4a0c1-8251-4194-a2b5-0e58cfbc6917
P6-33,P-742-20,EMBED,,1,PD28.6*4.76,50W,,,af0e890b-5526-4309-adf8-163e22369566
P6-33,P-742-30,EMBED,,1,STUD_3/4-DIA,A108-GR.90,,,c05d5bc5-03ae-4b5b-8d54-977f3ba9bf0a
P6-33,P-205,ANCHOR,12000LB FORGED ANCHOR,4,PL15.88,A36,,,47793f4c-8d65-48d5-bd48-5ba557488937
P6-30,P-620,EMBED,6PL W/STUDS,1,PL101.6*6.35,A572-GR.50,,,520f0253-7b23-4e09-aefc-06bdc34caaf4
P6-30,P-300,INSERT,19Ø INSERT (NC),10,ROD23.813,A36,,,ec4759b9-b050-4a15-9a50-fe3038203e94
P6-30,P-900-10,PLATE,25mm KNIFE PLATE,1,PL127*25,A572-GR.50,,,d8a6160f-68b0-47cf-bafb-b6b52731e24b
P6-30,P-900-20,EMBED,,1,PD28.6*4.76,50W,,,adc2fd44-0ca8-4707-a324-94eaa0f77fc8
P6-30,P-900-30,EMBED,,1,STUD_3/4-DIA,A108-GR.90,,,bf9f6e6b-3106-423c-89a3-c25a9ec344f3
P6-30,P-743-10,PLATE,19PL KNIFE PLATE.,1,PL114.3*19.05,A572-GR.50,,,bde7717c-6689-4f19-a91c-00d875b5e6c5
P6-30,P-743-20,EMBED,,1,PD28.6*4.76,50W,,,275a1f9f-f58f-43d2-b0d9-a0b2f71b475a
P6-30,P-743-30,EMBED,,1,STUD_3/4-DIA,A108-GR.90,,,6f1d4dde-1dff-425a-add2-b70e531c948a
P6-30,P-205,ANCHOR,12000LB FORGED ANCHOR,4,PL15.88,A36,,,b55826e3-22af-4f2b-9cd6-c6586758e22b
P6-34,P-620,EMBED,6PL W/STUDS,1,PL101.6*6.35,A572-GR.50,,,e6b5f8a7-0600-4fd9-bbaa-0b6fdf42e62c
P6-34,P-300,INSERT,19Ø INSERT (NC),10,ROD23.813,A36,,,4421de4d-8a34-42b8-b356-6fe78abddea8
P6-34,P-900-10,PLATE,25mm KNIFE PLATE,1,PL127*25,A572-GR.50,,,1131bbcd-c9aa-4d9b-a0c4-615058a6d5e1
P6-34,P-900-20,EMBED,,1,PD28.6*4.76,50W,,,8fc6931f-f579-4dbd-80d9-3503d406c056
P6-34,P-900-30,EMBED,,1,STUD_3/4-DIA,A108-GR.90,,,85a6ec34-0d85-4239-b1ff-62a845b229bc
P6-34,P-742-10,PLATE,19PL KNIFE PLATE,1,PL114.3*19.05,A572-GR.50,,,b2a4b6d9-e7b2-43bf-a7a3-71cf44a55936
P6-34,P-742-20,EMBED,,1,PD28.6*4.76,50W,,,a903d0cc-6bb4-4483-a49a-80b9e229ac32
P6-34,P-742-30,EMBED,,1,STUD_3/4-DIA,A108-GR.90,,,f5d637f2-4766-4ee1-9ff3-7eb5525777ca
P6-34,P-205,ANCHOR,12000LB FORGED ANCHOR,4,PL15.88,A36,,,61932b90-c278-4909-8d8c-d847a4c8aba0
P6-31,P-620,EMBED,6PL W/STUDS,1,PL101.6*6.35,A572-GR.50,,,2fb0c197-4208-4285-bfcf-d0faf332a76c
P6-31,P-300,INSERT,19Ø INSERT (NC),10,ROD23.813,A36,,,7bbba90a-df7c-426d-82ca-5c1c61cc8047
P6-31,P-900-10,PLATE,25mm KNIFE PLATE,1,PL127*25,A572-GR.50,,,45fb238d-089c-46b2-9ffd-ae9066dab2c3
P6-31,P-900-20,EMBED,,1,PD28.6*4.76,50W,,,58ece50b-e7a9-4a2f-8de1-6332eb985440
P6-31,P-900-30,EMBED,,1,STUD_3/4-DIA,A108-GR.90,,,2818b70b-29db-43c7-8605-1741f71118ae
P6-31,P-743-10,PLATE,19PL KNIFE PLATE.,1,PL114.3*19.05,A572-GR.50,,,b2ad77d5-5bcd-4351-8009-efae0af0fb8f
P6-31,P-743-20,EMBED,,1,PD28.6*4.76,50W,,,386bf2c7-95cf-465e-a786-9bbc6f149a75
P6-31,P-743-30,EMBED,,1,STUD_3/4-DIA,A108-GR.90,,,e44cda1b-17ad-4c7f-be96-08c77afdf791
P6-31,P-205,ANCHOR,12000LB FORGED ANCHOR,4,PL15.88,A36,,,03e488a3-0943-4ae4-852d-52fb111e6a77
P6-26,P-620,EMBED,6PL W/STUDS,1,PL101.6*6.35,A572-GR.50,,,0af558cf-e097-4cfc-a2db-ffdda2812af3
P6-26,P-300,INSERT,19Ø INSERT (NC),10,ROD23.813,A36,,,7e6829eb-793e-40be-9d26-8b68fbf3a459
P6-26,P-900-10,PLATE,25mm KNIFE PLATE,1,PL127*25,A572-GR.50,,,49e568b5-2675-468d-a356-36478c7ce480
P6-26,P-900-20,EMBED,,1,PD28.6*4.76,50W,,,c5263a07-862a-4f5b-8f2d-790765410e3b
P6-26,P-900-30,EMBED,,1,STUD_3/4-DIA,A108-GR.90,,,b4213ad9-4fec-4623-8149-2b8941ad8169
P6-26,P-742-10,PLATE,19PL KNIFE PLATE,1,PL114.3*19.05,A572-GR.50,,,d49ff258-b7e1-453f-8bbf-8d25dd31a0d1
P6-26,P-742-20,EMBED,,1,PD28.6*4.76,50W,,,ddd45fcb-4b02-40bf-aa2a-bb9d1442e677
P6-26,P-742-30,EMBED,,1,STUD_3/4-DIA,A108-GR.90,,,7db9c8ff-fbe8-4281-8901-b96478673751
P6-26,P-205,ANCHOR,12000LB FORGED ANCHOR,4,PL15.88,A36,,,7b51e793-6f96-45f2-8e0e-760d288c7e10
P6-27,P-620,EMBED,6PL W/STUDS,1,PL101.6*6.35,A572-GR.50,,,4ac4b856-8897-433e-8bba-63e574e6611b
P6-27,P-300,INSERT,19Ø INSERT (NC),10,ROD23.813,A36,,,e6613cdb-0694-4322-bf83-7e73d63c4e2d
P6-27,P-900-10,PLATE,25mm KNIFE PLATE,1,PL127*25,A572-GR.50,,,f24f13a1-9b35-4795-90b4-52be5d71a687
P6-27,P-900-20,EMBED,,1,PD28.6*4.76,50W,,,9c9a9058-4fa2-4d65-9bea-e29a7087864f
P6-27,P-900-30,EMBED,,1,STUD_3/4-DIA,A108-GR.90,,,053ed276-bc84-4e65-9d26-71ca98949d00
P6-27,P-743-10,PLATE,19PL KNIFE PLATE.,1,PL114.3*19.05,A572-GR.50,,,3f560b4d-0d96-48cf-93af-b82a21e62e16
P6-27,P-743-20,EMBED,,1,PD28.6*4.76,50W,,,7a50c6d9-d31b-40f3-b65d-4f9587f615cf
P6-27,P-743-30,EMBED,,1,STUD_3/4-DIA,A108-GR.90,,,5aa00ee7-ca7f-4115-b51a-efc88c3155b4
P6-27,P-205,ANCHOR,12000LB FORGED ANCHOR,4,PL15.88,A36,,,55db422d-952e-4d3c-9fbb-dd846106488a
P6-22,P-620,EMBED,6PL W/STUDS,1,PL101.6*6.35,A572-GR.50,,,171240b7-6ec6-4746-a126-eafdcaaba213
P6-22,P-300,INSERT,19Ø INSERT (NC),10,ROD23.813,A36,,,99ac55d7-054b-4ffd-8591-8342accc7ff3
P6-22,P-900-10,PLATE,25mm KNIFE PLATE,2,PL127*25,A572-GR.50,,,40cf3506-1101-42cf-936b-199ea6509b61
P6-22,P-900-20,EMBED,,1,PD28.6*4.76,50W,,,c1189901-f2c9-4cd4-9f14-eea27faf13df
P6-22,P-900-30,EMBED,,1,STUD_3/4-DIA,A108-GR.90,,,ab3bbb62-dcf9-4808-8ed1-e0288c233dde
P6-22,P-742-10,PLATE,19PL KNIFE PLATE,2,PL114.3*19.05,A572-GR.50,,,36ad8f64-4331-4a9f-b7eb-836f2ad6962b
P6-22,P-742-20,EMBED,,1,PD28.6*4.76,50W,,,7a39bb84-7cb8-4582-a5c2-6054dcfcc977
P6-22,P-742-30,EMBED,,1,STUD_3/4-DIA,A108-GR.90,,,528d0ed5-3e94-482e-abd7-8d6a2133b3c1
P6-22,P-205,ANCHOR,12000LB FORGED ANCHOR,4,PL15.88,A36,,,e662918d-8d69-4869-b7d5-eab6202b521d
P6-29,P-620,EMBED,6PL W/STUDS,1,PL101.6*6.35,A572-GR.50,,,2a424491-1adf-4e22-9801-4c7c17a6fa11
P6-29,P-300,INSERT,19Ø INSERT (NC),10,ROD23.813,A36,,,82e4dd79-cf65-427a-afca-72ebc1e074e8
P6-29,P-900-10,PLATE,25mm KNIFE PLATE,1,PL127*25,A572-GR.50,,,7ffe0cde-b4c1-4055-b600-c6c3e94b92e1
P6-29,P-900-20,EMBED,,1,PD28.6*4.76,50W,,,eb977347-d610-49c4-92d8-43aef06a34f9
P6-29,P-900-30,EMBED,,1,STUD_3/4-DIA,A108-GR.90,,,5e128694-d44c-4bfb-977a-da2e87df5bbc
P6-29,P-743-10,PLATE,19PL KNIFE PLATE.,1,PL114.3*19.05,A572-GR.50,,,641fe811-5eb5-4b40-ad79-0bde714588af
P6-29,P-743-20,EMBED,,1,PD28.6*4.76,50W,,,a6f82e21-47cb-452e-8945-09495e4dee7e
P6-29,P-743-30,EMBED,,1,STUD_3/4-DIA,A108-GR.90,,,61494f77-55b5-479f-8dff-f6cc0a0eb4fc
P6-29,P-205,ANCHOR,12000LB FORGED ANCHOR,4,PL15.88,A36,,,52c2319f-1cb2-45a5-8b0d-97ba03c4837c
P6-24,P-620,EMBED,6PL W/STUDS,1,PL101.6*6.35,A572-GR.50,,,e489b72f-aee1-4004-9b4c-31f89978a20e
P6-24,P-300,INSERT,19Ø INSERT (NC),10,ROD23.813,A36,,,06aace4e-5133-494f-ba8b-bb217c799e7b
P6-24,P-900-10,PLATE,25mm KNIFE PLATE,1,PL127*25,A572-GR.50,,,48a376d5-ac9c-437d-94a2-75c00f5f2e79
P6-24,P-900-20,EMBED,,1,PD28.6*4.76,50W,,,f8b0d35a-f5d0-4249-859e-7bac404621a1
P6-24,P-900-30,EMBED,,1,STUD_3/4-DIA,A108-GR.90,,,dd137d0c-0415-468e-b2f7-152630caebce
P6-24,P-742-10,PLATE,19PL KNIFE PLATE,1,PL114.3*19.05,A572-GR.50,,,94adac9f-62a5-4cdd-adcd-dd19b6dc1c85
P6-24,P-742-20,EMBED,,1,PD28.6*4.76,50W,,,eacf7469-9017-4197-ab5c-f99306b0a034
P6-24,P-742-30,EMBED,,1,STUD_3/4-DIA,A108-GR.90,,,24cb5d1f-e24b-4233-a2cc-34ad6849d9a0
P6-24,P-205,ANCHOR,12000LB FORGED ANCHOR,4,PL15.88,A36,,,f82da8ef-286d-4179-b60c-c12802997079
P6-25,P-620,EMBED,6PL W/STUDS,1,PL101.6*6.35,A572-GR.50,,,98b0778b-989b-47d2-a1de-8f62c060fa63
P6-25,P-300,INSERT,19Ø INSERT (NC),10,ROD23.813,A36,,,2c4933a8-9eff-4398-8183-5b42328e51d0
P6-25,P-900-10,PLATE,25mm KNIFE PLATE,1,PL127*25,A572-GR.50,,,741ea4bc-fb01-4087-8fcf-93e475302780
P6-25,P-900-20,EMBED,,1,PD28.6*4.76,50W,,,a9b31cc4-73ae-46a4-bebe-80253eb66ad9
P6-25,P-900-30,EMBED,,1,STUD_3/4-DIA,A108-GR.90,,,87c6a7d7-25f7-483f-b1a8-4a153cefa777
P6-25,P-743-10,PLATE,19PL KNIFE PLATE.,1,PL114.3*19.05,A572-GR.50,,,0ba36909-fd1f-4d10-8f80-afcadfc1b53f
P6-25,P-743-20,EMBED,,1,PD28.6*4.76,50W,,,2fe6f1b8-4713-4322-a5bd-4b63874e8e95
P6-25,P-743-30,EMBED,,1,STUD_3/4-DIA,A108-GR.90,,,6536767e-9d40-4296-801e-bd9f8ea6c5ca
P6-25,P-205,ANCHOR,12000LB FORGED ANCHOR,4,PL15.88,A36,,,68120b0a-2ee4-4a0b-8931-79c4d95e4923
P6-37,P-620,EMBED,6PL W/STUDS,1,PL101.6*6.35,A572-GR.50,,,f786f532-88e2-4027-9f88-6f66d80707e2
P6-37,P-300,INSERT,19Ø INSERT (NC),10,ROD23.813,A36,,,d4540e9b-b7ae-4570-bdeb-1dbce30a9da3
P6-37,P-900-10,PLATE,25mm KNIFE PLATE,1,PL127*25,A572-GR.50,,,ee021905-2880-48cb-812e-bad4b340d975
P6-37,P-900-20,EMBED,,1,PD28.6*4.76,50W,,,0702a6ff-6113-4537-9152-952f9fce4598
P6-37,P-900-30,EMBED,,1,STUD_3/4-DIA,A108-GR.90,,,13b73d13-32ed-40da-bca5-3557a1daf49c
P6-37,P-742-10,PLATE,19PL KNIFE PLATE,1,PL114.3*19.05,A572-GR.50,,,73d5be88-ae6e-4f14-965d-95a105e65857
P6-37,P-742-20,EMBED,,1,PD28.6*4.76,50W,,,6ccd424f-9703-4b7d-8da8-789e8c17349e
P6-37,P-742-30,EMBED,,1,STUD_3/4-DIA,A108-GR.90,,,2d5780ab-4d55-438c-bc18-4ea3c71bfeef
P6-37,P-205,ANCHOR,12000LB FORGED ANCHOR,4,PL15.88,A36,,,3ad0ca92-a1e4-4b50-9528-92c1d4c42cd2
P6-16,P-620,EMBED,6PL W/STUDS,1,PL101.6*6.35,A572-GR.50,,,664f1749-c865-4aa9-abcf-5f40e244a6bb
P6-16,P-300,INSERT,19Ø INSERT (NC),10,ROD23.813,A36,,,aba30557-bfd0-437c-b8f9-c3a2e2957b47
P6-16,P-900-10,PLATE,25mm KNIFE PLATE,1,PL127*25,A572-GR.50,,,a5d6d56f-6304-4e52-a0d0-408e9c84e1ba
P6-16,P-900-20,EMBED,,1,PD28.6*4.76,50W,,,e8e62fe4-75ba-4457-8feb-a9fd34fcaf36
P6-16,P-900-30,EMBED,,1,STUD_3/4-DIA,A108-GR.90,,,640e528a-b811-4505-8a1e-897a944273df
P6-16,P-743-10,PLATE,19PL KNIFE PLATE.,1,PL114.3*19.05,A572-GR.50,,,4fc48cb8-2b3c-4f43-942f-f6f74df8fdb8
P6-16,P-743-20,EMBED,,1,PD28.6*4.76,50W,,,016b23a0-8028-4ceb-a5ef-c8e9c1dc08ef
P6-16,P-743-30,EMBED,,1,STUD_3/4-DIA,A108-GR.90,,,5b2a1bb1-0e07-483b-a034-ae67bd5aa72d
P6-16,P-205,ANCHOR,12000LB FORGED ANCHOR,4,PL15.88,A36,,,d3caa166-5242-4446-afd7-a17e6c8d9eb3
P6-17,P-300,INSERT,19Ø INSERT (NC),17,ROD23.813,A36,,,6850f27a-34c0-4543-abce-a788d475b7ca
P6-17,P-900-10,PLATE,25mm KNIFE PLATE,1,PL127*25,A572-GR.50,,,32dd727b-19f7-4490-ba80-60431cf47d57
P6-17,P-900-20,EMBED,,1,PD28.6*4.76,50W,,,3329cbec-97cf-4287-b7fa-e01e4fffea2d
P6-17,P-900-30,EMBED,,1,STUD_3/4-DIA,A108-GR.90,,,015e760d-676e-40d2-b096-e43453984f07
P6-17,P-742-10,PLATE,19PL KNIFE PLATE,1,PL114.3*19.05,A572-GR.50,,,9e722c99-6253-4b72-8bda-1f16d1639b24
P6-17,P-742-20,EMBED,,1,PD28.6*4.76,50W,,,74f03852-f91d-4c9b-a63b-f82b0f6c1cbc
P6-17,P-742-30,EMBED,,1,STUD_3/4-DIA,A108-GR.90,,,29deea89-563c-4dee-8ffe-3d7d1002b67f
P6-17,P-205,ANCHOR,12000LB FORGED ANCHOR,4,PL15.88,A36,,,8a838d1e-fbf9-4476-8085-f6dd60ff8e70
P6-23(?),P-300,INSERT,19Ø INSERT (NC),17,ROD23.813,A36,,,6fd84d03-5956-4d4e-9a8a-eaa39773bc1b
P6-23(?),P-900-10,PLATE,25mm KNIFE PLATE,1,PL127*25,A572-GR.50,,,df280358-3c64-401f-8494-0860dbc8c0d5
P6-23(?),P-900-20,EMBED,,1,PD28.6*4.76,50W,,,24b06dcb-2a68-4ea4-bcde-67398d78d61c
P6-23(?),P-900-30,EMBED,,1,STUD_3/4-DIA,A108-GR.90,,,12ace84d-736b-41b8-8ac6-44a5363fd513
P6-23(?),P-743-10,PLATE,19PL KNIFE PLATE.,1,PL114.3*19.05,A572-GR.50,,,9b92c6a4-bef0-43cc-a77d-20871a7310dd
P6-23(?),P-743-20,EMBED,,1,PD28.6*4.76,50W,,,5b5d0976-8129-46f4-862b-dc6881626c9f
P6-23(?),P-743-30,EMBED,,1,STUD_3/4-DIA,A108-GR.90,,,774ca4d3-c9d9-4721-b0a3-9a115aea09d2
P6-23(?),P-205,ANCHOR,12000LB FORGED ANCHOR,3,PL15.88,A36,,,7680320c-2c22-4ace-9abc-4c8d616ac370
P6-23(?),P-205-11(?),ANCHOR,12000LB FORGED ANCHOR,1,PL15.88,A36,,,9b2c11cb-e14e-4571-ab36-68d14a123aba
P6-23(?),P-205-21(?),EMBED,,1,PL76.2*12.7,A36,,,7076ab5c-c511-4591-b7de-6918395d6f68
P6-23(?),P-205-31(?),EMBED,,1,SPHERE47.625,A36,,,6de548c2-7432-4ee0-ba32-a270060612a7
P6-23(?),P-205-32(?),EMBED,,1,PL54,Steel_Undefined,,,f350890b-ccc8-49a6-a0c5-6f1d791a7b2c
P6-47,P-620,EMBED,6PL W/STUDS,1,PL101.6*6.35,A572-GR.50,,,722f4fc8-4c18-440d-8915-8e4e999622d7
P6-47,P-300,INSERT,19Ø INSERT (NC),10,ROD23.813,A36,,,5c088275-b1dc-4bf9-9f3e-871e32ce2556
P6-47,P-900-10,PLATE,25mm KNIFE PLATE,1,PL127*25,A572-GR.50,,,9e8bc053-b6a2-4760-9b9a-ec4a25ae5794
P6-47,P-900-20,EMBED,,1,PD28.6*4.76,50W,,,835a8728-6437-489d-bc9c-8c8b2134b9f0
P6-47,P-900-30,EMBED,,1,STUD_3/4-DIA,A108-GR.90,,,fdb11016-4ff1-42fb-a393-96239e959379
P6-47,P-742-10,PLATE,19PL KNIFE PLATE,1,PL114.3*19.05,A572-GR.50,,,c0d7b073-947c-4b8a-9cb3-2a1ee7cdead8
P6-47,P-742-20,EMBED,,1,PD28.6*4.76,50W,,,add60000-dd15-45b7-a6f0-72de38630d29
P6-47,P-742-30,EMBED,,1,STUD_3/4-DIA,A108-GR.90,,,3c549bcb-d423-4c90-8ec3-c6ce92a9592b
P6-47,P-205,ANCHOR,12000LB FORGED ANCHOR,4,PL15.88,A36,,,24f5777b-df82-4330-b79b-e8d4a424c602
W10-5,GT100-1219,GROUT_TUBE,100Øx1219 GROUT TUBE,3,ROD102,Zero_Density,,,e2319ddc-d5ea-4807-8116-9fec8628b9e0
W10-5,SP25-1067,INSERT,SP25Mx1067 WILLIAMS S,1,ROD25.4,A706-GR.60,,,ba9edafe-4bda-4676-9506-2b8ee97bcda9
W10-5,P-300,INSERT,19Ø INSERT (NC),6,ROD23.813,A36,,,7edc1daa-7688-4ad6-b9ae-c3aed2d81885
W10-5,P-220,EMBED,10Øx2743 AC 5625LB CA,1,CABLE9.53,Steel_Undefined,,,d4aef725-646b-4c65-8b36-441a6bde72a0
P6-1,MPX10,EMBED,V REVEAL LARGE,1,TRIANGLE12.7*12.7,Misc_Undefined,,,ea9129d1-e5b1-4a86-9cdf-fd7b44b76593
P6-1,P-620,EMBED,6PL W/STUDS,1,PL101.6*6.35,A572-GR.50,,,c7830542-5536-411d-97ee-871cbaee78bc
P6-1,P-300,INSERT,19Ø INSERT (NC),6,ROD23.813,A36,,,ac6a7136-f68f-40db-a82a-e618326aab2d
P6-1,GT75-305,GROUT_TUBE,76Ø x 305 GROUT TUBE,7,ROD76.2,Zero_Density,,,3619e0d9-4637-4bed-8271-b33e0c526922
P6-1,GT76-152,GROUT_TUBE,76Øx152mm G.TUBE,9,ROD76.2,Zero_Density,,,14b919bb-aa47-4096-9607-059c2be92ece
P6-1,P-205,ANCHOR,12000LB FORGED ANCHOR,4,PL15.88,A36,,,e8d0c7a9-30e8-4b95-9e9e-063d0f57b7d2
W10-27,MPX1,EMBED,V REVEAL LARGE,1,TRIANGLE12.7*12.7,Misc_Undefined,,,66fda016-e0cc-44f3-a007-9c1447fd65c1
W10-27,GT100-1219,GROUT_TUBE,100Øx1219 GROUT TUBE,18,ROD102,Zero_Density,,,9b41eb8f-0b98-4624-b0b8-2d3ac9376566
W10-27,GT100-686,GROUT_TUBE,100Øx686 GROUT TUBE,6,ROD102,Zero_Density,,,fd7d3d91-1a07-4ef8-add5-69c30c2b8b52
W10-27,P-300,INSERT,19Ø INSERT (NC),4,ROD23.813,A36,,,abfd8333-4aa5-4386-b012-08286d7ab7e7
W10-27,SP25-1067,INSERT,SP25Mx1067 WILLIAMS S,8,ROD25.4,A706-GR.60,,,9bd2288c-a820-46d4-8c31-15b4f8a0b5e7
W10-27,SP15-457,INSERT,15Mx457 WILLIAMS SPL,3,ROD16,400W,,,7049e5ce-22e2-4bda-9d6a-415671ed0e5d
W10-27,CNDT,CONDUIT,19MM CONDUIT,1,ROD19,Zero_Density,,,119f68c2-cc56-428f-ac17-f467b7a43a4e
W10-27,EB-S-PL,PLATE,Single Plastic Electr,1,160*50.8,Zero_Density,,,0b72c2a8-89a7-4c62-9b0a-253d0bf1261c
W10-27,GT76-254,GROUT_TUBE,76Øx254mm G.TUBE,2,ROD76.2,Zero_Density,,,ae894a3b-7549-4948-ab71-3a07ac848eed
W10-27,P-205,ANCHOR,12000LB FORGED ANCHOR,4,PL15.88,A36,,,af83ee96-9eb3-4d14-aea7-d902c7c73113
P6-2,P-620,EMBED,6PL W/STUDS,1,PL101.6*6.35,A572-GR.50,,,a8dc9212-d5d6-49ae-a764-385312d2d6a1
P6-2,P-300,INSERT,19Ø INSERT (NC),5,ROD23.813,A36,,,e3dd812c-be67-447f-90dd-4b699c38da5a
P6-2,GT75-305,GROUT_TUBE,76Ø x 305 GROUT TUBE,8,ROD76.2,Zero_Density,,,7d615972-3ed4-40cf-acd4-3c8e334ec7f0
P6-2,P-205,ANCHOR,12000LB FORGED ANCHOR,4,PL15.88,A36,,,e197be5b-b7ec-43f5-be3d-a46519c9e230
W10-3,GT100-1219,GROUT_TUBE,100Øx1219 GROUT TUBE,9,ROD102,Zero_Density,,,8fb3da2e-2ba9-4fbf-bc48-ba0dd60ae9ef
W10-3,SP30-1219,INSERT,30Mx1219 WILLIAMS SPL,3,ROD30.16,A706-GR.60,,,8a1a1462-d21d-415e-9755-5fc3e25966e8
W10-3,P-300,INSERT,19Ø INSERT (NC),2,ROD23.813,A36,,,02c21472-cc6c-4310-921a-ab17a6eb26f0
W10-3,P-205,ANCHOR,12000LB FORGED ANCHOR,2,PL15.88,A36,,,407e0b28-a177-4455-abe0-e0b1ad4f3efe
W10-3,P-301,EMBED,19Ø EXP.  INS. (NC),1,ROD23.81,A36,,,6aa511c3-32d3-4a35-866a-3d159f8cdc7b
W10-1,GT100-1219,GROUT_TUBE,100Øx1219 GROUT TUBE,6,ROD102,Zero_Density,,,794f77af-17e7-4d00-babf-0335f0180e30
W10-1,GT100-686,GROUT_TUBE,100Øx686 GROUT TUBE,3,ROD102,Zero_Density,,,8ab21b2a-992a-4837-b0a8-fb648bb3533b
W10-1,P-301,EMBED,19Ø EXP.  INS. (NC),1,ROD23.81,A36,,,bd4bb5f4-c40b-4522-afd1-5ff1885c84f2
W10-1,P-205,ANCHOR,12000LB FORGED ANCHOR,2,PL15.88,A36,,,dccf38e3-4dd9-41dc-978f-3cb8a9553df6
W10-1,P-300,INSERT,19Ø INSERT (NC),2,ROD23.813,A36,,,0630fe39-c8df-40bd-bc09-52a10a8818a3
P6-6,MPX2,EMBED,V REVEAL LARGE,1,TRIANGLE12.7*12.7,Misc_Undefined,,,d86b701c-6d51-47c2-a2a5-da19501b6f7b
P6-6,P-620,EMBED,6PL W/STUDS,1,PL101.6*6.35,A572-GR.50,,,b94018e5-094f-47f8-955f-d0f4da57e07b
P6-6,P-300,INSERT,19Ø INSERT (NC),4,ROD23.813,A36,,,f388e093-c68b-4b38-8cb1-41910332c4af
P6-6,GT75-305,GROUT_TUBE,76Ø x 305 GROUT TUBE,8,ROD76.2,Zero_Density,,,efcc722e-6b13-4dcd-901a-99c5965340b1
P6-6,GT76-152,GROUT_TUBE,76Øx152mm G.TUBE,6,ROD76.2,Zero_Density,,,dc6a7fd2-8eb8-4035-884a-7e430f6689d7
P6-6,P-205,ANCHOR,12000LB FORGED ANCHOR,4,PL15.88,A36,,,d8bbbacb-b894-411a-94ff-c67459afe74a
P6-3,P-620,EMBED,6PL W/STUDS,1,PL101.6*6.35,A572-GR.50,,,a89d021e-349a-4b33-9ea2-67ff608df258
P6-3,P-300,INSERT,19Ø INSERT (NC),5,ROD23.813,A36,,,001db90d-8dd7-465b-9df4-14a8cd8ee3d5
P6-3,GT75-305,GROUT_TUBE,76Ø x 305 GROUT TUBE,8,ROD76.2,Zero_Density,,,03adce8c-eab4-4acb-8e89-0aab9b81dc3b
P6-3,P-205,ANCHOR,12000LB FORGED ANCHOR,4,PL15.88,A36,,,307b7b83-9f28-43b5-80a7-8d0e43f3224c
W10-115,GT100-1219,GROUT_TUBE,100Øx1219 GROUT TUBE,9,ROD102,Zero_Density,,,a6d24007-09db-4763-8ce7-2746fe74e846
W10-115,SP25-1067,INSERT,SP25Mx1067 WILLIAMS S,3,ROD25.4,A706-GR.60,,,bb48e036-92ac-4a07-bbe8-c81557eef373
W10-115,P-301,EMBED,19Ø EXP.  INS. (NC),1,ROD23.81,A36,,,0d11bbc7-f4e7-4832-9317-7022ea4b511d
W10-115,P-300,INSERT,19Ø INSERT (NC),2,ROD23.813,A36,,,f9ff893b-b19e-4fe4-b8dc-83755e0cf71d
W10-115,P-205,ANCHOR,12000LB FORGED ANCHOR,2,PL15.88,A36,,,091a74fb-9bf9-4529-914c-a144849c0816
W10-114,GT100-1219,GROUT_TUBE,100Øx1219 GROUT TUBE,9,ROD102,Zero_Density,,,17dcec03-e51c-4a46-a6b6-b5154218fbb5
W10-114,SP25-1067,INSERT,SP25Mx1067 WILLIAMS S,3,ROD25.4,A706-GR.60,,,388e2e32-f5c7-4273-b928-b78b6313e4d2
W10-114,P-300,INSERT,19Ø INSERT (NC),2,ROD23.813,A36,,,a032a455-30ef-47ac-a3fa-460e29468995
W10-114,P-205,ANCHOR,12000LB FORGED ANCHOR,2,PL15.88,A36,,,7a918e2d-6a0f-4e6d-9617-f50c0174f952
W10-114,P-301,EMBED,19Ø EXP.  INS. (NC),1,ROD23.81,A36,,,224c207f-7428-43f1-b5ad-ad7bf1b7b403
W10-9,MPX3,EMBED,V REVEAL LARGE,1,TRIANGLE12.7*12.7,Misc_Undefined,,,c5a8a975-5080-4974-93e5-eb67e7feb558
W10-9,GT100-1219,GROUT_TUBE,100Øx1219 GROUT TUBE,27,ROD102,Zero_Density,,,03f169b0-7d9d-4e61-8463-253c49633db7
W10-9,GT100-686,GROUT_TUBE,100Øx686 GROUT TUBE,6,ROD102,Zero_Density,,,91cf7b1e-7b69-4947-ad1a-4f6bca675348
W10-9,P-300,INSERT,19Ø INSERT (NC),5,ROD23.813,A36,,,323dcf26-abe5-448e-9847-b450709199e8
W10-9,SP25-1067,INSERT,SP25Mx1067 WILLIAMS S,8,ROD25.4,A706-GR.60,,,e99f3d2f-4467-4781-a77d-a24ec131b496
W10-9,SP15-457,INSERT,15Mx457 WILLIAMS SPL,6,ROD16,400W,,,8d56c15a-7151-4794-bc23-3dab06cad392
W10-9,SP30-1219,INSERT,30Mx1219 WILLIAMS SPL,1,ROD30.16,A706-GR.60,,,43f5802a-24ab-490e-b921-784391e989e8
W10-9,CNDT,CONDUIT,19MM CONDUIT,1,ROD19,Zero_Density,,,aa9683fe-6ca2-4813-8aa3-402b5c862cc1
W10-9,EB-S-PL,PLATE,Single Plastic Electr,1,160*50.8,Zero_Density,,,b275a161-3666-434d-95ce-ab87f87cb7da
W10-9,P-205,ANCHOR,12000LB FORGED ANCHOR,4,PL15.88,A36,,,94f5d82b-6668-4264-8278-8ef29afdddec
W10-9,GT76-254,GROUT_TUBE,76Øx254mm G.TUBE,2,ROD76.2,Zero_Density,,,d98994b6-3f79-4b03-b1cb-0dd34e089dbb
P6-4,P-620,EMBED,6PL W/STUDS,1,PL101.6*6.35,A572-GR.50,,,03380812-692a-4597-b7ea-3e9e84d26c51
P6-4,P-300,INSERT,19Ø INSERT (NC),5,ROD23.813,A36,,,797d35c9-8fdf-407e-aab8-91f71633d5a9
P6-4,GT75-305,GROUT_TUBE,76Ø x 305 GROUT TUBE,6,ROD76.2,Zero_Density,,,c6432a41-7070-46c3-91ec-b14030439459
P6-4,P-205,ANCHOR,12000LB FORGED ANCHOR,4,PL15.88,A36,,,c4fbd936-e1c6-4b54-971c-6db6cb0ad39b
P6-5,P-620,EMBED,6PL W/STUDS,1,PL101.6*6.35,A572-GR.50,,,36321966-287e-467d-876a-d31c18553d18
P6-5,P-300,INSERT,19Ø INSERT (NC),5,ROD23.813,A36,,,15339883-d342-4f2a-bf73-a61602f8e586
P6-5,GT75-305,GROUT_TUBE,76Ø x 305 GROUT TUBE,8,ROD76.2,Zero_Density,,,1cd4feb4-a3d5-4108-a129-703b85348e4c
P6-5,P-205,ANCHOR,12000LB FORGED ANCHOR,4,PL15.88,A36,,,582b1cbf-a309-47d5-b9b1-088401dec3e0
W10-113,GT100-1219,GROUT_TUBE,100Øx1219 GROUT TUBE,9,ROD102,Zero_Density,,,1092ef18-2dfb-4e2a-8f13-911d36f94476
W10-113,SP25-1067,INSERT,SP25Mx1067 WILLIAMS S,3,ROD25.4,A706-GR.60,,,980338cb-3dd2-49dd-acea-9b2a89f9dbf4
W10-113,P-300,INSERT,19Ø INSERT (NC),2,ROD23.813,A36,,,80cc3222-71e5-4bff-bbea-cdde6e107f08
W10-113,P-205,ANCHOR,12000LB FORGED ANCHOR,2,PL15.88,A36,,,ffb9f87c-750e-4144-93cc-6423fc8b2c84
W10-113,P-301,EMBED,19Ø EXP.  INS. (NC),1,ROD23.81,A36,,,6b5d7f6c-421f-4a57-b0ab-0efc443f2fc1
W10-174,P-300,INSERT,19Ø INSERT (NC),4,ROD23.813,A36,,,67b762c9-bdec-40c2-81ef-f2450d3e2f77
W10-174,GT75-1219,GROUT_TUBE,75Ø x 1219 GROUT TUBE,2,ROD76,Zero_Density,,,20d4d689-6425-45a0-84eb-c6df168cfe25
W10-174,SP25-1067,INSERT,SP25Mx1067 WILLIAMS S,2,ROD25.4,A706-GR.60,,,96b225f3-29ec-4a67-bca8-fc6d4a828f8b
W10-174,P-220,EMBED,10Øx2743 AC 5625LB CA,1,CABLE9.53,Steel_Undefined,,,ccf13ff1-69fc-4389-ba94-c2921c82305e
W10-82,GT75-1219,GROUT_TUBE,75Ø x 1219 GROUT TUBE,1,ROD76,Zero_Density,,,002ce522-0f6d-4ea1-9a58-1326330a688f
W10-82,P-300,INSERT,19Ø INSERT (NC),6,ROD23.813,A36,,,374d9777-0fca-4e58-a724-e85e922d2ba7
W10-82,SP15-457,INSERT,15Mx457 WILLIAMS SPL,3,ROD16,400W,,,a1833aa7-c78f-4e59-9d72-87bfba95eaa8
W10-82,P-703,EMBED,13PL. w/STUD,1,PL102*12.7,A572-GR.50,,,548fece5-93a1-461c-9695-a86f725e8862
W10-82,P-607,EMBED,13PL. w/STUD,1,PL152.4*12.7,A572-GR.50,,,ef072ff6-c45f-4b95-b154-8644ce239688
W10-82,P-221,EMBED,13Øx2743 AC 10375LB,1,CABLE12.7,Steel_Undefined,,,68c95cfb-15c8-4f9a-a063-674b71a65438
W10-2,P-300,INSERT,19Ø INSERT (NC),6,ROD23.813,A36,,,bbc2509f-deb7-43e0-9be1-011107c9a032
W10-2,SP15-457,INSERT,15Mx457 WILLIAMS SPL,3,ROD16,400W,,,8acfe57b-6a3b-4ddf-ac25-54ba6e841841
W10-2,P-607,EMBED,13PL. w/STUD,1,PL152.4*12.7,A572-GR.50,,,7e1ff3a3-aee3-4e0c-8854-589bb355e340
W10-2,P-703,EMBED,13PL. w/STUD,1,PL102*12.7,A572-GR.50,,,c68a161e-c2c8-40b5-908b-0d75142b7d3a
W10-2,GT75-1219,GROUT_TUBE,75Ø x 1219 GROUT TUBE,1,ROD76,Zero_Density,,,14dc20c6-4eca-4d7f-98cc-19e20c5633cc
W10-2,P-221,EMBED,13Øx2743 AC 10375LB,1,CABLE12.7,Steel_Undefined,,,1e9b97e3-e0ae-49a7-aa80-17cfcee77c57
W10-172,P-300,INSERT,19Ø INSERT (NC),4,ROD23.813,A36,,,f331e977-c598-4749-b890-9f1cf5f68ec7
W10-172,GT75-1219,GROUT_TUBE,75Ø x 1219 GROUT TUBE,2,ROD76,Zero_Density,,,25eea02d-6050-4c7a-9a62-5d01a5553bdc
W10-172,SP25-1067,INSERT,SP25Mx1067 WILLIAMS S,2,ROD25.4,A706-GR.60,,,12a71ff4-b0ff-41e4-a17c-e50bc919cdf2
W10-172,P-220,EMBED,10Øx2743 AC 5625LB CA,1,CABLE9.53,Steel_Undefined,,,f05021ed-95a2-4b7a-b70a-a165a1c433a4
W8-28,SP15-457,INSERT,15Mx457 WILLIAMS SPL,27,ROD16,400W,,,7a24ff3c-40e1-4351-b7f3-ccc39a79cbc0
W8-28,P-300,INSERT,19Ø INSERT (NC),3,ROD23.813,A36,,,0d1f31c2-a563-4d59-838e-252909d45cae
W8-28,GT75-686,GROUT_TUBE,75Ø x 686 GROUT TUBE,9,ROD76,Zero_Density,,,e424926c-4188-4963-806d-41f2eb7035b8
W8-28,P-205,ANCHOR,12000LB FORGED ANCHOR,2,PL15.88,A36,,,32f671a8-e018-440c-9fa0-f2e8f2fa5c9d
W8-28,P-705,PLATE,13x203x203 PLATE,1,PL203*12.7,A572-GR.50,,,ca8f809f-46c8-4ca6-a9b9-ffefc7b5ea41
W8-28,SLV-76-203,SLEEVE,76Ø x 203 PVC SLEEVE,1,ROD82,Zero_Density,,,cc56db33-2c85-4c40-819a-db10c73be975
W8-28,CNDT,CONDUIT,19MM CONDUIT,1,ROD19,Zero_Density,,,c988ffad-439c-4bca-8cea-fd11388b4fcc
W8-28,EB-S-PL,PLATE,Single Plastic Electr,1,160*50.8,Zero_Density,,,be0d7acc-a962-47fe-818e-08b4051e0463
W8-30,SP15-457,INSERT,15Mx457 WILLIAMS SPL,21,ROD16,400W,,,eaa4fd27-c632-4b66-b664-97cb8c469bb0
W8-30,GT75-686,GROUT_TUBE,75Ø x 686 GROUT TUBE,7,ROD76,Zero_Density,,,28aec5c7-1bf2-496c-aad3-b01dd51fccee
W8-30,CNDT,CONDUIT,19MM CONDUIT,3,ROD19,Zero_Density,,,72723b7a-b833-4665-8bff-695fdb1a93da
W8-30,EB-S-PL,PLATE,Single Plastic Electr,2,160*50.8,Zero_Density,,,9dd90578-e179-4482-8c2e-0196421301f7
W8-30,EB-SQ-PL1,EMBED,Square Plastic Electr,1,160*160,Zero_Density,,,2a9d80dd-4aff-4171-8438-0dc15e4c753f
W8-30,P-300,INSERT,19Ø INSERT (NC),2,ROD23.813,A36,,,e5f49ff8-3052-4a12-b2ed-6bf419724375
W8-30,P-205,ANCHOR,12000LB FORGED ANCHOR,2,PL15.88,A36,,,7f7de9da-cd34-4876-99b9-b6c2f35650c5
W8-30,P-705,PLATE,13x203x203 PLATE,2,PL203*12.7,A572-GR.50,,,a8a856b9-a01a-4f81-8b00-ebfe8d4c559f
W8-30,SLV-76-203,SLEEVE,76Ø x 203 PVC SLEEVE,1,ROD82,Zero_Density,,,19980443-a8ee-4909-8bc2-ec391e4c176a
W8-39,P-300,INSERT,19Ø INSERT (NC),3,ROD23.813,A36,,,fb7d8853-5834-4c74-be29-700ed9c3b932
W8-39,GT75-686,GROUT_TUBE,75Ø x 686 GROUT TUBE,9,ROD76,Zero_Density,,,d574303a-4484-4194-a1be-a2bbebaa202f
W8-39,CNDT,CONDUIT,19MM CONDUIT,1,ROD19,Zero_Density,,,d8d13ea4-f4c3-439f-b2fd-f2d406c508c9
W8-39,SLV-76-203,SLEEVE,76Ø x 203 PVC SLEEVE,1,ROD82,Zero_Density,,,6d4c0930-b34e-4556-8b82-d73d40a78793
W8-39,EB-S-PL,PLATE,Single Plastic Electr,1,160*50.8,Zero_Density,,,5f1f3a02-fb93-446d-b076-fba7681ee6a6
W8-39,P-205,ANCHOR,12000LB FORGED ANCHOR,2,PL15.88,A36,,,3c7c4c0e-8999-4cf4-a9da-7aabf6a00435
W8-39,P-705,PLATE,13x203x203 PLATE,1,PL203*12.7,A572-GR.50,,,79d6a9a4-eead-4caf-8af5-ef38aff5f7b7
W8-39,SP15-457,INSERT,15Mx457 WILLIAMS SPL,27,ROD16,400W,,,7d55de31-721e-4b4e-93a8-63be7592ef8d
W8-22,SP15-457,INSERT,15Mx457 WILLIAMS SPL,27,ROD16,400W,,,c213b80b-2935-49e5-a1d2-765c3a16cfb7
W8-22,GT75-686,GROUT_TUBE,75Ø x 686 GROUT TUBE,9,ROD76,Zero_Density,,,adc46f2a-b0d0-41f4-a78d-0ae837c40a74
W8-22,CNDT,CONDUIT,19MM CONDUIT,2,ROD19,Zero_Density,,,cd51b89c-da35-4dd1-b335-8e164e5652ef
W8-22,EB-S-PL,PLATE,Single Plastic Electr,2,160*50.8,Zero_Density,,,4c61d75b-1c09-4fcb-a097-371a8bcbb77b
W8-22,P-300,INSERT,19Ø INSERT (NC),3,ROD23.813,A36,,,30cf3b7a-2e7b-4cd6-9901-502b805d4a03
W8-22,P-205,ANCHOR,12000LB FORGED ANCHOR,2,PL15.88,A36,,,16c2a825-b8cc-4117-bc93-f1b8fa0eb88f
W8-22,P-705,PLATE,13x203x203 PLATE,1,PL203*12.7,A572-GR.50,,,02eac334-f2fe-4f94-94af-221167ae899e
W8-22,SLV-76-203,SLEEVE,76Ø x 203 PVC SLEEVE,1,ROD82,Zero_Density,,,4cdfc7b9-8bbe-4307-a21d-d8e287ea0902
W8-38,SP15-457,INSERT,15Mx457 WILLIAMS SPL,21,ROD16,400W,,,9edce415-d478-457c-b029-189097340996
W8-38,GT75-686,GROUT_TUBE,75Ø x 686 GROUT TUBE,7,ROD76,Zero_Density,,,f7f10351-ed02-474f-87e5-0f09eae3e7cc
W8-38,CNDT,CONDUIT,19MM CONDUIT,3,ROD19,Zero_Density,,,c7f49d10-9070-424d-80cc-f34999e37fb8
W8-38,EB-S-PL,PLATE,Single Plastic Electr,2,160*50.8,Zero_Density,,,5727542a-041c-4e3b-ae5f-93d13d75eecb
W8-38,EB-SQ-PL1,EMBED,Square Plastic Electr,1,160*160,Zero_Density,,,d5191115-ec9f-4848-a050-c08e40f6d0b1
W8-38,P-300,INSERT,19Ø INSERT (NC),2,ROD23.813,A36,,,404b2b4d-cca3-4969-8f2b-aebe66bbd494
W8-38,P-205,ANCHOR,12000LB FORGED ANCHOR,2,PL15.88,A36,,,2f65d15e-02c4-46cc-ace7-2fc4ba8282e3
W8-38,P-705,PLATE,13x203x203 PLATE,2,PL203*12.7,A572-GR.50,,,073a4dcf-0b97-4285-b867-4607e2f2ac63
W8-38,SLV-76-203,SLEEVE,76Ø x 203 PVC SLEEVE,1,ROD82,Zero_Density,,,fcff4c96-a3d3-4601-a603-bf1e172e41c5
W8-5,GT75-686,GROUT_TUBE,75Ø x 686 GROUT TUBE,5,ROD76,Zero_Density,,,52b46a8a-f8c6-438e-882e-6ec377d9c4d5
W8-5,P-705,PLATE,13x203x203 PLATE,2,PL203*12.7,A572-GR.50,,,15060a0a-17ef-49fc-8e72-dca3f4291f73
W8-5,P-300,INSERT,19Ø INSERT (NC),2,ROD23.813,A36,,,e22e9475-1464-4ee3-bc78-97f7e25a99d9
W8-5,P-205,ANCHOR,12000LB FORGED ANCHOR,2,PL15.88,A36,,,d68a2d32-b1d7-454c-8606-18311b56323a
W8-10,P-300,INSERT,19Ø INSERT (NC),3,ROD23.813,A36,,,2c2fc2c9-4540-4cdd-a42f-ad4cd74d2d7b
W8-10,CNDT,CONDUIT,19MM CONDUIT,1,ROD19,Zero_Density,,,5e353d5c-1a1d-40a8-a7ca-ceee5f5c68cb
W8-10,EB-S-PL,PLATE,Single Plastic Electr,1,160*50.8,Zero_Density,,,23b1dce4-cff1-446c-9735-1632c12fea96
W8-10,SLV-76-203,SLEEVE,76Ø x 203 PVC SLEEVE,1,ROD82,Zero_Density,,,3d7a51a5-a979-4b31-813a-a171d98c5cdb
W8-10,GT75-686,GROUT_TUBE,75Ø x 686 GROUT TUBE,9,ROD76,Zero_Density,,,df105fb4-3211-4370-9993-4079843e3fba
W8-10,P-705,PLATE,13x203x203 PLATE,1,PL203*12.7,A572-GR.50,,,53ef2c6f-d1fc-498a-98c6-f10f94764b33
W8-10,P-205,ANCHOR,12000LB FORGED ANCHOR,2,PL15.88,A36,,,e72155c5-bb37-4b86-98af-4ab9aef4d9b6
W8-3,P-300,INSERT,19Ø INSERT (NC),3,ROD23.813,A36,,,1893eaef-521b-4a77-9998-60a177f1c8f5
W8-3,GT75-686,GROUT_TUBE,75Ø x 686 GROUT TUBE,9,ROD76,Zero_Density,,,59fb911b-8936-4a73-a3e0-b2131c84e2a6
W8-3,CNDT,CONDUIT,19MM CONDUIT,2,ROD19,Zero_Density,,,07ce27cb-33af-4be4-8b35-f8473573f5eb
W8-3,EB-S-PL,PLATE,Single Plastic Electr,2,160*50.8,Zero_Density,,,00d552f0-1c75-491a-a77f-1db740e929bf
W8-3,SLV-76-203,SLEEVE,76Ø x 203 PVC SLEEVE,1,ROD82,Zero_Density,,,a888e290-e04c-473e-a948-80ca42906664
W8-3,P-705,PLATE,13x203x203 PLATE,1,PL203*12.7,A572-GR.50,,,019d6e04-b250-4409-8c9a-5e573911a7da
W8-3,P-205,ANCHOR,12000LB FORGED ANCHOR,2,PL15.88,A36,,,78bccfbd-c3e2-4ef5-9ee5-78b5eae85ef5
W8-8,GT75-686,GROUT_TUBE,75Ø x 686 GROUT TUBE,7,ROD76,Zero_Density,,,e2273acf-a8af-48e6-8ff0-b015d9001d8e
W8-8,CNDT,CONDUIT,19MM CONDUIT,3,ROD19,Zero_Density,,,84e372ea-47e0-425f-8180-d61fa1a4ecda
W8-8,EB-S-PL,PLATE,Single Plastic Electr,2,160*50.8,Zero_Density,,,0b8f5248-4705-45a9-b28a-bba5c399adce
W8-8,EB-SQ-PL1,EMBED,Square Plastic Electr,1,160*160,Zero_Density,,,a18e272e-9796-44ce-9a69-a1652d9a0cfe
W8-8,SLV-76-203,SLEEVE,76Ø x 203 PVC SLEEVE,1,ROD82,Zero_Density,,,01e6390a-e348-444e-8315-462060655bef
W8-8,P-705,PLATE,13x203x203 PLATE,2,PL203*12.7,A572-GR.50,,,e4f283c8-8c2d-47b3-b129-fc3678582c1e
W8-8,P-300,INSERT,19Ø INSERT (NC),2,ROD23.813,A36,,,7025963c-ed6a-4711-81c7-03336ba16b97
W8-8,P-205,ANCHOR,12000LB FORGED ANCHOR,2,PL15.88,A36,,,0b81670c-7b85-4077-89e4-1e8dbb68915c
W10-89,P-300,INSERT,19Ø INSERT (NC),4,ROD23.813,A36,,,1ea613ee-d75e-4a6c-8016-c7bc64f2fd0b
W10-89,SP25-1067,INSERT,SP25Mx1067 WILLIAMS S,4,ROD25.4,A706-GR.60,,,c0ac305c-bc5f-4e50-bc0b-c8a71acb8714
W10-89,P-705,PLATE,13x203x203 PLATE,1,PL203*12.7,A572-GR.50,,,8b80b6a5-ee97-452b-8a22-af0c8d3d149c
W10-89,CNDT,CONDUIT,19MM CONDUIT,3,ROD19,Zero_Density,,,d7ba846c-f6a1-4786-ac1e-b578edfcac01
W10-89,EB-O-PL1,EMBED,Octagon Plastic Elect,1,ROD160,Zero_Density,,,df73fad4-5a22-4603-9bac-08a884d2aebe
W10-89,EB-S-PL,PLATE,Single Plastic Electr,1,160*50.8,Zero_Density,,,26c8a497-8c1d-4dae-a30f-66c016f5a230
W10-89,EB-SQ-PL1,EMBED,Square Plastic Electr,1,160*160,Zero_Density,,,5a5b9a5f-8a82-4efc-a489-f75e73c8ea25
W10-89,P-205,ANCHOR,12000LB FORGED ANCHOR,2,PL15.88,A36,,,1bbada89-61fa-497e-8968-50bebf42c486
W10-89,SLV-102-254,SLEEVE,102Ø x 254 PVC SLEEVE,2,ROD108,Zero_Density,,,887e72cc-f5bf-40f2-8231-46d7d36121b0
W10-89,GT75-1219,GROUT_TUBE,75Ø x 1219 GROUT TUBE,7,ROD76,Zero_Density,,,6e30b148-4617-4517-b5af-84268cd1cf21
W10-89,SLV-64-254,SLEEVE,64Ø x 254 PVC SLEEVE,1,ROD70,Zero_Density,,,58d462a7-3a3a-41f3-b858-8340bb8f07fa
W10-110,GT75-1219,GROUT_TUBE,75Ø x 1219 GROUT TUBE,2,ROD76,Zero_Density,,,7c56170b-dabc-4f34-8002-f32ec25f84f2
W10-110,GT75-686,GROUT_TUBE,75Ø x 686 GROUT TUBE,1,ROD76,Zero_Density,,,d9d771fa-f51b-4e0d-8590-d88c3c93d4c5
W10-110,SP25-1067,INSERT,SP25Mx1067 WILLIAMS S,3,ROD25.4,A706-GR.60,,,c3978fba-08a4-4ee1-b25d-adb4770d9bd6
W10-110,P-300,INSERT,19Ø INSERT (NC),4,ROD23.813,A36,,,0f03e35e-4d62-4347-bbef-228426dbf21c
W10-110,EI-1524,EMBED,ELEV. INS. 1524LG.,1,PL35*41,Zero_Density,,,0fbcf57b-ba85-4808-969c-2873400dfd55
W10-110,P-205,ANCHOR,12000LB FORGED ANCHOR,2,PL15.88,A36,,,e360ffa5-0551-48fe-861e-1b3320548dd1
W10-110,P-705,PLATE,13x203x203 PLATE,1,PL203*12.7,A572-GR.50,,,acbe4143-296a-4826-b8a2-8e05fa591c98
SW17-5,GT75-1219,GROUT_TUBE,75Ø x 1219 GROUT TUBE,4,ROD76,Zero_Density,,,e1bbaf85-e4d1-4462-b556-c85955f203f3
SW17-5,INS-4,EMBED,INSULATION,1,PL3441*102,Insulation,,,b35e6a55-7638-4982-aa8d-48cd13a1086e
SW17-5,P-300,INSERT,19Ø INSERT (NC),4,ROD23.813,A36,,,35d7280b-5a10-4c6c-88e1-e914e9cb3cc4
SW17-5,P-205,ANCHOR,12000LB FORGED ANCHOR,2,PL15.88,A36,,,d68cc0e8-7b0c-4a01-a7e1-e5004dbdf83a
W8-2,GT75-686,GROUT_TUBE,75Ø x 686 GROUT TUBE,9,ROD76,Zero_Density,,,0dd34de6-0c8a-4239-af55-71f0538a94fb
W8-2,P-300,INSERT,19Ø INSERT (NC),3,ROD23.813,A36,,,0ef4fa2b-6340-4f63-8f96-30c01b57ebb3
W8-2,CNDT,CONDUIT,19MM CONDUIT,2,ROD19,Zero_Density,,,2a480234-b3a0-43d8-bfdc-961a64806423
W8-2,EB-S-PL,PLATE,Single Plastic Electr,2,160*50.8,Zero_Density,,,8be512a6-3ae4-4448-afc8-77725ef3a2c0
W8-2,P-205,ANCHOR,12000LB FORGED ANCHOR,2,PL15.88,A36,,,23e5f929-5dbc-43e8-9ffe-cce47cca0d61
W8-2,P-705,PLATE,13x203x203 PLATE,1,PL203*12.7,A572-GR.50,,,6fe71a7a-aac1-4f39-9857-c4d4b5b73db8
W8-9,GT75-686,GROUT_TUBE,75Ø x 686 GROUT TUBE,9,ROD76,Zero_Density,,,ef257b62-b44b-4dbf-a210-0b2c9b30abc2
W8-9,P-300,INSERT,19Ø INSERT (NC),3,ROD23.813,A36,,,35488783-2333-436d-aab2-31d63ee9170b
W8-9,CNDT,CONDUIT,19MM CONDUIT,1,ROD19,Zero_Density,,,9aa959f7-f1b0-43b8-af9e-f281ac0f35ad
W8-9,EB-S-PL,PLATE,Single Plastic Electr,1,160*50.8,Zero_Density,,,13101ef6-4ad0-48af-bac7-cb3eb911e641
W8-9,P-205,ANCHOR,12000LB FORGED ANCHOR,4,PL15.88,A36,,,9f00052a-4b04-4664-a3a5-2b69718ca85c
W8-9,P-705,PLATE,13x203x203 PLATE,1,PL203*12.7,A572-GR.50,,,8b843f9f-efaa-4324-8f70-5a2403052a79
W8-7,SP15-457,INSERT,15Mx457 WILLIAMS SPL,18,ROD16,400W,,,aa85fcc8-d2bc-4908-bddf-1827e63f56c1
W8-7,GT75-686,GROUT_TUBE,75Ø x 686 GROUT TUBE,6,ROD76,Zero_Density,,,6458e5d8-3c0b-47e3-976f-fc0b4b8ef6e3
W8-7,CNDT,CONDUIT,19MM CONDUIT,1,ROD19,Zero_Density,,,fbc5d654-18b0-4e0b-8b92-45fc6d796926
W8-7,EB-S-PL,PLATE,Single Plastic Electr,1,160*50.8,Zero_Density,,,25617d9d-09c9-42e0-95c4-f2144e38a9fe
W8-7,P-205,ANCHOR,12000LB FORGED ANCHOR,2,PL15.88,A36,,,8c592206-bbf2-45a9-8bf1-bce0512836b5
W8-7,P-300,INSERT,19Ø INSERT (NC),2,ROD23.813,A36,,,5e271396-aca8-4afa-bed5-68338613e837
W8-7,P-705,PLATE,13x203x203 PLATE,2,PL203*12.7,A572-GR.50,,,077b464f-b8a0-4441-b326-75637b2607d1
W8-4,GT75-686,GROUT_TUBE,75Ø x 686 GROUT TUBE,5,ROD76,Zero_Density,,,49cbf895-7dbc-4dd0-86f9-d42645d89fe1
W8-4,P-205,ANCHOR,12000LB FORGED ANCHOR,2,PL15.88,A36,,,3c059563-2520-43ca-9196-3cc63aa30be0
W8-4,P-300,INSERT,19Ø INSERT (NC),2,ROD23.813,A36,,,a9df14bc-1da4-4bf2-8fda-a6dc3d5d3a80
W8-4,P-705,PLATE,13x203x203 PLATE,2,PL203*12.7,A572-GR.50,,,0996eac7-57ae-4888-b254-ff9ae365e28a
SW17-6,GT75-686,GROUT_TUBE,75Ø x 686 GROUT TUBE,5,ROD76,Zero_Density,,,8a95a49c-26ae-47e3-94df-36038cdcff90
SW17-6,EI-762,EMBED,ELEV. INS. 762LG.,1,PL35*41,Zero_Density,,,03e1f32c-5202-4ade-8d3d-f33ef1dd1f13
SW17-6,INS-5,EMBED,INSULATION,1,PL3626*102,Insulation,,,c5663968-519a-4a3f-afc9-cf6e3d450632
SW17-6,P-300,INSERT,19Ø INSERT (NC),4,ROD23.813,A36,,,364b8e22-6f54-4856-9371-c70cd4f18a90
SW17-6,P-205,ANCHOR,12000LB FORGED ANCHOR,2,PL15.88,A36,,,15504ee3-baa8-4535-8fae-82dfaf9724fb
SW17-6,P-805,EMBED,SBO 203x850 DELTA PLA,1,PL203*25,A572-GR.50,,,7425fe3f-29f0-414d-89bb-11b29c6a97b2
W10-196,P-300,INSERT,19Ø INSERT (NC),4,ROD23.813,A36,,,d37a7840-372c-4d2a-9a72-33ba27168c75
W10-196,GT75-1219,GROUT_TUBE,75Ø x 1219 GROUT TUBE,2,ROD76,Zero_Density,,,0a024d9f-b839-4668-bdd8-7469b254b192
W10-196,GT75-686,GROUT_TUBE,75Ø x 686 GROUT TUBE,1,ROD76,Zero_Density,,,2499c2a8-be44-4c2d-aaa3-7c735d518aca
W10-196,SP15-457,INSERT,15Mx457 WILLIAMS SPL,3,ROD16,400W,,,ee490347-3b56-4412-b4c8-8d56ddd905d5
W10-196,SP25-1067,INSERT,SP25Mx1067 WILLIAMS S,2,ROD25.4,A706-GR.60,,,a57e2376-d226-464a-a115-8aad4152d8d7
W10-196,GT100-1219,GROUT_TUBE,100Øx1219 GROUT TUBE,3,ROD102,Zero_Density,,,05b9851b-0037-4741-935c-54248acd155a
W10-196,SP30-1219,INSERT,30Mx1219 WILLIAMS SPL,1,ROD30.16,A706-GR.60,,,3bed3dfa-cec0-452a-ba3e-23fec6e6a44e
W10-196,CNDT,CONDUIT,19MM CONDUIT,3,ROD19,Zero_Density,,,86c9ff9d-56f4-4161-bce9-45c23e0e614a
W10-196,P-705,PLATE,13x203x203 PLATE,1,PL203*12.7,A572-GR.50,,,e61c0261-3e8e-45e4-8e53-8fbfbbdb5527
W10-196,EB-O-PL1,EMBED,Octagon Plastic Elect,1,ROD160,Zero_Density,,,9d42b301-50b8-4b6a-8c1a-f1e716581ce9
W10-196,EB-S-PL,PLATE,Single Plastic Electr,1,160*50.8,Zero_Density,,,18a8c0ac-5d83-4cf0-aa29-426d851a92a4
W10-196,EB-SQ-PL1,EMBED,Square Plastic Electr,1,160*160,Zero_Density,,,a9c4dacc-4a65-4ce1-8d37-4bf1eb8c2954
W10-196,P-205,ANCHOR,12000LB FORGED ANCHOR,2,PL15.88,A36,,,b001a2a9-0672-469a-bad7-aadd3d252a19
W10-87,P-300,INSERT,19Ø INSERT (NC),4,ROD23.813,A36,,,2c3b5a36-0faa-464b-a2ba-3aa112864c1f
W10-87,GT75-686,GROUT_TUBE,75Ø x 686 GROUT TUBE,1,ROD76,Zero_Density,,,fa15776b-c81d-4bd3-864f-1db259efa22e
W10-87,GT75-1219,GROUT_TUBE,75Ø x 1219 GROUT TUBE,2,ROD76,Zero_Density,,,b789045a-5bf9-49da-8ad8-d07307aac26c
W10-87,SP25-1067,INSERT,SP25Mx1067 WILLIAMS S,2,ROD25.4,A706-GR.60,,,6b137d79-78fb-42b1-8f0a-7ed35ac0915c
W10-87,GT100-1219,GROUT_TUBE,100Øx1219 GROUT TUBE,3,ROD102,Zero_Density,,,5a0812f0-9832-4b6d-89ed-c786d79ff652
W10-87,CNDT,CONDUIT,19MM CONDUIT,3,ROD19,Zero_Density,,,425ccdd9-bcb2-447f-bfce-8294468c15dc
W10-87,EB-O-PL1,EMBED,Octagon Plastic Elect,1,ROD160,Zero_Density,,,818e85cc-3faf-48d6-972a-04454ac04ed6
W10-87,EB-S-PL,PLATE,Single Plastic Electr,1,160*50.8,Zero_Density,,,c0e79477-5322-4a23-8216-d27c69f61778
W10-87,EB-SQ-PL1,EMBED,Square Plastic Electr,1,160*160,Zero_Density,,,4427ea77-0cf3-41a6-b43d-457d9840e8ae
W10-87,P-205,ANCHOR,12000LB FORGED ANCHOR,2,PL15.88,A36,,,64c201bf-e6c2-4e1e-ad7d-33d86c96c80a
W10-87,P-705,PLATE,13x203x203 PLATE,1,PL203*12.7,A572-GR.50,,,131187ad-8b07-4edc-80c9-06a7794a255a
W8-17,SP15-457,INSERT,15Mx457 WILLIAMS SPL,21,ROD16,400W,,,82bc3d66-14d7-47cd-b742-6096fa4fe6c2
W8-17,GT75-686,GROUT_TUBE,75Ø x 686 GROUT TUBE,5,ROD76,Zero_Density,,,9c7173c0-d5e9-4727-b6f7-0f0628175745
W8-17,CNDT,CONDUIT,19MM CONDUIT,3,ROD19,Zero_Density,,,d99f3244-17c7-4400-b9ba-9597cc5d21c7
W8-17,EB-S-PL,PLATE,Single Plastic Electr,2,160*50.8,Zero_Density,,,2fe91312-a915-48ac-aa6a-152926bfc9e3
W8-17,EB-SQ-PL1,EMBED,Square Plastic Electr,1,160*160,Zero_Density,,,ebde9168-f969-4380-8128-7826d092a2ae
W8-17,P-300,INSERT,19Ø INSERT (NC),2,ROD23.813,A36,,,45ca28dd-abd1-4449-aa77-a396941df6b1
W8-17,P-205,ANCHOR,12000LB FORGED ANCHOR,2,PL15.88,A36,,,f4fec2d0-63a2-4357-b3e5-956d93e93af6
W8-17,P-705,PLATE,13x203x203 PLATE,2,PL203*12.7,A572-GR.50,,,232dda41-0d98-481d-bc48-4b735e34de68
W8-17,SLV-76-203,SLEEVE,76Ø x 203 PVC SLEEVE,1,ROD82,Zero_Density,,,4ac7cbf7-4fdb-402d-8d9d-b754ec03c573
W8-17,GT75-1219,GROUT_TUBE,75Ø x 1219 GROUT TUBE,1,ROD76,Zero_Density,,,f4301d13-bd35-4fce-b6db-6c4bff8bbfe2
W8-35,SP15-457,INSERT,15Mx457 WILLIAMS SPL,15,ROD16,400W,,,7a4ba242-2d8e-4cc7-9297-e723a93284ae
W8-35,GT75-686,GROUT_TUBE,75Ø x 686 GROUT TUBE,5,ROD76,Zero_Density,,,f67add6b-5b6c-4633-ad92-b1b12b57026a
W8-35,P-300,INSERT,19Ø INSERT (NC),2,ROD23.813,A36,,,03868ed8-de1a-4e5e-9c68-5877e3a571a7
W8-35,P-205,ANCHOR,12000LB FORGED ANCHOR,2,PL15.88,A36,,,61fb26cc-6643-4f0b-9c58-9c87dcbd48f7
W8-35,P-705,PLATE,13x203x203 PLATE,2,PL203*12.7,A572-GR.50,,,d5a933ef-55e0-4c69-a4fc-2896eec0d000
SW17-7,GT75-1219,GROUT_TUBE,75Ø x 1219 GROUT TUBE,3,ROD76,Zero_Density,,,60b375c6-e702-4b40-9d22-9fde893cbcf7
SW17-7,EI-1524,EMBED,ELEV. INS. 1524LG.,1,PL35*41,Zero_Density,,,c5f6b563-e5fc-442c-84b0-279023109aa1
SW17-7,INS-7,EMBED,INSULATION,1,PL3626*102,Insulation,,,ce74add4-8bf8-4758-90cb-5ec7a3e32871
SW17-7,P-300,INSERT,19Ø INSERT (NC),4,ROD23.813,A36,,,5c2fc6e5-f1b8-4b4a-9b0d-405dedf3d1ab
SW17-7,P-205,ANCHOR,12000LB FORGED ANCHOR,2,PL15.88,A36,,,4e7b647c-1a49-4b60-8e61-f0dc3be2cfec
W10-193,SP25-1067,INSERT,SP25Mx1067 WILLIAMS S,2,ROD25.4,A706-GR.60,,,3945a0bb-1b0e-47a3-9c75-be4e43f0ab0f
W10-193,SP15-457,INSERT,15Mx457 WILLIAMS SPL,3,ROD16,400W,,,1c215b2c-af1e-4eb7-b954-a3363ddb0b24
W10-193,GT75-1219,GROUT_TUBE,75Ø x 1219 GROUT TUBE,2,ROD76,Zero_Density,,,01e86c80-ffd9-4161-8e48-b9624de91514
W10-193,GT75-686,GROUT_TUBE,75Ø x 686 GROUT TUBE,1,ROD76,Zero_Density,,,301c8504-dc5e-47ca-8236-c9a538110510
W10-193,P-300,INSERT,19Ø INSERT (NC),4,ROD23.813,A36,,,d9fb75d8-575e-4bc0-bd71-5bf4eaf833d7
W10-193,EI-762,EMBED,ELEV. INS. 762LG.,1,PL35*41,Zero_Density,,,7cfd0c27-aff5-4b00-8a3c-80cc8e62f784
W10-193,P-205,ANCHOR,12000LB FORGED ANCHOR,2,PL15.88,A36,,,abd97071-2c33-475c-8dd3-07a62a76134d
W10-100,SP15-457,INSERT,15Mx457 WILLIAMS SPL,15,ROD16,400W,,,a0806de2-4c4c-4fd3-8518-998f0d683e56
W10-100,GT75-1219,GROUT_TUBE,75Ø x 1219 GROUT TUBE,1,ROD76,Zero_Density,,,6d14135b-7480-46ce-bbad-7750f9e751ae
W10-100,GT75-1000,GROUT_TUBE,75Ø x 1000 GROUT TUBE,1,ROD76,Zero_Density,,,98e3d4c3-6e5e-4fc3-92cf-ab23b611df8c
W10-100,GT75-686,GROUT_TUBE,75Ø x 686 GROUT TUBE,1,ROD76,Zero_Density,,,9ae95cda-efe5-47ce-8558-b4819117562b
W10-100,P-300,INSERT,19Ø INSERT (NC),4,ROD23.813,A36,,,b61f4a74-e682-49ef-9b74-000316fe7b52
W10-100,EI-762,EMBED,ELEV. INS. 762LG.,1,PL35*41,Zero_Density,,,f7d6454e-d7de-4473-86a7-38275e382943
W10-100,P-205,ANCHOR,12000LB FORGED ANCHOR,2,PL15.88,A36,,,821c2da5-614f-4506-87e1-9601593923cd
W8-27,GT75-686,GROUT_TUBE,75Ø x 686 GROUT TUBE,9,ROD76,Zero_Density,,,c1ef8892-e95b-41c8-83d5-4f1d2de9b359
W8-27,SP15-457,INSERT,15Mx457 WILLIAMS SPL,27,ROD16,400W,,,ae0d2973-4b01-47f3-96a6-c0ad6ff648db
W8-27,P-300,INSERT,19Ø INSERT (NC),3,ROD23.813,A36,,,8fa2047b-2514-4dba-a455-9916499e44b2
W8-27,P-705,PLATE,13x203x203 PLATE,1,PL203*12.7,A572-GR.50,,,689d8b70-846e-4a78-bb65-1828150e714c
W8-27,P-205,ANCHOR,12000LB FORGED ANCHOR,4,PL15.88,A36,,,2dff37b3-906c-4fb4-b00c-922feff65c32
W8-27,CNDT,CONDUIT,19MM CONDUIT,1,ROD19,Zero_Density,,,56b49746-a6ad-4f35-b3a9-a8ae1dbca45a
W8-27,EB-S-PL,PLATE,Single Plastic Electr,1,160*50.8,Zero_Density,,,70f826c3-3ac2-46bf-994b-09f3bab8c377
W8-42,SP15-457,INSERT,15Mx457 WILLIAMS SPL,18,ROD16,400W,,,f2cd09b8-6f4b-454f-860f-6e61bd91b32a
W8-42,CNDT,CONDUIT,19MM CONDUIT,1,ROD19,Zero_Density,,,cb133e19-9065-4617-99df-95fc41c8959d
W8-42,EB-S-PL,PLATE,Single Plastic Electr,1,160*50.8,Zero_Density,,,c751d642-063e-415b-92e2-a7a19ca36410
W8-42,P-205,ANCHOR,12000LB FORGED ANCHOR,2,PL15.88,A36,,,390ae8f2-49cd-4b36-8ac1-8ef594d7489b
W8-42,P-300,INSERT,19Ø INSERT (NC),2,ROD23.813,A36,,,092b52da-a3c7-472a-9a96-30a09d19ce04
W8-42,GT75-686,GROUT_TUBE,75Ø x 686 GROUT TUBE,6,ROD76,Zero_Density,,,e298c213-8d5b-4db7-aaab-3b1b9588c919
W8-42,P-705,PLATE,13x203x203 PLATE,2,PL203*12.7,A572-GR.50,,,9673883f-768a-4972-b51d-07505fec041c
W8-34,GT75-686,GROUT_TUBE,75Ø x 686 GROUT TUBE,5,ROD76,Zero_Density,,,71c5d231-d25b-4aea-bd47-f71798adc7a4
W8-34,SP15-457,INSERT,15Mx457 WILLIAMS SPL,15,ROD16,400W,,,47fb426c-dc24-4e02-b5db-6c98cc5656e5
W8-34,P-205,ANCHOR,12000LB FORGED ANCHOR,2,PL15.88,A36,,,1f204bdb-21dd-42ca-88f4-ff5abaca0209
W8-34,P-300,INSERT,19Ø INSERT (NC),2,ROD23.813,A36,,,7acc509a-76a0-45ff-9f5f-836ebb063dea
W8-34,P-705,PLATE,13x203x203 PLATE,2,PL203*12.7,A572-GR.50,,,c77d9a71-0268-41d4-b49c-8709ee6f656d
W8-13,SP15-457,INSERT,15Mx457 WILLIAMS SPL,15,ROD16,400W,,,2eb0b90f-67ba-4bb0-95db-146d9bd656e5
W8-13,GT75-686,GROUT_TUBE,75Ø x 686 GROUT TUBE,5,ROD76,Zero_Density,,,0a06e571-7186-49c4-8bc5-082663afa841
W8-13,P-705,PLATE,13x203x203 PLATE,2,PL203*12.7,A572-GR.50,,,a9f28df2-f9bf-4cc2-9f28-70d918061540
W8-13,P-205,ANCHOR,12000LB FORGED ANCHOR,2,PL15.88,A36,,,f92ab67b-ef59-4694-bea9-bcc6394e95c2
W8-13,P-300,INSERT,19Ø INSERT (NC),2,ROD23.813,A36,,,89e13d61-48ce-4a24-9f62-277d2cea003d
W10-79,P-300,INSERT,19Ø INSERT (NC),4,ROD23.813,A36,,,e50a7137-e620-4e87-82ba-196838c2f0be
W10-79,GT75-1219,GROUT_TUBE,75Ø x 1219 GROUT TUBE,2,ROD76,Zero_Density,,,db96f6d0-b8f4-4efb-8097-69e5b44afa22
W10-79,SP25-1067,INSERT,SP25Mx1067 WILLIAMS S,2,ROD25.4,A706-GR.60,,,98c0aa77-e2ae-4a08-8a09-6a711b31ab37
W10-79,P-220,EMBED,10Øx2743 AC 5625LB CA,1,CABLE9.53,Steel_Undefined,,,734c9e75-2936-47f7-8a7a-72340919b208
W10-173,P-300,INSERT,19Ø INSERT (NC),4,ROD23.813,A36,,,372029ca-7645-46ed-99a0-72b34b6fc2b2
W10-173,SP25-1067,INSERT,SP25Mx1067 WILLIAMS S,2,ROD25.4,A706-GR.60,,,82793a1e-cad9-44e9-9d40-0bcff924ea94
W10-173,GT75-1219,GROUT_TUBE,75Ø x 1219 GROUT TUBE,2,ROD76,Zero_Density,,,73dd26ca-a9e1-42a0-979d-5b1c0aa6e66c
W10-173,P-220,EMBED,10Øx2743 AC 5625LB CA,1,CABLE9.53,Steel_Undefined,,,fcfe9c12-f5bf-4bb4-a81e-8e5269cb2429
W8-37,SP15-457,INSERT,15Mx457 WILLIAMS SPL,27,ROD16,400W,,,46e38715-b034-44ed-b897-fbd858f3c1e0
W8-37,P-300,INSERT,19Ø INSERT (NC),3,ROD23.813,A36,,,9d5f403f-c855-4f02-a20b-9b6904b64fd0
W8-37,CNDT,CONDUIT,19MM CONDUIT,2,ROD19,Zero_Density,,,d517ae36-6451-4526-af85-febe25196e75
W8-37,EB-S-PL,PLATE,Single Plastic Electr,2,160*50.8,Zero_Density,,,ce61c352-6630-442b-9af0-c3d3a004d8ea
W8-37,P-705,PLATE,13x203x203 PLATE,1,PL203*12.7,A572-GR.50,,,dcfe7a36-4a6f-4f5b-a592-1fa930ce354f
W8-37,P-205,ANCHOR,12000LB FORGED ANCHOR,2,PL15.88,A36,,,5a32dfd4-2eb7-4592-a658-43dff3d0d9f2
W8-37,GT75-686,GROUT_TUBE,75Ø x 686 GROUT TUBE,9,ROD76,Zero_Density,,,da1c8f8c-0d1d-412d-856a-ff5d28f9ba48
W10-152,SP25-1067,INSERT,SP25Mx1067 WILLIAMS S,2,ROD25.4,A706-GR.60,,,55fd049a-d56e-4a1b-ab21-bb72b10e05a9
W10-152,SP15-457,INSERT,15Mx457 WILLIAMS SPL,3,ROD16,400W,,,7aae34f8-5d1a-4f88-aa65-8dd7b97973ee
W10-152,GT75-1219,GROUT_TUBE,75Ø x 1219 GROUT TUBE,2,ROD76,Zero_Density,,,4c5d59d0-e45a-4ea8-a7de-a7f9ff26e5b5
W10-152,GT75-686,GROUT_TUBE,75Ø x 686 GROUT TUBE,1,ROD76,Zero_Density,,,13fcbc7f-bdb9-4a72-b044-13c966a10709
W10-152,P-300,INSERT,19Ø INSERT (NC),4,ROD23.813,A36,,,ee2219d6-f466-4655-bb43-8f7a53a2fa76
W10-152,P-205,ANCHOR,12000LB FORGED ANCHOR,2,PL15.88,A36,,,1276f7d3-bc8a-4d1c-bd84-382691a019f1
W10-152,EI-762,EMBED,ELEV. INS. 762LG.,1,PL35*41,Zero_Density,,,5e47d01b-355b-4ac2-a0f8-1332d36b5edc
W8-14,SP15-457,INSERT,15Mx457 WILLIAMS SPL,15,ROD16,400W,,,b6851375-ba5f-4fe7-8201-adbfcbef62f0
W8-14,GT75-686,GROUT_TUBE,75Ø x 686 GROUT TUBE,5,ROD76,Zero_Density,,,ed696958-1bf1-4f57-a30f-3473b61bba4f
W8-14,P-300,INSERT,19Ø INSERT (NC),2,ROD23.813,A36,,,001f127b-25f0-4d9c-b27a-89122baac704
W8-14,P-205,ANCHOR,12000LB FORGED ANCHOR,2,PL15.88,A36,,,1dad9286-4799-42d6-a790-500ccc94002e
W8-14,P-705,PLATE,13x203x203 PLATE,2,PL203*12.7,A572-GR.50,,,83527e8d-6a9b-4788-aa76-b82494e83dab
W8-11,SP15-457,INSERT,15Mx457 WILLIAMS SPL,30,ROD16,400W,,,0632acbe-40fb-42d5-9f57-47f926f4784e
W8-11,P-300,INSERT,19Ø INSERT (NC),3,ROD23.813,A36,,,e9b8d900-0431-436a-8e10-d01b424d7dcd
W8-11,GT75-686,GROUT_TUBE,75Ø x 686 GROUT TUBE,7,ROD76,Zero_Density,,,64c294d5-8a09-4072-9bbb-416946d21927
W8-11,GT75-1219,GROUT_TUBE,75Ø x 1219 GROUT TUBE,1,ROD76,Zero_Density,,,0d69f922-7eb0-4cab-b7af-e3b114928220
W8-11,CNDT,CONDUIT,19MM CONDUIT,2,ROD19,Zero_Density,,,9f99cc11-549d-412b-8197-6d0b64d56a12
W8-11,EB-S-PL,PLATE,Single Plastic Electr,2,160*50.8,Zero_Density,,,11b93ad2-4c76-4385-80bd-f1480a56be61
W8-11,P-705,PLATE,13x203x203 PLATE,1,PL203*12.7,A572-GR.50,,,bf06153f-bed6-4330-8fbc-397db55d5357
W8-11,P-205,ANCHOR,12000LB FORGED ANCHOR,2,PL15.88,A36,,,0faa73ff-57e2-44e9-8405-7dce7337c93b
W10-130,GT75-1219,GROUT_TUBE,75Ø x 1219 GROUT TUBE,2,ROD76,Zero_Density,,,c4bc0f12-d338-4dad-bb13-2b1cfaf755f5
W10-130,GT75-686,GROUT_TUBE,75Ø x 686 GROUT TUBE,5,ROD76,Zero_Density,,,12064976-816b-4b1d-a96e-cfb177ab045a
W10-130,SP25-1067,INSERT,SP25Mx1067 WILLIAMS S,2,ROD25.4,A706-GR.60,,,51b3bbb3-483f-41f2-b355-229fe4efb576
W10-130,SP15-457,INSERT,15Mx457 WILLIAMS SPL,15,ROD16,400W,,,34a8d6e9-a290-4422-9b3c-f0b76dab2653
W10-130,P-300,INSERT,19Ø INSERT (NC),4,ROD23.813,A36,,,1c53db24-853e-4b2a-8c45-19b593bfca30
W10-130,CNDT,CONDUIT,19MM CONDUIT,2,ROD19,Zero_Density,,,9b5900b1-d84f-4662-b08a-e675becbbd08
W10-130,EB-S-PL,PLATE,Single Plastic Electr,1,160*50.8,Zero_Density,,,44b9a923-51b6-4b80-9813-73f6cc73dde5
W10-130,EB-SQ-PL1,EMBED,Square Plastic Electr,1,160*160,Zero_Density,,,ef6ddb1a-8d19-4966-8f48-e7cd15a09244
W10-130,P-205,ANCHOR,12000LB FORGED ANCHOR,4,PL15.88,A36,,,1febacd6-8342-45f0-a8f5-6d1eb6ce0a50
W8-20,SP15-457,INSERT,15Mx457 WILLIAMS SPL,27,ROD16,400W,,,f35e3052-634b-4769-82e8-bf5bd5cdb4f6
W8-20,P-300,INSERT,19Ø INSERT (NC),3,ROD23.813,A36,,,cf0169a7-1c9a-4eed-8b9a-14e4865bb6f2
W8-20,GT75-686,GROUT_TUBE,75Ø x 686 GROUT TUBE,7,ROD76,Zero_Density,,,2282a11b-1b21-4ea2-9783-4208a002071b
W8-20,CNDT,CONDUIT,19MM CONDUIT,1,ROD19,Zero_Density,,,cdb44758-85ed-4ec1-832a-229486de77f9
W8-20,EB-S-PL,PLATE,Single Plastic Electr,1,160*50.8,Zero_Density,,,6301794a-a82c-4da5-99f7-6f90d277232c
W8-20,P-205,ANCHOR,12000LB FORGED ANCHOR,2,PL15.88,A36,,,7e1bd4a9-3152-48ff-9e92-5669a49b176c
W8-20,P-705,PLATE,13x203x203 PLATE,1,PL203*12.7,A572-GR.50,,,c555ac48-454e-46cc-a039-bdcc9139b9e1
W8-20,SLV-76-203,SLEEVE,76Ø x 203 PVC SLEEVE,1,ROD82,Zero_Density,,,1e277df7-09b6-4b80-8794-80847787dfed
W8-20,GT75-1219,GROUT_TUBE,75Ø x 1219 GROUT TUBE,1,ROD76,Zero_Density,,,e3fde156-5dd4-4017-9868-ac7084e1ec7b
W8-18,SP15-457,INSERT,15Mx457 WILLIAMS SPL,27,ROD16,400W,,,89520cae-d1db-498c-bcf2-fdb6886744e2
W8-18,P-300,INSERT,19Ø INSERT (NC),3,ROD23.813,A36,,,5fdceab6-43ac-4686-8b55-a521b0aee9ce
W8-18,GT75-686,GROUT_TUBE,75Ø x 686 GROUT TUBE,9,ROD76,Zero_Density,,,2058d1b8-81e9-4781-94b2-a7786b78cfa8
W8-18,CNDT,CONDUIT,19MM CONDUIT,2,ROD19,Zero_Density,,,f7489dda-639a-47a1-940c-3598b66a88ee
W8-18,EB-S-PL,PLATE,Single Plastic Electr,2,160*50.8,Zero_Density,,,93411084-836b-4358-9944-74de3fb74342
W8-18,P-205,ANCHOR,12000LB FORGED ANCHOR,2,PL15.88,A36,,,3565d499-6621-42d6-93a0-1b389d2a744f
W8-18,P-705,PLATE,13x203x203 PLATE,1,PL203*12.7,A572-GR.50,,,e2626a68-e087-491a-b2b2-73448bf72bd7
W8-18,SLV-76-203,SLEEVE,76Ø x 203 PVC SLEEVE,1,ROD82,Zero_Density,,,49a07fff-3277-4e4f-b6a0-065d9bb4d5dd
W10-149,P-300,INSERT,19Ø INSERT (NC),3,ROD23.813,A36,,,5f671ce3-5f52-4e78-9242-32ea2cf942cd
W10-149,SP30-1219,INSERT,30Mx1219 WILLIAMS SPL,3,ROD30.16,A706-GR.60,,,8680f08a-7313-4def-9788-fbf3aece1859
W10-149,P-205,ANCHOR,12000LB FORGED ANCHOR,2,PL15.88,A36,,,e47bd146-d723-41db-b5cd-4d36f6eff740
W10-149,GT100-1219,GROUT_TUBE,100Øx1219 GROUT TUBE,9,ROD102,Zero_Density,,,f9c5e444-f471-4a7b-a3de-af6f9e2b224b
W10-153,GT75-1219,GROUT_TUBE,75Ø x 1219 GROUT TUBE,2,ROD76,Zero_Density,,,7d1f779e-4f4c-462f-80f4-f9e3626e80bc
W10-153,GT75-686,GROUT_TUBE,75Ø x 686 GROUT TUBE,1,ROD76,Zero_Density,,,6f6eb691-de19-4951-be1b-304c6f5684a4
W10-153,SP25-1067,INSERT,SP25Mx1067 WILLIAMS S,2,ROD25.4,A706-GR.60,,,4fa61b0a-6be4-4cd8-893a-c69e46e2601f
W10-153,P-300,INSERT,19Ø INSERT (NC),4,ROD23.813,A36,,,bfcd60bb-3f89-471b-bebb-4a2f65a39718
W10-153,P-705,PLATE,13x203x203 PLATE,1,PL203*12.7,A572-GR.50,,,6816a925-9ccd-4f09-9e75-f38a0bfe269b
W10-153,P-205,ANCHOR,12000LB FORGED ANCHOR,2,PL15.88,A36,,,a986ed76-f343-4859-a604-297484b9bbaa
W10-153,EI-1524,EMBED,ELEV. INS. 1524LG.,1,PL35*41,Zero_Density,,,88eed989-a3e0-4b60-bb8c-a85b5ffd3dc0
W10-153,SP15-457,INSERT,15Mx457 WILLIAMS SPL,3,ROD16,400W,,,4eb8f42c-1219-4604-a80d-50c610960531
W10-93,P-300,INSERT,19Ø INSERT (NC),4,ROD23.813,A36,,,263e3bfd-bb8c-4c78-b89d-4eb77a2f9883
W10-93,GT75-1219,GROUT_TUBE,75Ø x 1219 GROUT TUBE,2,ROD76,Zero_Density,,,1caa1b90-22a8-450b-81d6-ab496d988484
W10-93,GT75-686,GROUT_TUBE,75Ø x 686 GROUT TUBE,1,ROD76,Zero_Density,,,351bc2ec-3302-4c2b-b56b-bb47399eab85
W10-93,SP25-1067,INSERT,SP25Mx1067 WILLIAMS S,2,ROD25.4,A706-GR.60,,,13c4f9dc-45d4-4c19-af49-bea83336d283
W10-93,SP15-457,INSERT,15Mx457 WILLIAMS SPL,3,ROD16,400W,,,76decd9c-6ca1-4940-986d-4db08a1d8f06
W10-93,P-705,PLATE,13x203x203 PLATE,1,PL203*12.7,A572-GR.50,,,7d2ab31a-6dff-42cb-a8d7-4978799a6045
W10-93,GT100-1219,GROUT_TUBE,100Øx1219 GROUT TUBE,3,ROD102,Zero_Density,,,44c70a4f-79d6-4bc5-8b8d-944bb06cb335
W10-93,SP30-1219,INSERT,30Mx1219 WILLIAMS SPL,1,ROD30.16,A706-GR.60,,,b5fe2cd5-0b4e-43e5-9ab2-97e07ce12e92
W10-93,CNDT,CONDUIT,19MM CONDUIT,3,ROD19,Zero_Density,,,40979e5d-20da-4e9e-882c-c2e7b5e22a00
W10-93,EB-O-PL1,EMBED,Octagon Plastic Elect,1,ROD160,Zero_Density,,,33f34003-9391-44ab-88d1-bebd0c12cc17
W10-93,EB-S-PL,PLATE,Single Plastic Electr,1,160*50.8,Zero_Density,,,37f577da-cdf6-49b6-9224-cbaeddbc36fa
W10-93,EB-SQ-PL1,EMBED,Square Plastic Electr,1,160*160,Zero_Density,,,c794ec5d-8513-4d7c-baa6-9a39c446c311
W10-93,P-205,ANCHOR,12000LB FORGED ANCHOR,2,PL15.88,A36,,,a78ead2c-c81f-45fd-98be-421967bd89d2
W8-19,GT75-686,GROUT_TUBE,75Ø x 686 GROUT TUBE,10,ROD76,Zero_Density,,,2b370873-a12d-4f4f-98c5-615bc578cdb3
W8-19,SP15-457,INSERT,15Mx457 WILLIAMS SPL,27,ROD16,400W,,,91cf1540-e762-4962-bea4-bdf36efc31f3
W8-19,P-300,INSERT,19Ø INSERT (NC),3,ROD23.813,A36,,,b490244e-d069-44cf-af08-eb325c39f0f5
W8-19,CNDT,CONDUIT,19MM CONDUIT,1,ROD19,Zero_Density,,,2b4bb1dc-7905-4024-aba9-b5b547430ba0
W8-19,EB-S-PL,PLATE,Single Plastic Electr,1,160*50.8,Zero_Density,,,ebcd706a-c0ca-4003-b527-1306d5c75cdb
W8-19,P-705,PLATE,13x203x203 PLATE,1,PL203*12.7,A572-GR.50,,,e7e7cd8b-7a7d-42f7-b181-d3d17565a67e
W8-19,P-205,ANCHOR,12000LB FORGED ANCHOR,4,PL15.88,A36,,,76409383-9251-432b-ad97-472dc2df8275
W8-16,GT75-686,GROUT_TUBE,75Ø x 686 GROUT TUBE,6,ROD76,Zero_Density,,,471db74d-7d10-45e1-b7f4-86538bda4642
W8-16,SP15-457,INSERT,15Mx457 WILLIAMS SPL,21,ROD16,400W,,,d4e9fff4-b835-4933-8008-456544b9878b
W8-16,CNDT,CONDUIT,19MM CONDUIT,1,ROD19,Zero_Density,,,549afb9d-f919-437b-b19d-ef93cd105764
W8-16,EB-S-PL,PLATE,Single Plastic Electr,1,160*50.8,Zero_Density,,,0f8e3b96-b8ba-4684-b765-e6ed4400d9f1
W8-16,P-205,ANCHOR,12000LB FORGED ANCHOR,2,PL15.88,A36,,,1a28b993-81cc-48b8-b6d6-e77578bb66d1
W8-16,P-300,INSERT,19Ø INSERT (NC),2,ROD23.813,A36,,,ecfd6334-c29b-4f87-b27e-29508c61edbe
W8-16,P-705,PLATE,13x203x203 PLATE,2,PL203*12.7,A572-GR.50,,,0bf68699-f7c1-4091-b013-9c4e77d3042c
W10-203,SP30-1219,INSERT,30Mx1219 WILLIAMS SPL,3,ROD30.16,A706-GR.60,,,0e27ed05-efe3-4f72-b0e0-d6144cf74b11
W10-203,GT75-1219,GROUT_TUBE,75Ø x 1219 GROUT TUBE,3,ROD76,Zero_Density,,,ea221886-8931-47cb-8c2f-12bbca7c0f7f
W10-203,P-301,EMBED,19Ø EXP.  INS. (NC),1,ROD23.81,A36,,,230ec175-d9c2-422a-86b8-f92c88c06c6b
W10-203,P-300,INSERT,19Ø INSERT (NC),2,ROD23.813,A36,,,077afd43-7349-4d99-9016-6454c444efa7
W10-203,P-205,ANCHOR,12000LB FORGED ANCHOR,2,PL15.88,A36,,,9999476a-639f-43b0-b5e3-353519c65b48
W10-129,SP25-1067,INSERT,SP25Mx1067 WILLIAMS S,3,ROD25.4,A706-GR.60,,,9d58969f-cced-413a-8918-e95adbe0c122
W10-129,GT75-1219,GROUT_TUBE,75Ø x 1219 GROUT TUBE,3,ROD76,Zero_Density,,,d5a92047-ca01-4d9a-9522-d6b8742be657
W10-129,P-301,EMBED,19Ø EXP.  INS. (NC),1,ROD23.81,A36,,,92bd5c8e-7989-4c18-a745-b36f4a743e3c
W10-129,P-205,ANCHOR,12000LB FORGED ANCHOR,2,PL15.88,A36,,,044c8ab2-bc21-4f1a-a166-e7fe6d8237b3
W10-129,P-300,INSERT,19Ø INSERT (NC),2,ROD23.813,A36,,,451dea2c-a3a2-414e-99d2-25040e5ae91d
W10-177,GT75-1219,GROUT_TUBE,75Ø x 1219 GROUT TUBE,3,ROD76,Zero_Density,,,a0cb8802-17bd-4e80-aee4-79b54d872447
W10-177,SP25-1067,INSERT,SP25Mx1067 WILLIAMS S,3,ROD25.4,A706-GR.60,,,b458baec-3d99-432a-9878-2c9c57074849
W10-177,P-301,EMBED,19Ø EXP.  INS. (NC),1,ROD23.81,A36,,,d2b099dd-ff75-4b13-aba7-13567d62e7e0
W10-177,P-300,INSERT,19Ø INSERT (NC),2,ROD23.813,A36,,,9c81e8b6-79d7-409b-86d1-5d504663764b
W10-177,P-205,ANCHOR,12000LB FORGED ANCHOR,2,PL15.88,A36,,,b7d9cf8a-b91f-41b1-b70c-9447236b626b
W10-128,SP25-1067,INSERT,SP25Mx1067 WILLIAMS S,3,ROD25.4,A706-GR.60,,,c4f56cc8-ca03-493d-9166-78d5b3c35c6c
W10-128,GT75-1219,GROUT_TUBE,75Ø x 1219 GROUT TUBE,3,ROD76,Zero_Density,,,3f259335-9d74-4a2b-8543-664c13381701
W10-128,P-205,ANCHOR,12000LB FORGED ANCHOR,2,PL15.88,A36,,,69970bd1-dab8-4f26-b0db-192a6617e68f
W10-128,P-300,INSERT,19Ø INSERT (NC),2,ROD23.813,A36,,,94ef0b33-633e-45e9-a5ab-13ba0bc8f84a
W10-128,P-301,EMBED,19Ø EXP.  INS. (NC),1,ROD23.81,A36,,,2e2d3c45-0973-4e4a-a50a-1c8960d0c566
P6-11,MPX13,EMBED,V REVEAL LARGE,1,TRIANGLE12.7*12.7,Misc_Undefined,,,01a63e4a-aca1-40b9-9206-e686a618b44c
P6-11,MPX14,EMBED,V REVEAL LARGE,1,TRIANGLE12.7*12.7,Misc_Undefined,,,7116bea6-aa0b-4f77-b537-4eeaf3977bcb
P6-11,MPX12,EMBED,MOUNTPART,1,TRIANGLE51.0*12.7,Misc_Undefined,,,17fb55f0-ba91-4d71-9721-b177bf0bf883
P6-11,P-620,EMBED,6PL W/STUDS,1,PL101.6*6.35,A572-GR.50,,,023bad0c-aa32-476f-b3cd-ee14f9abb3a6
P6-11,P-300,INSERT,19Ø INSERT (NC),13,ROD23.813,A36,,,9dc89119-e313-4693-8f6f-bd8d37ca1f42
P6-11,P-900-10,PLATE,25mm KNIFE PLATE,2,PL127*25,A572-GR.50,,,6a5e7d3a-b8bf-4c7a-adf2-947228bf7ce9
P6-11,P-900-20,EMBED,,1,PD28.6*4.76,50W,,,bf79feb8-fd96-4cd8-8e53-a3b5b8511875
P6-11,P-900-30,EMBED,,1,STUD_3/4-DIA,A108-GR.90,,,e14f180f-06ff-4577-9eeb-437c58fd7361
P6-11,GT76-152,GROUT_TUBE,76Øx152mm G.TUBE,6,ROD76.2,Zero_Density,,,ae4c2ab9-43d7-41c1-9d04-90a83e24ce53
P6-11,CNDT,CONDUIT,19MM CONDUIT,2,ROD19,Zero_Density,,,6ca55bf2-c41c-430a-9453-6d95ffda903b
P6-11,EB-S-PL,PLATE,Single Plastic Electr,2,160*50.8,Zero_Density,,,c1400257-b1e8-4fea-b627-68a3c1c1cfe9
P6-11,P-205,ANCHOR,12000LB FORGED ANCHOR,4,PL15.88,A36,,,ed1d60f4-03a3-427e-954f-3cad9fc9c604
W10-38,GT75-1219,GROUT_TUBE,75Ø x 1219 GROUT TUBE,1,ROD76,Zero_Density,,,d3223572-0725-4d22-8d98-9b725fae8cbe
W10-38,SP25-1067,INSERT,SP25Mx1067 WILLIAMS S,1,ROD25.4,A706-GR.60,,,6d44cad5-5278-47b2-85d4-fe10fc220d4c
W10-38,P-300,INSERT,19Ø INSERT (NC),6,ROD23.813,A36,,,110da511-8415-44a3-a733-29725182a7ae
W10-38,P-607,EMBED,13PL. w/STUD,1,PL152.4*12.7,A572-GR.50,,,41048ea5-fbc9-478d-be3a-9765be01ba6f
W10-38,P-703,EMBED,13PL. w/STUD,1,PL102*12.7,A572-GR.50,,,3ecfbd2e-fbbd-4c3b-b103-aa4a239a7536
W10-38,P-221,EMBED,13Øx2743 AC 10375LB,1,CABLE12.7,Steel_Undefined,,,91b4b621-e6c7-485f-8d0c-713bee5a2ab8
W10-207,SP25-1067,INSERT,SP25Mx1067 WILLIAMS S,1,ROD25.4,A706-GR.60,,,8067fbe3-5a6b-428a-883a-8dbcc96cba7d
W10-207,GT75-1219,GROUT_TUBE,75Ø x 1219 GROUT TUBE,1,ROD76,Zero_Density,,,8b6d0dc7-5676-4847-b92c-8820f854ba4f
W10-207,P-300,INSERT,19Ø INSERT (NC),6,ROD23.813,A36,,,8c7646e6-3383-45a3-b650-a277a382d160
W10-207,P-607,EMBED,13PL. w/STUD,1,PL152.4*12.7,A572-GR.50,,,f0a5ddef-abdc-4f9a-8542-8b5dd58ff6dd
W10-207,P-703,EMBED,13PL. w/STUD,1,PL102*12.7,A572-GR.50,,,d6dd9f9f-fc53-45d8-85c4-9fc1c1d2e494
W10-207,P-220,EMBED,10Øx2743 AC 5625LB CA,1,CABLE9.53,Steel_Undefined,,,c8a043b8-9631-4197-9f6c-a4b353d26f10
W10-140,SP25-1067,INSERT,SP25Mx1067 WILLIAMS S,3,ROD25.4,A706-GR.60,,,67689fe7-879e-43f3-8d03-6c5e7996165f
W10-140,P-301,EMBED,19Ø EXP.  INS. (NC),1,ROD23.81,A36,,,04201859-3f04-44bc-943c-4d9b812f2223
W10-140,P-300,INSERT,19Ø INSERT (NC),2,ROD23.813,A36,,,f40e0a47-94fc-4b06-9636-5826fd71974b
W10-140,P-205,ANCHOR,12000LB FORGED ANCHOR,2,PL15.88,A36,,,9803eb12-8970-4cc4-b7a8-6ba82134018e
W10-140,GT75-1219,GROUT_TUBE,75Ø x 1219 GROUT TUBE,3,ROD76,Zero_Density,,,fe23c293-f149-4ef4-91fc-df4c5463b08c
W10-148,GT75-1219,GROUT_TUBE,75Ø x 1219 GROUT TUBE,3,ROD76,Zero_Density,,,808af181-1e00-4b47-bfd7-0dbbf263a1b4
W10-148,SP25-1067,INSERT,SP25Mx1067 WILLIAMS S,3,ROD25.4,A706-GR.60,,,8110d4ac-8460-4b3b-8ba8-c24b44c0acbe
W10-148,P-301,EMBED,19Ø EXP.  INS. (NC),1,ROD23.81,A36,,,61e0c208-5e37-4eb7-b18b-1e275c67b416
W10-148,P-205,ANCHOR,12000LB FORGED ANCHOR,2,PL15.88,A36,,,fd494871-dfc2-48a7-8491-63bd3ad9a916
W10-148,P-300,INSERT,19Ø INSERT (NC),2,ROD23.813,A36,,,e5338a8d-1afb-4889-b3c4-2b4f37a394e8
W10-142,P-300,INSERT,19Ø INSERT (NC),4,ROD23.813,A36,,,df42c1d5-5e33-4a5a-9ecc-f0f014a8103f
W10-142,GT75-1219,GROUT_TUBE,75Ø x 1219 GROUT TUBE,2,ROD76,Zero_Density,,,cba17825-65d9-482e-8aac-a1c55c3ed9b9
W10-142,SP25-1067,INSERT,SP25Mx1067 WILLIAMS S,2,ROD25.4,A706-GR.60,,,5c97b243-bc78-4213-9abc-90952b9b5a2f
W10-142,P-220,EMBED,10Øx2743 AC 5625LB CA,1,CABLE9.53,Steel_Undefined,,,2becc34f-ead4-4d78-b230-71d01aa2c556
W10-144,P-300,INSERT,19Ø INSERT (NC),4,ROD23.813,A36,,,08fe93f7-5502-4fd5-8172-f07ba53334c8
W10-144,GT75-1219,GROUT_TUBE,75Ø x 1219 GROUT TUBE,2,ROD76,Zero_Density,,,8a19493b-4487-49b3-a1d2-916d261e419a
W10-144,SP25-1067,INSERT,SP25Mx1067 WILLIAMS S,2,ROD25.4,A706-GR.60,,,a121bb4b-22c2-453e-950d-cc3acb13418b
W10-144,P-220,EMBED,10Øx2743 AC 5625LB CA,1,CABLE9.53,Steel_Undefined,,,76fbd1b6-da28-4335-afda-3e0a8b7cc4af
W10-62,GT75-1219,GROUT_TUBE,75Ø x 1219 GROUT TUBE,1,ROD76,Zero_Density,,,7c5c5692-2a48-48ef-a54a-51a197118f80
W10-62,SP25-1067,INSERT,SP25Mx1067 WILLIAMS S,1,ROD25.4,A706-GR.60,,,7853704b-4c49-4f7a-b672-0384442ceac8
W10-62,P-300,INSERT,19Ø INSERT (NC),6,ROD23.813,A36,,,709d5519-0046-4865-aad0-0c5b2298208b
W10-62,P-607,EMBED,13PL. w/STUD,1,PL152.4*12.7,A572-GR.50,,,ecc6c5cc-7f4d-46d6-8195-070618bdad12
W10-62,P-703,EMBED,13PL. w/STUD,1,PL102*12.7,A572-GR.50,,,fabb072d-79e1-4d43-bc07-77d726b610d9
W10-62,P-221,EMBED,13Øx2743 AC 10375LB,1,CABLE12.7,Steel_Undefined,,,e9d6f3b9-69c1-46c8-bb84-6433c4e349ad
W10-141,GT75-1219,GROUT_TUBE,75Ø x 1219 GROUT TUBE,1,ROD76,Zero_Density,,,ce343c04-55c0-4c8f-bc62-073aa072deaa
W10-141,SP25-1067,INSERT,SP25Mx1067 WILLIAMS S,1,ROD25.4,A706-GR.60,,,a2d52b44-8548-4e6e-9ccd-1c47cb4432ec
W10-141,P-300,INSERT,19Ø INSERT (NC),6,ROD23.813,A36,,,35c5b92d-98a7-4d90-9ed5-4fd6c24d7085
W10-141,P-607,EMBED,13PL. w/STUD,1,PL152.4*12.7,A572-GR.50,,,86aeda59-8b2f-40cf-8ca7-951f0e0a78a2
W10-141,P-703,EMBED,13PL. w/STUD,1,PL102*12.7,A572-GR.50,,,f04e6f15-5909-4ea7-b033-dc6e49f3a381
W10-141,P-221,EMBED,13Øx2743 AC 10375LB,1,CABLE12.7,Steel_Undefined,,,e30e9bed-05bc-4f8c-a19a-72f6c4327281
W10-25,GT100-1219,GROUT_TUBE,100Øx1219 GROUT TUBE,6,ROD102,Zero_Density,,,3133dcd1-f9ca-4bda-aedc-afab549c1585
W10-25,SP25-1067,INSERT,SP25Mx1067 WILLIAMS S,1,ROD25.4,A706-GR.60,,,2854c314-b842-4058-8f80-c5e50c2314c8
W10-25,P-300,INSERT,19Ø INSERT (NC),3,ROD23.813,A36,,,841912fb-a216-421e-b61c-931f0ae62fd6
W10-25,P-705,PLATE,13x203x203 PLATE,1,PL203*12.7,A572-GR.50,,,0d152b58-7d28-4859-a529-9b6810c0b245
W10-25,P-220,EMBED,10Øx2743 AC 5625LB CA,1,CABLE9.53,Steel_Undefined,,,83114d1a-0ecc-4bc7-a726-70cfaa537b71
W10-20,GT100-1219,GROUT_TUBE,100Øx1219 GROUT TUBE,15,ROD102,Zero_Density,,,8a353587-2ed2-4294-93e1-5168f523b12b
W10-20,P-300,INSERT,19Ø INSERT (NC),3,ROD23.813,A36,,,b04f9380-e748-4760-ad75-295cd2f9df58
W10-20,SP25-1067,INSERT,SP25Mx1067 WILLIAMS S,1,ROD25.4,A706-GR.60,,,4099fb71-af83-43fc-8e22-c8334c1a2376
W10-20,SP15-457,INSERT,15Mx457 WILLIAMS SPL,3,ROD16,400W,,,69c3df53-6853-4d0a-8bbf-b5600e1aefe9
W10-20,SP30-1219,INSERT,30Mx1219 WILLIAMS SPL,1,ROD30.16,A706-GR.60,,,7b682036-a267-43c3-b926-83967bf14b63
W10-20,P-205,ANCHOR,12000LB FORGED ANCHOR,2,PL15.88,A36,,,fc7c76da-e1ec-44ea-96a0-56cd45470b7f
W10-20,CNDT,CONDUIT,19MM CONDUIT,1,ROD19,Zero_Density,,,79a9a828-9cbd-4c4d-a2b1-d6e620ec0425
W10-20,EB-O-PL1,EMBED,Octagon Plastic Elect,1,ROD160,Zero_Density,,,24f43e01-b6d4-4e09-a976-ab1199d646a3
W10-20,SLV-64-254,SLEEVE,64Ø x 254 PVC SLEEVE,1,ROD70,Zero_Density,,,29d18405-0c5d-4314-9db4-0295d7cbe2db
W10-20,SLV-152-254,SLEEVE,152Ø x 254 PVC SLEEVE,1,ROD160,Zero_Density,,,4bb306cd-7037-429f-ad49-c2ad7a228140
W10-143,P-300,INSERT,19Ø INSERT (NC),4,ROD23.813,A36,,,91ed3c4c-3110-4ee5-bb7c-c1269879d6cd
W10-143,SP25-1067,INSERT,SP25Mx1067 WILLIAMS S,2,ROD25.4,A706-GR.60,,,da57c937-21b2-44ab-84c4-c0b3118896ec
W10-143,P-220,EMBED,10Øx2743 AC 5625LB CA,1,CABLE9.53,Steel_Undefined,,,743822d0-9aba-404a-a661-dab6ce70ed8b
W10-143,GT75-1219,GROUT_TUBE,75Ø x 1219 GROUT TUBE,2,ROD76,Zero_Density,,,9c649c99-a54b-4b38-a0f5-dd1aac40edf2
W10-18,P-300,INSERT,19Ø INSERT (NC),4,ROD23.813,A36,,,a16e3d8b-5c36-4590-a508-426c454b9f34
W10-18,GT75-1219,GROUT_TUBE,75Ø x 1219 GROUT TUBE,2,ROD76,Zero_Density,,,6f136a58-ffad-4c7e-a333-9e73fb914eee
W10-18,SP25-1067,INSERT,SP25Mx1067 WILLIAMS S,2,ROD25.4,A706-GR.60,,,2fd63cb9-b685-415c-bc00-9a60fbf717d8
W10-18,P-220,EMBED,10Øx2743 AC 5625LB CA,1,CABLE9.53,Steel_Undefined,,,795d0cd6-bb51-40ee-b45f-33469d01aeee
W10-120,SP30-1219,INSERT,30Mx1219 WILLIAMS SPL,3,ROD30.16,A706-GR.60,,,6b5ab338-a1de-4568-916f-48d08dcde57d
W10-120,GT75-1219,GROUT_TUBE,75Ø x 1219 GROUT TUBE,3,ROD76,Zero_Density,,,47d9840b-3df6-4d0f-b946-17330b0c2595
W10-120,P-300,INSERT,19Ø INSERT (NC),2,ROD23.813,A36,,,85715c46-a2f9-4c96-bac8-143f8f07f7e7
W10-120,P-205,ANCHOR,12000LB FORGED ANCHOR,2,PL15.88,A36,,,1bdce25d-35b3-4716-8b4c-bd95e1545553
W10-120,P-301,EMBED,19Ø EXP.  INS. (NC),1,ROD23.81,A36,,,5a3981b5-7dec-48aa-bb32-7db2c1391852
W10-147,SP25-1067,INSERT,SP25Mx1067 WILLIAMS S,3,ROD25.4,A706-GR.60,,,f53b1a39-4fb1-46c4-9f20-05c4e4382b66
W10-147,GT75-1219,GROUT_TUBE,75Ø x 1219 GROUT TUBE,3,ROD76,Zero_Density,,,d7282041-e689-4530-960b-15b6cd25729a
W10-147,P-301,EMBED,19Ø EXP.  INS. (NC),1,ROD23.81,A36,,,c3c57237-5044-4a17-9652-1be28e75b042
W10-147,P-205,ANCHOR,12000LB FORGED ANCHOR,2,PL15.88,A36,,,09e1da7d-6ae9-4550-b3c3-23f5c402ad5f
W10-147,P-300,INSERT,19Ø INSERT (NC),2,ROD23.813,A36,,,15c06b2f-ca23-450e-832a-86432d40767d
W10-139,GT75-1219,GROUT_TUBE,75Ø x 1219 GROUT TUBE,3,ROD76,Zero_Density,,,81cfb475-2f26-4271-a616-578de5eab5df
W10-139,SP25-1067,INSERT,SP25Mx1067 WILLIAMS S,3,ROD25.4,A706-GR.60,,,a9ae0cd9-4a7f-4089-9abd-686e1952093c
W10-139,P-301,EMBED,19Ø EXP.  INS. (NC),1,ROD23.81,A36,,,4b38bdaf-cb4f-4f23-aa4d-a458701c4905
W10-139,P-205,ANCHOR,12000LB FORGED ANCHOR,2,PL15.88,A36,,,65e7b283-78f8-48c4-bff2-135281c769b0
W10-139,P-300,INSERT,19Ø INSERT (NC),2,ROD23.813,A36,,,2c099bdf-4ade-4905-9553-37fd6044eee3
W10-122,SP25-1067,INSERT,SP25Mx1067 WILLIAMS S,3,ROD25.4,A706-GR.60,,,606275ec-8754-4828-b0e8-fa8f333f26c0
W10-122,GT75-1219,GROUT_TUBE,75Ø x 1219 GROUT TUBE,3,ROD76,Zero_Density,,,a3713d1e-bbd1-4412-a82f-ca5fcb7d1863
W10-122,P-205,ANCHOR,12000LB FORGED ANCHOR,2,PL15.88,A36,,,375bf11a-e257-4df1-8f50-2729f0ab2909
W10-122,P-300,INSERT,19Ø INSERT (NC),2,ROD23.813,A36,,,69392050-30b1-47d2-a442-8fc8d5aa0ccf
W10-122,P-301,EMBED,19Ø EXP.  INS. (NC),1,ROD23.81,A36,,,a2dbcb08-6132-4308-acb1-e732927a2470
P6-7,P-620,EMBED,6PL W/STUDS,1,PL101.6*6.35,A572-GR.50,,,cdb5be94-0781-46f6-a3d2-c98b2ab11797
P6-7,P-300,INSERT,19Ø INSERT (NC),10,ROD23.813,A36,,,ef0e1388-b9d2-422d-a867-33eaa2d5f086
P6-7,P-900-10,PLATE,25mm KNIFE PLATE,1,PL127*25,A572-GR.50,,,013bd823-3e65-4790-8ccd-d1ac8bf6fbe8
P6-7,P-900-20,EMBED,,1,PD28.6*4.76,50W,,,9e1b2092-6b00-4fab-9597-e832fe88259f
P6-7,P-900-30,EMBED,,1,STUD_3/4-DIA,A108-GR.90,,,714aee06-9879-40ba-8318-b3aa6525016c
P6-7,P-743-10,PLATE,19PL KNIFE PLATE.,1,PL114.3*19.05,A572-GR.50,,,71413db8-4f61-483d-9d7b-d010cd6b8829
P6-7,P-743-20,EMBED,,1,PD28.6*4.76,50W,,,08cec40a-5729-47b1-80a1-5f860bee92ef
P6-7,P-743-30,EMBED,,1,STUD_3/4-DIA,A108-GR.90,,,171bfa2f-f960-4eaf-8655-bcb0c40f0c75
P6-7,P-205,ANCHOR,12000LB FORGED ANCHOR,4,PL15.88,A36,,,9dfe900a-fa4d-416f-9b41-81376681a22a
P6-10,P-620,EMBED,6PL W/STUDS,1,PL101.6*6.35,A572-GR.50,,,ec6bf475-ff6b-41da-b55f-fd7f31c88477
P6-10,P-300,INSERT,19Ø INSERT (NC),10,ROD23.813,A36,,,2642ba8f-5e3a-4456-b1c8-7f7dcc3dda16
P6-10,P-900-10,PLATE,25mm KNIFE PLATE,1,PL127*25,A572-GR.50,,,4a4690a6-4e03-4c92-905a-360b4e4b29e9
P6-10,P-900-20,EMBED,,1,PD28.6*4.76,50W,,,70542198-ddd9-4672-b5f7-87062b8a66c2
P6-10,P-900-30,EMBED,,1,STUD_3/4-DIA,A108-GR.90,,,012ad89d-aa1e-4f1b-9323-468ef2283ca9
P6-10,P-743-10,PLATE,19PL KNIFE PLATE.,1,PL114.3*19.05,A572-GR.50,,,f3c7c3a4-d2a9-43dd-8d6e-39ce0c14c92b
P6-10,P-743-20,EMBED,,1,PD28.6*4.76,50W,,,38411b7f-f3dc-4987-b755-07de10e4a215
P6-10,P-743-30,EMBED,,1,STUD_3/4-DIA,A108-GR.90,,,b029918a-328e-4b11-a3d1-3c6b5c1b8bcb
P6-10,P-205,ANCHOR,12000LB FORGED ANCHOR,4,PL15.88,A36,,,e804a0ac-bd4b-42d2-84e3-77c5f2901db9
P6-9,P-620,EMBED,6PL W/STUDS,1,PL101.6*6.35,A572-GR.50,,,e92db701-be54-4034-9491-b6ca9b6d2466
P6-9,P-300,INSERT,19Ø INSERT (NC),10,ROD23.813,A36,,,6e7c1f83-6132-4d17-b1fe-cc4a1b4fe8f4
P6-9,P-900-10,PLATE,25mm KNIFE PLATE,1,PL127*25,A572-GR.50,,,be4239f3-5ded-47c0-88dc-b40f718fb5bc
P6-9,P-900-20,EMBED,,1,PD28.6*4.76,50W,,,2b7edf41-da9a-4f10-86a9-83a17fe20560
P6-9,P-900-30,EMBED,,1,STUD_3/4-DIA,A108-GR.90,,,57115939-89ae-4c30-96a3-f4025d60ef4c
P6-9,P-205,ANCHOR,12000LB FORGED ANCHOR,4,PL15.88,A36,,,2696653b-ab2d-486a-ae29-afb199742381
P6-9,P-743-10,PLATE,19PL KNIFE PLATE.,1,PL114.3*19.05,A572-GR.50,,,3a4bc2d7-a813-486b-be4d-6141543e2cce
P6-9,P-743-20,EMBED,,1,PD28.6*4.76,50W,,,d5242731-1c61-4aee-b05e-606911614cba
P6-9,P-743-30,EMBED,,1,STUD_3/4-DIA,A108-GR.90,,,5118678b-c240-454f-ad45-e292ba41d913
W10-41,MPX11,EMBED,V REVEAL LARGE,1,TRIANGLE12.7*12.7,Misc_Undefined,,,bdaf114d-6fd9-41e8-9a0e-17d8b85dfdd3
W10-41,P-300,INSERT,19Ø INSERT (NC),5,ROD23.813,A36,,,3a67e441-4c1e-48b0-a98f-720a6992184d
W10-41,GT75-1219,GROUT_TUBE,75Ø x 1219 GROUT TUBE,8,ROD76,Zero_Density,,,d6616f8e-6a7b-42e3-a3a9-802465d0fdeb
W10-41,GT75-686,GROUT_TUBE,75Ø x 686 GROUT TUBE,2,ROD76,Zero_Density,,,503ff1a4-04ea-4096-9720-14969ca1fa87
W10-41,GT100-1219,GROUT_TUBE,100Øx1219 GROUT TUBE,3,ROD102,Zero_Density,,,ed989c51-30ea-4e5d-9043-f3943977ee4d
W10-41,SP25-1067,INSERT,SP25Mx1067 WILLIAMS S,8,ROD25.4,A706-GR.60,,,5bc77ca0-1dbb-4c7f-8760-6667559fc19e
W10-41,SP15-457,INSERT,15Mx457 WILLIAMS SPL,6,ROD16,400W,,,9aef11d3-cd89-470d-a927-98ffb058a21a
W10-41,SP30-1219,INSERT,30Mx1219 WILLIAMS SPL,1,ROD30.16,A706-GR.60,,,31e5534a-47f2-4477-97c7-2db4368c7d69
W10-41,CNDT,CONDUIT,19MM CONDUIT,1,ROD19,Zero_Density,,,e8914f9d-a203-44b0-9b16-70c9ce28ba3f
W10-41,EB-S-PL,PLATE,Single Plastic Electr,1,160*50.8,Zero_Density,,,afa3f9c1-e136-4d6e-8c2b-62a6b4985271
W10-41,P-772,EMBED,13PL. w/STUD,1,PL152.4*12.7,A572-GR.50,,,fd80902c-446b-4423-8e66-685751677b53
W10-41,P-205,ANCHOR,12000LB FORGED ANCHOR,4,PL15.88,A36,,,da6b9ee1-3e11-4ffc-ba04-6108b8e50e8e
W10-41,GT76-254,GROUT_TUBE,76Øx254mm G.TUBE,2,ROD76.2,Zero_Density,,,e174c5c0-b2b7-4be9-a4b0-f18e4e064ed6
W10-61,GT75-1219,GROUT_TUBE,75Ø x 1219 GROUT TUBE,3,ROD76,Zero_Density,,,c6d39966-7e0e-449f-b4fc-c061a04eec4f
W10-61,SP25-1067,INSERT,SP25Mx1067 WILLIAMS S,3,ROD25.4,A706-GR.60,,,7480ff3b-c3ea-483e-9077-c31258a4a301
W10-61,P-300,INSERT,19Ø INSERT (NC),2,ROD23.813,A36,,,5f94b85a-f39d-4b9d-99e2-ace391d64ac8
W10-61,P-205,ANCHOR,12000LB FORGED ANCHOR,2,PL15.88,A36,,,a4c930fa-9aa7-456b-8e56-0d688108b734
W10-61,P-301,EMBED,19Ø EXP.  INS. (NC),1,ROD23.81,A36,,,70b4a04c-ed14-4ebf-acf9-080940a0690c
W10-118,SP25-1067,INSERT,SP25Mx1067 WILLIAMS S,3,ROD25.4,A706-GR.60,,,57db9e5c-1848-4e28-bc22-3412901ad051
W10-118,GT75-1219,GROUT_TUBE,75Ø x 1219 GROUT TUBE,3,ROD76,Zero_Density,,,65358e56-91ea-4572-a19b-7d829566f797
W10-118,P-300,INSERT,19Ø INSERT (NC),2,ROD23.813,A36,,,9f77ab0c-dacb-4954-9257-7d05d606352d
W10-118,P-205,ANCHOR,12000LB FORGED ANCHOR,2,PL15.88,A36,,,c54ccefd-4bde-4581-9004-f84250b06112
W10-118,P-301,EMBED,19Ø EXP.  INS. (NC),1,ROD23.81,A36,,,ad662bca-994e-4ab9-9367-6ec7bac0d747
P6-21,P-620,EMBED,6PL W/STUDS,1,PL101.6*6.35,A572-GR.50,,,39840627-2de1-4d9d-9cbf-03a3079ebaef
P6-21,P-300,INSERT,19Ø INSERT (NC),10,ROD23.813,A36,,,40574e89-4530-4702-97ac-eb6eac7d2a4f
P6-21,P-900-10,PLATE,25mm KNIFE PLATE,1,PL127*25,A572-GR.50,,,b177d3e9-2bad-48d4-80be-64056d5bc03a
P6-21,P-900-20,EMBED,,1,PD28.6*4.76,50W,,,5910be85-e217-4515-a905-a3bd655eb65d
P6-21,P-900-30,EMBED,,1,STUD_3/4-DIA,A108-GR.90,,,bac58387-492f-4a7d-9de4-453eed6b3514
P6-21,P-742-10,PLATE,19PL KNIFE PLATE,1,PL114.3*19.05,A572-GR.50,,,eb3a49b9-9685-48c4-a879-f072edb64f43
P6-21,P-742-20,EMBED,,1,PD28.6*4.76,50W,,,690e06e5-9944-4af6-821e-815995b290cd
P6-21,P-742-30,EMBED,,1,STUD_3/4-DIA,A108-GR.90,,,73e36b6e-d905-4956-a68e-de7a0aa14d44
P6-21,P-205,ANCHOR,12000LB FORGED ANCHOR,4,PL15.88,A36,,,65bb2e21-f0fa-400f-b9b8-bc37421c4cc5
P6-12,MPX13,EMBED,V REVEAL LARGE,1,TRIANGLE12.7*12.7,Misc_Undefined,,,b505bda0-1752-43d8-9823-211256513c98
P6-12,MPX14,EMBED,V REVEAL LARGE,1,TRIANGLE12.7*12.7,Misc_Undefined,,,2d429f51-6689-454e-9c46-6074ba18a565
P6-12,MPX12,EMBED,MOUNTPART,1,TRIANGLE51.0*12.7,Misc_Undefined,,,521d8ce1-bd25-4686-aa8a-0ec20a450813
P6-12,P-620,EMBED,6PL W/STUDS,1,PL101.6*6.35,A572-GR.50,,,3e70dbae-476d-4a26-b933-1b8bdecc0461
P6-12,P-300,INSERT,19Ø INSERT (NC),13,ROD23.813,A36,,,0a26c4bd-5c08-4b5b-95ac-d791efda8e3d
P6-12,P-900-10,PLATE,25mm KNIFE PLATE,2,PL127*25,A572-GR.50,,,a7f4de73-6d3a-4ff6-81c3-ceb107603d26
P6-12,P-900-20,EMBED,,1,PD28.6*4.76,50W,,,1c31f7a9-0067-4726-b687-6872e9a2b320
P6-12,P-900-30,EMBED,,1,STUD_3/4-DIA,A108-GR.90,,,65f3fe4e-82cb-4783-a9c8-0507ef296863
P6-12,GT76-152,GROUT_TUBE,76Øx152mm G.TUBE,6,ROD76.2,Zero_Density,,,f3c40de8-87f2-4dbf-bb78-593ca6362886
P6-12,CNDT,CONDUIT,19MM CONDUIT,1,ROD19,Zero_Density,,,3916b1f3-31be-43a4-8f5a-51d12994e056
P6-12,EB-S-PL,PLATE,Single Plastic Electr,1,160*50.8,Zero_Density,,,cc353c75-b7fe-492e-89f5-a1b15f715d71
P6-12,P-205,ANCHOR,12000LB FORGED ANCHOR,4,PL15.88,A36,,,19dcb2df-1b7e-4e0b-8961-d0416cb93f22
W10-123,MPX14,EMBED,V REVEAL LARGE,1,TRIANGLE12.7*12.7,Misc_Undefined,,,60f00fbd-e76c-4a9d-ac63-6e74ba4abf45
W10-123,MPX12,EMBED,MOUNTPART,1,TRIANGLE51.0*12.7,Misc_Undefined,,,9f03eee8-7567-4a29-aaba-084fdf1c0566
W10-123,MPX11,EMBED,V REVEAL LARGE,1,TRIANGLE12.7*12.7,Misc_Undefined,,,1c35a592-527a-4a37-8583-bb32bb4d88c0
W10-123,P-300,INSERT,19Ø INSERT (NC),4,ROD23.813,A36,,,493660fa-31d3-4370-a7a3-19660577aa35
W10-123,GT75-1219,GROUT_TUBE,75Ø x 1219 GROUT TUBE,8,ROD76,Zero_Density,,,c38f919f-20a5-416c-ae7e-a3939d40c3c1
W10-123,GT75-686,GROUT_TUBE,75Ø x 686 GROUT TUBE,1,ROD76,Zero_Density,,,5baf6b01-0a39-4c24-beb3-f3f52e672f79
W10-123,SP25-1067,INSERT,SP25Mx1067 WILLIAMS S,8,ROD25.4,A706-GR.60,,,0d079ac5-e434-467d-b467-60c061234911
W10-123,SP15-457,INSERT,15Mx457 WILLIAMS SPL,3,ROD16,400W,,,eba1d1ab-dc2c-454a-8098-d4b3a5d31d66
W10-123,CNDT,CONDUIT,19MM CONDUIT,1,ROD19,Zero_Density,,,055c64e6-bd39-4288-8e23-94c6ff3a072d
W10-123,EB-S-PL,PLATE,Single Plastic Electr,1,160*50.8,Zero_Density,,,16edddd9-a5f0-4cf1-aa0e-c1747294dbfb
W10-123,GT76-254,GROUT_TUBE,76Øx254mm G.TUBE,2,ROD76.2,Zero_Density,,,e760ef73-eed1-4158-81e4-05dde32aeb4d
W10-123,P-205,ANCHOR,12000LB FORGED ANCHOR,4,PL15.88,A36,,,6a8b6632-9955-4c78-846d-0d188789f88e
W10-6,GT100-1219,GROUT_TUBE,100Øx1219 GROUT TUBE,9,ROD102,Zero_Density,,,df1f98ce-df6e-4d9a-ad9f-32e3ef7d8945
W10-6,P-300,INSERT,19Ø INSERT (NC),2,ROD23.813,A36,,,6303076a-7e8b-4cea-9728-88bd99db758f
W10-6,P-205,ANCHOR,12000LB FORGED ANCHOR,2,PL15.88,A36,,,2e19bb52-df43-40a4-a415-07e91edba982
W10-6,SP25-1067,INSERT,SP25Mx1067 WILLIAMS S,3,ROD25.4,A706-GR.60,,,d37bcf41-717e-4506-9666-ae5838c60d57
W10-6,P-301,EMBED,19Ø EXP.  INS. (NC),1,ROD23.81,A36,,,7ae7fbf5-b8e9-40ac-8aa7-f18073222986
W10-88,GT100-1219,GROUT_TUBE,100Øx1219 GROUT TUBE,9,ROD102,Zero_Density,,,1c99ebc0-4669-44ad-a637-d87f94a0ff52
W10-88,SP25-1067,INSERT,SP25Mx1067 WILLIAMS S,3,ROD25.4,A706-GR.60,,,6f6aebca-75e2-48e7-84e0-ca0fc3788c0c
W10-88,P-301,EMBED,19Ø EXP.  INS. (NC),1,ROD23.81,A36,,,61bd4ae5-4ff2-473a-9a62-1a7bf8dea3db
W10-88,P-300,INSERT,19Ø INSERT (NC),2,ROD23.813,A36,,,e9531c47-445c-4e3c-acab-31ad9b83bc4a
W10-88,P-205,ANCHOR,12000LB FORGED ANCHOR,2,PL15.88,A36,,,01406513-ef2b-40ce-91fb-809ce023b1ff
W10-70,GT100-1219,GROUT_TUBE,100Øx1219 GROUT TUBE,6,ROD102,Zero_Density,,,6fc3c9a5-06ab-41d7-8dcc-4bc9bfc8b022
W10-70,P-300,INSERT,19Ø INSERT (NC),4,ROD23.813,A36,,,99c83f27-67f4-4cb5-82fb-0fbdbe7ccc37
W10-70,SP25-1067,INSERT,SP25Mx1067 WILLIAMS S,2,ROD25.4,A706-GR.60,,,5277993c-516d-40fa-bca9-c877884fb074
W10-70,P-220,EMBED,10Øx2743 AC 5625LB CA,1,CABLE9.53,Steel_Undefined,,,b7165ade-d06c-438b-a054-366cea23d386
W10-17,GT100-1219,GROUT_TUBE,100Øx1219 GROUT TUBE,6,ROD102,Zero_Density,,,def671f9-3d2f-4c53-bd80-4b353511c4ab
W10-17,P-300,INSERT,19Ø INSERT (NC),4,ROD23.813,A36,,,0a59a866-4c5c-4122-bd73-6ec7f568f000
W10-17,SP25-1067,INSERT,SP25Mx1067 WILLIAMS S,2,ROD25.4,A706-GR.60,,,04f4b5d7-d0ce-4e97-a9e1-f61eb8cc73ab
W10-17,P-220,EMBED,10Øx2743 AC 5625LB CA,1,CABLE9.53,Steel_Undefined,,,3cd9de31-d159-4b4a-a632-2bcd1621d547
W10-19,GT100-1219,GROUT_TUBE,100Øx1219 GROUT TUBE,3,ROD102,Zero_Density,,,fdf73fb3-7bb0-4377-9f66-2bd0df341742
W10-19,SP25-1067,INSERT,SP25Mx1067 WILLIAMS S,1,ROD25.4,A706-GR.60,,,93edd969-5dd2-41b9-9a38-b28e1644f45a
W10-19,P-300,INSERT,19Ø INSERT (NC),6,ROD23.813,A36,,,6bff3473-8370-4e2d-aec4-23c11df3c534
W10-19,P-220,EMBED,10Øx2743 AC 5625LB CA,1,CABLE9.53,Steel_Undefined,,,8d56c543-a854-44fd-ba44-b5e6e0029065
W10-98,GT100-1219,GROUT_TUBE,100Øx1219 GROUT TUBE,3,ROD102,Zero_Density,,,9900b17b-f5eb-43c3-b65a-1aad4ad57d68
W10-98,SP25-1067,INSERT,SP25Mx1067 WILLIAMS S,1,ROD25.4,A706-GR.60,,,f2874307-a09b-41cc-b7d5-caab946851be
W10-98,P-300,INSERT,19Ø INSERT (NC),6,ROD23.813,A36,,,4e1ee148-8b9f-40c8-8d11-022ba137d430
W10-98,P-220,EMBED,10Øx2743 AC 5625LB CA,1,CABLE9.53,Steel_Undefined,,,83ce5974-fea2-4b2c-a7e3-1604f4016fcc
W10-36,P-722,EMBED,13PL. w/STUD,1,PL152.4*12.7,A572-GR.50,,,35503e12-9552-44c5-8275-a785f9548b25
W10-36,GT100-1219,GROUT_TUBE,100Øx1219 GROUT TUBE,18,ROD102,Zero_Density,,,22c822aa-4bf0-4451-bde5-39a45a4128fe
W10-36,P-205,ANCHOR,12000LB FORGED ANCHOR,2,PL15.88,A36,,,68f3e41e-21f7-4f9a-b5db-376bf43be310
W10-36,P-300,INSERT,19Ø INSERT (NC),3,ROD23.813,A36,,,2b0c2fb1-605b-4b21-ba91-e3eb7363a8f2
W10-36,GT100-686,GROUT_TUBE,100Øx686 GROUT TUBE,3,ROD102,Zero_Density,,,e01f7822-87b0-473d-a643-45d467184308
W10-36,P-616,PLATE,13x203x203 PLATE,2,PL203*13,A572-GR.50,,,3f43b802-08f5-4601-8a85-9bb5a5c6dd1e
W10-36,SP15-457,INSERT,15Mx457 WILLIAMS SPL,9,ROD16,400W,,,c6edbd9a-8bc6-41db-aec3-61c8bd8dbf2d
W10-36,SP25-1067,INSERT,SP25Mx1067 WILLIAMS S,1,ROD25.4,A706-GR.60,,,c03eecbb-b0fa-49e4-abdf-06867c3e3564
W10-32,GT100-1219,GROUT_TUBE,100Øx1219 GROUT TUBE,6,ROD102,Zero_Density,,,d19a911c-b9ff-4a78-a163-61e304e185c2
W10-32,GT100-686,GROUT_TUBE,100Øx686 GROUT TUBE,3,ROD102,Zero_Density,,,32a21f14-5a86-49ca-b37d-76fcb4b14f67
W10-32,SP25-1067,INSERT,SP25Mx1067 WILLIAMS S,2,ROD25.4,A706-GR.60,,,a32280b5-a04b-403c-a547-0cb8b7866116
W10-32,SP15-457,INSERT,15Mx457 WILLIAMS SPL,3,ROD16,400W,,,8647bcd6-f654-46d2-ad93-52f7616f12d7
W10-32,P-300,INSERT,19Ø INSERT (NC),4,ROD23.813,A36,,,724e2407-8bae-4a41-aa99-0b87a292d37b
W10-32,P-205,ANCHOR,12000LB FORGED ANCHOR,2,PL15.88,A36,,,b6d1b5de-7c26-4627-9e0d-90e5b754f8b9
W10-32,EI-762,EMBED,ELEV. INS. 762LG.,1,PL35*41,Zero_Density,,,fcdfc3d5-d3f2-4d85-a46d-bb8720103155
W8-1,GT100-686,GROUT_TUBE,100Øx686 GROUT TUBE,21,ROD102,Zero_Density,,,2b97f03c-7c93-4086-9dca-b1da724e9277
W8-1,SP15-457,INSERT,15Mx457 WILLIAMS SPL,21,ROD16,400W,,,ecbc9942-e055-4e3d-9d44-340d65685ff2
W8-1,P-205,ANCHOR,12000LB FORGED ANCHOR,2,PL15.88,A36,,,2353d076-5350-496d-b298-8a1f1d4bba18
W8-1,P-300,INSERT,19Ø INSERT (NC),2,ROD23.813,A36,,,81a5a2ce-366a-4638-b2b9-1077ff582841
W10-28,GT100-1219,GROUT_TUBE,100Øx1219 GROUT TUBE,9,ROD102,Zero_Density,,,ac027004-bfd6-410c-b72f-d835f8c88c4c
W10-28,SP15-457,INSERT,15Mx457 WILLIAMS SPL,9,ROD16,400W,,,03affa6d-acce-403d-abc3-329b591c588f
W10-28,P-300,INSERT,19Ø INSERT (NC),4,ROD23.813,A36,,,4626a858-abfc-4e92-9e32-7666d8bcaeae
W10-28,GT100-686,GROUT_TUBE,100Øx686 GROUT TUBE,3,ROD102,Zero_Density,,,3f5b530d-69b8-4bc9-ad72-64615e5e8b96
W10-28,P-705,PLATE,13x203x203 PLATE,2,PL203*12.7,A572-GR.50,,,708a8a90-e133-403a-b354-f3ac7793ee43
W10-28,P-205,ANCHOR,12000LB FORGED ANCHOR,2,PL15.88,A36,,,62e6b427-1ef0-4be6-a7ce-8020aced3ff5
W10-28,SLV-64-254,SLEEVE,64Ø x 254 PVC SLEEVE,1,ROD70,Zero_Density,,,18570a0c-cd60-4fb0-b01b-c576cb593f44
W10-7,GT100-686,GROUT_TUBE,100Øx686 GROUT TUBE,9,ROD102,Zero_Density,,,550a7943-c866-4cbe-b9df-c4cf7f5d2897
W10-7,GT100-1219,GROUT_TUBE,100Øx1219 GROUT TUBE,6,ROD102,Zero_Density,,,d5d3efa8-9191-49cb-9845-fd6b38534e87
W10-7,P-300,INSERT,19Ø INSERT (NC),3,ROD23.813,A36,,,532039c7-65d1-4f70-8c72-e06d20d47c3e
W10-7,P-705,PLATE,13x203x203 PLATE,1,PL203*12.7,A572-GR.50,,,cbde00c0-d400-4f9f-9323-8d3cdf3aa8cb
W10-7,SP15-457,INSERT,15Mx457 WILLIAMS SPL,15,ROD16,400W,,,1b3744c3-bccb-48c1-bb4b-5cd91c115376
W10-7,P-205,ANCHOR,12000LB FORGED ANCHOR,2,PL15.88,A36,,,fba09849-efbe-40e4-9e62-2946947bca4d
W10-7,CNDT,CONDUIT,19MM CONDUIT,3,ROD19,Zero_Density,,,b0d11569-9e78-4ecf-aab8-8722e2ee74c4
W10-7,EB-S-PL,PLATE,Single Plastic Electr,3,160*50.8,Zero_Density,,,ad98c9ce-a862-4e1e-bd73-b2dff5eebfa1
W10-22,GT100-1219,GROUT_TUBE,100Øx1219 GROUT TUBE,12,ROD102,Zero_Density,,,3f353a09-d5ec-40bb-9dce-f86e4bf67e29
W10-22,GT100-686,GROUT_TUBE,100Øx686 GROUT TUBE,18,ROD102,Zero_Density,,,20f2d92a-5857-4a82-ab3a-2824bff33971
W10-22,SP25-1067,INSERT,SP25Mx1067 WILLIAMS S,2,ROD25.4,A706-GR.60,,,d225ad14-fed3-430a-9d96-e37c5fb25730
W10-22,SP15-457,INSERT,15Mx457 WILLIAMS SPL,15,ROD16,400W,,,5e70ccd4-a28d-4bd2-8145-05115a318d32
W10-22,P-300,INSERT,19Ø INSERT (NC),5,ROD23.813,A36,,,4346d97a-7f45-4605-9564-11ca61e2cff5
W10-22,EB-S-PL,PLATE,Single Plastic Electr,1,160*50.8,Zero_Density,,,b6f0ddd7-147a-4d84-a565-89a5fa255920
W10-22,CNDT,CONDUIT,19MM CONDUIT,3,ROD19,Zero_Density,,,f56b6af4-f121-4c22-8502-b0e0db34d10f
W10-22,EB-SQ-PL1,EMBED,Square Plastic Electr,1,160*160,Zero_Density,,,303db591-7d87-4e1c-99f5-2d808f9f74b2
W10-22,P-205,ANCHOR,12000LB FORGED ANCHOR,4,PL15.88,A36,,,8c00e751-6b97-4c74-8ceb-686d0010ff11
W10-22,SLV-152-254,SLEEVE,152Ø x 254 PVC SLEEVE,1,ROD160,Zero_Density,,,8e46a5a9-7771-457c-9728-94e0b1451213
W10-35,GT100-1219,GROUT_TUBE,100Øx1219 GROUT TUBE,6,ROD102,Zero_Density,,,7b2f3817-1470-449b-8dee-cddb5e5c20cc
W10-35,GT100-686,GROUT_TUBE,100Øx686 GROUT TUBE,12,ROD102,Zero_Density,,,75839406-5e5e-4459-b015-735a70b8bc3a
W10-35,SP30-1219,INSERT,30Mx1219 WILLIAMS SPL,3,ROD30.16,A706-GR.60,,,977e3838-6f14-4180-bc21-13716f9305ca
W10-35,P-300,INSERT,19Ø INSERT (NC),4,ROD23.813,A36,,,4ed855bd-cdba-4dfa-9ca3-94e88fcbf703
W10-35,CNDT,CONDUIT,19MM CONDUIT,1,ROD19,Zero_Density,,,fb15f153-662d-4e9f-89d9-df1bce7bee7e
W10-35,EB-SQ-PL1,EMBED,Square Plastic Electr,1,160*160,Zero_Density,,,1ddd175b-e051-44f0-8bcc-0c055b4ae6af
W10-35,P-205,ANCHOR,12000LB FORGED ANCHOR,4,PL15.88,A36,,,cac30250-529d-426e-919b-5121b01580ec
W10-35,P-616,PLATE,13x203x203 PLATE,2,PL203*13,A572-GR.50,,,27b45b4f-bd95-4957-9f0f-e12fd99d2f92
W10-35,SP15-457,INSERT,15Mx457 WILLIAMS SPL,3,ROD16,400W,,,3d0aa7fd-ca35-48a2-9f27-2a30b9a707de
W10-35,SP25-1067,INSERT,SP25Mx1067 WILLIAMS S,1,ROD25.4,A706-GR.60,,,db515c7a-2ea7-474c-87f6-f1a32ff733cf
W10-33,GT100-1219,GROUT_TUBE,100Øx1219 GROUT TUBE,6,ROD102,Zero_Density,,,c3800815-6920-4b7d-af15-d36d1eacf2e3
W10-33,GT100-686,GROUT_TUBE,100Øx686 GROUT TUBE,3,ROD102,Zero_Density,,,4a430f15-ed4a-4b38-8927-bd9949abf988
W10-33,SP25-1067,INSERT,SP25Mx1067 WILLIAMS S,2,ROD25.4,A706-GR.60,,,081f24a4-1f88-40ad-aba3-f2a3b7ca9fb9
W10-33,SP15-457,INSERT,15Mx457 WILLIAMS SPL,3,ROD16,400W,,,fbfc0a02-9ad8-43e2-8804-03ca88761b8c
W10-33,P-705,PLATE,13x203x203 PLATE,1,PL203*12.7,A572-GR.50,,,f481b498-eb9e-4a3f-b8bf-328b6b154725
W10-33,P-205,ANCHOR,12000LB FORGED ANCHOR,2,PL15.88,A36,,,94382852-e340-447e-a6ad-da3b49dea4cf
W10-33,P-300,INSERT,19Ø INSERT (NC),4,ROD23.813,A36,,,baeb7854-d06c-4816-abb5-3cbe12a2f785
W10-33,EB-SQ-PL1,EMBED,Square Plastic Electr,1,160*160,Zero_Density,,,90389474-f403-4814-a7e4-fc7cdd95ae31
W10-33,CNDT,CONDUIT,19MM CONDUIT,1,ROD19,Zero_Density,,,cf4d213f-b212-4e98-b3b7-da875e817d71
W10-33,EI-1524,EMBED,ELEV. INS. 1524LG.,1,PL35*41,Zero_Density,,,9b8f0f52-5fc7-4f76-9056-48e28f824107
W10-24,GT100-1219,GROUT_TUBE,100Øx1219 GROUT TUBE,9,ROD102,Zero_Density,,,f9d4cae4-c019-4d3e-a405-d0926e08d60f
W10-24,SP25-1067,INSERT,SP25Mx1067 WILLIAMS S,3,ROD25.4,A706-GR.60,,,e495c4c0-8b9a-4609-8afb-b0c6befd88fd
W10-24,P-705,PLATE,13x203x203 PLATE,1,PL203*12.7,A572-GR.50,,,d9d776e6-c4d4-4942-a3b6-70df04bd7a7d
W10-24,P-775,EMBED,13PL w/REBARS,1,PL152.4*12.7,A572-GR.50,,,b56cffd5-2f83-4c3b-9884-08ae1b05d6dd
W10-24,P-300,INSERT,19Ø INSERT (NC),3,ROD23.813,A36,,,20cbe374-e3b6-441b-9c51-ee9f02df651d
W10-24,P-220,EMBED,10Øx2743 AC 5625LB CA,1,CABLE9.53,Steel_Undefined,,,6af55871-8a2f-4194-9869-2625611890a6
W10-16,GT100-1219,GROUT_TUBE,100Øx1219 GROUT TUBE,12,ROD102,Zero_Density,,,2d43c816-7435-4573-a3da-5dfc42e9a7c4
W10-16,P-300,INSERT,19Ø INSERT (NC),3,ROD23.813,A36,,,4fc0d74d-1c70-4f26-999b-64027c9b3ab2
W10-16,SP25-1067,INSERT,SP25Mx1067 WILLIAMS S,4,ROD25.4,A706-GR.60,,,d68f9d7e-4a24-435f-927e-c19edd0b0e77
W10-16,P-775,EMBED,13PL w/REBARS,1,PL152.4*12.7,A572-GR.50,,,635a890c-aa3a-47dd-8db7-f543f3efdf48
W10-16,SLV-152-254,SLEEVE,152Ø x 254 PVC SLEEVE,1,ROD160,Zero_Density,,,02b76d34-48d0-4253-9c68-da4af1c654a7
W10-16,SLV-102-254,SLEEVE,102Ø x 254 PVC SLEEVE,1,ROD108,Zero_Density,,,a226fdc4-e364-4d01-88a9-c9f9ed4eb2bd
W10-16,CNDT,CONDUIT,19MM CONDUIT,1,ROD19,Zero_Density,,,ef996521-861b-4e62-9136-2ce38f6e79ee
W10-16,EB-O-PL1,EMBED,Octagon Plastic Elect,1,ROD160,Zero_Density,,,efd06589-9f4a-47d6-b839-909166094e65
W10-16,P-220,EMBED,10Øx2743 AC 5625LB CA,1,CABLE9.53,Steel_Undefined,,,b53916aa-5d4d-40e1-a621-d69ea54521ec
W10-14(?),GT100-1219,GROUT_TUBE,100Øx1219 GROUT TUBE,6,ROD102,Zero_Density,,,59deffee-7587-4817-aea5-3ab7ad3424e2
W10-14(?),GT75-686,GROUT_TUBE,75Ø x 686 GROUT TUBE,5,ROD76,Zero_Density,,,07db2fb5-27d0-4539-b21e-26a5d2d5b0f5
W10-14(?),P-300,INSERT,19Ø INSERT (NC),4,ROD23.813,A36,,,55e9145d-8233-4002-a2d2-9d825a895a25
W10-14(?),SP25-1067,INSERT,SP25Mx1067 WILLIAMS S,2,ROD25.4,A706-GR.60,,,5835a07d-2c88-4692-ba8c-9967a0201e22
W10-14(?),SP15-457,INSERT,15Mx457 WILLIAMS SPL,15,ROD16,400W,,,530cfffc-0ec4-4883-a077-6da66ac29601
W10-14(?),P-205,ANCHOR,12000LB FORGED ANCHOR,4,PL15.88,A36,,,2d39ee64-9ca5-45f5-8426-6bb88acf459b
W8-23,GT75-686,GROUT_TUBE,75Ø x 686 GROUT TUBE,7,ROD76,Zero_Density,,,d65b0022-5560-4301-8214-69d4d066f57e
W8-23,SP15-457,INSERT,15Mx457 WILLIAMS SPL,21,ROD16,400W,,,b3bd685b-03a5-45a1-bee2-f5d9ce84ac2c
W8-23,P-205,ANCHOR,12000LB FORGED ANCHOR,2,PL15.88,A36,,,6e0e7540-5875-4d1f-8155-40714c24142d
W8-23,P-300,INSERT,19Ø INSERT (NC),2,ROD23.813,A36,,,0057ed25-5353-4229-9f5c-f8077577d236
W8-29,SP25-1067,INSERT,SP25Mx1067 WILLIAMS S,2,ROD25.4,A706-GR.60,,,587511c3-aa0b-4c5e-8682-a59f1da410b6
W8-29,SP15-457,INSERT,15Mx457 WILLIAMS SPL,9,ROD16,400W,,,d64bb855-6618-4969-89cc-2cebc518a5ac
W8-29,GT75-686,GROUT_TUBE,75Ø x 686 GROUT TUBE,7,ROD76,Zero_Density,,,ca2eced6-9f8f-4820-9109-251f38b0f42d
W8-29,P-205,ANCHOR,12000LB FORGED ANCHOR,2,PL15.88,A36,,,85dea83c-0b80-4e13-8ad7-5d334d02a2c2
W8-29,P-300,INSERT,19Ø INSERT (NC),2,ROD23.813,A36,,,295893a2-966b-442e-ab2d-c8fa16132a40
W10-109,GT100-1219,GROUT_TUBE,100Øx1219 GROUT TUBE,3,ROD102,Zero_Density,,,c9a3b6d3-0735-4df5-b17e-616f44af08fa
W10-109,SP25-1067,INSERT,SP25Mx1067 WILLIAMS S,1,ROD25.4,A706-GR.60,,,afa72d6e-52cb-4669-bbf3-adf5dfcef4af
W10-109,P-300,INSERT,19Ø INSERT (NC),6,ROD23.813,A36,,,30b59ffd-05dc-4181-a1fe-144966af8dd5
W10-109,P-220,EMBED,10Øx2743 AC 5625LB CA,1,CABLE9.53,Steel_Undefined,,,6ed534e4-8a1f-4c77-bf4a-6125dab2b22d
W10-54,MPX11,EMBED,V REVEAL LARGE,1,TRIANGLE12.7*12.7,Misc_Undefined,,,8f06f5c0-44ed-40dc-903f-be2720cc6e68
W10-54,P-300,INSERT,19Ø INSERT (NC),5,ROD23.813,A36,,,7d3046a6-cd99-478e-8b83-38170fdcbf72
W10-54,GT75-1219,GROUT_TUBE,75Ø x 1219 GROUT TUBE,8,ROD76,Zero_Density,,,ca6d90bf-358c-41f7-baea-d0ac417f34f9
W10-54,SP25-1067,INSERT,SP25Mx1067 WILLIAMS S,8,ROD25.4,A706-GR.60,,,e919584f-246a-4606-b8af-a395e1ae01a3
W10-54,GT75-686,GROUT_TUBE,75Ø x 686 GROUT TUBE,2,ROD76,Zero_Density,,,7480c6b9-9757-4131-ae38-ba4ef2a9dce5
W10-54,SP15-457,INSERT,15Mx457 WILLIAMS SPL,6,ROD16,400W,,,32079610-45a6-41e2-8ddc-85d7d6bb4553
W10-54,GT100-1219,GROUT_TUBE,100Øx1219 GROUT TUBE,3,ROD102,Zero_Density,,,610e9c79-a80d-4f2f-97b5-51f9a78d8065
W10-54,SP30-1219,INSERT,30Mx1219 WILLIAMS SPL,1,ROD30.16,A706-GR.60,,,e7291a7c-4c95-49fd-a036-9e1fbcff9f83
W10-54,CNDT,CONDUIT,19MM CONDUIT,1,ROD19,Zero_Density,,,5a27acc1-6e6b-4340-aeb0-0a105dbb91ad
W10-54,EB-S-PL,PLATE,Single Plastic Electr,1,160*50.8,Zero_Density,,,6502322c-b612-49ee-b3a7-9bc415630845
W10-54,P-772,EMBED,13PL. w/STUD,1,PL152.4*12.7,A572-GR.50,,,d16bab2c-8b04-4ae5-98a3-8d135635ec81
W10-54,P-205,ANCHOR,12000LB FORGED ANCHOR,4,PL15.88,A36,,,730252d8-64d4-4765-a3ec-a8098dafd31f
W10-54,GT76-254,GROUT_TUBE,76Øx254mm G.TUBE,2,ROD76.2,Zero_Density,,,9a537853-4fd6-4a7b-89e7-94ebac1e5dbe
W10-43,GT100-1219,GROUT_TUBE,100Øx1219 GROUT TUBE,6,ROD102,Zero_Density,,,2642b92e-8df9-4db6-ba3f-c09a61c63757
W10-43,GT100-686,GROUT_TUBE,100Øx686 GROUT TUBE,15,ROD102,Zero_Density,,,45bf5dee-cce7-4405-8cc3-4cf734026ee3
W10-43,SP15-457,INSERT,15Mx457 WILLIAMS SPL,24,ROD16,400W,,,e3d13df2-7cbe-43ca-8876-9a55a9b5ac97
W10-43,P-300,INSERT,19Ø INSERT (NC),3,ROD23.813,A36,,,dfa77b0a-349a-41f0-ba97-f9e9112fae69
W10-43,P-705,PLATE,13x203x203 PLATE,1,PL203*12.7,A572-GR.50,,,0be4aee2-32ac-41b0-aa7a-cc2119b9d0af
W10-43,CNDT,CONDUIT,19MM CONDUIT,1,ROD19,Zero_Density,,,05e7c94a-19c1-46df-8859-34b991f7e4d0
W10-43,EB-S-PL,PLATE,Single Plastic Electr,1,160*50.8,Zero_Density,,,648fe841-7299-4f31-aa71-e96379702274
W10-43,P-205,ANCHOR,12000LB FORGED ANCHOR,4,PL15.88,A36,,,a7e3b767-c476-4962-8e28-946f68055fd2
W10-43,SLV-102-254,SLEEVE,102Ø x 254 PVC SLEEVE,1,ROD108,Zero_Density,,,75690fb5-cbba-4c5c-bd28-96f28661353f
W10-37,MPX3,EMBED,V REVEAL LARGE,1,TRIANGLE12.7*12.7,Misc_Undefined,,,9c4a9a79-feb3-4ef7-b24e-65603096e5bc
W10-37,GT100-686,GROUT_TUBE,100Øx686 GROUT TUBE,6,ROD102,Zero_Density,,,52b3e3a5-838c-4d94-9eca-17fb379572e8
W10-37,GT100-1219,GROUT_TUBE,100Øx1219 GROUT TUBE,27,ROD102,Zero_Density,,,c4990482-1c7b-46f3-b0f6-b0820d96dada
W10-37,P-300,INSERT,19Ø INSERT (NC),5,ROD23.813,A36,,,a5381112-be02-4088-a60b-c29be5fbba4b
W10-37,SP25-1067,INSERT,SP25Mx1067 WILLIAMS S,8,ROD25.4,A706-GR.60,,,9a0ff291-decc-471b-9b88-e9a90aab8761
W10-37,SP15-457,INSERT,15Mx457 WILLIAMS SPL,6,ROD16,400W,,,789e7306-221a-4fdb-adf6-af67978dd307
W10-37,SP30-1219,INSERT,30Mx1219 WILLIAMS SPL,1,ROD30.16,A706-GR.60,,,2191df3d-6bc9-459f-99c9-044fde6b5599
W10-37,CNDT,CONDUIT,19MM CONDUIT,1,ROD19,Zero_Density,,,f04d7c8b-7e6e-4991-9718-89ce2dd0b8cb
W10-37,EB-S-PL,PLATE,Single Plastic Electr,1,160*50.8,Zero_Density,,,d255248e-c930-41bc-967e-ba2ea40be900
W10-37,P-205,ANCHOR,12000LB FORGED ANCHOR,4,PL15.88,A36,,,62f36f04-2301-47fa-925d-3a0612d836de
W10-37,GT76-254,GROUT_TUBE,76Øx254mm G.TUBE,2,ROD76.2,Zero_Density,,,fbaf4203-8d00-4c35-8591-3c1fa68ee34d
W10-72,MPX11,EMBED,V REVEAL LARGE,1,TRIANGLE12.7*12.7,Misc_Undefined,,,2b8f8a2f-83aa-4ae6-942b-3e0620088795
W10-72,P-300,INSERT,19Ø INSERT (NC),5,ROD23.813,A36,,,4e3c1c6b-c231-4e28-a691-3a601f2c3b75
W10-72,GT75-1219,GROUT_TUBE,75Ø x 1219 GROUT TUBE,8,ROD76,Zero_Density,,,93dc925a-007a-4464-b5cc-863b6afc5004
W10-72,GT75-686,GROUT_TUBE,75Ø x 686 GROUT TUBE,2,ROD76,Zero_Density,,,c542f939-8884-48c4-8e81-e1b5c146b417
W10-72,SP25-1067,INSERT,SP25Mx1067 WILLIAMS S,8,ROD25.4,A706-GR.60,,,c387e281-8f8c-4b69-a4fd-93afea3fe733
W10-72,SP15-457,INSERT,15Mx457 WILLIAMS SPL,6,ROD16,400W,,,03bb1ac4-d2d5-4530-940f-7ba7727a9974
W10-72,GT100-1219,GROUT_TUBE,100Øx1219 GROUT TUBE,3,ROD102,Zero_Density,,,6d02b1f5-447a-498e-8e45-b1522d92dad1
W10-72,SP30-1219,INSERT,30Mx1219 WILLIAMS SPL,1,ROD30.16,A706-GR.60,,,f57d0703-71a6-4b72-9331-48f25162f723
W10-72,CNDT,CONDUIT,19MM CONDUIT,1,ROD19,Zero_Density,,,177945d8-04e3-437d-89f6-70e71668d356
W10-72,EB-S-PL,PLATE,Single Plastic Electr,1,160*50.8,Zero_Density,,,42476b92-314d-4dd9-a3b0-3a8e471da028
W10-72,P-772,EMBED,13PL. w/STUD,1,PL152.4*12.7,A572-GR.50,,,9eaf0445-9376-4a60-92c9-52dca1ed4f5d
W10-72,P-205,ANCHOR,12000LB FORGED ANCHOR,4,PL15.88,A36,,,7e9437b6-25d0-4270-9fb0-c775f7db31f3
W10-72,GT76-254,GROUT_TUBE,76Øx254mm G.TUBE,2,ROD76.2,Zero_Density,,,3a6cbb37-7f53-4b18-80ff-4d078a66ceb1
W10-8,GT100-1219,GROUT_TUBE,100Øx1219 GROUT TUBE,6,ROD102,Zero_Density,,,f6bf9b58-a7e0-42bb-94fc-69513c61f8f2
W10-8,GT100-686,GROUT_TUBE,100Øx686 GROUT TUBE,21,ROD102,Zero_Density,,,ae5531b8-1ade-466d-9284-967801b5bb59
W10-8,SP15-457,INSERT,15Mx457 WILLIAMS SPL,33,ROD16,400W,,,02dd394d-dc75-427e-95ea-8b0404bb1642
W10-8,P-300,INSERT,19Ø INSERT (NC),3,ROD23.813,A36,,,f61f947b-7bf4-4cbd-97ba-963b559c1db1
W10-8,P-705,PLATE,13x203x203 PLATE,1,PL203*12.7,A572-GR.50,,,e8c26d74-73d5-4c9d-aca4-4818be6006de
W10-8,CNDT,CONDUIT,19MM CONDUIT,7,ROD19,Zero_Density,,,97cdb923-b89c-431a-b20d-c19154c6a2f3
W10-8,EB-S-PL,PLATE,Single Plastic Electr,7,160*50.8,Zero_Density,,,420d9be9-773f-43d5-8aa7-7bfd0cc64f5e
W10-8,P-205,ANCHOR,12000LB FORGED ANCHOR,4,PL15.88,A36,,,41d2dde3-0c24-49a2-a604-82fbb3183897
W10-40,GT100-1219,GROUT_TUBE,100Øx1219 GROUT TUBE,6,ROD102,Zero_Density,,,0268cbf7-d3ac-4416-9d12-7d3e4006490b
W10-40,GT100-686,GROUT_TUBE,100Øx686 GROUT TUBE,9,ROD102,Zero_Density,,,600f705e-2f86-4037-9198-747a0a50cfca
W10-40,P-300,INSERT,19Ø INSERT (NC),3,ROD23.813,A36,,,f31e7fca-1697-498b-938c-647e4c4a4fbf
W10-40,P-705,PLATE,13x203x203 PLATE,1,PL203*12.7,A572-GR.50,,,18c5f5cf-9de6-468a-b367-4e2724c2bd6d
W10-40,CNDT,CONDUIT,19MM CONDUIT,3,ROD19,Zero_Density,,,36aa29aa-4336-445f-aadb-49c933d58313
W10-40,EB-S-PL,PLATE,Single Plastic Electr,3,160*50.8,Zero_Density,,,2e27270a-c771-45dd-ad1e-52ecded58354
W10-40,P-205,ANCHOR,12000LB FORGED ANCHOR,2,PL15.88,A36,,,02ba20f0-38c6-4baf-923a-a27701d5720a
W10-40,SP15-457,INSERT,15Mx457 WILLIAMS SPL,15,ROD16,400W,,,6c6e82fb-c2e8-444d-a2b4-e99debee4a74
W10-65,P-300,INSERT,19Ø INSERT (NC),3,ROD23.813,A36,,,f3c02069-0152-4a7c-956c-ed5dd7ab56a6
W10-65,GT100-1219,GROUT_TUBE,100Øx1219 GROUT TUBE,6,ROD102,Zero_Density,,,1d4cc276-e372-468a-881c-cdbc54286e78
W10-65,GT100-850,GROUT_TUBE,100Øx850 GROUT TUBE,3,ROD102,Zero_Density,,,4932a974-affb-4f14-94e0-ddcdce389ad7
W10-65,SP15-457,INSERT,15Mx457 WILLIAMS SPL,9,ROD16,400W,,,f59d83a1-8e24-42d7-86f2-6ec068926df5
W10-65,P-205,ANCHOR,12000LB FORGED ANCHOR,2,PL15.88,A36,,,eb8fa563-6817-45f1-a85f-1b1add9f8bd0
W10-90,GT75-1219,GROUT_TUBE,75Ø x 1219 GROUT TUBE,2,ROD76,Zero_Density,,,714b8d83-1e89-4662-a735-d8e2c5c0391a
W10-90,GT75-686,GROUT_TUBE,75Ø x 686 GROUT TUBE,5,ROD76,Zero_Density,,,8845b410-a708-45a7-b64f-f82731f30c9a
W10-90,P-300,INSERT,19Ø INSERT (NC),4,ROD23.813,A36,,,e8547b1e-2678-4f24-95d7-0abdb47782b7
W10-90,CNDT,CONDUIT,19MM CONDUIT,2,ROD19,Zero_Density,,,8a77c2df-1d2b-4299-9216-d81a996dc396
W10-90,EB-S-PL,PLATE,Single Plastic Electr,1,160*50.8,Zero_Density,,,b271a2e0-2bfd-4c9b-a63e-480645ba95c8
W10-90,EB-SQ-PL1,EMBED,Square Plastic Electr,1,160*160,Zero_Density,,,490ff66a-cfec-4d86-97c8-fbcd7be85599
W10-90,P-205,ANCHOR,12000LB FORGED ANCHOR,4,PL15.88,A36,,,2f88b9c6-3710-4ea9-be4e-a3208901fa0e
W10-96,P-300,INSERT,19Ø INSERT (NC),5,ROD23.813,A36,,,53ebd790-e201-4201-9dbc-fbe40f14f615
W10-96,GT100-1219,GROUT_TUBE,100Øx1219 GROUT TUBE,6,ROD102,Zero_Density,,,7ca62c70-8156-40c8-85b1-d38ede8dbf05
W10-96,GT75-1219,GROUT_TUBE,75Ø x 1219 GROUT TUBE,2,ROD76,Zero_Density,,,56560f90-8a3f-4de1-9e15-83083bbc0feb
W10-96,GT75-686,GROUT_TUBE,75Ø x 686 GROUT TUBE,4,ROD76,Zero_Density,,,81a59372-f550-4cc2-8ceb-4b59f061254b
W10-96,SP15-457,INSERT,15Mx457 WILLIAMS SPL,24,ROD16,400W,,,9a305138-5730-42c2-a8ec-0af2d8eb68b6
W10-96,P-205,ANCHOR,12000LB FORGED ANCHOR,4,PL15.88,A36,,,902da577-9bbf-4f79-8568-591683e30a1d
W10-96,SLV-64-254,SLEEVE,64Ø x 254 PVC SLEEVE,1,ROD70,Zero_Density,,,f95e9c9b-8f3b-4c51-a77d-42bd1c414849
W10-64(?),P-300,INSERT,19Ø INSERT (NC),4,ROD23.813,A36,,,09d95bad-97e9-47ba-b501-6a257b0f0988
W10-64(?),GT75-1219,GROUT_TUBE,75Ø x 1219 GROUT TUBE,2,ROD76,Zero_Density,,,8007f83d-6e21-4bd0-a9de-df1f93255245
W10-64(?),GT75-686,GROUT_TUBE,75Ø x 686 GROUT TUBE,5,ROD76,Zero_Density,,,65b3529c-74fa-47fa-99b2-002b06ba8fe1
W10-64(?),SP25-1067,INSERT,SP25Mx1067 WILLIAMS S,2,ROD25.4,A706-GR.60,,,9cace9b6-1254-4257-9aaa-8f33c73e57d2
W10-64(?),SP15-457,INSERT,15Mx457 WILLIAMS SPL,15,ROD16,400W,,,2362bf1c-d59d-4634-a6d7-a3a0633b0d1d
W10-64(?),P-205,ANCHOR,12000LB FORGED ANCHOR,4,PL15.88,A36,,,163fa711-db76-49fc-a922-9a124f48af4f
SW17-3,GT75-1219,GROUT_TUBE,75Ø x 1219 GROUT TUBE,2,ROD76,Zero_Density,,,6225cb07-3bda-4af7-89a3-ef14c88b46b8
SW17-3,GT75-686,GROUT_TUBE,75Ø x 686 GROUT TUBE,5,ROD76,Zero_Density,,,9c5229f7-7c55-4656-8b96-b4bd316f335e
SW17-3,INS-2,EMBED,INSULATION,1,PL3441*102,Insulation,,,bed09407-e8e6-472b-83fc-2b39060267b6
SW17-3,P-205,ANCHOR,12000LB FORGED ANCHOR,4,PL15.88,A36,,,50131357-c258-4d18-a3ab-55c182fe9de1
SW17-3,P-300,INSERT,19Ø INSERT (NC),4,ROD23.813,A36,,,786901c1-1140-48d9-b64e-77e5df2d3860
W10-112,GT75-1219,GROUT_TUBE,75Ø x 1219 GROUT TUBE,3,ROD76,Zero_Density,,,38e68d2e-2b26-4f3b-b4a4-0c7be9c98bc1
W10-112,P-301,EMBED,19Ø EXP.  INS. (NC),1,ROD23.81,A36,,,281169f4-5132-45e9-adce-b840bedb2743
W10-112,P-205,ANCHOR,12000LB FORGED ANCHOR,2,PL15.88,A36,,,82b57738-8ec8-4497-a3df-b62446dfabf4
W10-112,P-300,INSERT,19Ø INSERT (NC),2,ROD23.813,A36,,,4fd75364-defd-4b4a-b4f5-c29d88b0941c
W10-99,GT75-1219,GROUT_TUBE,75Ø x 1219 GROUT TUBE,3,ROD76,Zero_Density,,,dc96a578-46bd-4676-b552-f131e48180a2
W10-99,P-205,ANCHOR,12000LB FORGED ANCHOR,2,PL15.88,A36,,,634f71be-444f-4496-8ee3-90c12b7573bb
W10-99,P-300,INSERT,19Ø INSERT (NC),2,ROD23.813,A36,,,ba081a60-c1c3-438a-b8d0-fd68a7b06641
W10-99,P-301,EMBED,19Ø EXP.  INS. (NC),1,ROD23.81,A36,,,ffe49ac3-7bb5-4e52-ac96-737e2085fd57
W10-85,P-300,INSERT,19Ø INSERT (NC),6,ROD23.813,A36,,,cb2c6e59-7a55-463e-8eb2-3acd800c1466
W10-85,GT75-1219,GROUT_TUBE,75Ø x 1219 GROUT TUBE,2,ROD76,Zero_Density,,,4f4105d6-4f3c-485f-8990-036a7fac4196
W10-85,P-220,EMBED,10Øx2743 AC 5625LB CA,1,CABLE9.53,Steel_Undefined,,,debd7657-0026-4f18-bda4-dbdf6e0bdebc
W10-58,GT75-1219,GROUT_TUBE,75Ø x 1219 GROUT TUBE,3,ROD76,Zero_Density,,,d28f39be-a634-4767-9f5b-17e17008a695
W10-58,P-301,EMBED,19Ø EXP.  INS. (NC),1,ROD23.81,A36,,,f1b15ae8-9d70-4723-814a-c4869c98450a
W10-58,P-205,ANCHOR,12000LB FORGED ANCHOR,2,PL15.88,A36,,,6896483e-9a36-42bd-9822-64510a590612
W10-58,P-300,INSERT,19Ø INSERT (NC),2,ROD23.813,A36,,,be707c55-4e1e-4584-baea-29fa7c7bc060
W10-39,GT75-1219,GROUT_TUBE,75Ø x 1219 GROUT TUBE,3,ROD76,Zero_Density,,,d306b2f4-6311-44b0-a6bf-fc7cd83e3ac4
W10-39,P-301,EMBED,19Ø EXP.  INS. (NC),1,ROD23.81,A36,,,c56b6ccd-b505-4651-9f04-e9b5511c2e04
W10-39,P-205,ANCHOR,12000LB FORGED ANCHOR,2,PL15.88,A36,,,4c27fc27-6802-4ae5-bdec-76e75f868754
W10-39,P-300,INSERT,19Ø INSERT (NC),2,ROD23.813,A36,,,e46b5584-213c-4f21-be30-0bf1137c3536
W10-127,GT75-1219,GROUT_TUBE,75Ø x 1219 GROUT TUBE,3,ROD76,Zero_Density,,,66c636a8-ffbd-4148-a773-b4f58e592051
W10-127,P-301,EMBED,19Ø EXP.  INS. (NC),1,ROD23.81,A36,,,7521ab12-ab30-46a8-bc77-c3cb97888196
W10-127,P-205,ANCHOR,12000LB FORGED ANCHOR,2,PL15.88,A36,,,b3f25442-1843-4ef9-8695-2d5e1b3bbc94
W10-127,P-300,INSERT,19Ø INSERT (NC),2,ROD23.813,A36,,,e121e3f2-9ef6-4b6c-b0f5-38e69eface67
W10-107,GT75-1219,GROUT_TUBE,75Ø x 1219 GROUT TUBE,3,ROD76,Zero_Density,,,d26485d9-56fa-4e2b-bcd0-88e1418aaf2f
W10-107,P-301,EMBED,19Ø EXP.  INS. (NC),1,ROD23.81,A36,,,aa1afff3-0975-48ae-8043-1b0e3d2fcffe
W10-107,P-205,ANCHOR,12000LB FORGED ANCHOR,2,PL15.88,A36,,,94ff0f90-7b7c-496d-beb6-12cc5074216a
W10-107,P-300,INSERT,19Ø INSERT (NC),2,ROD23.813,A36,,,b6cad3ca-51c6-4580-a33b-c5102a326e10
W10-84,P-300,INSERT,19Ø INSERT (NC),6,ROD23.813,A36,,,4b766c49-8c19-4af1-9158-996fd14d943f
W10-84,GT75-1219,GROUT_TUBE,75Ø x 1219 GROUT TUBE,2,ROD76,Zero_Density,,,c71259a7-ef91-407c-b7e4-59fd09f2bee7
W10-84,P-220,EMBED,10Øx2743 AC 5625LB CA,1,CABLE9.53,Steel_Undefined,,,ac35a251-245c-4507-bd15-7ccbcdc19cae
W10-104,GT75-1219,GROUT_TUBE,75Ø x 1219 GROUT TUBE,1,ROD76,Zero_Density,,,d957166f-cd08-444a-9741-f29d0db4b36e
W10-104,P-300,INSERT,19Ø INSERT (NC),6,ROD23.813,A36,,,8da4b819-47cb-4bac-8d9a-b0ade6acf50d
W10-104,SP15-457,INSERT,15Mx457 WILLIAMS SPL,3,ROD16,400W,,,6be34c7f-5663-43ac-b0a4-ba5c2ab10407
W10-104,P-607,EMBED,13PL. w/STUD,1,PL152.4*12.7,A572-GR.50,,,cb499c3d-2e5e-4a1d-bbbe-3a395a71750e
W10-104,P-703,EMBED,13PL. w/STUD,1,PL102*12.7,A572-GR.50,,,be0ed073-5e1c-4d57-a80b-6a26998c23d9
W10-104,P-220,EMBED,10Øx2743 AC 5625LB CA,1,CABLE9.53,Steel_Undefined,,,ffca3e98-baa2-4d18-8724-9f8a5365a7ca
W10-75,GT75-1219,GROUT_TUBE,75Ø x 1219 GROUT TUBE,1,ROD76,Zero_Density,,,404f3095-8037-4e19-bcad-39c56d6e9cd2
W10-75,P-300,INSERT,19Ø INSERT (NC),6,ROD23.813,A36,,,16b11809-05a6-4baa-831f-ad732d1ad671
W10-75,SP15-457,INSERT,15Mx457 WILLIAMS SPL,3,ROD16,400W,,,f4471e8f-1f90-444d-9519-c4e9e52e39d8
W10-75,P-607,EMBED,13PL. w/STUD,1,PL152.4*12.7,A572-GR.50,,,adcd6846-12cb-4be1-8081-6d2dbca28485
W10-75,P-703,EMBED,13PL. w/STUD,1,PL102*12.7,A572-GR.50,,,4b26ed72-e16d-423a-a93f-90d22e527053
W10-75,P-221,EMBED,13Øx2743 AC 10375LB,1,CABLE12.7,Steel_Undefined,,,1cc61339-e0dc-4a69-ae37-019d95dee78b
W10-29,P-300,INSERT,19Ø INSERT (NC),6,ROD23.813,A36,,,33f59411-d711-4450-a2b5-cfc9be606071
W10-29,GT75-1219,GROUT_TUBE,75Ø x 1219 GROUT TUBE,2,ROD76,Zero_Density,,,6e156ba0-65ae-4e12-a51f-5c7708736868
W10-29,P-220,EMBED,10Øx2743 AC 5625LB CA,1,CABLE9.53,Steel_Undefined,,,ac00e994-3039-4ff9-8624-0c4585b479fa
W10-92,P-300,INSERT,19Ø INSERT (NC),6,ROD23.813,A36,,,27028a69-d0c2-4dae-9825-6a3fae1632db
W10-92,GT75-1219,GROUT_TUBE,75Ø x 1219 GROUT TUBE,2,ROD76,Zero_Density,,,39c4c5ec-fc15-420b-a170-887293cb63af
W10-92,P-220,EMBED,10Øx2743 AC 5625LB CA,1,CABLE9.53,Steel_Undefined,,,735fdc5b-b856-4523-aafc-c9e027d02c19
P6-19,P-300,INSERT,19Ø INSERT (NC),17,ROD23.813,A36,,,7611bc21-907f-4531-81e7-e14c1514e61d
P6-19,P-900-10,PLATE,25mm KNIFE PLATE,1,PL127*25,A572-GR.50,,,f47a3047-a1eb-4a7c-b74d-49004159f61c
P6-19,P-900-20,EMBED,,1,PD28.6*4.76,50W,,,954ead16-cc6e-4bd2-97c7-e73e45cf2d66
P6-19,P-900-30,EMBED,,1,STUD_3/4-DIA,A108-GR.90,,,0d7975d4-e926-4c2e-9305-0fd4534090f8
P6-19,P-743-10,PLATE,19PL KNIFE PLATE.,1,PL114.3*19.05,A572-GR.50,,,6766c2cd-0e9f-499e-9e48-fc52340d3a2c
P6-19,P-743-20,EMBED,,1,PD28.6*4.76,50W,,,ba4244eb-2e7f-41b4-97c4-984c854867b7
P6-19,P-743-30,EMBED,,1,STUD_3/4-DIA,A108-GR.90,,,51ba73f4-f0b4-4a5e-985a-c76dd5197719
P6-19,P-205,ANCHOR,12000LB FORGED ANCHOR,4,PL15.88,A36,,,d3b1c7cd-1c1c-4212-9aac-0617438d4339
P6-8,P-300,INSERT,19Ø INSERT (NC),17,ROD23.813,A36,,,a08e273a-a4fb-40ad-81aa-613503cdb076
P6-8,P-900-10,PLATE,25mm KNIFE PLATE,1,PL127*25,A572-GR.50,,,f2dd5cac-2711-4d80-be5f-4ab9d0421832
P6-8,P-900-20,EMBED,,1,PD28.6*4.76,50W,,,e4739a8b-bdd1-4005-87eb-b26f50d7a02e
P6-8,P-900-30,EMBED,,1,STUD_3/4-DIA,A108-GR.90,,,d847aa3a-ba16-4627-bde1-59b5b8ab5a99
P6-8,P-742-10,PLATE,19PL KNIFE PLATE,1,PL114.3*19.05,A572-GR.50,,,0b19de1b-f5b4-43cd-9926-5eefa11165fd
P6-8,P-742-20,EMBED,,1,PD28.6*4.76,50W,,,99d01a63-afdc-4ed4-9b00-af706ac7d79f
P6-8,P-742-30,EMBED,,1,STUD_3/4-DIA,A108-GR.90,,,5d03fe30-3774-472d-8451-ff43a212682a
P6-8,P-205,ANCHOR,12000LB FORGED ANCHOR,4,PL15.88,A36,,,3d83f0c2-8feb-4418-a162-d343af6eb419
SW15-1,GT75-686,GROUT_TUBE,75Ø x 686 GROUT TUBE,3,ROD76,Zero_Density,,,cbc4946d-c281-49f7-9dbc-cd6aea8cedf6
SW15-1,GT75-1219,GROUT_TUBE,75Ø x 1219 GROUT TUBE,2,ROD76,Zero_Density,,,1884ef33-27ec-48b3-80ab-a1004699cf0a
SW15-1,INS-6,EMBED,INSULATION,1,PL3441*102,Insulation,,,56cafef1-8da6-443d-88cd-7e119390d06a
SW15-1,P-300,INSERT,19Ø INSERT (NC),4,ROD23.813,A36,,,c9a8a8b4-927c-4110-80f8-1ae212059fb6
SW15-1,P-205,ANCHOR,12000LB FORGED ANCHOR,4,PL15.88,A36,,,685f424c-102e-4946-aa2e-b429fc5a413a
SW17-2,GT75-686,GROUT_TUBE,75Ø x 686 GROUT TUBE,8,ROD76,Zero_Density,,,2baa0ff3-64c8-40bb-aff5-606f2c732b20
SW17-2,P-722,EMBED,13PL. w/STUD,1,PL152.4*12.7,A572-GR.50,,,25813937-614e-4aec-b6f5-5e02ad217521
SW17-2,P-802,EMBED,SBO 203x800 DELTA PLA,1,PL203*25,A572-GR.50,,,cf408171-0617-4da3-9426-05de5d1a2552
SW17-2,P-801,EMBED,SBO 203x725 DELTA PLA,1,PL203*25,A572-GR.50,,,22fc370e-82bb-43f1-8ee4-ff9603164eae
SW17-2,P-803,EMBED,SBO 203x1670 DELTA PL,1,PL203*25,A572-GR.50,,,8b806497-3e01-42dd-a519-92991cd0d4b3
SW17-2,P-781,EMBED,13PL. w/STUD,1,PL152.4*12.7,A572-GR.50,,,409295c3-22d6-45cf-bcec-b66547aa8f81
SW17-2,INS-8,EMBED,INSULATION,1,PL3600*102,Insulation,,,95e94dd8-7b2d-4351-b11e-37138f96d8f2
SW17-2,P-300,INSERT,19Ø INSERT (NC),4,ROD23.813,A36,,,d088bd8d-4e5e-4957-8344-4e1d1d25b253
SW17-2,P-205,ANCHOR,12000LB FORGED ANCHOR,4,PL15.88,A36,,,c7e8a36e-5bf0-4708-bd68-62c96fcd0078
SW17-2,EI-1505,EMBED,ELEV. INS. 1505LG.,1,PL35*41,Zero_Density,,,f76ed7a8-9f66-41bc-b47d-dc5e1b7059e8
SW17-1,INS-1,EMBED,INSULATION,1,PL3600*102,Insulation,,,091600dd-6b48-4183-a9a1-c5038d52e6cb
SW17-1,P-781,EMBED,13PL. w/STUD,1,PL152.4*12.7,A572-GR.50,,,b6b3004b-e5ed-4a1f-a670-db46bd9357c2
SW17-1,P-802,EMBED,SBO 203x800 DELTA PLA,1,PL203*25,A572-GR.50,,,3394c9e4-e746-4810-b42f-13fae8c5ebf9
SW17-1,P-801,EMBED,SBO 203x725 DELTA PLA,1,PL203*25,A572-GR.50,,,1579b469-2207-4868-8cea-5e65cb76a0dc
SW17-1,P-782,EMBED,13PL. w/STUD,1,PL152.4*12.7,A572-GR.50,,,aa468e75-4de4-40fd-b1bb-c8aed0f0c594
SW17-1,GT75-686,GROUT_TUBE,75Ø x 686 GROUT TUBE,6,ROD76,Zero_Density,,,61842542-ee3d-4f93-9c66-e9ed878d3fee
SW17-1,P-205,ANCHOR,12000LB FORGED ANCHOR,4,PL15.88,A36,,,183cde5b-a7d7-4c66-a763-5c73de6780c0
SW17-1,P-300,INSERT,19Ø INSERT (NC),2,ROD23.813,A36,,,772db84b-b127-43e2-bc10-7337c865b2cc
SW17-4,GT75-1219,GROUT_TUBE,75Ø x 1219 GROUT TUBE,2,ROD76,Zero_Density,,,2587b433-50e1-42fa-b202-753406a82b4b
SW17-4,INS-3,EMBED,INSULATION,1,PL3441*102,Insulation,,,07a6ae01-aa69-49e2-878b-8e4f8f1be507
SW17-4,P-300,INSERT,19Ø INSERT (NC),4,ROD23.813,A36,,,e300e33d-b3fd-439e-b433-6e1ce497f033
SW17-4,P-205,ANCHOR,12000LB FORGED ANCHOR,2,PL15.88,A36,,,40cb2ea0-ea79-4037-a9cf-cffb8d2e7842
W10-76,MPX4,EMBED,V REVEAL LARGE,1,TRIANGLE12.7*12.7,Misc_Undefined,,,ecf90e1c-ddc0-4467-8e0b-0b7d0587c602
W10-76,GT100-686,GROUT_TUBE,100Øx686 GROUT TUBE,6,ROD102,Zero_Density,,,68bb8184-4baf-41e2-85a0-97fc28678857
W10-76,P-300,INSERT,19Ø INSERT (NC),4,ROD23.813,A36,,,015ef156-5302-44e3-843b-3fc67a2fee64
W10-76,GT100-1219,GROUT_TUBE,100Øx1219 GROUT TUBE,18,ROD102,Zero_Density,,,1dfbca54-be11-4bfc-b621-d28c327e33b4
W10-76,SP25-1067,INSERT,SP25Mx1067 WILLIAMS S,8,ROD25.4,A706-GR.60,,,64e96bc9-65c4-4b14-abb3-d74222254a20
W10-76,SP15-457,INSERT,15Mx457 WILLIAMS SPL,3,ROD16,400W,,,d76daddb-dca5-4088-a529-073ca3ee1ecf
W10-76,CNDT,CONDUIT,19MM CONDUIT,1,ROD19,Zero_Density,,,c3c16cdd-664f-4dec-8415-8301cbe34e1c
W10-76,EB-S-PL,PLATE,Single Plastic Electr,1,160*50.8,Zero_Density,,,ef83a362-e059-4647-8bce-2c1a670646a2
W10-76,P-205,ANCHOR,12000LB FORGED ANCHOR,2,PL15.88,A36,,,4ae8cbab-5f27-4e75-b37b-1d482e1d216a
W10-76,GT76-254,GROUT_TUBE,76Øx254mm G.TUBE,2,ROD76.2,Zero_Density,,,d11d313f-d54e-4a4d-a4f4-ae6333bda08e
W10-76,SLV-152-254,SLEEVE,152Ø x 254 PVC SLEEVE,1,ROD160,Zero_Density,,,91be3f56-9164-4b1c-85cc-b825b4774632
W10-124,MPX14,EMBED,V REVEAL LARGE,1,TRIANGLE12.7*12.7,Misc_Undefined,,,a289af0e-8342-4484-8078-dc5add3e2188
W10-124,MPX12,EMBED,MOUNTPART,1,TRIANGLE51.0*12.7,Misc_Undefined,,,0b854798-350a-4f94-8326-0f3c7edb1d31
W10-124,MPX11,EMBED,V REVEAL LARGE,1,TRIANGLE12.7*12.7,Misc_Undefined,,,7fa96af8-9785-4106-a25e-790d36482fb9
W10-124,P-300,INSERT,19Ø INSERT (NC),4,ROD23.813,A36,,,a116a820-e7ee-4af9-9890-3859a953a570
W10-124,GT75-1219,GROUT_TUBE,75Ø x 1219 GROUT TUBE,8,ROD76,Zero_Density,,,7cabd49d-13a6-40c1-bd97-0ab037394a96
W10-124,SP25-1067,INSERT,SP25Mx1067 WILLIAMS S,8,ROD25.4,A706-GR.60,,,af4e7d21-20ed-41c0-bdb6-d4dc9546710a
W10-124,GT75-686,GROUT_TUBE,75Ø x 686 GROUT TUBE,1,ROD76,Zero_Density,,,b1554e44-3548-4efa-8046-7fbb20c7aa46
W10-124,SP15-457,INSERT,15Mx457 WILLIAMS SPL,3,ROD16,400W,,,c10847aa-c6ad-429a-af49-14b34fbaed59
W10-124,CNDT,CONDUIT,19MM CONDUIT,1,ROD19,Zero_Density,,,868af4a7-211b-4dde-9575-4dd2390ae6e8
W10-124,EB-S-PL,PLATE,Single Plastic Electr,1,160*50.8,Zero_Density,,,0392fe5a-4dda-42bf-a4b0-a6b8932e8957
W10-124,GT76-254,GROUT_TUBE,76Øx254mm G.TUBE,2,ROD76.2,Zero_Density,,,331f5495-72bd-4ece-9ee2-5101aa7bddd2
W10-124,P-205,ANCHOR,12000LB FORGED ANCHOR,2,PL15.88,A36,,,7f48ff99-3b78-481a-b55a-9a6524a36d6f
W10-125,MPX11,EMBED,V REVEAL LARGE,1,TRIANGLE12.7*12.7,Misc_Undefined,,,4f995ca5-4245-4125-a997-19d1161958c7
W10-125,P-300,INSERT,19Ø INSERT (NC),5,ROD23.813,A36,,,73747acb-8303-41dd-9d4d-8fd8a196b62a
W10-125,GT75-1219,GROUT_TUBE,75Ø x 1219 GROUT TUBE,8,ROD76,Zero_Density,,,9fffb669-b888-484e-b4fe-0b89e814c3a3
W10-125,GT75-686,GROUT_TUBE,75Ø x 686 GROUT TUBE,2,ROD76,Zero_Density,,,82dcec7f-9287-4d94-9994-2223dab4f463
W10-125,SP15-457,INSERT,15Mx457 WILLIAMS SPL,6,ROD16,400W,,,7490d554-c583-41ae-ae41-f797c3fbb22c
W10-125,GT100-1219,GROUT_TUBE,100Øx1219 GROUT TUBE,3,ROD102,Zero_Density,,,641a7699-a6f6-4574-8670-b28747cf1d5f
W10-125,SP25-1067,INSERT,SP25Mx1067 WILLIAMS S,8,ROD25.4,A706-GR.60,,,4b2757b6-f454-4559-9949-dcd70ed23c7c
W10-125,SP30-1219,INSERT,30Mx1219 WILLIAMS SPL,1,ROD30.16,A706-GR.60,,,1979bfb4-1d73-4607-b9ac-334ce2bbdb2e
W10-125,CNDT,CONDUIT,19MM CONDUIT,1,ROD19,Zero_Density,,,fd9ca510-ffb9-41f3-a22d-68ec7a0b9c97
W10-125,EB-S-PL,PLATE,Single Plastic Electr,1,160*50.8,Zero_Density,,,5cfc2904-9835-46dd-82c8-dbab3b0b1f2a
W10-125,GT76-254,GROUT_TUBE,76Øx254mm G.TUBE,2,ROD76.2,Zero_Density,,,df55908e-eb24-4559-9137-aeb2ec723c64
W10-125,P-205,ANCHOR,12000LB FORGED ANCHOR,4,PL15.88,A36,,,1bd5b7a6-4770-40f5-9190-bdcdfb976a79
W10-125,P-772,EMBED,13PL. w/STUD,1,PL152.4*12.7,A572-GR.50,,,5c6c7f63-7541-47ce-88c0-a5afeb26e2a4
W10-78,MPX1,EMBED,V REVEAL LARGE,1,TRIANGLE12.7*12.7,Misc_Undefined,,,ff8b3733-189b-4c34-8a6d-37949f8307e7
W10-78,GT100-1219,GROUT_TUBE,100Øx1219 GROUT TUBE,18,ROD102,Zero_Density,,,1059a49f-a33e-435d-9e03-13a78fb50509
W10-78,GT100-686,GROUT_TUBE,100Øx686 GROUT TUBE,3,ROD102,Zero_Density,,,32a53b93-2a21-40b1-926c-6bdb4d238753
W10-78,P-300,INSERT,19Ø INSERT (NC),4,ROD23.813,A36,,,356cd7ed-8fe5-4633-840a-8bd3c1532844
W10-78,SP25-1067,INSERT,SP25Mx1067 WILLIAMS S,5,ROD25.4,A706-GR.60,,,c9c3672a-373b-4da1-bbbb-26540496fe44
W10-78,P-616,PLATE,13x203x203 PLATE,2,PL203*13,A572-GR.50,,,e815a4f5-4bdc-4962-822f-097c7969dfb0
W10-78,SP30-1219,INSERT,30Mx1219 WILLIAMS SPL,1,ROD30.16,A706-GR.60,,,b8f47543-f1c1-4f9d-9d13-7325b222739d
W10-78,P-205,ANCHOR,12000LB FORGED ANCHOR,2,PL15.88,A36,,,494d843b-b649-4ffe-8c66-f8f109672d3c
W10-78,GT76-254,GROUT_TUBE,76Øx254mm G.TUBE,1,ROD76.2,Zero_Density,,,5dba95cf-f97e-4a23-9e11-1a223f6b5678
W10-80,GT75-575,GROUT_TUBE,75Ø GROUT TUBE x 575,9,ROD76.2,Zero_Density,,,2e2b1e6c-85a7-4368-823d-cab8b3638158
W10-80,P-300,INSERT,19Ø INSERT (NC),2,ROD23.813,A36,,,008f83ea-3c23-403d-8d9c-7b2214e109b1
W10-80,P-205,ANCHOR,12000LB FORGED ANCHOR,4,PL15.88,A36,,,7aad5fe2-50f8-44f7-9d6f-f656a8846a35
W10-26,MPX14,EMBED,V REVEAL LARGE,1,TRIANGLE12.7*12.7,Misc_Undefined,,,685586e6-abe2-4c05-b8ac-a9eff18b64e6
W10-26,MPX12,EMBED,MOUNTPART,1,TRIANGLE51.0*12.7,Misc_Undefined,,,54b93857-ebbc-452d-a9e8-4e83f32514f7
W10-26,MPX11,EMBED,V REVEAL LARGE,1,TRIANGLE12.7*12.7,Misc_Undefined,,,eef42a9a-a6fb-4f81-9190-65c9c29c3eb9
W10-26,P-300,INSERT,19Ø INSERT (NC),4,ROD23.813,A36,,,7cfdca43-c915-4dca-980b-ceed39ab5a78
W10-26,SP15-457,INSERT,15Mx457 WILLIAMS SPL,18,ROD16,400W,,,deca9ab7-ed40-44fc-ac0a-ea821d1d09fb
W10-26,GT75-1219,GROUT_TUBE,75Ø x 1219 GROUT TUBE,8,ROD76,Zero_Density,,,0cb8a1bb-339f-49c7-a7a9-c1ec2f63874d
W10-26,GT75-686,GROUT_TUBE,75Ø x 686 GROUT TUBE,1,ROD76,Zero_Density,,,c7daca2e-c45b-473b-b4fc-99e26f2ba3a7
W10-26,GT76-254,GROUT_TUBE,76Øx254mm G.TUBE,6,ROD76.2,Zero_Density,,,d2993e4c-af26-4fdd-b3bd-fdad92dd6b9f
W10-26,CNDT,CONDUIT,19MM CONDUIT,1,ROD19,Zero_Density,,,f909cf7d-8555-48bf-8c45-f346fadf30a5
W10-26,EB-S-PL,PLATE,Single Plastic Electr,1,160*50.8,Zero_Density,,,53f03940-84e8-4b43-9fe7-b7f70422e565
W10-26,P-205,ANCHOR,12000LB FORGED ANCHOR,2,PL15.88,A36,,,64a9290a-b3d7-4a85-821a-483d929ad2e6
W10-86,MPX11,EMBED,V REVEAL LARGE,1,TRIANGLE12.7*12.7,Misc_Undefined,,,dae40cc8-7dbd-4f28-9eaf-5fc09f2ba6bb
W10-86,MPX14,EMBED,V REVEAL LARGE,1,TRIANGLE12.7*12.7,Misc_Undefined,,,d356957c-5567-43a3-ae62-878613ad51d5
W10-86,MPX12,EMBED,MOUNTPART,1,TRIANGLE51.0*12.7,Misc_Undefined,,,82e41f88-697a-4f29-9145-0ef6693bd68c
W10-86,P-300,INSERT,19Ø INSERT (NC),4,ROD23.813,A36,,,0de0519c-5c6b-421a-a03c-8b0cc65b74d8
W10-86,GT75-1219,GROUT_TUBE,75Ø x 1219 GROUT TUBE,8,ROD76,Zero_Density,,,d5fccfa0-6a9c-4e93-b932-d47c1aafad65
W10-86,SP25-1067,INSERT,SP25Mx1067 WILLIAMS S,8,ROD25.4,A706-GR.60,,,47a6698d-98a6-45c9-8278-0b0a9fcdc2e8
W10-86,GT75-686,GROUT_TUBE,75Ø x 686 GROUT TUBE,1,ROD76,Zero_Density,,,319e57a3-f445-4021-9bb0-d7a4769d3225
W10-86,SP15-457,INSERT,15Mx457 WILLIAMS SPL,3,ROD16,400W,,,d7add1d5-5f90-43d1-b4fb-f0ec53e8a69a
W10-86,GT76-254,GROUT_TUBE,76Øx254mm G.TUBE,6,ROD76.2,Zero_Density,,,004d54e5-c5a2-43b1-b1c8-a6451ab48392
W10-86,CNDT,CONDUIT,19MM CONDUIT,1,ROD19,Zero_Density,,,b2920c3c-8c3a-4b39-a46b-012539829152
W10-86,EB-S-PL,PLATE,Single Plastic Electr,1,160*50.8,Zero_Density,,,6c9c1d57-a59b-4261-a069-356e3cbab206
W10-86,P-205,ANCHOR,12000LB FORGED ANCHOR,2,PL15.88,A36,,,8fe7065e-0e9a-4955-b804-cbc1b915cfd3
W10-95,MPX11,EMBED,V REVEAL LARGE,1,TRIANGLE12.7*12.7,Misc_Undefined,,,6f86296b-6378-462b-9dde-8667c0f7762d
W10-95,MPX14,EMBED,V REVEAL LARGE,1,TRIANGLE12.7*12.7,Misc_Undefined,,,8638e022-2dfd-4906-9e4f-26acdebadfe9
W10-95,MPX12,EMBED,MOUNTPART,1,TRIANGLE51.0*12.7,Misc_Undefined,,,b071a1e4-f3c1-4df9-9bf2-08097f8acee6
W10-95,P-300,INSERT,19Ø INSERT (NC),4,ROD23.813,A36,,,e7a98e0d-f94a-4162-a6ca-060fe1fe33b9
W10-95,GT75-1219,GROUT_TUBE,75Ø x 1219 GROUT TUBE,8,ROD76,Zero_Density,,,10dd7e07-3006-4e24-86d8-813f6a237f5b
W10-95,SP15-457,INSERT,15Mx457 WILLIAMS SPL,21,ROD16,400W,,,1787f919-df11-4cd8-88c8-24cc0c27e1f4
W10-95,GT75-686,GROUT_TUBE,75Ø x 686 GROUT TUBE,1,ROD76,Zero_Density,,,0b132d71-61ee-4cbd-a0b8-a26e8cd36493
W10-95,GT76-254,GROUT_TUBE,76Øx254mm G.TUBE,6,ROD76.2,Zero_Density,,,3badedf0-2de7-4966-8dbb-b8a632adb10f
W10-95,CNDT,CONDUIT,19MM CONDUIT,1,ROD19,Zero_Density,,,b72a371c-38e3-4365-ac09-a9f00fabc60f
W10-95,EB-S-PL,PLATE,Single Plastic Electr,1,160*50.8,Zero_Density,,,208f4688-5685-44d1-b760-7299e9b6b85a
W10-95,P-205,ANCHOR,12000LB FORGED ANCHOR,2,PL15.88,A36,,,9dfc38f6-b43e-4fb3-9c90-0a114f42eb1b
W10-63,MPX14,EMBED,V REVEAL LARGE,1,TRIANGLE12.7*12.7,Misc_Undefined,,,c7a073a0-ae03-4bad-b00f-4c3675aca795
W10-63,MPX12,EMBED,MOUNTPART,1,TRIANGLE51.0*12.7,Misc_Undefined,,,944161f3-3535-40fc-b212-42c8dc801a92
W10-63,MPX11,EMBED,V REVEAL LARGE,1,TRIANGLE12.7*12.7,Misc_Undefined,,,b41acd6d-5702-4ae0-876f-f68454b3f3fb
W10-63,P-300,INSERT,19Ø INSERT (NC),4,ROD23.813,A36,,,7ee777f9-ca2a-4c44-8f29-6c7883da0b99
W10-63,GT75-1219,GROUT_TUBE,75Ø x 1219 GROUT TUBE,8,ROD76,Zero_Density,,,2019cecd-389d-4e61-9a6f-41b222108f88
W10-63,SP25-1067,INSERT,SP25Mx1067 WILLIAMS S,8,ROD25.4,A706-GR.60,,,a6ea7a41-eb9e-49f7-985a-8b0ac6f1317d
W10-63,GT75-686,GROUT_TUBE,75Ø x 686 GROUT TUBE,1,ROD76,Zero_Density,,,36f249d9-7299-43e5-bc5e-b7ece7268af6
W10-63,SP15-457,INSERT,15Mx457 WILLIAMS SPL,3,ROD16,400W,,,2b3fc597-dfcb-4735-8675-e25cd4a27c8f
W10-63,GT76-254,GROUT_TUBE,76Øx254mm G.TUBE,6,ROD76.2,Zero_Density,,,e3a49ddf-738f-46d4-a0ba-59fed35c7903
W10-63,CNDT,CONDUIT,19MM CONDUIT,1,ROD19,Zero_Density,,,cc649769-55ce-4f87-bdac-5ce4ba125011
W10-63,EB-S-PL,PLATE,Single Plastic Electr,1,160*50.8,Zero_Density,,,3931ed13-1b1a-4aa9-876a-944ae972efb1
W10-63,P-205,ANCHOR,12000LB FORGED ANCHOR,2,PL15.88,A36,,,0cad75e7-b062-4582-904c-2a295297d15b
W10-106,GT75-575,GROUT_TUBE,75Ø GROUT TUBE x 575,9,ROD76.2,Zero_Density,,,6a27d0e3-d760-4610-b74b-110273d4c9a0
W10-106,P-300,INSERT,19Ø INSERT (NC),2,ROD23.813,A36,,,6c287147-e22f-40c4-8356-d264cc2ba358
W10-106,P-205,ANCHOR,12000LB FORGED ANCHOR,4,PL15.88,A36,,,d02e9450-c594-42d1-a69c-7254c3907f86
W10-21,GT75-575,GROUT_TUBE,75Ø GROUT TUBE x 575,9,ROD76.2,Zero_Density,,,8a6411f0-1c80-46eb-92c7-ac770cd5cc70
W10-21,P-300,INSERT,19Ø INSERT (NC),2,ROD23.813,A36,,,c2f030e1-39c8-481d-9782-aa473456a7b7
W10-21,P-205,ANCHOR,12000LB FORGED ANCHOR,4,PL15.88,A36,,,665b075d-b05c-45d8-a292-c5ed067b2591
W10-52,GT75-575,GROUT_TUBE,75Ø GROUT TUBE x 575,1,ROD76.2,Zero_Density,,,a731d61d-45df-4c1f-8a14-10acbaa1fb3e
W10-52,P-300,INSERT,19Ø INSERT (NC),2,ROD23.813,A36,,,e19d299c-982b-488f-b6f0-2a3249262a6f
W10-52,P-221,EMBED,13Øx2743 AC 10375LB,1,CABLE12.7,Steel_Undefined,,,d405abd4-69bc-48d5-bfc9-22551b987140
W10-74,GT75-575,GROUT_TUBE,75Ø GROUT TUBE x 575,1,ROD76.2,Zero_Density,,,6a86dc2a-d335-42d8-8f02-76b97278c393
W10-74,P-300,INSERT,19Ø INSERT (NC),2,ROD23.813,A36,,,86623f9d-b73c-470f-9965-4a2bb64cea62
W10-74,P-221,EMBED,13Øx2743 AC 10375LB,1,CABLE12.7,Steel_Undefined,,,761b9248-0bae-4e8c-86c6-7b6b34fae514
W10-117,GT75-575,GROUT_TUBE,75Ø GROUT TUBE x 575,1,ROD76.2,Zero_Density,,,47cfa413-dbf7-4e17-aa79-e6ea26012b36
W10-117,P-300,INSERT,19Ø INSERT (NC),2,ROD23.813,A36,,,762ca830-c79b-477d-a2f6-cd4b032d5249
W10-117,P-221,EMBED,13Øx2743 AC 10375LB,1,CABLE12.7,Steel_Undefined,,,0f606a5b-4847-49bc-888f-5f937a524841
W10-102,GT75-575,GROUT_TUBE,75Ø GROUT TUBE x 575,1,ROD76.2,Zero_Density,,,446af360-cbed-435d-b82d-bc97c2a0abc3
W10-102,P-300,INSERT,19Ø INSERT (NC),2,ROD23.813,A36,,,3e769d80-9367-4347-91ed-ffe648561b29
W10-102,P-221,EMBED,13Øx2743 AC 10375LB,1,CABLE12.7,Steel_Undefined,,,cfc67b2d-4496-481b-b625-db1ba4befd50
W10-101,GT75-575,GROUT_TUBE,75Ø GROUT TUBE x 575,7,ROD76.2,Zero_Density,,,cb0c58b0-782e-4fe5-a9a0-4ac6b190816d
W10-101,P-300,INSERT,19Ø INSERT (NC),2,ROD23.813,A36,,,c14a6996-213a-4a7f-834c-efc21b21f893
W10-101,P-205,ANCHOR,12000LB FORGED ANCHOR,2,PL15.88,A36,,,518cdc12-49d9-480d-87cd-67d7addff49e
W10-108,GT75-575,GROUT_TUBE,75Ø GROUT TUBE x 575,6,ROD76.2,Zero_Density,,,34f000b5-43ff-49f4-858d-7489b1e2f102
W10-108,P-300,INSERT,19Ø INSERT (NC),2,ROD23.813,A36,,,816f9065-ee0c-488c-96cb-15058b586e7f
W10-108,P-205,ANCHOR,12000LB FORGED ANCHOR,2,PL15.88,A36,,,c0b346a0-4f4e-4c89-bbb3-4dafc45d0946
W10-111,GT75-575,GROUT_TUBE,75Ø GROUT TUBE x 575,9,ROD76.2,Zero_Density,,,cbb1415e-ffb6-4e23-b74a-232109297c03
W10-111,P-300,INSERT,19Ø INSERT (NC),2,ROD23.813,A36,,,468736d8-1bdf-4a44-aa26-9811f47becaa
W10-111,P-205,ANCHOR,12000LB FORGED ANCHOR,4,PL15.88,A36,,,ff6aa6b4-f838-4322-a4fb-889e51112c2b
P6-13,MPX13,EMBED,V REVEAL LARGE,1,TRIANGLE12.7*12.7,Misc_Undefined,,,f59424be-f2b7-40cc-b449-3f1805c90f5e
P6-13,MPX14,EMBED,V REVEAL LARGE,1,TRIANGLE12.7*12.7,Misc_Undefined,,,f65f962d-95c6-4711-b09d-2176fce04bf6
P6-13,MPX12,EMBED,MOUNTPART,1,TRIANGLE51.0*12.7,Misc_Undefined,,,837c92ad-c211-406b-8a78-98a80592f9ea
P6-13,P-300,INSERT,19Ø INSERT (NC),20,ROD23.813,A36,,,ff2cc275-eacd-4a8d-841a-88a647a7048e
P6-13,P-900-10,PLATE,25mm KNIFE PLATE,2,PL127*25,A572-GR.50,,,1d5e7ac8-a121-4536-b8ab-36cbb0654cc0
P6-13,P-900-20,EMBED,,1,PD28.6*4.76,50W,,,60c8cef6-3040-4451-b427-048df839b5ab
P6-13,P-900-30,EMBED,,1,STUD_3/4-DIA,A108-GR.90,,,7248a5a3-a92d-4809-9c01-3c94e5a1437a
P6-13,GT76-152,GROUT_TUBE,76Øx152mm G.TUBE,6,ROD76.2,Zero_Density,,,3c15714d-1836-4718-9469-f0ef8b1a6b92
P6-13,CNDT,CONDUIT,19MM CONDUIT,2,ROD19,Zero_Density,,,bc2af7fa-1d26-4327-8802-837ceedfd793
P6-13,P-205,ANCHOR,12000LB FORGED ANCHOR,4,PL15.88,A36,,,62586af9-c72c-41e1-a435-2223a24cbec0
P6-13,EB-S-PL,PLATE,Single Plastic Electr,2,160*50.8,Zero_Density,,,747ace73-b2e3-42a3-9f86-2f8176b7fd15
P6-14,MPX14,EMBED,V REVEAL LARGE,1,TRIANGLE12.7*12.7,Misc_Undefined,,,a54f3bb2-0b21-4c15-81eb-9df3c654607c
P6-14,MPX12,EMBED,MOUNTPART,1,TRIANGLE51.0*12.7,Misc_Undefined,,,41c424c0-90b7-4a72-8517-f468bff47795
P6-14,MPX13,EMBED,V REVEAL LARGE,1,TRIANGLE12.7*12.7,Misc_Undefined,,,8ff69659-ef1b-4abc-98bb-7c9d2004dba7
P6-14,P-300,INSERT,19Ø INSERT (NC),20,ROD23.813,A36,,,a4aba802-75d9-4c1b-b8fc-0ba5de70d2ed
P6-14,P-900-10,PLATE,25mm KNIFE PLATE,2,PL127*25,A572-GR.50,,,700f6134-dfc5-442c-bfb4-7ed0b92541a8
P6-14,P-900-20,EMBED,,1,PD28.6*4.76,50W,,,6926d1bf-e5b4-4991-9a90-6a32e5ada59e
P6-14,P-900-30,EMBED,,1,STUD_3/4-DIA,A108-GR.90,,,80418a39-e4f3-4ed8-b276-026d4bdc3604
P6-14,GT76-152,GROUT_TUBE,76Øx152mm G.TUBE,6,ROD76.2,Zero_Density,,,1a1a63fd-26a6-4bff-bb26-6e12ede3f817
P6-14,CNDT,CONDUIT,19MM CONDUIT,1,ROD19,Zero_Density,,,58541101-d732-42db-951b-efbdd0f9cbbd
P6-14,EB-S-PL,PLATE,Single Plastic Electr,1,160*50.8,Zero_Density,,,74ed1d42-9aef-4487-837e-272842e05bef
P6-14,P-205,ANCHOR,12000LB FORGED ANCHOR,4,PL15.88,A36,,,a52dd888-ffe4-4d99-b217-bd953df09adb
P6-15,MPX13,EMBED,V REVEAL LARGE,1,TRIANGLE12.7*12.7,Misc_Undefined,,,27a2d294-131a-431b-8824-c0f2521de035
P6-15,MPX14,EMBED,V REVEAL LARGE,1,TRIANGLE12.7*12.7,Misc_Undefined,,,406e17fd-a1dc-4645-846a-1ce18284bee6
P6-15,MPX12,EMBED,MOUNTPART,1,TRIANGLE51.0*12.7,Misc_Undefined,,,d7d7ec88-6507-4ebd-81ec-055e41a4663e
P6-15,P-620,EMBED,6PL W/STUDS,1,PL101.6*6.35,A572-GR.50,,,77d14a6c-d8a0-4cb0-9373-860da6fa2b1e
P6-15,P-300,INSERT,19Ø INSERT (NC),13,ROD23.813,A36,,,5629e9d6-4fbc-4cb7-9a1b-d87382599d2b
P6-15,P-900-10,PLATE,25mm KNIFE PLATE,2,PL127*25,A572-GR.50,,,7e149bf9-17fa-463d-ac98-4d972feefa89
P6-15,P-900-20,EMBED,,1,PD28.6*4.76,50W,,,aeeea9c9-9ef5-4d57-9a52-5cb8029436da
P6-15,P-900-30,EMBED,,1,STUD_3/4-DIA,A108-GR.90,,,2a3405f7-c5d8-49f7-9638-eb0543b279bd
P6-15,GT76-152,GROUT_TUBE,76Øx152mm G.TUBE,6,ROD76.2,Zero_Density,,,95c6e583-69aa-4db1-88b0-69e3a923b9e7
P6-15,CNDT,CONDUIT,19MM CONDUIT,1,ROD19,Zero_Density,,,9c46319f-b52b-4598-b09d-3cb52e0fe491
P6-15,EB-S-PL,PLATE,Single Plastic Electr,1,160*50.8,Zero_Density,,,ba953a24-f87d-4113-8c90-657b846370e3
P6-15,P-205,ANCHOR,12000LB FORGED ANCHOR,4,PL15.88,A36,,,37ad518c-2331-4c10-9f2b-be049c997f29
W10-30,MPX11,EMBED,V REVEAL LARGE,1,TRIANGLE12.7*12.7,Misc_Undefined,,,520687db-15c4-49e5-a4fe-83e562e19968
W10-30,P-300,INSERT,19Ø INSERT (NC),5,ROD23.813,A36,,,39bcb76b-7981-476a-93f9-f001e3b6fc88
W10-30,GT75-1219,GROUT_TUBE,75Ø x 1219 GROUT TUBE,8,ROD76,Zero_Density,,,2a05557d-5869-4c37-b6b4-5c19a7131ac9
W10-30,SP25-1067,INSERT,SP25Mx1067 WILLIAMS S,8,ROD25.4,A706-GR.60,,,6dd40110-58fd-479b-a72a-7e5909a67e8e
W10-30,GT75-686,GROUT_TUBE,75Ø x 686 GROUT TUBE,2,ROD76,Zero_Density,,,6b3c14a3-1c7e-4c53-986f-30d1cd49434e
W10-30,SP15-457,INSERT,15Mx457 WILLIAMS SPL,6,ROD16,400W,,,e95f30a2-ff02-4a69-bc96-984a90170ffa
W10-30,GT100-1219,GROUT_TUBE,100Øx1219 GROUT TUBE,3,ROD102,Zero_Density,,,07cfc656-aac1-4696-8b4f-f20de6b989b2
W10-30,SP30-1219,INSERT,30Mx1219 WILLIAMS SPL,1,ROD30.16,A706-GR.60,,,1ad29159-2109-433b-b90f-027ded20d91f
W10-30,GT76-254,GROUT_TUBE,76Øx254mm G.TUBE,6,ROD76.2,Zero_Density,,,d829861a-d59d-4702-ba9a-450688138dc9
W10-30,CNDT,CONDUIT,19MM CONDUIT,1,ROD19,Zero_Density,,,71ec44a7-51e1-4e9b-82dd-ddda1ed3b76a
W10-30,EB-S-PL,PLATE,Single Plastic Electr,1,160*50.8,Zero_Density,,,abcfb8be-9080-445b-b469-4c5acdef3ccf
W10-30,P-602,EMBED,13PL. W/STUD,1,PL101.6*12.7,A572-GR.50,,,25bb37ca-0ca0-4c67-8f91-13b61f267ac5
W10-30,P-205,ANCHOR,12000LB FORGED ANCHOR,4,PL15.88,A36,,,6f249e54-fa17-4d10-9a37-df9bd953421b
W10-77,MPX11,EMBED,V REVEAL LARGE,1,TRIANGLE12.7*12.7,Misc_Undefined,,,f7521d3a-b98c-4cf4-8291-e4a82b0b271b
W10-77,P-300,INSERT,19Ø INSERT (NC),5,ROD23.813,A36,,,a8a5366a-ec08-42ba-a888-9a9dce5eaee7
W10-77,GT75-1219,GROUT_TUBE,75Ø x 1219 GROUT TUBE,8,ROD76,Zero_Density,,,c361f407-e64d-40aa-9511-034ac9d8ce13
W10-77,SP25-1067,INSERT,SP25Mx1067 WILLIAMS S,8,ROD25.4,A706-GR.60,,,59b9b97e-ae6a-4614-bde3-17ec1d909525
W10-77,GT75-686,GROUT_TUBE,75Ø x 686 GROUT TUBE,2,ROD76,Zero_Density,,,4f3c6e3d-a369-4152-9a0f-e56b06a2efd6
W10-77,SP15-457,INSERT,15Mx457 WILLIAMS SPL,6,ROD16,400W,,,4370674c-6ff6-4ffa-91ab-09f9b9fe205f
W10-77,GT100-1219,GROUT_TUBE,100Øx1219 GROUT TUBE,3,ROD102,Zero_Density,,,06bf423d-6af6-440c-9b3e-52e57d92dbbc
W10-77,SP30-1219,INSERT,30Mx1219 WILLIAMS SPL,1,ROD30.16,A706-GR.60,,,c786c083-700a-4fce-a75f-2069af8876d8
W10-77,GT76-254,GROUT_TUBE,76Øx254mm G.TUBE,6,ROD76.2,Zero_Density,,,36b18f2e-d486-4d54-8bac-b533fc79ec26
W10-77,CNDT,CONDUIT,19MM CONDUIT,1,ROD19,Zero_Density,,,31904831-550f-48e4-8704-92a4b3c9b69b
W10-77,EB-S-PL,PLATE,Single Plastic Electr,1,160*50.8,Zero_Density,,,2c91e0a8-c600-42cd-87c6-0d140363292e
W10-77,P-602,EMBED,13PL. W/STUD,1,PL101.6*12.7,A572-GR.50,,,a8825f2c-a933-4cfe-8b27-2ae50738fbc1
W10-77,P-205,ANCHOR,12000LB FORGED ANCHOR,4,PL15.88,A36,,,0bb2f352-573b-4ae6-a2a1-a5d2794f1794
W10-91,MPX11,EMBED,V REVEAL LARGE,1,TRIANGLE12.7*12.7,Misc_Undefined,,,03027940-cf9c-4cac-a54e-adf4ad5a6d43
W10-91,P-300,INSERT,19Ø INSERT (NC),5,ROD23.813,A36,,,9671be7a-83cf-4c27-a9aa-8b61fd3cd4df
W10-91,GT75-1219,GROUT_TUBE,75Ø x 1219 GROUT TUBE,8,ROD76,Zero_Density,,,8d3c6df7-14ad-4509-ae30-62cd55dbef73
W10-91,SP25-1067,INSERT,SP25Mx1067 WILLIAMS S,8,ROD25.4,A706-GR.60,,,f88af4f8-c528-4db9-8707-2ee2eace6082
W10-91,GT75-686,GROUT_TUBE,75Ø x 686 GROUT TUBE,2,ROD76,Zero_Density,,,83d55d69-aa8d-4c97-9eec-b67118773a03
W10-91,SP15-457,INSERT,15Mx457 WILLIAMS SPL,6,ROD16,400W,,,4f447184-e109-47ba-96c8-5c91f60adc3f
W10-91,GT100-1219,GROUT_TUBE,100Øx1219 GROUT TUBE,3,ROD102,Zero_Density,,,4c120f9b-18c1-4aef-8601-7803bd899feb
W10-91,SP30-1219,INSERT,30Mx1219 WILLIAMS SPL,1,ROD30.16,A706-GR.60,,,374f16d8-1897-447f-b878-9f4c901e4a75
W10-91,GT76-254,GROUT_TUBE,76Øx254mm G.TUBE,6,ROD76.2,Zero_Density,,,0a4df283-08d6-4e99-99e1-eb89de8939ea
W10-91,CNDT,CONDUIT,19MM CONDUIT,1,ROD19,Zero_Density,,,c7a20a1f-0282-44be-8b80-2f4566d6ec11
W10-91,EB-S-PL,PLATE,Single Plastic Electr,1,160*50.8,Zero_Density,,,a33f28fd-63be-4695-8ed4-e655233b4818
W10-91,P-602,EMBED,13PL. W/STUD,1,PL101.6*12.7,A572-GR.50,,,280f05ea-9414-435c-abc1-566b0b3b7e28
W10-91,P-205,ANCHOR,12000LB FORGED ANCHOR,4,PL15.88,A36,,,1e51488d-5123-4269-aea5-d78f52b20af0
W10-103,MPX11,EMBED,V REVEAL LARGE,1,TRIANGLE12.7*12.7,Misc_Undefined,,,db7a95c2-4d1f-4139-bd18-01aa9b6f64bf
W10-103,P-300,INSERT,19Ø INSERT (NC),5,ROD23.813,A36,,,047904a0-4fd1-40cd-a40f-c0e5d4e6869e
W10-103,GT75-1219,GROUT_TUBE,75Ø x 1219 GROUT TUBE,8,ROD76,Zero_Density,,,422d9157-d301-4eaf-a95d-1100d56e7076
W10-103,GT75-686,GROUT_TUBE,75Ø x 686 GROUT TUBE,2,ROD76,Zero_Density,,,bd4c773a-4b8b-4666-80ea-38cacda1bbdd
W10-103,SP15-457,INSERT,15Mx457 WILLIAMS SPL,27,ROD16,400W,,,ee47ecdc-2ee3-4752-8e2e-609998b8ed9b
W10-103,GT100-1219,GROUT_TUBE,100Øx1219 GROUT TUBE,3,ROD102,Zero_Density,,,b78e0fce-5f73-4fe4-ad79-237677c72a14
W10-103,GT76-254,GROUT_TUBE,76Øx254mm G.TUBE,6,ROD76.2,Zero_Density,,,91225b1d-3316-4e6f-bea7-b0e535d0da4b
W10-103,CNDT,CONDUIT,19MM CONDUIT,1,ROD19,Zero_Density,,,131f9f36-7538-4d74-8375-561596bf3dd1
W10-103,EB-S-PL,PLATE,Single Plastic Electr,1,160*50.8,Zero_Density,,,30c56c35-9ae4-4176-bd2a-38b94571faff
W10-103,P-602,EMBED,13PL. W/STUD,1,PL101.6*12.7,A572-GR.50,,,318067f2-66dd-4dab-8c95-1933ad82bcf9
W10-103,P-205,ANCHOR,12000LB FORGED ANCHOR,4,PL15.88,A36,,,4cf81e24-4b2d-4e23-95c8-3330644b9902
W10-182,MPX11,EMBED,V REVEAL LARGE,1,TRIANGLE12.7*12.7,Misc_Undefined,,,d400ec39-48aa-46f4-bf8b-049172307810
W10-182,P-300,INSERT,19Ø INSERT (NC),5,ROD23.813,A36,,,365969f3-438f-4a7e-8d19-e46b8b2a58f1
W10-182,GT75-1219,GROUT_TUBE,75Ø x 1219 GROUT TUBE,8,ROD76,Zero_Density,,,bcdc2bba-4c86-4cae-9ce5-9208ecca076d
W10-182,SP25-1067,INSERT,SP25Mx1067 WILLIAMS S,8,ROD25.4,A706-GR.60,,,2784e067-5884-49c6-8a91-b4e4ae5560bf
W10-182,GT75-686,GROUT_TUBE,75Ø x 686 GROUT TUBE,2,ROD76,Zero_Density,,,bd877ded-2cd1-42dc-a67f-e11bd4280fa5
W10-182,SP15-457,INSERT,15Mx457 WILLIAMS SPL,6,ROD16,400W,,,0ee9311e-8903-4666-8047-299eb48d6496
W10-182,GT100-1219,GROUT_TUBE,100Øx1219 GROUT TUBE,3,ROD102,Zero_Density,,,31a1737b-871a-471d-aee1-dfeaed98ccdf
W10-182,SP30-1219,INSERT,30Mx1219 WILLIAMS SPL,1,ROD30.16,A706-GR.60,,,af279a30-6cf2-45d4-8ea0-19b0d5310e69
W10-182,GT76-254,GROUT_TUBE,76Øx254mm G.TUBE,6,ROD76.2,Zero_Density,,,1f100667-c344-45e4-aabf-c82204801573
W10-182,CNDT,CONDUIT,19MM CONDUIT,1,ROD19,Zero_Density,,,51198199-46a5-4798-8cb0-4d32c25c3ffb
W10-182,EB-S-PL,PLATE,Single Plastic Electr,1,160*50.8,Zero_Density,,,d2ff367b-2acd-4c0d-9bab-05b6d26ad990
W10-182,P-602,EMBED,13PL. W/STUD,1,PL101.6*12.7,A572-GR.50,,,642f4ec6-bbd5-4a8a-9eb1-2dbed84d4bb1
W10-182,P-205,ANCHOR,12000LB FORGED ANCHOR,4,PL15.88,A36,,,63c4a19c-9b8b-4015-8ead-a110762cb06a
W10-45,MPX11,EMBED,V REVEAL LARGE,1,TRIANGLE12.7*12.7,Misc_Undefined,,,b355eaac-e8b0-4ba5-b95e-58e2d2a0cef8
W10-45,P-300,INSERT,19Ø INSERT (NC),5,ROD23.813,A36,,,e0941970-6342-4a9e-accb-ce218f001637
W10-45,GT75-1219,GROUT_TUBE,75Ø x 1219 GROUT TUBE,8,ROD76,Zero_Density,,,bdbe7c7f-d9f8-4709-9274-53a9af87a320
W10-45,SP25-1067,INSERT,SP25Mx1067 WILLIAMS S,8,ROD25.4,A706-GR.60,,,aaa54416-a72b-4f64-b31a-2fe86a6b448c
W10-45,GT75-686,GROUT_TUBE,75Ø x 686 GROUT TUBE,2,ROD76,Zero_Density,,,fe0047d9-aa65-4637-bb45-4b5324bafcd9
W10-45,SP15-457,INSERT,15Mx457 WILLIAMS SPL,6,ROD16,400W,,,65c04cfa-b7f3-4414-b6ea-621a71180931
W10-45,GT100-1219,GROUT_TUBE,100Øx1219 GROUT TUBE,3,ROD102,Zero_Density,,,602d9725-2d29-4772-a13b-934f2fce2fab
W10-45,SP30-1219,INSERT,30Mx1219 WILLIAMS SPL,1,ROD30.16,A706-GR.60,,,c7bbf998-2606-4bde-a035-785971a9dd87
W10-45,GT76-254,GROUT_TUBE,76Øx254mm G.TUBE,6,ROD76.2,Zero_Density,,,caf64909-556d-426c-adac-a7f6fe436c65
W10-45,CNDT,CONDUIT,19MM CONDUIT,1,ROD19,Zero_Density,,,8c55560f-3091-4359-ba7d-20c3c28d91c0
W10-45,EB-S-PL,PLATE,Single Plastic Electr,1,160*50.8,Zero_Density,,,eda8e796-0c0f-444f-ae2a-18888831ef8a
W10-45,P-602,EMBED,13PL. W/STUD,1,PL101.6*12.7,A572-GR.50,,,b8020e93-d211-4940-8ce3-039c09972004
W10-45,P-205,ANCHOR,12000LB FORGED ANCHOR,4,PL15.88,A36,,,9b9bc596-cf89-4c59-9100-b37c87bcae22
W10-51,MPX11,EMBED,V REVEAL LARGE,1,TRIANGLE12.7*12.7,Misc_Undefined,,,8ed52905-0040-46ec-ba8d-5c8538c083ed
W10-51,P-300,INSERT,19Ø INSERT (NC),5,ROD23.813,A36,,,92faf5e6-5de9-46d8-9492-c0ff3a639891
W10-51,GT75-1219,GROUT_TUBE,75Ø x 1219 GROUT TUBE,8,ROD76,Zero_Density,,,3452769e-07c1-4562-8e02-32d7aed3b0ff
W10-51,SP25-1067,INSERT,SP25Mx1067 WILLIAMS S,8,ROD25.4,A706-GR.60,,,a134d72a-57bd-43f1-9307-0c5336a7c132
W10-51,GT75-686,GROUT_TUBE,75Ø x 686 GROUT TUBE,2,ROD76,Zero_Density,,,8b4dc7e2-936a-49cb-8247-bd5883669003
W10-51,SP15-457,INSERT,15Mx457 WILLIAMS SPL,6,ROD16,400W,,,6c8f103a-7510-4a32-b2f6-e38a0adbe9c0
W10-51,GT100-1219,GROUT_TUBE,100Øx1219 GROUT TUBE,3,ROD102,Zero_Density,,,a0e1a5b8-1b4e-488c-9e68-a0bdd1b04f86
W10-51,SP30-1219,INSERT,30Mx1219 WILLIAMS SPL,1,ROD30.16,A706-GR.60,,,798ac8f3-ed99-4679-9546-37a03eab77c0
W10-51,GT76-254,GROUT_TUBE,76Øx254mm G.TUBE,6,ROD76.2,Zero_Density,,,dcde3b1f-3db8-4569-ae59-75e5425ba3a5
W10-51,CNDT,CONDUIT,19MM CONDUIT,1,ROD19,Zero_Density,,,08d5671b-07c8-4e9e-a30e-1ec115610916
W10-51,EB-S-PL,PLATE,Single Plastic Electr,1,160*50.8,Zero_Density,,,0616c171-8dd0-4d6a-b8bd-45b678decb26
W10-51,P-602,EMBED,13PL. W/STUD,1,PL101.6*12.7,A572-GR.50,,,a4c827ba-e6ee-453b-84c2-d58787f5f71d
W10-51,P-205,ANCHOR,12000LB FORGED ANCHOR,4,PL15.88,A36,,,5659a9d0-5441-48c5-90f1-e246b7d170be
W10-59,MPX11,EMBED,V REVEAL LARGE,1,TRIANGLE12.7*12.7,Misc_Undefined,,,f9c49cf4-05bf-44bb-aff3-4f2614a6007b
W10-59,P-300,INSERT,19Ø INSERT (NC),5,ROD23.813,A36,,,b75fcd77-8a65-4727-8006-26445fa737b0
W10-59,GT75-1219,GROUT_TUBE,75Ø x 1219 GROUT TUBE,8,ROD76,Zero_Density,,,a066b822-e28d-457c-ac29-14f09f172f5e
W10-59,SP25-1067,INSERT,SP25Mx1067 WILLIAMS S,8,ROD25.4,A706-GR.60,,,a8eb9f40-7118-4749-81c7-682537fa50e6
W10-59,GT75-686,GROUT_TUBE,75Ø x 686 GROUT TUBE,2,ROD76,Zero_Density,,,6abd1a88-2aa8-44da-9b8b-3cc16699b8a9
W10-59,SP15-457,INSERT,15Mx457 WILLIAMS SPL,6,ROD16,400W,,,f6ba8fa1-733b-4de9-b9a7-f4686a2ba859
W10-59,GT100-1219,GROUT_TUBE,100Øx1219 GROUT TUBE,3,ROD102,Zero_Density,,,4a96e5f6-653b-4dc1-87aa-0219dfaf900c
W10-59,SP30-1219,INSERT,30Mx1219 WILLIAMS SPL,1,ROD30.16,A706-GR.60,,,9a106319-6415-455c-a55c-e267e7bc31e5
W10-59,GT76-254,GROUT_TUBE,76Øx254mm G.TUBE,6,ROD76.2,Zero_Density,,,bfa1e40e-9202-42bf-bf2c-d15ae97c0abd
W10-59,CNDT,CONDUIT,19MM CONDUIT,1,ROD19,Zero_Density,,,d5d262b4-3637-403a-8cb8-86ec16a1fb4a
W10-59,EB-S-PL,PLATE,Single Plastic Electr,1,160*50.8,Zero_Density,,,2487e297-9329-487b-9801-f0d39d084210
W10-59,P-602,EMBED,13PL. W/STUD,1,PL101.6*12.7,A572-GR.50,,,13bcc8e1-af1d-4182-b013-dc968ad77605
W10-59,P-205,ANCHOR,12000LB FORGED ANCHOR,4,PL15.88,A36,,,7c98245a-cc32-40d7-aaa9-efdf8e982e1b
W10-47,MPX11,EMBED,V REVEAL LARGE,1,TRIANGLE12.7*12.7,Misc_Undefined,,,f9ca1fd8-d76e-4457-b530-f8959be0ae54
W10-47,P-300,INSERT,19Ø INSERT (NC),5,ROD23.813,A36,,,bbab3838-42d6-401b-8877-179d06a21d29
W10-47,GT75-1219,GROUT_TUBE,75Ø x 1219 GROUT TUBE,8,ROD76,Zero_Density,,,a55b797a-e04c-4155-877f-422c71122560
W10-47,GT75-686,GROUT_TUBE,75Ø x 686 GROUT TUBE,2,ROD76,Zero_Density,,,2e4e1352-25e2-4f7d-816e-7702737dde1f
W10-47,SP25-1067,INSERT,SP25Mx1067 WILLIAMS S,8,ROD25.4,A706-GR.60,,,30be2bce-3048-45ba-a4bd-4a4bee3d46cd
W10-47,SP15-457,INSERT,15Mx457 WILLIAMS SPL,6,ROD16,400W,,,216e576e-f41e-427c-83fa-ee28b3cd4afe
W10-47,GT100-1219,GROUT_TUBE,100Øx1219 GROUT TUBE,3,ROD102,Zero_Density,,,7b8f210e-6fc4-4fc7-90a0-3f7e684e3c78
W10-47,SP30-1219,INSERT,30Mx1219 WILLIAMS SPL,1,ROD30.16,A706-GR.60,,,d222676a-0154-4490-bf9c-87f6cd640398
W10-47,GT76-254,GROUT_TUBE,76Øx254mm G.TUBE,6,ROD76.2,Zero_Density,,,8e12117d-1edf-46d8-8da5-1ad1139686bf
W10-47,CNDT,CONDUIT,19MM CONDUIT,1,ROD19,Zero_Density,,,a8193e69-b7e4-4fdb-b1c0-6b27a70afc8c
W10-47,EB-S-PL,PLATE,Single Plastic Electr,1,160*50.8,Zero_Density,,,2a670c8b-c984-4d28-ad43-f66187903267
W10-47,P-602,EMBED,13PL. W/STUD,1,PL101.6*12.7,A572-GR.50,,,255e9d8e-3ab9-4a9e-80e2-23e081ccdf6e
W10-47,P-205,ANCHOR,12000LB FORGED ANCHOR,4,PL15.88,A36,,,a3b401c9-239f-4ee0-93d5-207175358e30
W10-49,MPX11,EMBED,V REVEAL LARGE,1,TRIANGLE12.7*12.7,Misc_Undefined,,,dc8aeadb-5dad-4a46-b6c9-067012637f53
W10-49,P-300,INSERT,19Ø INSERT (NC),5,ROD23.813,A36,,,e0e9b771-c0d0-46d8-a8c4-ca2870ffaa25
W10-49,GT75-686,GROUT_TUBE,75Ø x 686 GROUT TUBE,2,ROD76,Zero_Density,,,e972de41-d5da-4331-a163-3ec0b62e57f6
W10-49,SP15-457,INSERT,15Mx457 WILLIAMS SPL,6,ROD16,400W,,,851b0e09-7ef8-4628-9ea2-18e06701157b
W10-49,GT75-1219,GROUT_TUBE,75Ø x 1219 GROUT TUBE,8,ROD76,Zero_Density,,,cd309de6-c4ba-445e-9db5-551459fb3af7
W10-49,GT100-1219,GROUT_TUBE,100Øx1219 GROUT TUBE,3,ROD102,Zero_Density,,,42a2edf8-09e7-4983-9c6c-97e1dc0e8da8
W10-49,SP25-1067,INSERT,SP25Mx1067 WILLIAMS S,8,ROD25.4,A706-GR.60,,,55374365-cf03-42a1-8d1f-5cb5611c7175
W10-49,SP30-1219,INSERT,30Mx1219 WILLIAMS SPL,1,ROD30.16,A706-GR.60,,,21bd7ecd-0120-4050-8b7b-8722306f151a
W10-49,GT76-254,GROUT_TUBE,76Øx254mm G.TUBE,6,ROD76.2,Zero_Density,,,b9858683-8ffd-4771-94c5-6be5700190b7
W10-49,CNDT,CONDUIT,19MM CONDUIT,1,ROD19,Zero_Density,,,704aa9d5-b5a0-4926-950d-f635a88d6857
W10-49,EB-S-PL,PLATE,Single Plastic Electr,1,160*50.8,Zero_Density,,,f7cac488-f0be-4510-95ba-c1eac37e282e
W10-49,P-602,EMBED,13PL. W/STUD,1,PL101.6*12.7,A572-GR.50,,,a898fb74-23f8-442d-9bf6-885ea6e818c1
W10-49,P-205,ANCHOR,12000LB FORGED ANCHOR,4,PL15.88,A36,,,f90913db-b3f4-4d4b-a9c7-e0b2d096df6d
W10-55,MPX11,EMBED,V REVEAL LARGE,1,TRIANGLE12.7*12.7,Misc_Undefined,,,c147a820-957d-4405-a08f-079d3df95094
W10-55,P-300,INSERT,19Ø INSERT (NC),5,ROD23.813,A36,,,5f6c3bfd-f735-4dc1-ba00-d2bc80dbbced
W10-55,GT75-1219,GROUT_TUBE,75Ø x 1219 GROUT TUBE,8,ROD76,Zero_Density,,,257f64cf-8440-42ea-8b8c-c72567bf2293
W10-55,GT75-686,GROUT_TUBE,75Ø x 686 GROUT TUBE,2,ROD76,Zero_Density,,,0a7b6e22-bd6d-47d1-ae08-c9e7609394d4
W10-55,SP25-1067,INSERT,SP25Mx1067 WILLIAMS S,8,ROD25.4,A706-GR.60,,,a943310c-6e93-4b25-9e83-fd3f462525ed
W10-55,SP15-457,INSERT,15Mx457 WILLIAMS SPL,6,ROD16,400W,,,b9dfa36b-ab1b-47de-8af7-0b89a81cea5a
W10-55,GT100-1219,GROUT_TUBE,100Øx1219 GROUT TUBE,3,ROD102,Zero_Density,,,01a00049-73c2-4748-91b6-4f882f0f39c7
W10-55,SP30-1219,INSERT,30Mx1219 WILLIAMS SPL,1,ROD30.16,A706-GR.60,,,c19a232e-7f88-4a39-ac7f-4ede7efe1b8f
W10-55,GT76-254,GROUT_TUBE,76Øx254mm G.TUBE,6,ROD76.2,Zero_Density,,,09ad854f-e8d5-481c-90aa-87e1b637997e
W10-55,CNDT,CONDUIT,19MM CONDUIT,1,ROD19,Zero_Density,,,043dd74b-0cf0-4fee-9765-c2296f5529cb
W10-55,EB-S-PL,PLATE,Single Plastic Electr,1,160*50.8,Zero_Density,,,277afffc-0edc-4299-a262-e33f61605257
W10-55,P-602,EMBED,13PL. W/STUD,1,PL101.6*12.7,A572-GR.50,,,ae2d6715-94c8-425e-b352-6797b899852b
W10-55,P-205,ANCHOR,12000LB FORGED ANCHOR,4,PL15.88,A36,,,c76457c9-6453-4e3b-8efa-311008aeb90d
W10-57,MPX11,EMBED,V REVEAL LARGE,1,TRIANGLE12.7*12.7,Misc_Undefined,,,139c2e5e-94f6-4960-ace3-49a80814882e
W10-57,P-300,INSERT,19Ø INSERT (NC),5,ROD23.813,A36,,,828332d3-e8de-4455-9f5f-17b35ad4b638
W10-57,GT75-686,GROUT_TUBE,75Ø x 686 GROUT TUBE,2,ROD76,Zero_Density,,,5a359a6b-34b7-47e7-b5c0-f665478b9900
W10-57,SP15-457,INSERT,15Mx457 WILLIAMS SPL,6,ROD16,400W,,,9bfcb1ee-b513-4cd0-a93d-e147e965ff83
W10-57,GT75-1219,GROUT_TUBE,75Ø x 1219 GROUT TUBE,8,ROD76,Zero_Density,,,3058b832-0ac7-47e4-8465-a2596aeb7296
W10-57,GT100-1219,GROUT_TUBE,100Øx1219 GROUT TUBE,3,ROD102,Zero_Density,,,aeb897e8-6069-42ad-9b01-672184505df3
W10-57,SP25-1067,INSERT,SP25Mx1067 WILLIAMS S,8,ROD25.4,A706-GR.60,,,a5cbcef2-2a25-461c-b0fb-66a865ebcffe
W10-57,SP30-1219,INSERT,30Mx1219 WILLIAMS SPL,1,ROD30.16,A706-GR.60,,,239dc1b8-cfc0-4317-b0bb-7ec3c9040152
W10-57,GT76-254,GROUT_TUBE,76Øx254mm G.TUBE,6,ROD76.2,Zero_Density,,,411a91c2-5cfa-49f6-a084-2601bf870ce1
W10-57,CNDT,CONDUIT,19MM CONDUIT,1,ROD19,Zero_Density,,,3fe5e46a-0166-4067-8872-a89653115138
W10-57,EB-S-PL,PLATE,Single Plastic Electr,1,160*50.8,Zero_Density,,,b21d1632-69a2-4843-a2d4-37e1a3da5c38
W10-57,P-602,EMBED,13PL. W/STUD,1,PL101.6*12.7,A572-GR.50,,,d2ad0899-41bf-4a60-a044-bfed8518db92
W10-57,P-205,ANCHOR,12000LB FORGED ANCHOR,4,PL15.88,A36,,,bced97d0-251f-40f6-bdfe-0738796863d1
W10-10,MPX11,EMBED,V REVEAL LARGE,1,TRIANGLE12.7*12.7,Misc_Undefined,,,ea649eab-7205-4edd-8779-bbcc08be14fe
W10-10,P-300,INSERT,19Ø INSERT (NC),5,ROD23.813,A36,,,9b031cf8-a011-4471-bc42-8738eba37263
W10-10,GT75-1219,GROUT_TUBE,75Ø x 1219 GROUT TUBE,8,ROD76,Zero_Density,,,9103b06b-c91a-4bec-b475-d1ca9c2154a2
W10-10,GT75-686,GROUT_TUBE,75Ø x 686 GROUT TUBE,2,ROD76,Zero_Density,,,3a8b95f9-0b61-4d0d-897f-e9f10d4fad97
W10-10,SP25-1067,INSERT,SP25Mx1067 WILLIAMS S,8,ROD25.4,A706-GR.60,,,0814f21f-fd2a-4472-87be-8e1fc0be9c1b
W10-10,SP15-457,INSERT,15Mx457 WILLIAMS SPL,6,ROD16,400W,,,373a6294-5e68-4ce3-ab9d-bf3a9b9f567e
W10-10,GT100-1219,GROUT_TUBE,100Øx1219 GROUT TUBE,3,ROD102,Zero_Density,,,49a6dea5-2623-480b-a046-26e7c79103c9
W10-10,SP30-1219,INSERT,30Mx1219 WILLIAMS SPL,1,ROD30.16,A706-GR.60,,,757c1982-a2a0-440e-ba25-859ea931e427
W10-10,GT76-254,GROUT_TUBE,76Øx254mm G.TUBE,6,ROD76.2,Zero_Density,,,87339cd4-c01d-4fd1-8714-6a0f02d29512
W10-10,CNDT,CONDUIT,19MM CONDUIT,1,ROD19,Zero_Density,,,2f3e8b55-ec6b-4a76-9137-3aaab3a9d1f1
W10-10,EB-S-PL,PLATE,Single Plastic Electr,1,160*50.8,Zero_Density,,,e51e573c-ecaa-4bd7-9ba3-f3ddb228b6c2
W10-10,P-602,EMBED,13PL. W/STUD,1,PL101.6*12.7,A572-GR.50,,,926f07b8-5e82-432b-92d9-55ed374a1f35
W10-10,P-205,ANCHOR,12000LB FORGED ANCHOR,4,PL15.88,A36,,,490ad969-d3a1-473e-a97a-337342980356
W10-178,MPX11,EMBED,V REVEAL LARGE,1,TRIANGLE12.7*12.7,Misc_Undefined,,,8aa49c69-e545-42a6-a71d-85f1f8826451
W10-178,P-300,INSERT,19Ø INSERT (NC),5,ROD23.813,A36,,,031e12d1-647d-4017-a153-25f9e5ba1f4c
W10-178,GT75-686,GROUT_TUBE,75Ø x 686 GROUT TUBE,2,ROD76,Zero_Density,,,c84c2305-895f-4722-9527-f562ce7f1491
W10-178,SP15-457,INSERT,15Mx457 WILLIAMS SPL,6,ROD16,400W,,,181a8ff0-1112-4c47-b8b9-e2832996730f
W10-178,GT75-1219,GROUT_TUBE,75Ø x 1219 GROUT TUBE,8,ROD76,Zero_Density,,,1a01feaa-a7f6-4130-9b50-4d44eba93e83
W10-178,GT100-1219,GROUT_TUBE,100Øx1219 GROUT TUBE,3,ROD102,Zero_Density,,,b178b75d-63c4-44d0-9684-4a3f3e06b2b5
W10-178,SP25-1067,INSERT,SP25Mx1067 WILLIAMS S,8,ROD25.4,A706-GR.60,,,aea7f932-d095-44b0-b916-3e07db2c6cc8
W10-178,SP30-1219,INSERT,30Mx1219 WILLIAMS SPL,1,ROD30.16,A706-GR.60,,,ee462eed-73c0-4b24-a16f-90307925c692
W10-178,GT76-254,GROUT_TUBE,76Øx254mm G.TUBE,6,ROD76.2,Zero_Density,,,83558ed4-9104-4795-af4d-c55c5d59d9a0
W10-178,CNDT,CONDUIT,19MM CONDUIT,1,ROD19,Zero_Density,,,63e0c04d-445a-4cf0-831e-01caa16f5084
W10-178,EB-S-PL,PLATE,Single Plastic Electr,1,160*50.8,Zero_Density,,,8522dfd7-12b5-463b-8b75-1b72af045b97
W10-178,P-602,EMBED,13PL. W/STUD,1,PL101.6*12.7,A572-GR.50,,,166a57ee-c14e-4f1f-b124-f4879e1bf5a3
W10-178,P-205,ANCHOR,12000LB FORGED ANCHOR,4,PL15.88,A36,,,9d7a90ab-b492-48de-b7a2-1449b8633b9e
W10-66,MPX11,EMBED,V REVEAL LARGE,1,TRIANGLE12.7*12.7,Misc_Undefined,,,903dd3ca-1f34-4365-8794-79626260cb7e
W10-66,P-300,INSERT,19Ø INSERT (NC),5,ROD23.813,A36,,,beedb2aa-6e54-46ed-bdee-f328bffe7e9e
W10-66,GT75-1219,GROUT_TUBE,75Ø x 1219 GROUT TUBE,8,ROD76,Zero_Density,,,186da758-c841-4d06-bb39-0ce22f416681
W10-66,GT75-686,GROUT_TUBE,75Ø x 686 GROUT TUBE,2,ROD76,Zero_Density,,,b8bdf470-c6ac-4fbd-b089-1e9a8233462e
W10-66,SP25-1067,INSERT,SP25Mx1067 WILLIAMS S,8,ROD25.4,A706-GR.60,,,9199b26d-a6d0-47ab-ad5c-3c1b6932412e
W10-66,SP15-457,INSERT,15Mx457 WILLIAMS SPL,6,ROD16,400W,,,5ebc4ae5-eda2-41a4-981d-47116616664b
W10-66,GT100-1219,GROUT_TUBE,100Øx1219 GROUT TUBE,3,ROD102,Zero_Density,,,26ee840c-b551-4db8-a120-2c269cf353f6
W10-66,SP30-1219,INSERT,30Mx1219 WILLIAMS SPL,1,ROD30.16,A706-GR.60,,,2150f167-e9c8-4222-8687-cebcfe2fa808
W10-66,GT76-254,GROUT_TUBE,76Øx254mm G.TUBE,6,ROD76.2,Zero_Density,,,bd56758f-bf8e-4b04-8229-1052c6169678
W10-66,CNDT,CONDUIT,19MM CONDUIT,1,ROD19,Zero_Density,,,9f9d9530-10ac-4922-b68b-6d6d3c3cbfdf
W10-66,EB-S-PL,PLATE,Single Plastic Electr,1,160*50.8,Zero_Density,,,be532836-fce6-4fba-a944-2593ad87ec53
W10-66,P-602,EMBED,13PL. W/STUD,1,PL101.6*12.7,A572-GR.50,,,b6b1a5f8-73af-4c21-b287-ce6a4c64bbf0
W10-66,P-205,ANCHOR,12000LB FORGED ANCHOR,4,PL15.88,A36,,,912b4e1a-502b-4f36-819d-aeb1fa66f068
W10-67,MPX11,EMBED,V REVEAL LARGE,1,TRIANGLE12.7*12.7,Misc_Undefined,,,d07187f7-a100-4272-b8e2-078deade0de8
W10-67,P-300,INSERT,19Ø INSERT (NC),5,ROD23.813,A36,,,5d72b022-42ec-469d-a2ef-a0ae095e4db2
W10-67,GT75-686,GROUT_TUBE,75Ø x 686 GROUT TUBE,2,ROD76,Zero_Density,,,28ba2625-eed0-468c-9847-70483d22614a
W10-67,SP15-457,INSERT,15Mx457 WILLIAMS SPL,6,ROD16,400W,,,ec414f87-c6a7-444e-a0ef-ffd04bde58b5
W10-67,GT75-1219,GROUT_TUBE,75Ø x 1219 GROUT TUBE,8,ROD76,Zero_Density,,,aeb40017-19a8-4057-8209-ce5c92663363
W10-67,GT100-1219,GROUT_TUBE,100Øx1219 GROUT TUBE,3,ROD102,Zero_Density,,,04479b0c-b1e1-4f5e-ab56-0704d8578b0b
W10-67,SP25-1067,INSERT,SP25Mx1067 WILLIAMS S,8,ROD25.4,A706-GR.60,,,24aa0394-6f84-4158-b6f3-abc29aeb3ee5
W10-67,SP30-1219,INSERT,30Mx1219 WILLIAMS SPL,1,ROD30.16,A706-GR.60,,,9c624f47-01f8-47aa-9b59-cd3025b82168
W10-67,GT76-254,GROUT_TUBE,76Øx254mm G.TUBE,6,ROD76.2,Zero_Density,,,c25bc895-8491-467f-a10a-72c88e46a670
W10-67,CNDT,CONDUIT,19MM CONDUIT,1,ROD19,Zero_Density,,,d2e4e0bb-1513-417f-8ccd-790f97cf9354
W10-67,EB-S-PL,PLATE,Single Plastic Electr,1,160*50.8,Zero_Density,,,ceb23fbb-5c50-4baf-a6dc-3f6fdd2fe0a2
W10-67,P-602,EMBED,13PL. W/STUD,1,PL101.6*12.7,A572-GR.50,,,24d12828-c5fc-4747-83c1-9a3ad039635f
W10-67,P-205,ANCHOR,12000LB FORGED ANCHOR,4,PL15.88,A36,,,8bd12415-caa8-47e1-b8a2-09516e32fd37
W10-68,MPX11,EMBED,V REVEAL LARGE,1,TRIANGLE12.7*12.7,Misc_Undefined,,,d24c0d62-1be1-423f-b9bf-1cc432bc32c2
W10-68,P-300,INSERT,19Ø INSERT (NC),5,ROD23.813,A36,,,08be5bee-8945-49b5-a5cc-58de22a02e3f
W10-68,GT75-1219,GROUT_TUBE,75Ø x 1219 GROUT TUBE,8,ROD76,Zero_Density,,,9935603f-1223-45c5-8fb4-fa33ba2247ef
W10-68,GT75-686,GROUT_TUBE,75Ø x 686 GROUT TUBE,2,ROD76,Zero_Density,,,f4673a15-9103-4092-9620-d7e71796006a
W10-68,SP25-1067,INSERT,SP25Mx1067 WILLIAMS S,8,ROD25.4,A706-GR.60,,,bfd36aed-1c46-42a3-ac03-7f0f165dfbf4
W10-68,SP15-457,INSERT,15Mx457 WILLIAMS SPL,6,ROD16,400W,,,2fae0a52-722f-429a-9532-73e19a01af46
W10-68,GT100-1219,GROUT_TUBE,100Øx1219 GROUT TUBE,3,ROD102,Zero_Density,,,44fe01b0-0a79-4a33-bcdc-cfa31106accd
W10-68,SP30-1219,INSERT,30Mx1219 WILLIAMS SPL,1,ROD30.16,A706-GR.60,,,8b020fc5-6ed9-471a-ace2-af609637b35d
W10-68,GT76-254,GROUT_TUBE,76Øx254mm G.TUBE,6,ROD76.2,Zero_Density,,,b94d8a85-dd98-450a-ac91-2acbc3d28943
W10-68,CNDT,CONDUIT,19MM CONDUIT,1,ROD19,Zero_Density,,,56b208c9-cc60-4a0b-9a4d-b9bfdec98c0f
W10-68,EB-S-PL,PLATE,Single Plastic Electr,1,160*50.8,Zero_Density,,,0ea2b6c4-9a1b-47f3-b73a-74681f23c1dd
W10-68,P-602,EMBED,13PL. W/STUD,1,PL101.6*12.7,A572-GR.50,,,7d75749b-e004-4bef-9f6b-b14d017d5cf1
W10-68,P-205,ANCHOR,12000LB FORGED ANCHOR,4,PL15.88,A36,,,dde8b884-388b-4275-b4fd-13d4f3417b82
W10-69,MPX11,EMBED,V REVEAL LARGE,1,TRIANGLE12.7*12.7,Misc_Undefined,,,3ff2ec83-5f43-443f-8464-c7c9886303d5
W10-69,P-300,INSERT,19Ø INSERT (NC),5,ROD23.813,A36,,,d693cb81-2901-4381-befd-b98df95e2400
W10-69,GT75-686,GROUT_TUBE,75Ø x 686 GROUT TUBE,2,ROD76,Zero_Density,,,b40bafeb-7f12-4e1f-b088-7d55afc41d5b
W10-69,SP15-457,INSERT,15Mx457 WILLIAMS SPL,6,ROD16,400W,,,836c79e7-b521-4c48-9e56-3b1e8301b318
W10-69,GT75-1219,GROUT_TUBE,75Ø x 1219 GROUT TUBE,8,ROD76,Zero_Density,,,69c8cc62-feed-413d-b2cd-5eb18804bb77
W10-69,GT100-1219,GROUT_TUBE,100Øx1219 GROUT TUBE,3,ROD102,Zero_Density,,,0549bc2e-cb93-4554-8157-c78554caf0c1
W10-69,SP25-1067,INSERT,SP25Mx1067 WILLIAMS S,8,ROD25.4,A706-GR.60,,,38981b5c-22b7-4cb8-bed6-80ae002e7e81
W10-69,SP30-1219,INSERT,30Mx1219 WILLIAMS SPL,1,ROD30.16,A706-GR.60,,,2caff932-fc26-4c2e-8f89-f650718afcdf
W10-69,GT76-254,GROUT_TUBE,76Øx254mm G.TUBE,6,ROD76.2,Zero_Density,,,73eac5ff-0355-4ce1-ba8e-4d1664eaab63
W10-69,CNDT,CONDUIT,19MM CONDUIT,1,ROD19,Zero_Density,,,1353d6eb-4d28-479b-9fcb-3e7c1b3d00ca
W10-69,EB-S-PL,PLATE,Single Plastic Electr,1,160*50.8,Zero_Density,,,233d63dc-344b-489c-b168-813e3bfc8718
W10-69,P-602,EMBED,13PL. W/STUD,1,PL101.6*12.7,A572-GR.50,,,d1e979f5-4761-4a12-8c7e-1afed4fd7e69
W10-69,P-205,ANCHOR,12000LB FORGED ANCHOR,4,PL15.88,A36,,,8d8af113-8295-4b6f-87aa-708eb4f9972f
W10-73(?),MPX11,EMBED,V REVEAL LARGE,1,TRIANGLE12.7*12.7,Misc_Undefined,,,0098798f-e8d6-4d98-9478-d0c6c184fb2f
W10-73(?),P-300,INSERT,19Ø INSERT (NC),5,ROD23.813,A36,,,6760d728-b507-4898-ba4a-4850d911aa6d
W10-73(?),GT75-1219,GROUT_TUBE,75Ø x 1219 GROUT TUBE,8,ROD76,Zero_Density,,,6fecdfa6-9ddd-4d23-8ddd-1de6a4235cab
W10-73(?),GT75-686,GROUT_TUBE,75Ø x 686 GROUT TUBE,2,ROD76,Zero_Density,,,d4b6f176-ac07-47cd-97cf-8e9cf0f0fd63
W10-73(?),SP15-457,INSERT,15Mx457 WILLIAMS SPL,27,ROD16,400W,,,0ba06ccf-9587-4a40-91c0-8644c5f0532f
W10-73(?),GT100-1219,GROUT_TUBE,100Øx1219 GROUT TUBE,3,ROD102,Zero_Density,,,ede64378-e839-4925-8cbe-61dc294df07c
W10-73(?),GT76-254,GROUT_TUBE,76Øx254mm G.TUBE,6,ROD76.2,Zero_Density,,,938c0f0f-3e49-451c-bad9-5daaed9856fd
W10-73(?),CNDT,CONDUIT,19MM CONDUIT,1,ROD19,Zero_Density,,,e79bf4d3-29d0-493a-837a-39ae19c58b3c
W10-73(?),EB-S-PL,PLATE,Single Plastic Electr,1,160*50.8,Zero_Density,,,fefc2731-93b4-4f19-87ba-ee81861df125
W10-73(?),P-602,EMBED,13PL. W/STUD,1,PL101.6*12.7,A572-GR.50,,,38dc91dd-db6c-4dd3-92bb-7da1080949f7
W10-73(?),P-205,ANCHOR,12000LB FORGED ANCHOR,4,PL15.88,A36,,,471e85e4-f8eb-487c-9883-57b1e22c94b3
W10-50,MPX11,EMBED,V REVEAL LARGE,1,TRIANGLE12.7*12.7,Misc_Undefined,,,d7e49744-5127-4aa6-81f6-ff6e80eb548c
W10-50,P-300,INSERT,19Ø INSERT (NC),5,ROD23.813,A36,,,c4f91208-82b2-4d13-8778-38b20f102750
W10-50,GT75-686,GROUT_TUBE,75Ø x 686 GROUT TUBE,2,ROD76,Zero_Density,,,4f1c279c-ca7f-45ae-bd15-f6003de07e9a
W10-50,SP15-457,INSERT,15Mx457 WILLIAMS SPL,27,ROD16,400W,,,0aa9a5eb-f25c-4812-9f47-9ad9910305e6
W10-50,GT75-1219,GROUT_TUBE,75Ø x 1219 GROUT TUBE,8,ROD76,Zero_Density,,,7836a0b9-5c71-46f6-8741-0c68a2808d13
W10-50,GT100-1219,GROUT_TUBE,100Øx1219 GROUT TUBE,3,ROD102,Zero_Density,,,813de098-0f87-49b7-b13b-abc70d278490
W10-50,GT76-254,GROUT_TUBE,76Øx254mm G.TUBE,6,ROD76.2,Zero_Density,,,69803634-7184-4ac7-960a-2ca5034e7d5e
W10-50,CNDT,CONDUIT,19MM CONDUIT,1,ROD19,Zero_Density,,,4a30435b-18cb-4691-9395-e2a6de3823ce
W10-50,EB-S-PL,PLATE,Single Plastic Electr,1,160*50.8,Zero_Density,,,5ec84b14-57fe-422e-9c27-2eaf54e7069c
W10-50,P-602,EMBED,13PL. W/STUD,1,PL101.6*12.7,A572-GR.50,,,977f74bb-977a-436a-aec8-b2541b004fca
W10-50,P-205,ANCHOR,12000LB FORGED ANCHOR,4,PL15.88,A36,,,59e60965-a372-4372-8ab9-850460f3e95e
W10-132,MPX11,EMBED,V REVEAL LARGE,1,TRIANGLE12.7*12.7,Misc_Undefined,,,0623cd42-b7d0-4271-8532-43e6356e8813
W10-132,P-300,INSERT,19Ø INSERT (NC),5,ROD23.813,A36,,,af6ab3e2-c8be-43da-b893-b3974c4000c6
W10-132,GT75-1219,GROUT_TUBE,75Ø x 1219 GROUT TUBE,8,ROD76,Zero_Density,,,8b67f065-000c-4e02-abec-15329c27bf57
W10-132,GT75-686,GROUT_TUBE,75Ø x 686 GROUT TUBE,2,ROD76,Zero_Density,,,ebab82a6-e7c7-4162-be09-2e97650fc53f
W10-132,SP25-1067,INSERT,SP25Mx1067 WILLIAMS S,8,ROD25.4,A706-GR.60,,,35b4ce3b-f242-4d4c-82db-7d727514a5f9
W10-132,SP15-457,INSERT,15Mx457 WILLIAMS SPL,6,ROD16,400W,,,b3f2b952-1d73-4491-93c1-f55e781025f1
W10-132,GT100-1219,GROUT_TUBE,100Øx1219 GROUT TUBE,3,ROD102,Zero_Density,,,72b96d31-a810-4f09-8b17-57b5ed56a8fc
W10-132,SP30-1219,INSERT,30Mx1219 WILLIAMS SPL,1,ROD30.16,A706-GR.60,,,cd665689-7ea4-48cb-bf64-e78dc92ccb8e
W10-132,GT76-254,GROUT_TUBE,76Øx254mm G.TUBE,6,ROD76.2,Zero_Density,,,99e5051e-c2f1-4cba-98ef-2d927fb1689b
W10-132,CNDT,CONDUIT,19MM CONDUIT,1,ROD19,Zero_Density,,,007dc9a3-f675-4015-bb2d-ae9956d53eb1
W10-132,EB-S-PL,PLATE,Single Plastic Electr,1,160*50.8,Zero_Density,,,25e39c1b-09fa-4dcc-8573-fd0f54fb79a3
W10-132,P-602,EMBED,13PL. W/STUD,1,PL101.6*12.7,A572-GR.50,,,d13ff7ba-998c-45b9-8be5-8426414dd1ba
W10-132,P-205,ANCHOR,12000LB FORGED ANCHOR,4,PL15.88,A36,,,b98e8fd6-97ba-4472-b12c-3e8f8d298350
W10-53,MPX11,EMBED,V REVEAL LARGE,1,TRIANGLE12.7*12.7,Misc_Undefined,,,ae7df139-b616-4e63-9175-f17c8f7c4d26
W10-53,P-300,INSERT,19Ø INSERT (NC),5,ROD23.813,A36,,,bf6c299d-6204-46e5-a387-6a36933eed77
W10-53,GT75-686,GROUT_TUBE,75Ø x 686 GROUT TUBE,2,ROD76,Zero_Density,,,ce07d6c9-99c3-454c-9aaf-48c06ba89325
W10-53,SP15-457,INSERT,15Mx457 WILLIAMS SPL,6,ROD16,400W,,,98dc83b2-da57-4462-935d-e335e063cb30
W10-53,GT75-1219,GROUT_TUBE,75Ø x 1219 GROUT TUBE,8,ROD76,Zero_Density,,,88ca4350-0048-4cc6-a965-5699e985aad3
W10-53,GT100-1219,GROUT_TUBE,100Øx1219 GROUT TUBE,3,ROD102,Zero_Density,,,8c770b30-5ca0-40c7-a759-00d51ab0a1c2
W10-53,SP25-1067,INSERT,SP25Mx1067 WILLIAMS S,8,ROD25.4,A706-GR.60,,,726cdbe2-5bc6-4dbe-aa2a-9074193e9d64
W10-53,SP30-1219,INSERT,30Mx1219 WILLIAMS SPL,1,ROD30.16,A706-GR.60,,,6b09dff0-d0c7-4b3b-a07e-c78f429d4b20
W10-53,GT76-254,GROUT_TUBE,76Øx254mm G.TUBE,6,ROD76.2,Zero_Density,,,5e96e305-4f85-47cb-9db7-c03f8037b57d
W10-53,CNDT,CONDUIT,19MM CONDUIT,1,ROD19,Zero_Density,,,7403c491-4060-46b8-b7ba-03672c737d03
W10-53,EB-S-PL,PLATE,Single Plastic Electr,1,160*50.8,Zero_Density,,,a39753af-f601-4b71-93b4-5c76f85bff10
W10-53,P-602,EMBED,13PL. W/STUD,1,PL101.6*12.7,A572-GR.50,,,bad300cb-faad-4bff-9559-9b5cf456f36c
W10-53,P-205,ANCHOR,12000LB FORGED ANCHOR,4,PL15.88,A36,,,99f7bb88-03cd-463d-904d-37f7b0c881b3
W10-42,MPX11,EMBED,V REVEAL LARGE,1,TRIANGLE12.7*12.7,Misc_Undefined,,,9f19027b-648b-4c4a-9ba3-b71fd023b6f2
W10-42,P-300,INSERT,19Ø INSERT (NC),5,ROD23.813,A36,,,4fc8690e-2c7e-4bcf-8adf-acf4852d38ec
W10-42,GT75-1219,GROUT_TUBE,75Ø x 1219 GROUT TUBE,8,ROD76,Zero_Density,,,311f467e-72d7-4cf5-9a40-8b5f3f49eb9c
W10-42,GT75-686,GROUT_TUBE,75Ø x 686 GROUT TUBE,2,ROD76,Zero_Density,,,a8978b6e-f5de-4a73-90d0-a98ed6574c1f
W10-42,SP25-1067,INSERT,SP25Mx1067 WILLIAMS S,8,ROD25.4,A706-GR.60,,,a33661b1-da39-4221-8288-102fca18da0e
W10-42,SP15-457,INSERT,15Mx457 WILLIAMS SPL,6,ROD16,400W,,,877152ea-b704-45ea-a566-375cebc0a454
W10-42,GT100-1219,GROUT_TUBE,100Øx1219 GROUT TUBE,3,ROD102,Zero_Density,,,829bdf7c-ee89-4b6f-9069-5c6144caa93e
W10-42,SP30-1219,INSERT,30Mx1219 WILLIAMS SPL,1,ROD30.16,A706-GR.60,,,b9e1593e-6ea4-4e8b-8211-fe4e5f300207
W10-42,GT76-254,GROUT_TUBE,76Øx254mm G.TUBE,6,ROD76.2,Zero_Density,,,620a2883-c567-481d-b596-2d28b5ae056d
W10-42,CNDT,CONDUIT,19MM CONDUIT,1,ROD19,Zero_Density,,,2d082713-bb5b-4034-8967-acf83bd5d2bd
W10-42,EB-S-PL,PLATE,Single Plastic Electr,1,160*50.8,Zero_Density,,,fbbab116-ab84-4579-b5c8-21e85e1a269b
W10-42,P-602,EMBED,13PL. W/STUD,1,PL101.6*12.7,A572-GR.50,,,720417ed-7feb-4391-a99a-eada87e397f0
W10-42,P-205,ANCHOR,12000LB FORGED ANCHOR,4,PL15.88,A36,,,0ccf210b-7863-40f7-905e-973ac035b83d
W10-175,MPX11,EMBED,V REVEAL LARGE,1,TRIANGLE12.7*12.7,Misc_Undefined,,,537cf6d7-66f0-4907-bdc6-bd6c6f96b999
W10-175,P-300,INSERT,19Ø INSERT (NC),5,ROD23.813,A36,,,f0690f9d-60a5-4c2c-81bf-7a3463b816ca
W10-175,GT75-686,GROUT_TUBE,75Ø x 686 GROUT TUBE,2,ROD76,Zero_Density,,,f36bb48e-70a9-4d6b-96d8-f3907a3c8d5c
W10-175,SP15-457,INSERT,15Mx457 WILLIAMS SPL,6,ROD16,400W,,,08fbf696-3f06-4b51-8a17-85e49a5a5e72
W10-175,GT75-1219,GROUT_TUBE,75Ø x 1219 GROUT TUBE,8,ROD76,Zero_Density,,,675587cb-9536-4f13-81e7-fce0a4e34c56
W10-175,GT100-1219,GROUT_TUBE,100Øx1219 GROUT TUBE,3,ROD102,Zero_Density,,,67bd676c-4270-4ec2-81c5-3d609f71bda2
W10-175,SP25-1067,INSERT,SP25Mx1067 WILLIAMS S,8,ROD25.4,A706-GR.60,,,5a2b201e-7b76-4945-abcb-f4e34d0a62f8
W10-175,SP30-1219,INSERT,30Mx1219 WILLIAMS SPL,1,ROD30.16,A706-GR.60,,,157b2433-7572-42f2-80bd-909a1aab07ae
W10-175,GT76-254,GROUT_TUBE,76Øx254mm G.TUBE,6,ROD76.2,Zero_Density,,,4cd1d32b-db62-4b7b-a2a9-a491c1ca264a
W10-175,CNDT,CONDUIT,19MM CONDUIT,1,ROD19,Zero_Density,,,5efd40dc-159b-4a08-a9d5-f4e8e6f86199
W10-175,EB-S-PL,PLATE,Single Plastic Electr,1,160*50.8,Zero_Density,,,b440b481-a866-4e35-98d4-04d4f91fb8ed
W10-175,P-602,EMBED,13PL. W/STUD,1,PL101.6*12.7,A572-GR.50,,,fe26089a-4ff6-4306-8c03-ab1aa538c4fe
W10-175,P-205,ANCHOR,12000LB FORGED ANCHOR,4,PL15.88,A36,,,92e4fd36-13d1-4655-a7de-fcae240e0e63
W10-44,MPX11,EMBED,V REVEAL LARGE,1,TRIANGLE12.7*12.7,Misc_Undefined,,,12964978-052d-4c44-9838-583c2114120f
W10-44,P-300,INSERT,19Ø INSERT (NC),5,ROD23.813,A36,,,ca116a32-cb1c-40ab-a4f7-f03512ce6f2f
W10-44,SP25-1067,INSERT,SP25Mx1067 WILLIAMS S,8,ROD25.4,A706-GR.60,,,ec053dfc-2eae-4c2c-b2a3-e6750963246b
W10-44,SP15-457,INSERT,15Mx457 WILLIAMS SPL,6,ROD16,400W,,,898e2823-cd99-429a-9338-733c88142900
W10-44,SP30-1219,INSERT,30Mx1219 WILLIAMS SPL,1,ROD30.16,A706-GR.60,,,805a7da9-9871-4ea2-99f9-a1d3fc4554fb
W10-44,GT100-1219,GROUT_TUBE,100Øx1219 GROUT TUBE,3,ROD102,Zero_Density,,,e29c24a5-3e04-45a2-af2c-7dab6e1aa6b0
W10-44,GT75-1219,GROUT_TUBE,75Ø x 1219 GROUT TUBE,8,ROD76,Zero_Density,,,a6618c59-fd0b-48f0-a1b9-5f64335d9dd0
W10-44,GT75-686,GROUT_TUBE,75Ø x 686 GROUT TUBE,2,ROD76,Zero_Density,,,0e34d3fc-3bbb-4b18-95d1-438bafe1ccb9
W10-44,GT76-254,GROUT_TUBE,76Øx254mm G.TUBE,6,ROD76.2,Zero_Density,,,669577eb-1bdf-412b-b3c5-036f39f617f7
W10-44,CNDT,CONDUIT,19MM CONDUIT,1,ROD19,Zero_Density,,,bd18a429-08dd-4ddc-9cfc-b8929676505d
W10-44,EB-S-PL,PLATE,Single Plastic Electr,1,160*50.8,Zero_Density,,,977cc085-1cc5-4087-b5fc-488acf6e2cb3
W10-44,P-602,EMBED,13PL. W/STUD,1,PL101.6*12.7,A572-GR.50,,,59cc0944-bf0d-4e94-bc57-5fb8f6510dbb
W10-44,P-205,ANCHOR,12000LB FORGED ANCHOR,4,PL15.88,A36,,,6cc14bcf-1717-4d45-9afa-704543734975
W10-48,MPX11,EMBED,V REVEAL LARGE,1,TRIANGLE12.7*12.7,Misc_Undefined,,,41c74b44-4bb4-4f32-9ff1-8392e22c0d99
W10-48,P-300,INSERT,19Ø INSERT (NC),5,ROD23.813,A36,,,562c83ef-37e8-4f2f-98f0-8038544e79f7
W10-48,GT75-1219,GROUT_TUBE,75Ø x 1219 GROUT TUBE,8,ROD76,Zero_Density,,,b0e76076-b421-48e6-9b42-036ebde075f6
W10-48,GT75-686,GROUT_TUBE,75Ø x 686 GROUT TUBE,2,ROD76,Zero_Density,,,dcbee047-8f4a-4e2e-ad62-3ffb19de975f
W10-48,SP25-1067,INSERT,SP25Mx1067 WILLIAMS S,8,ROD25.4,A706-GR.60,,,e939d835-17a5-4ac8-9454-e8daf8869073
W10-48,SP15-457,INSERT,15Mx457 WILLIAMS SPL,6,ROD16,400W,,,8df7466d-5e79-4b56-8205-16bf4b263f5a
W10-48,GT100-1219,GROUT_TUBE,100Øx1219 GROUT TUBE,3,ROD102,Zero_Density,,,e16b302e-4e07-4fdf-b585-52314a1d9967
W10-48,SP30-1219,INSERT,30Mx1219 WILLIAMS SPL,1,ROD30.16,A706-GR.60,,,19225d05-73f1-4b5a-86dd-16b6d94343ce
W10-48,GT76-254,GROUT_TUBE,76Øx254mm G.TUBE,6,ROD76.2,Zero_Density,,,beb1910e-296f-4f02-b8a9-d8229f9c159c
W10-48,CNDT,CONDUIT,19MM CONDUIT,1,ROD19,Zero_Density,,,e393d962-ab70-4a36-b681-f8b0a83a22e4
W10-48,EB-S-PL,PLATE,Single Plastic Electr,1,160*50.8,Zero_Density,,,b6e3c472-bc7b-4596-89bb-5cdec77ad357
W10-48,P-602,EMBED,13PL. W/STUD,1,PL101.6*12.7,A572-GR.50,,,bf645955-6dc6-4ca0-8025-3535fd5f669f
W10-48,P-205,ANCHOR,12000LB FORGED ANCHOR,4,PL15.88,A36,,,45d21b98-8852-407b-8a0d-647cf9b8f621
W10-56,MPX11,EMBED,V REVEAL LARGE,1,TRIANGLE12.7*12.7,Misc_Undefined,,,035b16b1-b2c1-4708-a063-63c2623b6307
W10-56,P-300,INSERT,19Ø INSERT (NC),5,ROD23.813,A36,,,547d0ebc-47f4-4021-88f3-bbe4f84e356b
W10-56,GT75-1219,GROUT_TUBE,75Ø x 1219 GROUT TUBE,8,ROD76,Zero_Density,,,f0d1c38a-8ae4-46f3-9143-c7c9e2889069
W10-56,GT75-686,GROUT_TUBE,75Ø x 686 GROUT TUBE,2,ROD76,Zero_Density,,,0bc1cb76-f40e-49af-8f60-e72b681cb0dc
W10-56,SP25-1067,INSERT,SP25Mx1067 WILLIAMS S,8,ROD25.4,A706-GR.60,,,dcf341df-caa0-4888-ab6f-a56ca1216299
W10-56,SP15-457,INSERT,15Mx457 WILLIAMS SPL,6,ROD16,400W,,,287be22d-a0ca-4549-a1e9-f234e6b3c3ae
W10-56,GT100-1219,GROUT_TUBE,100Øx1219 GROUT TUBE,3,ROD102,Zero_Density,,,6f7e1e68-a526-496b-b321-a4ab9dc784cd
W10-56,SP30-1219,INSERT,30Mx1219 WILLIAMS SPL,1,ROD30.16,A706-GR.60,,,3f4f4653-7420-4dc4-ba2d-b633dae513b2
W10-56,GT76-254,GROUT_TUBE,76Øx254mm G.TUBE,6,ROD76.2,Zero_Density,,,9d932267-753d-4350-8296-a52aed382137
W10-56,CNDT,CONDUIT,19MM CONDUIT,1,ROD19,Zero_Density,,,ab51b616-6a67-41b4-87e0-5095c999591b
W10-56,EB-S-PL,PLATE,Single Plastic Electr,1,160*50.8,Zero_Density,,,658a35d4-02d2-48ed-9989-33f90fc02f5c
W10-56,P-602,EMBED,13PL. W/STUD,1,PL101.6*12.7,A572-GR.50,,,88f76659-c149-46e4-ba25-29c13d019871
W10-56,P-205,ANCHOR,12000LB FORGED ANCHOR,4,PL15.88,A36,,,cd648753-72f3-4878-8f18-0cda596ae515
W10-23,MPX11,EMBED,V REVEAL LARGE,1,TRIANGLE12.7*12.7,Misc_Undefined,,,c3621d86-2d89-47a7-8f6b-f8d56eb868ae
W10-23,P-300,INSERT,19Ø INSERT (NC),5,ROD23.813,A36,,,020ed056-6c49-4282-9583-d0903b61ceb7
W10-23,GT75-1219,GROUT_TUBE,75Ø x 1219 GROUT TUBE,8,ROD76,Zero_Density,,,0dc5dbe0-1fc9-4e25-9965-418313c363dc
W10-23,GT75-686,GROUT_TUBE,75Ø x 686 GROUT TUBE,2,ROD76,Zero_Density,,,82c8663a-0133-494b-a385-75e32567eaec
W10-23,SP25-1067,INSERT,SP25Mx1067 WILLIAMS S,8,ROD25.4,A706-GR.60,,,466d87ea-6313-4535-a35d-6b066eb19cd5
W10-23,SP15-457,INSERT,15Mx457 WILLIAMS SPL,6,ROD16,400W,,,7064fc9c-f3b2-4a13-bbc6-3d4182b890fc
W10-23,GT100-1219,GROUT_TUBE,100Øx1219 GROUT TUBE,3,ROD102,Zero_Density,,,ecd9c5c9-aacc-48ea-849d-ec7aed8c522e
W10-23,SP30-1219,INSERT,30Mx1219 WILLIAMS SPL,1,ROD30.16,A706-GR.60,,,bc8a2d53-85ed-4c43-b11f-6c7adc81dd04
W10-23,GT76-254,GROUT_TUBE,76Øx254mm G.TUBE,6,ROD76.2,Zero_Density,,,aebb39ba-63f6-4458-8502-bc1f54a54cd7
W10-23,CNDT,CONDUIT,19MM CONDUIT,1,ROD19,Zero_Density,,,ff947962-c06b-49e0-abf6-3ee084275c12
W10-23,EB-S-PL,PLATE,Single Plastic Electr,1,160*50.8,Zero_Density,,,8b0a3ef1-5178-40a3-81f8-5f980e09016a
W10-23,P-602,EMBED,13PL. W/STUD,1,PL101.6*12.7,A572-GR.50,,,68a860f7-2077-47c1-a86b-87e4175ccb3b
W10-23,P-205,ANCHOR,12000LB FORGED ANCHOR,4,PL15.88,A36,,,776c0237-bd38-4808-ad77-b253953be2d6
W10-71,MPX11,EMBED,V REVEAL LARGE,1,TRIANGLE12.7*12.7,Misc_Undefined,,,bbcb4f2e-76b0-4310-b0f8-a0d9e066e199
W10-71,P-300,INSERT,19Ø INSERT (NC),5,ROD23.813,A36,,,d5c7dfa0-a327-4ffa-b1b9-5443f23f77b1
W10-71,GT75-1219,GROUT_TUBE,75Ø x 1219 GROUT TUBE,8,ROD76,Zero_Density,,,dfb0eceb-e7cb-4aef-a11f-509de8b6fda4
W10-71,GT75-686,GROUT_TUBE,75Ø x 686 GROUT TUBE,2,ROD76,Zero_Density,,,7ce8203d-59ed-4829-a78d-a76d2529ed50
W10-71,SP25-1067,INSERT,SP25Mx1067 WILLIAMS S,8,ROD25.4,A706-GR.60,,,a04bc318-0083-47d2-9589-a534f11f8fca
W10-71,SP15-457,INSERT,15Mx457 WILLIAMS SPL,6,ROD16,400W,,,1a3acb24-86e2-461e-8918-ba9d7df633e0
W10-71,GT100-1219,GROUT_TUBE,100Øx1219 GROUT TUBE,3,ROD102,Zero_Density,,,c4ff44ae-53f3-4450-a903-ce60402081d6
W10-71,SP30-1219,INSERT,30Mx1219 WILLIAMS SPL,1,ROD30.16,A706-GR.60,,,6d5bc72d-2192-4edc-b97f-d84493c0c97c
W10-71,GT76-254,GROUT_TUBE,76Øx254mm G.TUBE,6,ROD76.2,Zero_Density,,,a3ce4df4-84c6-4f77-b89a-066d459f4773
W10-71,CNDT,CONDUIT,19MM CONDUIT,1,ROD19,Zero_Density,,,9ec60e95-3d0a-4b4a-ba36-d7879eab6d88
W10-71,EB-S-PL,PLATE,Single Plastic Electr,1,160*50.8,Zero_Density,,,05c0da6a-e002-4af7-9165-0b58c716d6dc
W10-71,P-602,EMBED,13PL. W/STUD,1,PL101.6*12.7,A572-GR.50,,,b89f43cb-746e-4541-9c6a-141bd4105073
W10-71,P-205,ANCHOR,12000LB FORGED ANCHOR,4,PL15.88,A36,,,fff776dd-2a8e-4621-a885-4f0b55d994ed
W10-81,MPX11,EMBED,V REVEAL LARGE,1,TRIANGLE12.7*12.7,Misc_Undefined,,,6fc6f2d6-b719-4e1c-ab67-a430cc63d5fa
W10-81,P-300,INSERT,19Ø INSERT (NC),5,ROD23.813,A36,,,1020f008-7f69-49e8-8084-7c48be193969
W10-81,GT75-1219,GROUT_TUBE,75Ø x 1219 GROUT TUBE,8,ROD76,Zero_Density,,,b7681652-bdc8-48a9-96ad-4b75d81f0df2
W10-81,GT75-686,GROUT_TUBE,75Ø x 686 GROUT TUBE,2,ROD76,Zero_Density,,,b8f3bd2f-1022-4197-9b31-47cd79fc0367
W10-81,SP25-1067,INSERT,SP25Mx1067 WILLIAMS S,8,ROD25.4,A706-GR.60,,,e3e4be86-d042-43ad-96a6-062bdab5c8e5
W10-81,SP15-457,INSERT,15Mx457 WILLIAMS SPL,6,ROD16,400W,,,1575ca65-420d-45ba-bfb6-09dcffd7c561
W10-81,GT100-1219,GROUT_TUBE,100Øx1219 GROUT TUBE,3,ROD102,Zero_Density,,,d695ee13-b625-4344-ad93-c2954beb685f
W10-81,SP30-1219,INSERT,30Mx1219 WILLIAMS SPL,1,ROD30.16,A706-GR.60,,,286c8f4b-b0f4-4a0e-9426-150939710959
W10-81,GT76-254,GROUT_TUBE,76Øx254mm G.TUBE,6,ROD76.2,Zero_Density,,,32f60a50-61d7-485f-8de1-eb7e9f6a4597
W10-81,CNDT,CONDUIT,19MM CONDUIT,1,ROD19,Zero_Density,,,82f61643-4201-4eab-ab62-399b07e29f01
W10-81,EB-S-PL,PLATE,Single Plastic Electr,1,160*50.8,Zero_Density,,,f2ee1882-3957-4bde-b06f-c6698cecfdbe
W10-81,P-602,EMBED,13PL. W/STUD,1,PL101.6*12.7,A572-GR.50,,,d895169f-7318-4fbd-9d11-c7094743940c
W10-81,P-205,ANCHOR,12000LB FORGED ANCHOR,4,PL15.88,A36,,,a95faeba-697e-42da-93bc-e6b6ebf93700
W10-83,MPX11,EMBED,V REVEAL LARGE,1,TRIANGLE12.7*12.7,Misc_Undefined,,,bad922ca-b416-459c-8b7a-4d4ab0da4a48
W10-83,P-300,INSERT,19Ø INSERT (NC),5,ROD23.813,A36,,,99db599d-72c9-4407-93c4-753931762ca4
W10-83,GT75-1219,GROUT_TUBE,75Ø x 1219 GROUT TUBE,8,ROD76,Zero_Density,,,ccb9e616-5339-4575-8fdc-a7214ba5454a
W10-83,GT75-686,GROUT_TUBE,75Ø x 686 GROUT TUBE,2,ROD76,Zero_Density,,,d3a54615-e107-4f8f-8c10-da9854a4c7ed
W10-83,SP15-457,INSERT,15Mx457 WILLIAMS SPL,27,ROD16,400W,,,d256c0ac-f0a4-4982-bab7-4f15a6b85c3a
W10-83,GT100-1219,GROUT_TUBE,100Øx1219 GROUT TUBE,3,ROD102,Zero_Density,,,2756a214-3900-48e9-9f95-7c789d61c3f2
W10-83,GT76-254,GROUT_TUBE,76Øx254mm G.TUBE,6,ROD76.2,Zero_Density,,,209b772c-8674-4be8-a2df-c4c71ccc9610
W10-83,CNDT,CONDUIT,19MM CONDUIT,1,ROD19,Zero_Density,,,5a851d9c-2c31-4b28-9e60-9d77d20f723a
W10-83,EB-S-PL,PLATE,Single Plastic Electr,1,160*50.8,Zero_Density,,,07bdcb1d-7f68-4958-94d1-f2fad8d65e05
W10-83,P-602,EMBED,13PL. W/STUD,1,PL101.6*12.7,A572-GR.50,,,111f650a-346f-4805-ab3c-3ea4daca4110
W10-83,P-205,ANCHOR,12000LB FORGED ANCHOR,4,PL15.88,A36,,,ea6c31e9-aa46-497e-80c9-5a62e2ba0704
W10-15(?),P-300,INSERT,19Ø INSERT (NC),4,ROD23.813,A36,,,2699093b-1726-4e27-a649-86040fea7dec
W10-15(?),GT75-686,GROUT_TUBE,75Ø x 686 GROUT TUBE,5,ROD76,Zero_Density,,,b14ee932-3fee-4ec9-aee1-cc3a2b60d2f7
W10-15(?),GT75-1219,GROUT_TUBE,75Ø x 1219 GROUT TUBE,4,ROD76,Zero_Density,,,82edff5e-d774-4613-a29b-0a6be5011db3
W10-15(?),SP25-1067,INSERT,SP25Mx1067 WILLIAMS S,2,ROD25.4,A706-GR.60,,,fe29554f-5ee3-4b11-9e9b-01f6d5e40ae3
W10-15(?),SP15-457,INSERT,15Mx457 WILLIAMS SPL,15,ROD16,400W,,,ad5dc6a4-2b6f-4c28-ba6d-0db474e78c11
W10-15(?),P-205,ANCHOR,12000LB FORGED ANCHOR,4,PL15.88,A36,,,713ab204-6553-4c2a-841a-78a145cb2c61
W10-206,GT75-1219,GROUT_TUBE,75Ø x 1219 GROUT TUBE,2,ROD76,Zero_Density,,,c67ebabf-685d-4487-8581-0fe72ec1ee82
W10-206,GT75-686,GROUT_TUBE,75Ø x 686 GROUT TUBE,5,ROD76,Zero_Density,,,bc912886-ee2e-468c-866a-101d703cd602
W10-206,SP25-1067,INSERT,SP25Mx1067 WILLIAMS S,2,ROD25.4,A706-GR.60,,,e55f67f4-699c-4ff4-b1ba-7bbbfb843e09
W10-206,SP15-457,INSERT,15Mx457 WILLIAMS SPL,15,ROD16,400W,,,eac77f93-e97d-4de4-a602-1c79a1565a25
W10-206,P-300,INSERT,19Ø INSERT (NC),4,ROD23.813,A36,,,ac79705c-83eb-458e-8973-22071498166f
W10-206,P-205,ANCHOR,12000LB FORGED ANCHOR,4,PL15.88,A36,,,30ecd9ef-f7be-4082-8cff-b348d015d39b
W10-206,CNDT,CONDUIT,19MM CONDUIT,2,ROD19,Zero_Density,,,eca734af-989e-4b3c-ab34-1cc43383e45e
W10-206,EB-S-PL,PLATE,Single Plastic Electr,1,160*50.8,Zero_Density,,,e308941e-cc01-4d67-9dd1-47bf829453a3
W10-206,EB-SQ-PL1,EMBED,Square Plastic Electr,1,160*160,Zero_Density,,,db729133-003a-41c1-89ad-2314804c629a
W10-205,GT75-1219,GROUT_TUBE,75Ø x 1219 GROUT TUBE,2,ROD76,Zero_Density,,,8a6907e8-c2ff-47ad-8978-ad4b06ac113c
W10-205,GT75-686,GROUT_TUBE,75Ø x 686 GROUT TUBE,5,ROD76,Zero_Density,,,c567118c-3528-4707-b718-7b7731d89aef
W10-205,SP25-1067,INSERT,SP25Mx1067 WILLIAMS S,2,ROD25.4,A706-GR.60,,,46f66267-052b-47bc-a878-bafee4301359
W10-205,SP15-457,INSERT,15Mx457 WILLIAMS SPL,15,ROD16,400W,,,034b0e7e-97a1-4bcb-bf30-dd8f41bd0c36
W10-205,P-300,INSERT,19Ø INSERT (NC),4,ROD23.813,A36,,,0cde3c34-b355-4bf8-a36d-bcda7eb5f59b
W10-205,P-205,ANCHOR,12000LB FORGED ANCHOR,4,PL15.88,A36,,,4cab2bd5-4155-4522-9d94-4472092960a0
W10-205,CNDT,CONDUIT,19MM CONDUIT,2,ROD19,Zero_Density,,,709ef54b-ee7d-4fca-8ad7-5a57b176df29
W10-205,EB-S-PL,PLATE,Single Plastic Electr,1,160*50.8,Zero_Density,,,7cd5b093-6e79-43a2-80da-e0477e2587bc
W10-205,EB-SQ-PL1,EMBED,Square Plastic Electr,1,160*160,Zero_Density,,,a8b66b2e-682d-4d1a-9265-f6a43c5e5662
W10-11,GT100-1219,GROUT_TUBE,100Øx1219 GROUT TUBE,6,ROD102,Zero_Density,,,d74f572c-3357-47a4-afa1-50f57eaea6ee
W10-11,GT100-686,GROUT_TUBE,100Øx686 GROUT TUBE,3,ROD102,Zero_Density,,,33410c2c-9047-483d-bc5b-41ea5a9b1e24
W10-11,P-705,PLATE,13x203x203 PLATE,2,PL203*12.7,A572-GR.50,,,40bd0548-cf0a-4121-9787-9d8f32b8ee67
W10-11,CNDT,CONDUIT,19MM CONDUIT,1,ROD19,Zero_Density,,,84db8fb9-9b71-479f-8cd3-247aebff683f
W10-11,EB-S-PL,PLATE,Single Plastic Electr,1,160*50.8,Zero_Density,,,71d384f7-138e-4267-91e2-bf91843e854b
W10-11,P-205,ANCHOR,12000LB FORGED ANCHOR,2,PL15.88,A36,,,0a1f8c12-dd85-4811-97f4-0cd1c5ec7270
W10-11,P-300,INSERT,19Ø INSERT (NC),2,ROD23.813,A36,,,74079d6c-df18-402f-8c91-3f013484a711
W10-4,GT100-686,GROUT_TUBE,100Øx686 GROUT TUBE,9,ROD102,Zero_Density,,,b4e2271d-bb59-4ff7-aada-1f307342b248
W10-4,GT100-1219,GROUT_TUBE,100Øx1219 GROUT TUBE,9,ROD102,Zero_Density,,,8559afb2-8849-451c-8f1f-6572290a5df3
W10-4,P-705,PLATE,13x203x203 PLATE,2,PL203*12.7,A572-GR.50,,,89998e05-abbe-4df4-b56a-af6c6b140788
W10-4,SP15-457,INSERT,15Mx457 WILLIAMS SPL,24,ROD16,400W,,,322fb622-4d02-4428-858c-25d3345f027e
W10-4,SP25-1067,INSERT,SP25Mx1067 WILLIAMS S,1,ROD25.4,A706-GR.60,,,4ab2c3ca-dc18-4546-a899-f0847ae09032
W10-4,EB-SQ-PL1,EMBED,Square Plastic Electr,1,160*160,Zero_Density,,,41cecfcc-0e9c-46f9-918a-4fb55215c48d
W10-4,CNDT,CONDUIT,19MM CONDUIT,13,ROD19,Zero_Density,,,7215f718-3546-4ead-b1d5-2f41d8a5a149
W10-4,EB-S-PL,PLATE,Single Plastic Electr,7,160*50.8,Zero_Density,,,02db7b0b-55ed-4d33-9d09-7edd82c6ad0a
W10-4,P-300,INSERT,19Ø INSERT (NC),2,ROD23.813,A36,,,dd6090c6-6d0d-4909-9c9b-ac35088de2bb
W10-4,P-205,ANCHOR,12000LB FORGED ANCHOR,4,PL15.88,A36,,,0347d380-f3e7-496b-b72d-741b6ed0f7f3
W10-4,SLV-102-254,SLEEVE,102Ø x 254 PVC SLEEVE,2,ROD108,Zero_Density,,,fa438115-4194-4861-965f-9dd60b0df3af
W10-4,SLV-152-254,SLEEVE,152Ø x 254 PVC SLEEVE,1,ROD160,Zero_Density,,,7eecc886-0ac4-422c-9e6b-1f21987df480
W10-97,P-300,INSERT,19Ø INSERT (NC),4,ROD23.813,A36,,,44fddcbb-67be-4fea-8fec-f32ceb1de4ec
W10-97,GT75-1219,GROUT_TUBE,75Ø x 1219 GROUT TUBE,2,ROD76,Zero_Density,,,c723e319-bb05-416a-9749-0f49f75fd879
W10-97,GT75-686,GROUT_TUBE,75Ø x 686 GROUT TUBE,5,ROD76,Zero_Density,,,b4c50380-7d8d-45f4-850e-19e0bae1ebc6
W10-97,SP15-457,INSERT,15Mx457 WILLIAMS SPL,15,ROD16,400W,,,80622d5f-734d-4cc7-8808-e7a2792b43d5
W10-97,SP25-1067,INSERT,SP25Mx1067 WILLIAMS S,4,ROD25.4,A706-GR.60,,,b17d365d-999c-4417-8fc2-33f6e5625827
W10-97,P-205,ANCHOR,12000LB FORGED ANCHOR,4,PL15.88,A36,,,76904151-260f-447b-bf3d-f500d7b34a7d
W10-12,GT100-1219,GROUT_TUBE,100Øx1219 GROUT TUBE,6,ROD102,Zero_Density,,,7645a1e8-39c5-433f-9c94-ef68c1f43f3a
W10-12,GT100-686,GROUT_TUBE,100Øx686 GROUT TUBE,3,ROD102,Zero_Density,,,9b036223-672d-4c0c-9144-8e97222c9803
W10-12,P-300,INSERT,19Ø INSERT (NC),3,ROD23.813,A36,,,b281a0da-03dd-4e11-88cc-7e9ffd50d781
W10-12,P-705,PLATE,13x203x203 PLATE,2,PL203*12.7,A572-GR.50,,,fdbcba5b-0cb8-46f2-9fa9-f9134705701e
W10-12,CNDT,CONDUIT,19MM CONDUIT,4,ROD19,Zero_Density,,,6746a08d-54ff-47fd-8de6-588dd3226894
W10-12,EB-S-PL,PLATE,Single Plastic Electr,4,160*50.8,Zero_Density,,,2fe9816d-f3fc-4d8b-861f-19d180bdccef
W10-12,P-205,ANCHOR,12000LB FORGED ANCHOR,2,PL15.88,A36,,,3bbda92a-a3e4-4b2d-a55d-a82704805d92
W10-12,SLV-102-254,SLEEVE,102Ø x 254 PVC SLEEVE,1,ROD108,Zero_Density,,,e273d4a0-c181-43af-9b7f-45684b5d1e48
W10-12,SP25-1067,INSERT,SP25Mx1067 WILLIAMS S,2,ROD25.4,A706-GR.60,,,b6e252f5-221f-42ee-af7e-4fb973b0810a
W10-171,P-300,INSERT,19Ø INSERT (NC),4,ROD23.813,A36,,,ba3c4b71-f303-495a-883e-e75894c84a4d
W10-171,GT75-1219,GROUT_TUBE,75Ø x 1219 GROUT TUBE,2,ROD76,Zero_Density,,,9408b6ec-0d63-4e1a-b4c5-21ec2ab76de4
W10-171,GT75-686,GROUT_TUBE,75Ø x 686 GROUT TUBE,5,ROD76,Zero_Density,,,5a841dd5-50fd-44ca-939d-5150f0ee52f3
W10-171,SP25-1067,INSERT,SP25Mx1067 WILLIAMS S,2,ROD25.4,A706-GR.60,,,51cac1f7-85c8-4df1-b737-588929d51168
W10-171,SP15-457,INSERT,15Mx457 WILLIAMS SPL,15,ROD16,400W,,,33e5c02b-6f2d-41dd-89b4-061d5b759b07
W10-171,P-205,ANCHOR,12000LB FORGED ANCHOR,4,PL15.88,A36,,,80fe80f5-aa6d-41bb-be55-6ca742ff7b31
W10-13,P-300,INSERT,19Ø INSERT (NC),3,ROD23.813,A36,,,a07afeaf-7e2d-4ff0-997b-84a07eddb5e8
W10-13,SP25-1067,INSERT,SP25Mx1067 WILLIAMS S,3,ROD25.4,A706-GR.60,,,abcafbe4-eaf3-4399-8876-c94e434c2e08
W10-13,SP15-457,INSERT,15Mx457 WILLIAMS SPL,6,ROD16,400W,,,7c80cc75-9752-4d41-a99a-0064f68a1bdd
W10-13,P-616,PLATE,13x203x203 PLATE,2,PL203*13,A572-GR.50,,,210508de-c70c-43bc-8a05-64506706dfde
W10-13,GT100-1219,GROUT_TUBE,100Øx1219 GROUT TUBE,6,ROD102,Zero_Density,,,5ecbf3f5-ff0e-4610-b3a1-e769864ee1ad
W10-13,GT100-686,GROUT_TUBE,100Øx686 GROUT TUBE,9,ROD102,Zero_Density,,,f27d77df-8c88-409a-a985-15e9adbcd05b
W10-13,GT76-254,GROUT_TUBE,76Øx254mm G.TUBE,3,ROD76.2,Zero_Density,,,3b237422-77b2-4b7f-a207-47c367e3a957
W10-13,P-205,ANCHOR,12000LB FORGED ANCHOR,2,PL15.88,A36,,,0b0979f6-5a30-4584-a666-e0a8659b5bb3
W10-150,P-300,INSERT,19Ø INSERT (NC),5,ROD23.813,A36,,,82eabecc-691c-4f39-b606-14fa376d450b
W10-150,GT100-1219,GROUT_TUBE,100Øx1219 GROUT TUBE,6,ROD102,Zero_Density,,,a7850450-9314-4339-b769-e238ce0563e6
W10-150,SP30-1219,INSERT,30Mx1219 WILLIAMS SPL,2,ROD30.16,A706-GR.60,,,6d183c95-2c7c-452d-b686-4ac518ce29e4
W10-150,GT75-1219,GROUT_TUBE,75Ø x 1219 GROUT TUBE,2,ROD76,Zero_Density,,,9532a3fb-ee53-4821-b1f6-87c06cbef655
W10-150,GT75-686,GROUT_TUBE,75Ø x 686 GROUT TUBE,4,ROD76,Zero_Density,,,279c102f-2a77-4644-ab97-89e88c70c17f
W10-150,SP25-1067,INSERT,SP25Mx1067 WILLIAMS S,2,ROD25.4,A706-GR.60,,,6c7a7a11-c5c8-4b0c-8cd7-352fa45206a2
W10-150,SP15-457,INSERT,15Mx457 WILLIAMS SPL,12,ROD16,400W,,,2dcd2a37-80bc-42c7-8f16-9e54d519f255
W10-150,P-722,EMBED,13PL. w/STUD,1,PL152.4*12.7,A572-GR.50,,,3e07ee53-7597-48ab-a4ee-27741f57ec84
W10-150,P-205,ANCHOR,12000LB FORGED ANCHOR,4,PL15.88,A36,,,1c7f2185-c311-48bf-a6ed-58eee4a9f3cd
W10-150,SLV-64-254,SLEEVE,64Ø x 254 PVC SLEEVE,1,ROD70,Zero_Density,,,7fa9284f-5c4b-408f-8aab-91c3b2f566ac
W10-116(?),P-702,EMBED,L152X152X19 W/STUDS,1,L152X152X19,A572-GR.50,,,9d9a80af-757c-44a3-a685-50e20f16d358
W10-116(?),P-300,INSERT,19Ø INSERT (NC),4,ROD23.813,A36,,,6afe0825-7fbb-4d9a-843c-def9158d1b3a
W10-116(?),SP30-1219,INSERT,30Mx1219 WILLIAMS SPL,1,ROD30.16,A706-GR.60,,,1e73f0f0-8b36-47f6-bad9-01e704f1f24d
W10-116(?),SP25-1067,INSERT,SP25Mx1067 WILLIAMS S,3,ROD25.4,A706-GR.60,,,25a7cdda-e0a1-4c68-bf01-d1423116ca99
W10-116(?),GT100-1219,GROUT_TUBE,100Øx1219 GROUT TUBE,9,ROD102,Zero_Density,,,6205c7e0-fcb6-438b-b248-97f9d894497f
W10-116(?),GT100-686,GROUT_TUBE,100Øx686 GROUT TUBE,9,ROD102,Zero_Density,,,344b31f3-7fbe-46a6-a91d-40e0f267c322
W10-116(?),SP15-457,INSERT,15Mx457 WILLIAMS SPL,6,ROD16,400W,,,ddb7c2ad-ee62-4995-b982-250781e9d61e
W10-116(?),CNDT,CONDUIT,19MM CONDUIT,2,ROD19,Zero_Density,,,98cd0d86-9c0e-472d-9f06-356128192f4d
W10-116(?),EB-S-PL,PLATE,Single Plastic Electr,1,160*50.8,Zero_Density,,,7e2cda49-2dc0-4689-861d-ab09eeed5123
W10-116(?),EB-SQ-PL1,EMBED,Square Plastic Electr,1,160*160,Zero_Density,,,b2c13e52-680d-4138-9462-8c38765248a2
W10-116(?),P-205,ANCHOR,12000LB FORGED ANCHOR,2,PL15.88,A36,,,6ba3f0a4-4ae3-4fb2-b899-0c1f03d7bdde
W10-116(?),SLV-64-254,SLEEVE,64Ø x 254 PVC SLEEVE,1,ROD70,Zero_Density,,,597c6818-80b6-4b7e-b669-66adbd9bb017
W10-198,GT100-1219,GROUT_TUBE,100Øx1219 GROUT TUBE,9,ROD102,Zero_Density,,,7dc9ed27-bec7-48d5-b75d-97ce6fb51bc6
W10-198,SP30-1219,INSERT,30Mx1219 WILLIAMS SPL,3,ROD30.16,A706-GR.60,,,5c65ea65-dd9d-4ac8-ac80-2cf66b4105d2
W10-198,P-300,INSERT,19Ø INSERT (NC),3,ROD23.813,A36,,,3fae5c19-ac27-4de8-b310-106194b11d91
W10-198,P-205,ANCHOR,12000LB FORGED ANCHOR,2,PL15.88,A36,,,a0b18471-6b14-4b41-be96-8a3786da7f20
W10-119,P-300,INSERT,19Ø INSERT (NC),4,ROD23.813,A36,,,e9f469c0-f0a6-4267-a715-fa8c48237635
W10-119,GT75-1219,GROUT_TUBE,75Ø x 1219 GROUT TUBE,2,ROD76,Zero_Density,,,38ce87a7-1e20-4576-b4ac-be55fb9e4821
W10-119,GT75-686,GROUT_TUBE,75Ø x 686 GROUT TUBE,2,ROD76,Zero_Density,,,2abf8581-aac5-4e39-9385-f511f1c8457c
W10-119,SP15-457,INSERT,15Mx457 WILLIAMS SPL,9,ROD16,400W,,,3facf3f2-6374-4fcd-aa4b-0cc9b624aac9
W10-119,P-205,ANCHOR,12000LB FORGED ANCHOR,2,PL15.88,A36,,,1d330357-1369-4d83-92ba-b3cb50b21af5
W10-151,P-300,INSERT,19Ø INSERT (NC),4,ROD23.813,A36,,,e86124f8-2d82-4475-afc7-fdb18d554c71
W10-151,GT75-1219,GROUT_TUBE,75Ø x 1219 GROUT TUBE,2,ROD76,Zero_Density,,,bda1b1cf-d2d1-4edb-b867-d02de137e4e3
W10-151,SP25-1067,INSERT,SP25Mx1067 WILLIAMS S,2,ROD25.4,A706-GR.60,,,3863feac-4f81-4159-bd95-9e7d63053793
W10-151,GT75-686,GROUT_TUBE,75Ø x 686 GROUT TUBE,2,ROD76,Zero_Density,,,cc6ad7b5-2565-457e-8bc2-1ff62eea7303
W10-151,SP15-457,INSERT,15Mx457 WILLIAMS SPL,6,ROD16,400W,,,489aa84b-6442-45fb-b277-8bd5853abd7c
W10-151,P-205,ANCHOR,12000LB FORGED ANCHOR,2,PL15.88,A36,,,74ddc4f9-8eb6-471d-9ed9-140828a47272
W10-31,GT100-1219,GROUT_TUBE,100Øx1219 GROUT TUBE,12,ROD102,Zero_Density,,,d3d4b069-e8b4-467b-a85b-40bf2b515beb
W10-31,P-205,ANCHOR,12000LB FORGED ANCHOR,2,PL15.88,A36,,,b57a0c78-9de5-47f8-bee4-474264c01ad6
W10-31,SLV-64-254,SLEEVE,64Ø x 254 PVC SLEEVE,1,ROD70,Zero_Density,,,19037067-050d-4f78-bd9f-1f275a011f02
W10-31,SP30-1219,INSERT,30Mx1219 WILLIAMS SPL,3,ROD30.16,A706-GR.60,,,bf616b9b-618a-47e7-be3d-8d1bdcb218b1
W10-31,P-300,INSERT,19Ø INSERT (NC),3,ROD23.813,A36,,,242977c4-53ed-4e78-a203-dabd6948a08d
W10-121(?),GT100-1219,GROUT_TUBE,100Øx1219 GROUT TUBE,6,ROD102,Zero_Density,,,d1d02d79-1051-457f-8b58-b3565434f8e5
W10-121(?),P-300,INSERT,19Ø INSERT (NC),4,ROD23.813,A36,,,67236980-e828-4f90-87e9-0ba7647ee3ca
W10-121(?),P-220,EMBED,10Øx2743 AC 5625LB CA,1,CABLE9.53,Steel_Undefined,,,b48c26ff-d7bb-443c-94d0-b5302e5dc71f
W10-121(?),SP25-1067,INSERT,SP25Mx1067 WILLIAMS S,2,ROD25.4,A706-GR.60,,,d3b6b5cc-ee49-4c34-9fd1-cfd3b601147c
W10-105,P-205,ANCHOR,12000LB FORGED ANCHOR,2,PL15.88,A36,,,607bc694-e1fb-4f69-96f2-d7f00fd312e2
W10-105,P-300,INSERT,19Ø INSERT (NC),2,ROD23.813,A36,,,a04857cd-4a23-45a1-8a32-924fb76f96f5
W10-105,GT75-1219,GROUT_TUBE,75Ø x 1219 GROUT TUBE,3,ROD76,Zero_Density,,,be12c230-1727-450b-8a0e-319268bf0e22
W10-105,P-301,EMBED,19Ø EXP.  INS. (NC),1,ROD23.81,A36,,,4355d4a2-4d27-46cc-a8e0-39f2a0e4e76e
W10-105,SP25-1067,INSERT,SP25Mx1067 WILLIAMS S,3,ROD25.4,A706-GR.60,,,53851e32-ecb8-4f9c-b26d-bfafe5909a4e
P6-49,MPX13,EMBED,V REVEAL LARGE,1,TRIANGLE12.7*12.7,Misc_Undefined,,,4f7bfcd5-25cd-492b-b81e-9d1da9ee6bf9
P6-49,MPX14,EMBED,V REVEAL LARGE,1,TRIANGLE12.7*12.7,Misc_Undefined,,,edab900b-6e4e-4a87-8bfc-958621c5fec6
P6-49,MPX12,EMBED,MOUNTPART,1,TRIANGLE51.0*12.7,Misc_Undefined,,,a5bb5a53-e781-4649-a44b-390859c601ff
P6-49,CNDT,CONDUIT,19MM CONDUIT,2,ROD19,Zero_Density,,,b0f1812f-7f40-4766-b961-d948c246c2c6
P6-49,P-620,EMBED,6PL W/STUDS,1,PL101.6*6.35,A572-GR.50,,,1e2dedbd-8da8-4146-a32f-5257d7de072b
P6-49,GT76-152,GROUT_TUBE,76Øx152mm G.TUBE,6,ROD76.2,Zero_Density,,,0672461d-757e-44c6-aaf5-5ca3f1ce843c
P6-49,P-300,INSERT,19Ø INSERT (NC),15,ROD23.813,A36,,,3d3a1773-ce36-43f2-83a8-5784150938ec
P6-49,P-900-10,PLATE,25mm KNIFE PLATE,2,PL127*25,A572-GR.50,,,f3868ed9-032a-4ae7-9ad8-6a721a4949ad
P6-49,P-900-20,EMBED,,1,PD28.6*4.76,50W,,,ad18aee3-598e-47a5-913e-83ae4c688aaf
P6-49,P-900-30,EMBED,,1,STUD_3/4-DIA,A108-GR.90,,,9275aae4-47ae-446f-a24a-4a1fbaf788c4
P6-49,P-205,ANCHOR,12000LB FORGED ANCHOR,4,PL15.88,A36,,,36df087e-64d6-4e5a-9030-c7098055588b
P6-49,EB-S-PL,PLATE,Single Plastic Electr,2,160*50.8,Zero_Density,,,5172e8c5-50c8-4d72-9c44-47c2c3437b26
W10-60,CNDT,CONDUIT,19MM CONDUIT,3,ROD19,Zero_Density,,,a91bb961-d28d-4839-9a48-8876da04d594
W10-60,P-705,PLATE,13x203x203 PLATE,1,PL203*12.7,A572-GR.50,,,7088b092-9a03-4428-9944-4ca7a8358feb
W10-60,P-300,INSERT,19Ø INSERT (NC),4,ROD23.813,A36,,,96368e2b-825c-4219-b889-8616d36abc60
W10-60,SLV-102-254,SLEEVE,102Ø x 254 PVC SLEEVE,2,ROD108,Zero_Density,,,80f04e37-7127-4c80-aa3c-3627608fcaf5
W10-60,EB-O-PL1,EMBED,Octagon Plastic Elect,1,ROD160,Zero_Density,,,fbc27dbc-be35-4ad4-b813-15de861d4d01
W10-60,EB-S-PL,PLATE,Single Plastic Electr,1,160*50.8,Zero_Density,,,e05aaba0-d13c-4221-ade3-e7baa87ca0c7
W10-60,EB-SQ-PL1,EMBED,Square Plastic Electr,1,160*160,Zero_Density,,,46dec995-f8bf-4362-b192-3249cd4d4ac2
W10-60,P-205,ANCHOR,12000LB FORGED ANCHOR,2,PL15.88,A36,,,bef06747-48f9-47d7-b663-2e0c750415f5
W10-60,GT75-1219,GROUT_TUBE,75Ø x 1219 GROUT TUBE,7,ROD76,Zero_Density,,,3282627e-dbec-4882-a695-b22a5d1e5e48
W10-60,SP25-1067,INSERT,SP25Mx1067 WILLIAMS S,7,ROD25.4,A706-GR.60,,,4ef04149-2c8d-43dc-b00f-9c04a266c914
L-6,P-403,EMBED,L102X102X12.7 W/STUDS,1,L102X102X12.7,A572-GR.50,,,e8f2703f-a5e5-4b42-b84b-5b7165fb10fa
L-6,P-207,ANCHOR,4000LB T-BAR ANCHOR,4,PL15.88,A36,,,6e82dfd9-5251-45ff-96ba-14b11be3d39e
L-6,P-206,EMBED,,1,PL54,Steel_Undefined,,,bb2adde2-ac0b-41e7-8456-7bff0d724e38
BA-2,P-620,EMBED,6PL W/STUDS,1,PL101.6*6.35,A572-GR.50,,,14494043-ec85-48c9-a728-19a1077ce43c
BA-2,P-207,ANCHOR,4000LB T-BAR ANCHOR,4,PL15.88,A36,,,6776787c-9c20-4dfc-9c89-2fdf8972443c
BA-2,P-206,EMBED,,1,PL54,Steel_Undefined,,,e4bb45c2-a480-45d4-be23-21a986a1db20
BA-3,P-207,ANCHOR,4000LB T-BAR ANCHOR,4,PL15.88,A36,,,8487c1ac-a9eb-4d3c-b9af-4c7e9cd5ecd2
BA-3,P-206,EMBED,,1,PL54,Steel_Undefined,,,acb579a2-198a-437c-9064-16c62d420580
BA-1,P-204,ANCHOR,8000LB T-BAR ANCHOR,4,PL15.875,A36,,,9e8d201a-5def-41cd-adf8-2593b7e77b87
BA-12,P-207,ANCHOR,4000LB T-BAR ANCHOR,4,PL15.88,A36,,,701c2895-43d2-4d04-853c-634ad82af5a9
BA-12,P-206,EMBED,,1,PL54,Steel_Undefined,,,9daa079a-f70e-4948-b110-5c25978c2784
BA-5,P-207,ANCHOR,4000LB T-BAR ANCHOR,4,PL15.88,A36,,,f9fbf83f-586f-4c5a-abcb-938fd478322c
BA-5,P-206,EMBED,,1,PL54,Steel_Undefined,,,3b746265-c67c-43d8-9e1b-a9cc0a571fa9
BA-6,P-207,ANCHOR,4000LB T-BAR ANCHOR,4,PL15.88,A36,,,4598adc4-9d67-49a6-ab18-bc6fed27cc1d
BA-6,P-206,EMBED,,1,PL54,Steel_Undefined,,,95a9e610-a097-4c2b-948b-807d530354f8
BA-4,P-207,ANCHOR,4000LB T-BAR ANCHOR,4,PL15.88,A36,,,01d178f5-f015-46ea-a922-97b4bf286bb2
BA-4,P-206,EMBED,,1,PL54,Steel_Undefined,,,d9cf448a-a45e-4c4a-b462-fedd0652b096
L-2,GT75-254,GROUT_TUBE,75Ø GROUT TUBE x 254,1,ROD76.2,Zero_Density,,,2596f280-44b7-4286-a083-a77cf565c152
L-2,P-403,EMBED,L102X102X12.7 W/STUDS,1,L102X102X12.7,A572-GR.50,,,56b18a31-95a4-452d-b4bf-76e1bde07b75
L-2,P-207,ANCHOR,4000LB T-BAR ANCHOR,4,PL15.88,A36,,,763c2785-3015-48e1-b208-c7ccb048c1dc
L-2,P-206,EMBED,,1,PL54,Steel_Undefined,,,9943f0b2-be45-47db-b304-22376fc9364a
L-2,SLV-102-254,SLEEVE,102Ø x 254 PVC SLEEVE,1,ROD108,Zero_Density,,,8441f091-8531-4249-8f2d-88adf346a6cc
L-2,SLV-152-254,SLEEVE,152Ø x 254 PVC SLEEVE,1,ROD160,Zero_Density,,,cc441704-e76d-4845-9a56-2dcdbae388e7
L-3,GT75-254,GROUT_TUBE,75Ø GROUT TUBE x 254,1,ROD76.2,Zero_Density,,,02577a29-cc7b-4bc1-8084-19b633e09fd0
L-3,P-403,EMBED,L102X102X12.7 W/STUDS,1,L102X102X12.7,A572-GR.50,,,f830af74-c271-4770-9404-27d31825a13b
L-3,P-207,ANCHOR,4000LB T-BAR ANCHOR,4,PL15.88,A36,,,172cf4c1-f4a7-48a5-8299-08fc8460ae08
L-3,P-206,EMBED,,1,PL54,Steel_Undefined,,,0aff3c05-c9ab-49d3-ac27-0905fb69ca02
L-3,SLV-152-254,SLEEVE,152Ø x 254 PVC SLEEVE,1,ROD160,Zero_Density,,,87616d5e-e6bb-4df8-a0f9-4ddc059c8f75
L-1,GT75-254,GROUT_TUBE,75Ø GROUT TUBE x 254,1,ROD76.2,Zero_Density,,,3dc77d41-05c2-4a5f-a228-7a63fd0f5e08
L-1,P-403,EMBED,L102X102X12.7 W/STUDS,1,L102X102X12.7,A572-GR.50,,,913677ea-e753-449c-8730-b5962017c459
L-1,P-207,ANCHOR,4000LB T-BAR ANCHOR,4,PL15.88,A36,,,209ce317-d1b7-46e3-8e77-4902a261baf0
L-1,P-206,EMBED,,1,PL54,Steel_Undefined,,,96d51274-e3ba-44c8-afe5-783d8842a4b3
L-1,SLV-152-254,SLEEVE,152Ø x 254 PVC SLEEVE,1,ROD160,Zero_Density,,,ec778128-fd60-4442-815e-ccac5d53c371
L-5,GT75-254,GROUT_TUBE,75Ø GROUT TUBE x 254,1,ROD76.2,Zero_Density,,,6f105bef-ef57-43be-8b8b-5241c68efcad
L-5,P-403,EMBED,L102X102X12.7 W/STUDS,1,L102X102X12.7,A572-GR.50,,,21a01f82-db44-441a-bccc-c83b3ef2da8a
L-5,P-207,ANCHOR,4000LB T-BAR ANCHOR,4,PL15.88,A36,,,b355fc8c-9a0e-4ccc-90bb-96eca81136e5
L-5,P-206,EMBED,,1,PL54,Steel_Undefined,,,ee634299-1e29-4730-9976-f0f0741f04cc
L-5,SLV-152-254,SLEEVE,152Ø x 254 PVC SLEEVE,1,ROD160,Zero_Density,,,67bbdcaa-249b-4014-a5d1-36283c80ae4e
L-4,GT75-254,GROUT_TUBE,75Ø GROUT TUBE x 254,1,ROD76.2,Zero_Density,,,141f2f30-9d7d-478b-ab8c-590c3c4364a1
L-4,P-403,EMBED,L102X102X12.7 W/STUDS,1,L102X102X12.7,A572-GR.50,,,89541242-d7d0-46e7-b186-0f647267e07f
L-4,P-207,ANCHOR,4000LB T-BAR ANCHOR,4,PL15.88,A36,,,84274df7-5d36-4316-b932-d06e18e8ef5f
L-4,P-206,EMBED,,1,PL54,Steel_Undefined,,,ac8400c6-63d5-4c4c-be6c-eb60ccb687f3
L-4,SLV-102-254,SLEEVE,102Ø x 254 PVC SLEEVE,1,ROD108,Zero_Density,,,c879ddba-7c5c-4d15-a3d6-b1c2345446c6
L-4,SLV-152-254,SLEEVE,152Ø x 254 PVC SLEEVE,1,ROD160,Zero_Density,,,0c101008-4e5c-45cf-9ec7-970f111b4c8f
SR-1,P-206,EMBED,4000LB LIFTER W/10M V,1,PL69.85*9.53,A36,,,fe8e8e0d-25fc-42d2-aa6a-c54a738caff2
SR-2,P-206,EMBED,4000LB LIFTER W/10M V,1,PL69.85*9.53,A36,,,5b06539a-2839-4c31-968a-458793900491
W10-165,MPX11,EMBED,V REVEAL LARGE,1,TRIANGLE12.7*12.7,Misc_Undefined,,,264cdfbf-bd6f-4c81-8911-065723ceb95e
W10-165,P-300,INSERT,19Ø INSERT (NC),5,ROD23.813,A36,,,571d9f22-d517-439a-9c58-e69d3ef69820
W10-165,GT75-1219,GROUT_TUBE,75Ø x 1219 GROUT TUBE,8,ROD76,Zero_Density,,,f0f51e6f-23be-4dbf-9c05-07a3b985c798
W10-165,GT75-686,GROUT_TUBE,75Ø x 686 GROUT TUBE,2,ROD76,Zero_Density,,,c13651ba-a0be-4522-b8ef-fc2276c19496
W10-165,GT100-1219,GROUT_TUBE,100Øx1219 GROUT TUBE,3,ROD102,Zero_Density,,,fcd7e68c-78b9-456f-a976-5e375ea150bf
W10-165,SP30-1219,INSERT,30Mx1219 WILLIAMS SPL,1,ROD30.16,A706-GR.60,,,429d7bf7-53f5-46fe-b579-3b3f4659dae7
W10-165,SP25-1067,INSERT,SP25Mx1067 WILLIAMS S,8,ROD25.4,A706-GR.60,,,8d47d5d3-c889-44e9-b9a3-9db23e9d77ef
W10-165,SP15-457,INSERT,15Mx457 WILLIAMS SPL,6,ROD16,400W,,,2c12a6e0-ebde-4711-96db-7072bcdba689
W10-165,GT76-254,GROUT_TUBE,76Øx254mm G.TUBE,6,ROD76.2,Zero_Density,,,1d4a92c9-b0b4-437a-befa-67d562d901bf
W10-165,CNDT,CONDUIT,19MM CONDUIT,1,ROD19,Zero_Density,,,11bb9520-3ed3-46b8-8ce5-27fb72e15d50
W10-165,EB-S-PL,PLATE,Single Plastic Electr,1,160*50.8,Zero_Density,,,f86fa17e-9ecf-41fe-a9e6-22de2ed046a9
W10-165,P-602,EMBED,13PL. W/STUD,1,PL101.6*12.7,A572-GR.50,,,165788c5-45ce-458a-b249-d6d6bcef9b48
W10-165,P-205,ANCHOR,12000LB FORGED ANCHOR,4,PL15.88,A36,,,9947272e-2026-475d-9847-05534db63632
W10-34,MPX3,EMBED,V REVEAL LARGE,1,TRIANGLE12.7*12.7,Misc_Undefined,,,d2f186c6-7582-4456-ade3-1131f9fff0ac
W10-34,GT100-686,GROUT_TUBE,100Øx686 GROUT TUBE,6,ROD102,Zero_Density,,,d07345a0-4bc6-4f38-bd60-acbe3d83e311
W10-34,GT100-1219,GROUT_TUBE,100Øx1219 GROUT TUBE,27,ROD102,Zero_Density,,,e2270bf4-05ed-41be-83a0-764903babe03
W10-34,P-300,INSERT,19Ø INSERT (NC),5,ROD23.813,A36,,,57b17aa7-e2e8-4847-96c3-7d0313f123fe
W10-34,SP25-1067,INSERT,SP25Mx1067 WILLIAMS S,8,ROD25.4,A706-GR.60,,,3ff01528-e421-4569-bc00-1e6c915eec29
W10-34,SP15-457,INSERT,15Mx457 WILLIAMS SPL,6,ROD16,400W,,,9ff35318-0821-45eb-9287-16a21231425c
W10-34,SP30-1219,INSERT,30Mx1219 WILLIAMS SPL,1,ROD30.16,A706-GR.60,,,ff3671dc-e5d3-4f28-9b3d-b1417bd9a89c
W10-34,P-205,ANCHOR,12000LB FORGED ANCHOR,4,PL15.88,A36,,,e335e868-0a04-43ad-9719-e5e8f595f5ee
W10-34,GT76-254,GROUT_TUBE,76Øx254mm G.TUBE,2,ROD76.2,Zero_Density,,,75d3bca1-f36b-48a2-b2ee-e2529537a3a7
W10-46(?),P-300,INSERT,19Ø INSERT (NC),4,ROD23.813,A36,,,a1218298-c8b0-4def-9f22-aa31f2aaf204
W10-46(?),SP25-1067,INSERT,SP25Mx1067 WILLIAMS S,2,ROD25.4,A706-GR.60,,,938c9f94-c941-413f-a432-2f61cbedb08b
W10-46(?),SP15-457,INSERT,15Mx457 WILLIAMS SPL,3,ROD16,400W,,,e32f847e-4533-4905-9a6d-db439beb616e
W10-46(?),P-705,PLATE,13x203x203 PLATE,1,PL203*12.7,A572-GR.50,,,aa2de8d8-f695-4641-b106-e9bbb3fb1419
W10-46(?),GT100-1219,GROUT_TUBE,100Øx1219 GROUT TUBE,6,ROD102,Zero_Density,,,16bfb14c-6604-4f56-a26f-485dc04a097c
W10-46(?),P-205,ANCHOR,12000LB FORGED ANCHOR,2,PL15.88,A36,,,39e709a1-3c3b-41b4-8f81-72f4315343fc
P6-40,P-620,EMBED,6PL W/STUDS,1,PL101.6*6.35,A572-GR.50,,,b1df2f0a-a6d2-4a8c-9d22-d5c6b9a163bf
P6-40,P-300,INSERT,19Ø INSERT (NC),10,ROD23.813,A36,,,b485691b-4560-4760-85d8-cdc851e88e32
P6-40,P-900-10,PLATE,25mm KNIFE PLATE,1,PL127*25,A572-GR.50,,,46276581-0233-440c-a20d-ac1b565e9dfa
P6-40,P-900-20,EMBED,,1,PD28.6*4.76,50W,,,f1080c29-1663-448d-acfb-bd187492692f
P6-40,P-900-30,EMBED,,1,STUD_3/4-DIA,A108-GR.90,,,e030d4e3-b9ae-4a58-a2ec-841cdb5d6fb1
P6-40,P-742-10,PLATE,19PL KNIFE PLATE,1,PL114.3*19.05,A572-GR.50,,,916102e8-47a2-4fa9-91f3-df39e9b2fdb4
P6-40,P-742-20,EMBED,,1,PD28.6*4.76,50W,,,8a57a03d-4d21-4a01-baef-98ab432e3e9b
P6-40,P-742-30,EMBED,,1,STUD_3/4-DIA,A108-GR.90,,,770a4339-8eef-4628-88f9-ebaf2f17b25d
P6-40,P-205,ANCHOR,12000LB FORGED ANCHOR,4,PL15.88,A36,,,6474cdcc-6fca-42c0-8a7d-5dfe7228807f
P6-42,P-620,EMBED,6PL W/STUDS,1,PL101.6*6.35,A572-GR.50,,,d2dabd90-2d98-4cef-8562-0469b93af484
P6-42,P-300,INSERT,19Ø INSERT (NC),10,ROD23.813,A36,,,e0786034-da88-4a01-9328-00ecf61f9477
P6-42,P-900-10,PLATE,25mm KNIFE PLATE,1,PL127*25,A572-GR.50,,,9c810ec5-e5a6-49f3-b8a3-fecdb1d154f3
P6-42,P-900-20,EMBED,,1,PD28.6*4.76,50W,,,0c426052-50fb-498b-a936-dd4521a8d012
P6-42,P-900-30,EMBED,,1,STUD_3/4-DIA,A108-GR.90,,,e1786eac-0b48-4253-a2b2-1ff53fc8e5d7
P6-42,P-743-10,PLATE,19PL KNIFE PLATE.,1,PL114.3*19.05,A572-GR.50,,,c816f299-7045-474c-829b-55b4adc0aa44
P6-42,P-743-20,EMBED,,1,PD28.6*4.76,50W,,,6e98c6f1-3cb0-494c-8c76-b4f74079590e
P6-42,P-743-30,EMBED,,1,STUD_3/4-DIA,A108-GR.90,,,ec6c75bb-c1ef-433e-88de-5f54b186b062
P6-42,P-205,ANCHOR,12000LB FORGED ANCHOR,4,PL15.88,A36,,,7fbe5588-c62a-49b2-91d2-369ba872d816
P6-39,P-620,EMBED,6PL W/STUDS,1,PL101.6*6.35,A572-GR.50,,,7e43133e-6173-4349-b586-1e271add0f2c
P6-39,P-300,INSERT,19Ø INSERT (NC),10,ROD23.813,A36,,,c1f8de77-850c-46be-9099-f0d9910bdbe7
P6-39,P-900-10,PLATE,25mm KNIFE PLATE,1,PL127*25,A572-GR.50,,,be4af4cd-4831-4ccf-9a5e-dada9c075722
P6-39,P-900-20,EMBED,,1,PD28.6*4.76,50W,,,11d3916a-ac13-46d8-a6ce-27759d1536c8
P6-39,P-900-30,EMBED,,1,STUD_3/4-DIA,A108-GR.90,,,96dfb017-f273-4ce1-bae3-4d2cd34d33cc
P6-39,P-742-10,PLATE,19PL KNIFE PLATE,1,PL114.3*19.05,A572-GR.50,,,2a5c0a2b-441b-47df-b124-fde744394e3f
P6-39,P-742-20,EMBED,,1,PD28.6*4.76,50W,,,5235c15f-36c7-413d-90b1-c98b5bcb9294
P6-39,P-742-30,EMBED,,1,STUD_3/4-DIA,A108-GR.90,,,bb8c11d3-2b6e-4953-b498-a956afd46481
P6-39,P-205,ANCHOR,12000LB FORGED ANCHOR,4,PL15.88,A36,,,fe8ad40a-fd1b-47ce-b704-db9528d55b2c
P6-41,P-620,EMBED,6PL W/STUDS,1,PL101.6*6.35,A572-GR.50,,,21da6004-5ce0-4e01-8393-ece6ebea7d09
P6-41,P-300,INSERT,19Ø INSERT (NC),10,ROD23.813,A36,,,a629ee76-fd63-4d2e-9711-0c451936581f
P6-41,P-900-10,PLATE,25mm KNIFE PLATE,1,PL127*25,A572-GR.50,,,521012df-ec0e-477e-9b00-517f4e8bc575
P6-41,P-900-20,EMBED,,1,PD28.6*4.76,50W,,,9be0704f-0b0a-4a54-8a3b-685f1aa85102
P6-41,P-900-30,EMBED,,1,STUD_3/4-DIA,A108-GR.90,,,882ab44a-d68c-4dac-ad96-1f004b521389
P6-41,P-743-10,PLATE,19PL KNIFE PLATE.,1,PL114.3*19.05,A572-GR.50,,,6675787f-7efd-4bb6-8cf5-09755128cbb8
P6-41,P-743-20,EMBED,,1,PD28.6*4.76,50W,,,800dac65-21a7-46db-adfc-ba1050c19402
P6-41,P-743-30,EMBED,,1,STUD_3/4-DIA,A108-GR.90,,,0b0567b1-5783-4fad-87c3-0267800fd1aa
P6-41,P-205,ANCHOR,12000LB FORGED ANCHOR,4,PL15.88,A36,,,5eea763e-938a-4128-a8ef-0ba8de94e4f9
P6-38,P-620,EMBED,6PL W/STUDS,1,PL101.6*6.35,A572-GR.50,,,428a285a-e42c-45d8-9718-bae78e654cc6
P6-38,P-300,INSERT,19Ø INSERT (NC),10,ROD23.813,A36,,,42aa1043-b27b-42b9-bebf-50e6386ee460
P6-38,P-900-10,PLATE,25mm KNIFE PLATE,1,PL127*25,A572-GR.50,,,846eaa40-0817-49cc-9389-6a87a0df5cba
P6-38,P-900-20,EMBED,,1,PD28.6*4.76,50W,,,400b9a1e-cebd-4226-8110-edfe09fb7d3a
P6-38,P-900-30,EMBED,,1,STUD_3/4-DIA,A108-GR.90,,,3cca118c-9d4e-4900-888a-e791fbed8f34
P6-38,P-742-10,PLATE,19PL KNIFE PLATE,1,PL114.3*19.05,A572-GR.50,,,8f8549c2-a991-4604-b222-664349767186
P6-38,P-742-20,EMBED,,1,PD28.6*4.76,50W,,,1cff5c8c-30ef-4448-9aa1-1af26bb955be
P6-38,P-742-30,EMBED,,1,STUD_3/4-DIA,A108-GR.90,,,c17b9b1d-169a-4b97-a89a-6b8afb1e2ebf
P6-38,P-205,ANCHOR,12000LB FORGED ANCHOR,4,PL15.88,A36,,,c19b0d99-cccb-4b87-977a-6c4d241561e9
P6-44,P-620,EMBED,6PL W/STUDS,1,PL101.6*6.35,A572-GR.50,,,66c227cf-e214-4af3-b8e2-3f59801c8134
P6-44,P-300,INSERT,19Ø INSERT (NC),10,ROD23.813,A36,,,e8b3da12-952b-4ba4-9e77-70ff1c8da3ba
P6-44,P-900-10,PLATE,25mm KNIFE PLATE,1,PL127*25,A572-GR.50,,,fb32db06-fe61-4606-a245-1781d7890e5c
P6-44,P-900-20,EMBED,,1,PD28.6*4.76,50W,,,1e033a1a-75d9-4061-85d5-8eff1f231ed2
P6-44,P-900-30,EMBED,,1,STUD_3/4-DIA,A108-GR.90,,,bb813347-578c-4c5f-8890-4aed555db31b
P6-44,P-743-10,PLATE,19PL KNIFE PLATE.,1,PL114.3*19.05,A572-GR.50,,,07fed0bc-649e-4e8c-9f91-f07adcef20a9
P6-44,P-743-20,EMBED,,1,PD28.6*4.76,50W,,,54311647-8d6b-4e65-b200-c539a575e7b7
P6-44,P-743-30,EMBED,,1,STUD_3/4-DIA,A108-GR.90,,,07f9f24e-ffc8-4d3f-be75-fa987e1e317c
P6-44,P-205,ANCHOR,12000LB FORGED ANCHOR,4,PL15.88,A36,,,0f697935-c036-454c-9ca1-40e7f23d7c91
P6-35,P-620,EMBED,6PL W/STUDS,1,PL101.6*6.35,A572-GR.50,,,f20bcc77-829c-483b-afda-29af02e2d419
P6-35,P-300,INSERT,19Ø INSERT (NC),10,ROD23.813,A36,,,0240cee3-47fa-4225-9d0b-e657e41a425f
P6-35,P-900-10,PLATE,25mm KNIFE PLATE,1,PL127*25,A572-GR.50,,,f4f676de-e967-4d90-8287-86e5951fa8f3
P6-35,P-900-20,EMBED,,1,PD28.6*4.76,50W,,,742cd468-4299-4b94-b149-b47b50846f15
P6-35,P-900-30,EMBED,,1,STUD_3/4-DIA,A108-GR.90,,,b05e73e4-aa31-4577-bd15-5d90b1921bc8
P6-35,P-742-10,PLATE,19PL KNIFE PLATE,1,PL114.3*19.05,A572-GR.50,,,3e3533b9-fb46-45ab-b110-6ad91581c420
P6-35,P-742-20,EMBED,,1,PD28.6*4.76,50W,,,49ca5d35-0fcb-44df-8052-afe217e45745
P6-35,P-742-30,EMBED,,1,STUD_3/4-DIA,A108-GR.90,,,fda19b7c-ef15-4ef0-bf3e-5af7d3903411
P6-35,P-205,ANCHOR,12000LB FORGED ANCHOR,4,PL15.88,A36,,,d385f873-4246-435b-a798-65353adede93
P6-36,P-620,EMBED,6PL W/STUDS,1,PL101.6*6.35,A572-GR.50,,,0e7dd456-15d5-4197-891d-1b5adda675e8
P6-36,P-300,INSERT,19Ø INSERT (NC),10,ROD23.813,A36,,,c391ee44-84d4-40a8-b5d0-f97e4e7c000b
P6-36,P-900-10,PLATE,25mm KNIFE PLATE,1,PL127*25,A572-GR.50,,,bdb89344-de6b-42c4-9471-b09eb156063f
P6-36,P-900-20,EMBED,,1,PD28.6*4.76,50W,,,49adea67-5850-4e51-a480-3500c47db0ac
P6-36,P-900-30,EMBED,,1,STUD_3/4-DIA,A108-GR.90,,,923040a4-a654-4510-8f83-69566293322d
P6-36,P-743-10,PLATE,19PL KNIFE PLATE.,1,PL114.3*19.05,A572-GR.50,,,c99f12d8-2bc1-408d-8636-acf340de009b
P6-36,P-743-20,EMBED,,1,PD28.6*4.76,50W,,,4828464c-6641-41a6-85d4-ef5d22dfe31b
P6-36,P-743-30,EMBED,,1,STUD_3/4-DIA,A108-GR.90,,,fefd4128-f4bd-4aea-b4a8-331c68a8ba1a
P6-36,P-205,ANCHOR,12000LB FORGED ANCHOR,4,PL15.88,A36,,,a1c83c5f-8e7b-4aff-abf4-f717f51bbe6e
P6-28,P-620,EMBED,6PL W/STUDS,1,PL101.6*6.35,A572-GR.50,,,a29bcb0e-508a-4df1-a2c1-554af6471a9b
P6-28,P-300,INSERT,19Ø INSERT (NC),10,ROD23.813,A36,,,7ff73783-0b70-4c55-a8a6-c23a6cf0ce31
P6-28,P-900-10,PLATE,25mm KNIFE PLATE,1,PL127*25,A572-GR.50,,,1d8abf20-4913-4115-bc9d-dcedd2f947b4
P6-28,P-900-20,EMBED,,1,PD28.6*4.76,50W,,,747d7112-9098-450a-8dea-d6caa2df6b30
P6-28,P-900-30,EMBED,,1,STUD_3/4-DIA,A108-GR.90,,,7b04c281-537b-47db-ac24-bed726d168ef
P6-28,P-742-10,PLATE,19PL KNIFE PLATE,1,PL114.3*19.05,A572-GR.50,,,3e9c6f32-334d-4fde-9f0c-c83d3cbae281
P6-28,P-742-20,EMBED,,1,PD28.6*4.76,50W,,,9b0d50c4-e281-40df-998e-2e6d53fb34c5
P6-28,P-742-30,EMBED,,1,STUD_3/4-DIA,A108-GR.90,,,2d2ff523-d056-4eee-9847-2069a6824af8
P6-28,P-205,ANCHOR,12000LB FORGED ANCHOR,4,PL15.88,A36,,,b6a88047-61bc-4fd7-b9d2-e658397a7510
P6-20,P-620,EMBED,6PL W/STUDS,1,PL101.6*6.35,A572-GR.50,,,a26ac1ad-e858-47d6-9afb-e3184920e5ce
P6-20,P-300,INSERT,19Ø INSERT (NC),10,ROD23.813,A36,,,a5fcbe55-4d63-4ef1-95a4-d1d677789ecb
P6-20,P-900-10,PLATE,25mm KNIFE PLATE,1,PL127*25,A572-GR.50,,,55a10ed4-a577-44d2-b1a4-0f2c23eb9500
P6-20,P-900-20,EMBED,,1,PD28.6*4.76,50W,,,e14c4b24-1780-4579-af59-a7898d8df7af
P6-20,P-900-30,EMBED,,1,STUD_3/4-DIA,A108-GR.90,,,8fe8b210-222c-4548-aeaf-a144ac6b0c8d
P6-20,P-743-10,PLATE,19PL KNIFE PLATE.,1,PL114.3*19.05,A572-GR.50,,,375d530e-18ff-43ca-9faf-d57534b245c0
P6-20,P-743-20,EMBED,,1,PD28.6*4.76,50W,,,efac6e54-a46e-4383-8a51-8b80ccb99429
P6-20,P-743-30,EMBED,,1,STUD_3/4-DIA,A108-GR.90,,,8ed1f516-8ece-4c7b-a8c8-ec9072445d2a
P6-20,P-205,ANCHOR,12000LB FORGED ANCHOR,4,PL15.88,A36,,,1435c031-c749-48f9-8da6-a17fc1c594d0
P6-32,P-620,EMBED,6PL W/STUDS,1,PL101.6*6.35,A572-GR.50,,,83c4b61c-ee9b-457a-9af2-944768dd725c
P6-32,P-900-10,PLATE,25mm KNIFE PLATE,1,PL127*25,A572-GR.50,,,10031bd0-698e-4213-8bd0-f0241c93fae3
P6-32,P-900-20,EMBED,,1,PD28.6*4.76,50W,,,b26fca75-db6a-44ad-ac67-096b24434773
P6-32,P-900-30,EMBED,,1,STUD_3/4-DIA,A108-GR.90,,,129868be-4e07-4993-a5a7-237ffa901338
P6-32,P-742-10,PLATE,19PL KNIFE PLATE,1,PL114.3*19.05,A572-GR.50,,,107a2371-403c-4aa1-9d2e-19859aa7be3e
P6-32,P-742-20,EMBED,,1,PD28.6*4.76,50W,,,ee4fc05b-3733-4cf3-aa55-58c0b5c17524
P6-32,P-742-30,EMBED,,1,STUD_3/4-DIA,A108-GR.90,,,3cee4a53-e1e2-4e7c-93ba-b39da65b1f7e
P6-32,P-300,INSERT,19Ø INSERT (NC),10,ROD23.813,A36,,,9a77d116-d6be-4847-a139-34a802b57960
P6-32,P-205,ANCHOR,12000LB FORGED ANCHOR,4,PL15.88,A36,,,060bcf79-f3aa-450d-8c2b-eb64820d22cb
P6-18,P-620,EMBED,6PL W/STUDS,1,PL101.6*6.35,A572-GR.50,,,765c6d80-dede-4f64-ae8a-82ab139ede53
P6-18,P-300,INSERT,19Ø INSERT (NC),10,ROD23.813,A36,,,ca55e209-0759-441e-a2d8-1fec4d6287ab
P6-18,P-900-10,PLATE,25mm KNIFE PLATE,1,PL127*25,A572-GR.50,,,b1833f53-450c-4e81-9385-345cbd854a82
P6-18,P-900-20,EMBED,,1,PD28.6*4.76,50W,,,a63d6c6e-7e83-4d8b-a45d-b494d12439b8
P6-18,P-900-30,EMBED,,1,STUD_3/4-DIA,A108-GR.90,,,84f751c2-e7bf-465b-beec-6d0114d5c996
P6-18,P-743-10,PLATE,19PL KNIFE PLATE.,1,PL114.3*19.05,A572-GR.50,,,2578e53b-b8c3-469a-9922-6f1a60af0ea8
P6-18,P-743-20,EMBED,,1,PD28.6*4.76,50W,,,a570f264-d57d-420d-b974-089e98ab9d14
P6-18,P-743-30,EMBED,,1,STUD_3/4-DIA,A108-GR.90,,,4fda2e8c-62d7-49b3-a73d-285f3d77c57c
P6-18,P-205,ANCHOR,12000LB FORGED ANCHOR,4,PL15.88,A36,,,723db1c6-3336-4cd2-8d68-e87a635129a8
W10-94,P-300,INSERT,19Ø INSERT (NC),4,ROD23.813,A36,,,16f70d27-da74-4f05-9f08-b29e6529456c
W10-94,GT75-1219,GROUT_TUBE,75Ø x 1219 GROUT TUBE,2,ROD76,Zero_Density,,,a7e6f199-29cb-467a-b7d2-750bed0dad96
W10-94,GT75-686,GROUT_TUBE,75Ø x 686 GROUT TUBE,1,ROD76,Zero_Density,,,5ebe87ac-a053-4c2a-8865-31c82cc8a421
W10-94,P-705,PLATE,13x203x203 PLATE,1,PL203*12.7,A572-GR.50,,,702ad99d-9121-4224-839a-4031d9899c33
W10-94,P-205,ANCHOR,12000LB FORGED ANCHOR,2,PL15.88,A36,,,dc919a1f-98db-483c-8b9a-dd7ecc39b66d
W10-189,P-300,INSERT,19Ø INSERT (NC),4,ROD23.813,A36,,,ed448066-3ca6-4bb7-ac57-6d58cc6f8183
W10-189,GT75-1219,GROUT_TUBE,75Ø x 1219 GROUT TUBE,2,ROD76,Zero_Density,,,276c8e90-568c-46dd-a537-39e14c916d54
W10-189,GT75-686,GROUT_TUBE,75Ø x 686 GROUT TUBE,1,ROD76,Zero_Density,,,6883838e-8462-4279-8ed4-54c3c7d71731
W10-189,SP25-1067,INSERT,SP25Mx1067 WILLIAMS S,2,ROD25.4,A706-GR.60,,,626dc244-002e-4ff6-9582-84a72a228368
W10-189,SP15-457,INSERT,15Mx457 WILLIAMS SPL,3,ROD16,400W,,,fb5ae303-c6a0-4b41-918a-25a5b724cc45
W10-189,P-705,PLATE,13x203x203 PLATE,1,PL203*12.7,A572-GR.50,,,71a619d3-4bf6-4cc6-a362-7cae94fb3f90
W10-189,P-205,ANCHOR,12000LB FORGED ANCHOR,2,PL15.88,A36,,,ffba48c2-1324-46aa-b8a8-0fa14033020d
P6-46,P-620,EMBED,6PL W/STUDS,1,PL101.6*6.35,A572-GR.50,,,79e56c60-5943-4c67-8642-18b26e3a0046
P6-46,P-300,INSERT,19Ø INSERT (NC),10,ROD23.813,A36,,,7eaa74b3-1498-4735-a700-857b35adf881
P6-46,P-900-10,PLATE,25mm KNIFE PLATE,1,PL127*25,A572-GR.50,,,ef07e0c1-5e91-499c-ac87-7d601d0e4383
P6-46,P-900-20,EMBED,,1,PD28.6*4.76,50W,,,71cd8c85-21ed-42dc-af79-3628826c32be
P6-46,P-900-30,EMBED,,1,STUD_3/4-DIA,A108-GR.90,,,590f28f2-3fd0-4b99-a9a1-bf9c82e1ad85
P6-46,P-743-10,PLATE,19PL KNIFE PLATE.,1,PL114.3*19.05,A572-GR.50,,,09699a8e-ed70-4d55-8d79-ee44e353e964
P6-46,P-743-20,EMBED,,1,PD28.6*4.76,50W,,,3c862a5f-276e-40bb-8bc0-f97aa00f932c
P6-46,P-743-30,EMBED,,1,STUD_3/4-DIA,A108-GR.90,,,9a35308c-eac9-4b3a-a3fe-38c39c885dbf
P6-46,P-205,ANCHOR,12000LB FORGED ANCHOR,4,PL15.88,A36,,,8d549142-ef26-4665-84f0-80c8f7c1c86b
P6-45,P-620,EMBED,6PL W/STUDS,1,PL101.6*6.35,A572-GR.50,,,6b6d75e8-208c-4908-8d20-07711cb2ff77
P6-45,P-300,INSERT,19Ø INSERT (NC),10,ROD23.813,A36,,,a27f76a6-bea7-4bc3-b7b3-98022671585f
P6-45,P-900-10,PLATE,25mm KNIFE PLATE,1,PL127*25,A572-GR.50,,,855b0821-a952-411c-8dca-202b4327d3c4
P6-45,P-900-20,EMBED,,1,PD28.6*4.76,50W,,,cd88903e-2a7d-4d38-afea-82b97879bfd2
P6-45,P-900-30,EMBED,,1,STUD_3/4-DIA,A108-GR.90,,,65547c27-9765-4ea0-aa9b-6998b155b508
P6-45,P-742-10,PLATE,19PL KNIFE PLATE,1,PL114.3*19.05,A572-GR.50,,,e96a37cc-16c5-40ae-ab6c-e24478d800ee
P6-45,P-742-20,EMBED,,1,PD28.6*4.76,50W,,,c9ab84ba-d491-41d0-8c2c-7d49ef5c9749
P6-45,P-742-30,EMBED,,1,STUD_3/4-DIA,A108-GR.90,,,df2cc5c1-e70a-4ae5-9948-1b0e213623cb
P6-45,P-205,ANCHOR,12000LB FORGED ANCHOR,4,PL15.88,A36,,,a8d4f57b-e3b5-4b90-9fb4-100266f96ae4
P6-43,P-620,EMBED,6PL W/STUDS,1,PL101.6*6.35,A572-GR.50,,,500f2fa9-0fae-4bc9-b2a4-6640a774545d
P6-43,P-300,INSERT,19Ø INSERT (NC),10,ROD23.813,A36,,,fc6abd3b-da40-494e-9d2d-908df8bc1b15
P6-43,P-900-10,PLATE,25mm KNIFE PLATE,1,PL127*25,A572-GR.50,,,c2a06e19-f0bf-47e1-a392-dce7e00cae03
P6-43,P-900-20,EMBED,,1,PD28.6*4.76,50W,,,87669cde-41d2-4c54-abac-9408bf2bb1c7
P6-43,P-900-30,EMBED,,1,STUD_3/4-DIA,A108-GR.90,,,e5620b1f-0869-483b-b5fd-b954cd14cab2
P6-43,P-743-10,PLATE,19PL KNIFE PLATE.,1,PL114.3*19.05,A572-GR.50,,,c06330ad-b9a6-47de-b3c5-fe735eb327d2
P6-43,P-743-20,EMBED,,1,PD28.6*4.76,50W,,,c03ff68a-95c7-404a-83b5-6ab7743fe2bf
P6-43,P-743-30,EMBED,,1,STUD_3/4-DIA,A108-GR.90,,,e8317ac9-1eea-4a1a-9582-7fb29f5d3289
P6-43,P-205,ANCHOR,12000LB FORGED ANCHOR,4,PL15.88,A36,,,132932be-cd42-4e1f-85c5-447be9d2d3f9
P6-33,P-620,EMBED,6PL W/STUDS,1,PL101.6*6.35,A572-GR.50,,,452977c6-cc39-4a11-b791-023aa2af0da3
P6-33,P-300,INSERT,19Ø INSERT (NC),10,ROD23.813,A36,,,1ebc8054-8fdd-4e2d-ba5f-274e8c63e324
P6-33,P-900-10,PLATE,25mm KNIFE PLATE,1,PL127*25,A572-GR.50,,,3c7eba62-3f3f-4247-bdaa-eacf26df42dd
P6-33,P-900-20,EMBED,,1,PD28.6*4.76,50W,,,ffeac079-adad-45ca-9a00-86de5ba846dc
P6-33,P-900-30,EMBED,,1,STUD_3/4-DIA,A108-GR.90,,,e394d802-d012-4d96-8d96-65c78751fac2
P6-33,P-742-10,PLATE,19PL KNIFE PLATE,1,PL114.3*19.05,A572-GR.50,,,a5c4a0c1-8251-4194-a2b5-0e58cfbc6917
P6-33,P-742-20,EMBED,,1,PD28.6*4.76,50W,,,af0e890b-5526-4309-adf8-163e22369566
P6-33,P-742-30,EMBED,,1,STUD_3/4-DIA,A108-GR.90,,,c05d5bc5-03ae-4b5b-8d54-977f3ba9bf0a
P6-33,P-205,ANCHOR,12000LB FORGED ANCHOR,4,PL15.88,A36,,,47793f4c-8d65-48d5-bd48-5ba557488937
P6-30,P-620,EMBED,6PL W/STUDS,1,PL101.6*6.35,A572-GR.50,,,520f0253-7b23-4e09-aefc-06bdc34caaf4
P6-30,P-300,INSERT,19Ø INSERT (NC),10,ROD23.813,A36,,,ec4759b9-b050-4a15-9a50-fe3038203e94
P6-30,P-900-10,PLATE,25mm KNIFE PLATE,1,PL127*25,A572-GR.50,,,d8a6160f-68b0-47cf-bafb-b6b52731e24b
P6-30,P-900-20,EMBED,,1,PD28.6*4.76,50W,,,adc2fd44-0ca8-4707-a324-94eaa0f77fc8
P6-30,P-900-30,EMBED,,1,STUD_3/4-DIA,A108-GR.90,,,bf9f6e6b-3106-423c-89a3-c25a9ec344f3
P6-30,P-743-10,PLATE,19PL KNIFE PLATE.,1,PL114.3*19.05,A572-GR.50,,,bde7717c-6689-4f19-a91c-00d875b5e6c5
P6-30,P-743-20,EMBED,,1,PD28.6*4.76,50W,,,275a1f9f-f58f-43d2-b0d9-a0b2f71b475a
P6-30,P-743-30,EMBED,,1,STUD_3/4-DIA,A108-GR.90,,,6f1d4dde-1dff-425a-add2-b70e531c948a
P6-30,P-205,ANCHOR,12000LB FORGED ANCHOR,4,PL15.88,A36,,,b55826e3-22af-4f2b-9cd6-c6586758e22b
P6-34,P-620,EMBED,6PL W/STUDS,1,PL101.6*6.35,A572-GR.50,,,e6b5f8a7-0600-4fd9-bbaa-0b6fdf42e62c
P6-34,P-300,INSERT,19Ø INSERT (NC),10,ROD23.813,A36,,,4421de4d-8a34-42b8-b356-6fe78abddea8
P6-34,P-900-10,PLATE,25mm KNIFE PLATE,1,PL127*25,A572-GR.50,,,1131bbcd-c9aa-4d9b-a0c4-615058a6d5e1
P6-34,P-900-20,EMBED,,1,PD28.6*4.76,50W,,,8fc6931f-f579-4dbd-80d9-3503d406c056
P6-34,P-900-30,EMBED,,1,STUD_3/4-DIA,A108-GR.90,,,85a6ec34-0d85-4239-b1ff-62a845b229bc
P6-34,P-742-10,PLATE,19PL KNIFE PLATE,1,PL114.3*19.05,A572-GR.50,,,b2a4b6d9-e7b2-43bf-a7a3-71cf44a55936
P6-34,P-742-20,EMBED,,1,PD28.6*4.76,50W,,,a903d0cc-6bb4-4483-a49a-80b9e229ac32
P6-34,P-742-30,EMBED,,1,STUD_3/4-DIA,A108-GR.90,,,f5d637f2-4766-4ee1-9ff3-7eb5525777ca
P6-34,P-205,ANCHOR,12000LB FORGED ANCHOR,4,PL15.88,A36,,,61932b90-c278-4909-8d8c-d847a4c8aba0
P6-31,P-620,EMBED,6PL W/STUDS,1,PL101.6*6.35,A572-GR.50,,,2fb0c197-4208-4285-bfcf-d0faf332a76c
P6-31,P-300,INSERT,19Ø INSERT (NC),10,ROD23.813,A36,,,7bbba90a-df7c-426d-82ca-5c1c61cc8047
P6-31,P-900-10,PLATE,25mm KNIFE PLATE,1,PL127*25,A572-GR.50,,,45fb238d-089c-46b2-9ffd-ae9066dab2c3
P6-31,P-900-20,EMBED,,1,PD28.6*4.76,50W,,,58ece50b-e7a9-4a2f-8de1-6332eb985440
P6-31,P-900-30,EMBED,,1,STUD_3/4-DIA,A108-GR.90,,,2818b70b-29db-43c7-8605-1741f71118ae
P6-31,P-743-10,PLATE,19PL KNIFE PLATE.,1,PL114.3*19.05,A572-GR.50,,,b2ad77d5-5bcd-4351-8009-efae0af0fb8f
P6-31,P-743-20,EMBED,,1,PD28.6*4.76,50W,,,386bf2c7-95cf-465e-a786-9bbc6f149a75
P6-31,P-743-30,EMBED,,1,STUD_3/4-DIA,A108-GR.90,,,e44cda1b-17ad-4c7f-be96-08c77afdf791
P6-31,P-205,ANCHOR,12000LB FORGED ANCHOR,4,PL15.88,A36,,,03e488a3-0943-4ae4-852d-52fb111e6a77
P6-26,P-620,EMBED,6PL W/STUDS,1,PL101.6*6.35,A572-GR.50,,,0af558cf-e097-4cfc-a2db-ffdda2812af3
P6-26,P-300,INSERT,19Ø INSERT (NC),10,ROD23.813,A36,,,7e6829eb-793e-40be-9d26-8b68fbf3a459
P6-26,P-900-10,PLATE,25mm KNIFE PLATE,1,PL127*25,A572-GR.50,,,49e568b5-2675-468d-a356-36478c7ce480
P6-26,P-900-20,EMBED,,1,PD28.6*4.76,50W,,,c5263a07-862a-4f5b-8f2d-790765410e3b
P6-26,P-900-30,EMBED,,1,STUD_3/4-DIA,A108-GR.90,,,b4213ad9-4fec-4623-8149-2b8941ad8169
P6-26,P-742-10,PLATE,19PL KNIFE PLATE,1,PL114.3*19.05,A572-GR.50,,,d49ff258-b7e1-453f-8bbf-8d25dd31a0d1
P6-26,P-742-20,EMBED,,1,PD28.6*4.76,50W,,,ddd45fcb-4b02-40bf-aa2a-bb9d1442e677
P6-26,P-742-30,EMBED,,1,STUD_3/4-DIA,A108-GR.90,,,7db9c8ff-fbe8-4281-8901-b96478673751
P6-26,P-205,ANCHOR,12000LB FORGED ANCHOR,4,PL15.88,A36,,,7b51e793-6f96-45f2-8e0e-760d288c7e10
P6-27,P-620,EMBED,6PL W/STUDS,1,PL101.6*6.35,A572-GR.50,,,4ac4b856-8897-433e-8bba-63e574e6611b
P6-27,P-300,INSERT,19Ø INSERT (NC),10,ROD23.813,A36,,,e6613cdb-0694-4322-bf83-7e73d63c4e2d
P6-27,P-900-10,PLATE,25mm KNIFE PLATE,1,PL127*25,A572-GR.50,,,f24f13a1-9b35-4795-90b4-52be5d71a687
P6-27,P-900-20,EMBED,,1,PD28.6*4.76,50W,,,9c9a9058-4fa2-4d65-9bea-e29a7087864f
P6-27,P-900-30,EMBED,,1,STUD_3/4-DIA,A108-GR.90,,,053ed276-bc84-4e65-9d26-71ca98949d00
P6-27,P-743-10,PLATE,19PL KNIFE PLATE.,1,PL114.3*19.05,A572-GR.50,,,3f560b4d-0d96-48cf-93af-b82a21e62e16
P6-27,P-743-20,EMBED,,1,PD28.6*4.76,50W,,,7a50c6d9-d31b-40f3-b65d-4f9587f615cf
P6-27,P-743-30,EMBED,,1,STUD_3/4-DIA,A108-GR.90,,,5aa00ee7-ca7f-4115-b51a-efc88c3155b4
P6-27,P-205,ANCHOR,12000LB FORGED ANCHOR,4,PL15.88,A36,,,55db422d-952e-4d3c-9fbb-dd846106488a
P6-22,P-620,EMBED,6PL W/STUDS,1,PL101.6*6.35,A572-GR.50,,,171240b7-6ec6-4746-a126-eafdcaaba213
P6-22,P-300,INSERT,19Ø INSERT (NC),10,ROD23.813,A36,,,99ac55d7-054b-4ffd-8591-8342accc7ff3
P6-22,P-900-10,PLATE,25mm KNIFE PLATE,2,PL127*25,A572-GR.50,,,40cf3506-1101-42cf-936b-199ea6509b61
P6-22,P-900-20,EMBED,,1,PD28.6*4.76,50W,,,c1189901-f2c9-4cd4-9f14-eea27faf13df
P6-22,P-900-30,EMBED,,1,STUD_3/4-DIA,A108-GR.90,,,ab3bbb62-dcf9-4808-8ed1-e0288c233dde
P6-22,P-742-10,PLATE,19PL KNIFE PLATE,2,PL114.3*19.05,A572-GR.50,,,36ad8f64-4331-4a9f-b7eb-836f2ad6962b
P6-22,P-742-20,EMBED,,1,PD28.6*4.76,50W,,,7a39bb84-7cb8-4582-a5c2-6054dcfcc977
P6-22,P-742-30,EMBED,,1,STUD_3/4-DIA,A108-GR.90,,,528d0ed5-3e94-482e-abd7-8d6a2133b3c1
P6-22,P-205,ANCHOR,12000LB FORGED ANCHOR,4,PL15.88,A36,,,e662918d-8d69-4869-b7d5-eab6202b521d
P6-29,P-620,EMBED,6PL W/STUDS,1,PL101.6*6.35,A572-GR.50,,,2a424491-1adf-4e22-9801-4c7c17a6fa11
P6-29,P-300,INSERT,19Ø INSERT (NC),10,ROD23.813,A36,,,82e4dd79-cf65-427a-afca-72ebc1e074e8
P6-29,P-900-10,PLATE,25mm KNIFE PLATE,1,PL127*25,A572-GR.50,,,7ffe0cde-b4c1-4055-b600-c6c3e94b92e1
P6-29,P-900-20,EMBED,,1,PD28.6*4.76,50W,,,eb977347-d610-49c4-92d8-43aef06a34f9
P6-29,P-900-30,EMBED,,1,STUD_3/4-DIA,A108-GR.90,,,5e128694-d44c-4bfb-977a-da2e87df5bbc
P6-29,P-743-10,PLATE,19PL KNIFE PLATE.,1,PL114.3*19.05,A572-GR.50,,,641fe811-5eb5-4b40-ad79-0bde714588af
P6-29,P-743-20,EMBED,,1,PD28.6*4.76,50W,,,a6f82e21-47cb-452e-8945-09495e4dee7e
P6-29,P-743-30,EMBED,,1,STUD_3/4-DIA,A108-GR.90,,,61494f77-55b5-479f-8dff-f6cc0a0eb4fc
P6-29,P-205,ANCHOR,12000LB FORGED ANCHOR,4,PL15.88,A36,,,52c2319f-1cb2-45a5-8b0d-97ba03c4837c
P6-24,P-620,EMBED,6PL W/STUDS,1,PL101.6*6.35,A572-GR.50,,,e489b72f-aee1-4004-9b4c-31f89978a20e
P6-24,P-300,INSERT,19Ø INSERT (NC),10,ROD23.813,A36,,,06aace4e-5133-494f-ba8b-bb217c799e7b
P6-24,P-900-10,PLATE,25mm KNIFE PLATE,1,PL127*25,A572-GR.50,,,48a376d5-ac9c-437d-94a2-75c00f5f2e79
P6-24,P-900-20,EMBED,,1,PD28.6*4.76,50W,,,f8b0d35a-f5d0-4249-859e-7bac404621a1
P6-24,P-900-30,EMBED,,1,STUD_3/4-DIA,A108-GR.90,,,dd137d0c-0415-468e-b2f7-152630caebce
P6-24,P-742-10,PLATE,19PL KNIFE PLATE,1,PL114.3*19.05,A572-GR.50,,,94adac9f-62a5-4cdd-adcd-dd19b6dc1c85
P6-24,P-742-20,EMBED,,1,PD28.6*4.76,50W,,,eacf7469-9017-4197-ab5c-f99306b0a034
P6-24,P-742-30,EMBED,,1,STUD_3/4-DIA,A108-GR.90,,,24cb5d1f-e24b-4233-a2cc-34ad6849d9a0
P6-24,P-205,ANCHOR,12000LB FORGED ANCHOR,4,PL15.88,A36,,,f82da8ef-286d-4179-b60c-c12802997079
P6-25,P-620,EMBED,6PL W/STUDS,1,PL101.6*6.35,A572-GR.50,,,98b0778b-989b-47d2-a1de-8f62c060fa63
P6-25,P-300,INSERT,19Ø INSERT (NC),10,ROD23.813,A36,,,2c4933a8-9eff-4398-8183-5b42328e51d0
P6-25,P-900-10,PLATE,25mm KNIFE PLATE,1,PL127*25,A572-GR.50,,,741ea4bc-fb01-4087-8fcf-93e475302780
P6-25,P-900-20,EMBED,,1,PD28.6*4.76,50W,,,a9b31cc4-73ae-46a4-bebe-80253eb66ad9
P6-25,P-900-30,EMBED,,1,STUD_3/4-DIA,A108-GR.90,,,87c6a7d7-25f7-483f-b1a8-4a153cefa777
P6-25,P-743-10,PLATE,19PL KNIFE PLATE.,1,PL114.3*19.05,A572-GR.50,,,0ba36909-fd1f-4d10-8f80-afcadfc1b53f
P6-25,P-743-20,EMBED,,1,PD28.6*4.76,50W,,,2fe6f1b8-4713-4322-a5bd-4b63874e8e95
P6-25,P-743-30,EMBED,,1,STUD_3/4-DIA,A108-GR.90,,,6536767e-9d40-4296-801e-bd9f8ea6c5ca
P6-25,P-205,ANCHOR,12000LB FORGED ANCHOR,4,PL15.88,A36,,,68120b0a-2ee4-4a0b-8931-79c4d95e4923
P6-37,P-620,EMBED,6PL W/STUDS,1,PL101.6*6.35,A572-GR.50,,,f786f532-88e2-4027-9f88-6f66d80707e2
P6-37,P-300,INSERT,19Ø INSERT (NC),10,ROD23.813,A36,,,d4540e9b-b7ae-4570-bdeb-1dbce30a9da3
P6-37,P-900-10,PLATE,25mm KNIFE PLATE,1,PL127*25,A572-GR.50,,,ee021905-2880-48cb-812e-bad4b340d975
P6-37,P-900-20,EMBED,,1,PD28.6*4.76,50W,,,0702a6ff-6113-4537-9152-952f9fce4598
P6-37,P-900-30,EMBED,,1,STUD_3/4-DIA,A108-GR.90,,,13b73d13-32ed-40da-bca5-3557a1daf49c
P6-37,P-742-10,PLATE,19PL KNIFE PLATE,1,PL114.3*19.05,A572-GR.50,,,73d5be88-ae6e-4f14-965d-95a105e65857
P6-37,P-742-20,EMBED,,1,PD28.6*4.76,50W,,,6ccd424f-9703-4b7d-8da8-789e8c17349e
P6-37,P-742-30,EMBED,,1,STUD_3/4-DIA,A108-GR.90,,,2d5780ab-4d55-438c-bc18-4ea3c71bfeef
P6-37,P-205,ANCHOR,12000LB FORGED ANCHOR,4,PL15.88,A36,,,3ad0ca92-a1e4-4b50-9528-92c1d4c42cd2
P6-16,P-620,EMBED,6PL W/STUDS,1,PL101.6*6.35,A572-GR.50,,,664f1749-c865-4aa9-abcf-5f40e244a6bb
P6-16,P-300,INSERT,19Ø INSERT (NC),10,ROD23.813,A36,,,aba30557-bfd0-437c-b8f9-c3a2e2957b47
P6-16,P-900-10,PLATE,25mm KNIFE PLATE,1,PL127*25,A572-GR.50,,,a5d6d56f-6304-4e52-a0d0-408e9c84e1ba
P6-16,P-900-20,EMBED,,1,PD28.6*4.76,50W,,,e8e62fe4-75ba-4457-8feb-a9fd34fcaf36
P6-16,P-900-30,EMBED,,1,STUD_3/4-DIA,A108-GR.90,,,640e528a-b811-4505-8a1e-897a944273df
P6-16,P-743-10,PLATE,19PL KNIFE PLATE.,1,PL114.3*19.05,A572-GR.50,,,4fc48cb8-2b3c-4f43-942f-f6f74df8fdb8
P6-16,P-743-20,EMBED,,1,PD28.6*4.76,50W,,,016b23a0-8028-4ceb-a5ef-c8e9c1dc08ef
P6-16,P-743-30,EMBED,,1,STUD_3/4-DIA,A108-GR.90,,,5b2a1bb1-0e07-483b-a034-ae67bd5aa72d
P6-16,P-205,ANCHOR,12000LB FORGED ANCHOR,4,PL15.88,A36,,,d3caa166-5242-4446-afd7-a17e6c8d9eb3
P6-17,P-300,INSERT,19Ø INSERT (NC),17,ROD23.813,A36,,,6850f27a-34c0-4543-abce-a788d475b7ca
P6-17,P-900-10,PLATE,25mm KNIFE PLATE,1,PL127*25,A572-GR.50,,,32dd727b-19f7-4490-ba80-60431cf47d57
P6-17,P-900-20,EMBED,,1,PD28.6*4.76,50W,,,3329cbec-97cf-4287-b7fa-e01e4fffea2d
P6-17,P-900-30,EMBED,,1,STUD_3/4-DIA,A108-GR.90,,,015e760d-676e-40d2-b096-e43453984f07
P6-17,P-742-10,PLATE,19PL KNIFE PLATE,1,PL114.3*19.05,A572-GR.50,,,9e722c99-6253-4b72-8bda-1f16d1639b24
P6-17,P-742-20,EMBED,,1,PD28.6*4.76,50W,,,74f03852-f91d-4c9b-a63b-f82b0f6c1cbc
P6-17,P-742-30,EMBED,,1,STUD_3/4-DIA,A108-GR.90,,,29deea89-563c-4dee-8ffe-3d7d1002b67f
P6-17,P-205,ANCHOR,12000LB FORGED ANCHOR,4,PL15.88,A36,,,8a838d1e-fbf9-4476-8085-f6dd60ff8e70
P6-23(?),P-300,INSERT,19Ø INSERT (NC),17,ROD23.813,A36,,,6fd84d03-5956-4d4e-9a8a-eaa39773bc1b
P6-23(?),P-900-10,PLATE,25mm KNIFE PLATE,1,PL127*25,A572-GR.50,,,df280358-3c64-401f-8494-0860dbc8c0d5
P6-23(?),P-900-20,EMBED,,1,PD28.6*4.76,50W,,,24b06dcb-2a68-4ea4-bcde-67398d78d61c
P6-23(?),P-900-30,EMBED,,1,STUD_3/4-DIA,A108-GR.90,,,12ace84d-736b-41b8-8ac6-44a5363fd513
P6-23(?),P-743-10,PLATE,19PL KNIFE PLATE.,1,PL114.3*19.05,A572-GR.50,,,9b92c6a4-bef0-43cc-a77d-20871a7310dd
P6-23(?),P-743-20,EMBED,,1,PD28.6*4.76,50W,,,5b5d0976-8129-46f4-862b-dc6881626c9f
P6-23(?),P-743-30,EMBED,,1,STUD_3/4-DIA,A108-GR.90,,,774ca4d3-c9d9-4721-b0a3-9a115aea09d2
P6-23(?),P-205,ANCHOR,12000LB FORGED ANCHOR,3,PL15.88,A36,,,7680320c-2c22-4ace-9abc-4c8d616ac370
P6-23(?),P-205-11(?),ANCHOR,12000LB FORGED ANCHOR,1,PL15.88,A36,,,9b2c11cb-e14e-4571-ab36-68d14a123aba
P6-23(?),P-205-21(?),EMBED,,1,PL76.2*12.7,A36,,,7076ab5c-c511-4591-b7de-6918395d6f68
P6-23(?),P-205-31(?),EMBED,,1,SPHERE47.625,A36,,,6de548c2-7432-4ee0-ba32-a270060612a7
P6-23(?),P-205-32(?),EMBED,,1,PL54,Steel_Undefined,,,f350890b-ccc8-49a6-a0c5-6f1d791a7b2c
P6-47,P-620,EMBED,6PL W/STUDS,1,PL101.6*6.35,A572-GR.50,,,722f4fc8-4c18-440d-8915-8e4e999622d7
P6-47,P-300,INSERT,19Ø INSERT (NC),10,ROD23.813,A36,,,5c088275-b1dc-4bf9-9f3e-871e32ce2556
P6-47,P-900-10,PLATE,25mm KNIFE PLATE,1,PL127*25,A572-GR.50,,,9e8bc053-b6a2-4760-9b9a-ec4a25ae5794
P6-47,P-900-20,EMBED,,1,PD28.6*4.76,50W,,,835a8728-6437-489d-bc9c-8c8b2134b9f0
P6-47,P-900-30,EMBED,,1,STUD_3/4-DIA,A108-GR.90,,,fdb11016-4ff1-42fb-a393-96239e959379
P6-47,P-742-10,PLATE,19PL KNIFE PLATE,1,PL114.3*19.05,A572-GR.50,,,c0d7b073-947c-4b8a-9cb3-2a1ee7cdead8
P6-47,P-742-20,EMBED,,1,PD28.6*4.76,50W,,,add60000-dd15-45b7-a6f0-72de38630d29
P6-47,P-742-30,EMBED,,1,STUD_3/4-DIA,A108-GR.90,,,3c549bcb-d423-4c90-8ec3-c6ce92a9592b
P6-47,P-205,ANCHOR,12000LB FORGED ANCHOR,4,PL15.88,A36,,,24f5777b-df82-4330-b79b-e8d4a424c602
W10-5,GT100-1219,GROUT_TUBE,100Øx1219 GROUT TUBE,3,ROD102,Zero_Density,,,e2319ddc-d5ea-4807-8116-9fec8628b9e0
W10-5,SP25-1067,INSERT,SP25Mx1067 WILLIAMS S,1,ROD25.4,A706-GR.60,,,ba9edafe-4bda-4676-9506-2b8ee97bcda9
W10-5,P-300,INSERT,19Ø INSERT (NC),6,ROD23.813,A36,,,7edc1daa-7688-4ad6-b9ae-c3aed2d81885
W10-5,P-220,EMBED,10Øx2743 AC 5625LB CA,1,CABLE9.53,Steel_Undefined,,,d4aef725-646b-4c65-8b36-441a6bde72a0
P6-1,MPX10,EMBED,V REVEAL LARGE,1,TRIANGLE12.7*12.7,Misc_Undefined,,,ea9129d1-e5b1-4a86-9cdf-fd7b44b76593
P6-1,P-620,EMBED,6PL W/STUDS,1,PL101.6*6.35,A572-GR.50,,,c7830542-5536-411d-97ee-871cbaee78bc
P6-1,P-300,INSERT,19Ø INSERT (NC),6,ROD23.813,A36,,,ac6a7136-f68f-40db-a82a-e618326aab2d
P6-1,GT75-305,GROUT_TUBE,76Ø x 305 GROUT TUBE,7,ROD76.2,Zero_Density,,,3619e0d9-4637-4bed-8271-b33e0c526922
P6-1,GT76-152,GROUT_TUBE,76Øx152mm G.TUBE,9,ROD76.2,Zero_Density,,,14b919bb-aa47-4096-9607-059c2be92ece
P6-1,P-205,ANCHOR,12000LB FORGED ANCHOR,4,PL15.88,A36,,,e8d0c7a9-30e8-4b95-9e9e-063d0f57b7d2
W10-27,MPX1,EMBED,V REVEAL LARGE,1,TRIANGLE12.7*12.7,Misc_Undefined,,,66fda016-e0cc-44f3-a007-9c1447fd65c1
W10-27,GT100-1219,GROUT_TUBE,100Øx1219 GROUT TUBE,18,ROD102,Zero_Density,,,9b41eb8f-0b98-4624-b0b8-2d3ac9376566
W10-27,GT100-686,GROUT_TUBE,100Øx686 GROUT TUBE,6,ROD102,Zero_Density,,,fd7d3d91-1a07-4ef8-add5-69c30c2b8b52
W10-27,P-300,INSERT,19Ø INSERT (NC),4,ROD23.813,A36,,,abfd8333-4aa5-4386-b012-08286d7ab7e7
W10-27,SP25-1067,INSERT,SP25Mx1067 WILLIAMS S,8,ROD25.4,A706-GR.60,,,9bd2288c-a820-46d4-8c31-15b4f8a0b5e7
W10-27,SP15-457,INSERT,15Mx457 WILLIAMS SPL,3,ROD16,400W,,,7049e5ce-22e2-4bda-9d6a-415671ed0e5d
W10-27,CNDT,CONDUIT,19MM CONDUIT,1,ROD19,Zero_Density,,,119f68c2-cc56-428f-ac17-f467b7a43a4e
W10-27,EB-S-PL,PLATE,Single Plastic Electr,1,160*50.8,Zero_Density,,,0b72c2a8-89a7-4c62-9b0a-253d0bf1261c
W10-27,GT76-254,GROUT_TUBE,76Øx254mm G.TUBE,2,ROD76.2,Zero_Density,,,ae894a3b-7549-4948-ab71-3a07ac848eed
W10-27,P-205,ANCHOR,12000LB FORGED ANCHOR,4,PL15.88,A36,,,af83ee96-9eb3-4d14-aea7-d902c7c73113
P6-2,P-620,EMBED,6PL W/STUDS,1,PL101.6*6.35,A572-GR.50,,,a8dc9212-d5d6-49ae-a764-385312d2d6a1
P6-2,P-300,INSERT,19Ø INSERT (NC),5,ROD23.813,A36,,,e3dd812c-be67-447f-90dd-4b699c38da5a
P6-2,GT75-305,GROUT_TUBE,76Ø x 305 GROUT TUBE,8,ROD76.2,Zero_Density,,,7d615972-3ed4-40cf-acd4-3c8e334ec7f0
P6-2,P-205,ANCHOR,12000LB FORGED ANCHOR,4,PL15.88,A36,,,e197be5b-b7ec-43f5-be3d-a46519c9e230
W10-3,GT100-1219,GROUT_TUBE,100Øx1219 GROUT TUBE,9,ROD102,Zero_Density,,,8fb3da2e-2ba9-4fbf-bc48-ba0dd60ae9ef
W10-3,SP30-1219,INSERT,30Mx1219 WILLIAMS SPL,3,ROD30.16,A706-GR.60,,,8a1a1462-d21d-415e-9755-5fc3e25966e8
W10-3,P-300,INSERT,19Ø INSERT (NC),2,ROD23.813,A36,,,02c21472-cc6c-4310-921a-ab17a6eb26f0
W10-3,P-205,ANCHOR,12000LB FORGED ANCHOR,2,PL15.88,A36,,,407e0b28-a177-4455-abe0-e0b1ad4f3efe
W10-3,P-301,EMBED,19Ø EXP.  INS. (NC),1,ROD23.81,A36,,,6aa511c3-32d3-4a35-866a-3d159f8cdc7b
W10-1,GT100-1219,GROUT_TUBE,100Øx1219 GROUT TUBE,6,ROD102,Zero_Density,,,794f77af-17e7-4d00-babf-0335f0180e30
W10-1,GT100-686,GROUT_TUBE,100Øx686 GROUT TUBE,3,ROD102,Zero_Density,,,8ab21b2a-992a-4837-b0a8-fb648bb3533b
W10-1,P-301,EMBED,19Ø EXP.  INS. (NC),1,ROD23.81,A36,,,bd4bb5f4-c40b-4522-afd1-5ff1885c84f2
W10-1,P-205,ANCHOR,12000LB FORGED ANCHOR,2,PL15.88,A36,,,dccf38e3-4dd9-41dc-978f-3cb8a9553df6
W10-1,P-300,INSERT,19Ø INSERT (NC),2,ROD23.813,A36,,,0630fe39-c8df-40bd-bc09-52a10a8818a3
P6-6,MPX2,EMBED,V REVEAL LARGE,1,TRIANGLE12.7*12.7,Misc_Undefined,,,d86b701c-6d51-47c2-a2a5-da19501b6f7b
P6-6,P-620,EMBED,6PL W/STUDS,1,PL101.6*6.35,A572-GR.50,,,b94018e5-094f-47f8-955f-d0f4da57e07b
P6-6,P-300,INSERT,19Ø INSERT (NC),4,ROD23.813,A36,,,f388e093-c68b-4b38-8cb1-41910332c4af
P6-6,GT75-305,GROUT_TUBE,76Ø x 305 GROUT TUBE,8,ROD76.2,Zero_Density,,,efcc722e-6b13-4dcd-901a-99c5965340b1
P6-6,GT76-152,GROUT_TUBE,76Øx152mm G.TUBE,6,ROD76.2,Zero_Density,,,dc6a7fd2-8eb8-4035-884a-7e430f6689d7
P6-6,P-205,ANCHOR,12000LB FORGED ANCHOR,4,PL15.88,A36,,,d8bbbacb-b894-411a-94ff-c67459afe74a
P6-3,P-620,EMBED,6PL W/STUDS,1,PL101.6*6.35,A572-GR.50,,,a89d021e-349a-4b33-9ea2-67ff608df258
P6-3,P-300,INSERT,19Ø INSERT (NC),5,ROD23.813,A36,,,001db90d-8dd7-465b-9df4-14a8cd8ee3d5
P6-3,GT75-305,GROUT_TUBE,76Ø x 305 GROUT TUBE,8,ROD76.2,Zero_Density,,,03adce8c-eab4-4acb-8e89-0aab9b81dc3b
P6-3,P-205,ANCHOR,12000LB FORGED ANCHOR,4,PL15.88,A36,,,307b7b83-9f28-43b5-80a7-8d0e43f3224c
W10-115,GT100-1219,GROUT_TUBE,100Øx1219 GROUT TUBE,9,ROD102,Zero_Density,,,a6d24007-09db-4763-8ce7-2746fe74e846
W10-115,SP25-1067,INSERT,SP25Mx1067 WILLIAMS S,3,ROD25.4,A706-GR.60,,,bb48e036-92ac-4a07-bbe8-c81557eef373
W10-115,P-301,EMBED,19Ø EXP.  INS. (NC),1,ROD23.81,A36,,,0d11bbc7-f4e7-4832-9317-7022ea4b511d
W10-115,P-300,INSERT,19Ø INSERT (NC),2,ROD23.813,A36,,,f9ff893b-b19e-4fe4-b8dc-83755e0cf71d
W10-115,P-205,ANCHOR,12000LB FORGED ANCHOR,2,PL15.88,A36,,,091a74fb-9bf9-4529-914c-a144849c0816
W10-114,GT100-1219,GROUT_TUBE,100Øx1219 GROUT TUBE,9,ROD102,Zero_Density,,,17dcec03-e51c-4a46-a6b6-b5154218fbb5
W10-114,SP25-1067,INSERT,SP25Mx1067 WILLIAMS S,3,ROD25.4,A706-GR.60,,,388e2e32-f5c7-4273-b928-b78b6313e4d2
W10-114,P-300,INSERT,19Ø INSERT (NC),2,ROD23.813,A36,,,a032a455-30ef-47ac-a3fa-460e29468995
W10-114,P-205,ANCHOR,12000LB FORGED ANCHOR,2,PL15.88,A36,,,7a918e2d-6a0f-4e6d-9617-f50c0174f952
W10-114,P-301,EMBED,19Ø EXP.  INS. (NC),1,ROD23.81,A36,,,224c207f-7428-43f1-b5ad-ad7bf1b7b403
W10-9,MPX3,EMBED,V REVEAL LARGE,1,TRIANGLE12.7*12.7,Misc_Undefined,,,c5a8a975-5080-4974-93e5-eb67e7feb558
W10-9,GT100-1219,GROUT_TUBE,100Øx1219 GROUT TUBE,27,ROD102,Zero_Density,,,03f169b0-7d9d-4e61-8463-253c49633db7
W10-9,GT100-686,GROUT_TUBE,100Øx686 GROUT TUBE,6,ROD102,Zero_Density,,,91cf7b1e-7b69-4947-ad1a-4f6bca675348
W10-9,P-300,INSERT,19Ø INSERT (NC),5,ROD23.813,A36,,,323dcf26-abe5-448e-9847-b450709199e8
W10-9,SP25-1067,INSERT,SP25Mx1067 WILLIAMS S,8,ROD25.4,A706-GR.60,,,e99f3d2f-4467-4781-a77d-a24ec131b496
W10-9,SP15-457,INSERT,15Mx457 WILLIAMS SPL,6,ROD16,400W,,,8d56c15a-7151-4794-bc23-3dab06cad392
W10-9,SP30-1219,INSERT,30Mx1219 WILLIAMS SPL,1,ROD30.16,A706-GR.60,,,43f5802a-24ab-490e-b921-784391e989e8
W10-9,CNDT,CONDUIT,19MM CONDUIT,1,ROD19,Zero_Density,,,aa9683fe-6ca2-4813-8aa3-402b5c862cc1
W10-9,EB-S-PL,PLATE,Single Plastic Electr,1,160*50.8,Zero_Density,,,b275a161-3666-434d-95ce-ab87f87cb7da
W10-9,P-205,ANCHOR,12000LB FORGED ANCHOR,4,PL15.88,A36,,,94f5d82b-6668-4264-8278-8ef29afdddec
W10-9,GT76-254,GROUT_TUBE,76Øx254mm G.TUBE,2,ROD76.2,Zero_Density,,,d98994b6-3f79-4b03-b1cb-0dd34e089dbb
P6-4,P-620,EMBED,6PL W/STUDS,1,PL101.6*6.35,A572-GR.50,,,03380812-692a-4597-b7ea-3e9e84d26c51
P6-4,P-300,INSERT,19Ø INSERT (NC),5,ROD23.813,A36,,,797d35c9-8fdf-407e-aab8-91f71633d5a9
P6-4,GT75-305,GROUT_TUBE,76Ø x 305 GROUT TUBE,6,ROD76.2,Zero_Density,,,c6432a41-7070-46c3-91ec-b14030439459
P6-4,P-205,ANCHOR,12000LB FORGED ANCHOR,4,PL15.88,A36,,,c4fbd936-e1c6-4b54-971c-6db6cb0ad39b
P6-5,P-620,EMBED,6PL W/STUDS,1,PL101.6*6.35,A572-GR.50,,,36321966-287e-467d-876a-d31c18553d18
P6-5,P-300,INSERT,19Ø INSERT (NC),5,ROD23.813,A36,,,15339883-d342-4f2a-bf73-a61602f8e586
P6-5,GT75-305,GROUT_TUBE,76Ø x 305 GROUT TUBE,8,ROD76.2,Zero_Density,,,1cd4feb4-a3d5-4108-a129-703b85348e4c
P6-5,P-205,ANCHOR,12000LB FORGED ANCHOR,4,PL15.88,A36,,,582b1cbf-a309-47d5-b9b1-088401dec3e0
W10-113,GT100-1219,GROUT_TUBE,100Øx1219 GROUT TUBE,9,ROD102,Zero_Density,,,1092ef18-2dfb-4e2a-8f13-911d36f94476
W10-113,SP25-1067,INSERT,SP25Mx1067 WILLIAMS S,3,ROD25.4,A706-GR.60,,,980338cb-3dd2-49dd-acea-9b2a89f9dbf4
W10-113,P-300,INSERT,19Ø INSERT (NC),2,ROD23.813,A36,,,80cc3222-71e5-4bff-bbea-cdde6e107f08
W10-113,P-205,ANCHOR,12000LB FORGED ANCHOR,2,PL15.88,A36,,,ffb9f87c-750e-4144-93cc-6423fc8b2c84
W10-113,P-301,EMBED,19Ø EXP.  INS. (NC),1,ROD23.81,A36,,,6b5d7f6c-421f-4a57-b0ab-0efc443f2fc1
W10-174,P-300,INSERT,19Ø INSERT (NC),4,ROD23.813,A36,,,67b762c9-bdec-40c2-81ef-f2450d3e2f77
W10-174,GT75-1219,GROUT_TUBE,75Ø x 1219 GROUT TUBE,2,ROD76,Zero_Density,,,20d4d689-6425-45a0-84eb-c6df168cfe25
W10-174,SP25-1067,INSERT,SP25Mx1067 WILLIAMS S,2,ROD25.4,A706-GR.60,,,96b225f3-29ec-4a67-bca8-fc6d4a828f8b
W10-174,P-220,EMBED,10Øx2743 AC 5625LB CA,1,CABLE9.53,Steel_Undefined,,,ccf13ff1-69fc-4389-ba94-c2921c82305e
W10-82,GT75-1219,GROUT_TUBE,75Ø x 1219 GROUT TUBE,1,ROD76,Zero_Density,,,002ce522-0f6d-4ea1-9a58-1326330a688f
W10-82,P-300,INSERT,19Ø INSERT (NC),6,ROD23.813,A36,,,374d9777-0fca-4e58-a724-e85e922d2ba7
W10-82,SP15-457,INSERT,15Mx457 WILLIAMS SPL,3,ROD16,400W,,,a1833aa7-c78f-4e59-9d72-87bfba95eaa8
W10-82,P-703,EMBED,13PL. w/STUD,1,PL102*12.7,A572-GR.50,,,548fece5-93a1-461c-9695-a86f725e8862
W10-82,P-607,EMBED,13PL. w/STUD,1,PL152.4*12.7,A572-GR.50,,,ef072ff6-c45f-4b95-b154-8644ce239688
W10-82,P-221,EMBED,13Øx2743 AC 10375LB,1,CABLE12.7,Steel_Undefined,,,68c95cfb-15c8-4f9a-a063-674b71a65438
W10-2,P-300,INSERT,19Ø INSERT (NC),6,ROD23.813,A36,,,bbc2509f-deb7-43e0-9be1-011107c9a032
W10-2,SP15-457,INSERT,15Mx457 WILLIAMS SPL,3,ROD16,400W,,,8acfe57b-6a3b-4ddf-ac25-54ba6e841841
W10-2,P-607,EMBED,13PL. w/STUD,1,PL152.4*12.7,A572-GR.50,,,7e1ff3a3-aee3-4e0c-8854-589bb355e340
W10-2,P-703,EMBED,13PL. w/STUD,1,PL102*12.7,A572-GR.50,,,c68a161e-c2c8-40b5-908b-0d75142b7d3a
W10-2,GT75-1219,GROUT_TUBE,75Ø x 1219 GROUT TUBE,1,ROD76,Zero_Density,,,14dc20c6-4eca-4d7f-98cc-19e20c5633cc
W10-2,P-221,EMBED,13Øx2743 AC 10375LB,1,CABLE12.7,Steel_Undefined,,,1e9b97e3-e0ae-49a7-aa80-17cfcee77c57
W10-172,P-300,INSERT,19Ø INSERT (NC),4,ROD23.813,A36,,,f331e977-c598-4749-b890-9f1cf5f68ec7
W10-172,GT75-1219,GROUT_TUBE,75Ø x 1219 GROUT TUBE,2,ROD76,Zero_Density,,,25eea02d-6050-4c7a-9a62-5d01a5553bdc
W10-172,SP25-1067,INSERT,SP25Mx1067 WILLIAMS S,2,ROD25.4,A706-GR.60,,,12a71ff4-b0ff-41e4-a17c-e50bc919cdf2
W10-172,P-220,EMBED,10Øx2743 AC 5625LB CA,1,CABLE9.53,Steel_Undefined,,,f05021ed-95a2-4b7a-b70a-a165a1c433a4
W8-28,SP15-457,INSERT,15Mx457 WILLIAMS SPL,27,ROD16,400W,,,7a24ff3c-40e1-4351-b7f3-ccc39a79cbc0
W8-28,P-300,INSERT,19Ø INSERT (NC),3,ROD23.813,A36,,,0d1f31c2-a563-4d59-838e-252909d45cae
W8-28,GT75-686,GROUT_TUBE,75Ø x 686 GROUT TUBE,9,ROD76,Zero_Density,,,e424926c-4188-4963-806d-41f2eb7035b8
W8-28,P-205,ANCHOR,12000LB FORGED ANCHOR,2,PL15.88,A36,,,32f671a8-e018-440c-9fa0-f2e8f2fa5c9d
W8-28,P-705,PLATE,13x203x203 PLATE,1,PL203*12.7,A572-GR.50,,,ca8f809f-46c8-4ca6-a9b9-ffefc7b5ea41
W8-28,SLV-76-203,SLEEVE,76Ø x 203 PVC SLEEVE,1,ROD82,Zero_Density,,,cc56db33-2c85-4c40-819a-db10c73be975
W8-28,CNDT,CONDUIT,19MM CONDUIT,1,ROD19,Zero_Density,,,c988ffad-439c-4bca-8cea-fd11388b4fcc
W8-28,EB-S-PL,PLATE,Single Plastic Electr,1,160*50.8,Zero_Density,,,be0d7acc-a962-47fe-818e-08b4051e0463
W8-30,SP15-457,INSERT,15Mx457 WILLIAMS SPL,21,ROD16,400W,,,eaa4fd27-c632-4b66-b664-97cb8c469bb0
W8-30,GT75-686,GROUT_TUBE,75Ø x 686 GROUT TUBE,7,ROD76,Zero_Density,,,28aec5c7-1bf2-496c-aad3-b01dd51fccee
W8-30,CNDT,CONDUIT,19MM CONDUIT,3,ROD19,Zero_Density,,,72723b7a-b833-4665-8bff-695fdb1a93da
W8-30,EB-S-PL,PLATE,Single Plastic Electr,2,160*50.8,Zero_Density,,,9dd90578-e179-4482-8c2e-0196421301f7
W8-30,EB-SQ-PL1,EMBED,Square Plastic Electr,1,160*160,Zero_Density,,,2a9d80dd-4aff-4171-8438-0dc15e4c753f
W8-30,P-300,INSERT,19Ø INSERT (NC),2,ROD23.813,A36,,,e5f49ff8-3052-4a12-b2ed-6bf419724375
W8-30,P-205,ANCHOR,12000LB FORGED ANCHOR,2,PL15.88,A36,,,7f7de9da-cd34-4876-99b9-b6c2f35650c5
W8-30,P-705,PLATE,13x203x203 PLATE,2,PL203*12.7,A572-GR.50,,,a8a856b9-a01a-4f81-8b00-ebfe8d4c559f
W8-30,SLV-76-203,SLEEVE,76Ø x 203 PVC SLEEVE,1,ROD82,Zero_Density,,,19980443-a8ee-4909-8bc2-ec391e4c176a
W8-39,P-300,INSERT,19Ø INSERT (NC),3,ROD23.813,A36,,,fb7d8853-5834-4c74-be29-700ed9c3b932
W8-39,GT75-686,GROUT_TUBE,75Ø x 686 GROUT TUBE,9,ROD76,Zero_Density,,,d574303a-4484-4194-a1be-a2bbebaa202f
W8-39,CNDT,CONDUIT,19MM CONDUIT,1,ROD19,Zero_Density,,,d8d13ea4-f4c3-439f-b2fd-f2d406c508c9
W8-39,SLV-76-203,SLEEVE,76Ø x 203 PVC SLEEVE,1,ROD82,Zero_Density,,,6d4c0930-b34e-4556-8b82-d73d40a78793
W8-39,EB-S-PL,PLATE,Single Plastic Electr,1,160*50.8,Zero_Density,,,5f1f3a02-fb93-446d-b076-fba7681ee6a6
W8-39,P-205,ANCHOR,12000LB FORGED ANCHOR,2,PL15.88,A36,,,3c7c4c0e-8999-4cf4-a9da-7aabf6a00435
W8-39,P-705,PLATE,13x203x203 PLATE,1,PL203*12.7,A572-GR.50,,,79d6a9a4-eead-4caf-8af5-ef38aff5f7b7
W8-39,SP15-457,INSERT,15Mx457 WILLIAMS SPL,27,ROD16,400W,,,7d55de31-721e-4b4e-93a8-63be7592ef8d
W8-22,SP15-457,INSERT,15Mx457 WILLIAMS SPL,27,ROD16,400W,,,c213b80b-2935-49e5-a1d2-765c3a16cfb7
W8-22,GT75-686,GROUT_TUBE,75Ø x 686 GROUT TUBE,9,ROD76,Zero_Density,,,adc46f2a-b0d0-41f4-a78d-0ae837c40a74
W8-22,CNDT,CONDUIT,19MM CONDUIT,2,ROD19,Zero_Density,,,cd51b89c-da35-4dd1-b335-8e164e5652ef
W8-22,EB-S-PL,PLATE,Single Plastic Electr,2,160*50.8,Zero_Density,,,4c61d75b-1c09-4fcb-a097-371a8bcbb77b
W8-22,P-300,INSERT,19Ø INSERT (NC),3,ROD23.813,A36,,,30cf3b7a-2e7b-4cd6-9901-502b805d4a03
W8-22,P-205,ANCHOR,12000LB FORGED ANCHOR,2,PL15.88,A36,,,16c2a825-b8cc-4117-bc93-f1b8fa0eb88f
W8-22,P-705,PLATE,13x203x203 PLATE,1,PL203*12.7,A572-GR.50,,,02eac334-f2fe-4f94-94af-221167ae899e
W8-22,SLV-76-203,SLEEVE,76Ø x 203 PVC SLEEVE,1,ROD82,Zero_Density,,,4cdfc7b9-8bbe-4307-a21d-d8e287ea0902
W8-38,SP15-457,INSERT,15Mx457 WILLIAMS SPL,21,ROD16,400W,,,9edce415-d478-457c-b029-189097340996
W8-38,GT75-686,GROUT_TUBE,75Ø x 686 GROUT TUBE,7,ROD76,Zero_Density,,,f7f10351-ed02-474f-87e5-0f09eae3e7cc
W8-38,CNDT,CONDUIT,19MM CONDUIT,3,ROD19,Zero_Density,,,c7f49d10-9070-424d-80cc-f34999e37fb8
W8-38,EB-S-PL,PLATE,Single Plastic Electr,2,160*50.8,Zero_Density,,,5727542a-041c-4e3b-ae5f-93d13d75eecb
W8-38,EB-SQ-PL1,EMBED,Square Plastic Electr,1,160*160,Zero_Density,,,d5191115-ec9f-4848-a050-c08e40f6d0b1
W8-38,P-300,INSERT,19Ø INSERT (NC),2,ROD23.813,A36,,,404b2b4d-cca3-4969-8f2b-aebe66bbd494
W8-38,P-205,ANCHOR,12000LB FORGED ANCHOR,2,PL15.88,A36,,,2f65d15e-02c4-46cc-ace7-2fc4ba8282e3
W8-38,P-705,PLATE,13x203x203 PLATE,2,PL203*12.7,A572-GR.50,,,073a4dcf-0b97-4285-b867-4607e2f2ac63
W8-38,SLV-76-203,SLEEVE,76Ø x 203 PVC SLEEVE,1,ROD82,Zero_Density,,,fcff4c96-a3d3-4601-a603-bf1e172e41c5
W8-5,GT75-686,GROUT_TUBE,75Ø x 686 GROUT TUBE,5,ROD76,Zero_Density,,,52b46a8a-f8c6-438e-882e-6ec377d9c4d5
W8-5,P-705,PLATE,13x203x203 PLATE,2,PL203*12.7,A572-GR.50,,,15060a0a-17ef-49fc-8e72-dca3f4291f73
W8-5,P-300,INSERT,19Ø INSERT (NC),2,ROD23.813,A36,,,e22e9475-1464-4ee3-bc78-97f7e25a99d9
W8-5,P-205,ANCHOR,12000LB FORGED ANCHOR,2,PL15.88,A36,,,d68a2d32-b1d7-454c-8606-18311b56323a
W8-10,P-300,INSERT,19Ø INSERT (NC),3,ROD23.813,A36,,,2c2fc2c9-4540-4cdd-a42f-ad4cd74d2d7b
W8-10,CNDT,CONDUIT,19MM CONDUIT,1,ROD19,Zero_Density,,,5e353d5c-1a1d-40a8-a7ca-ceee5f5c68cb
W8-10,EB-S-PL,PLATE,Single Plastic Electr,1,160*50.8,Zero_Density,,,23b1dce4-cff1-446c-9735-1632c12fea96
W8-10,SLV-76-203,SLEEVE,76Ø x 203 PVC SLEEVE,1,ROD82,Zero_Density,,,3d7a51a5-a979-4b31-813a-a171d98c5cdb
W8-10,GT75-686,GROUT_TUBE,75Ø x 686 GROUT TUBE,9,ROD76,Zero_Density,,,df105fb4-3211-4370-9993-4079843e3fba
W8-10,P-705,PLATE,13x203x203 PLATE,1,PL203*12.7,A572-GR.50,,,53ef2c6f-d1fc-498a-98c6-f10f94764b33
W8-10,P-205,ANCHOR,12000LB FORGED ANCHOR,2,PL15.88,A36,,,e72155c5-bb37-4b86-98af-4ab9aef4d9b6
W8-3,P-300,INSERT,19Ø INSERT (NC),3,ROD23.813,A36,,,1893eaef-521b-4a77-9998-60a177f1c8f5
W8-3,GT75-686,GROUT_TUBE,75Ø x 686 GROUT TUBE,9,ROD76,Zero_Density,,,59fb911b-8936-4a73-a3e0-b2131c84e2a6
W8-3,CNDT,CONDUIT,19MM CONDUIT,2,ROD19,Zero_Density,,,07ce27cb-33af-4be4-8b35-f8473573f5eb
W8-3,EB-S-PL,PLATE,Single Plastic Electr,2,160*50.8,Zero_Density,,,00d552f0-1c75-491a-a77f-1db740e929bf
W8-3,SLV-76-203,SLEEVE,76Ø x 203 PVC SLEEVE,1,ROD82,Zero_Density,,,a888e290-e04c-473e-a948-80ca42906664
W8-3,P-705,PLATE,13x203x203 PLATE,1,PL203*12.7,A572-GR.50,,,019d6e04-b250-4409-8c9a-5e573911a7da
W8-3,P-205,ANCHOR,12000LB FORGED ANCHOR,2,PL15.88,A36,,,78bccfbd-c3e2-4ef5-9ee5-78b5eae85ef5
W8-8,GT75-686,GROUT_TUBE,75Ø x 686 GROUT TUBE,7,ROD76,Zero_Density,,,e2273acf-a8af-48e6-8ff0-b015d9001d8e
W8-8,CNDT,CONDUIT,19MM CONDUIT,3,ROD19,Zero_Density,,,84e372ea-47e0-425f-8180-d61fa1a4ecda
W8-8,EB-S-PL,PLATE,Single Plastic Electr,2,160*50.8,Zero_Density,,,0b8f5248-4705-45a9-b28a-bba5c399adce
W8-8,EB-SQ-PL1,EMBED,Square Plastic Electr,1,160*160,Zero_Density,,,a18e272e-9796-44ce-9a69-a1652d9a0cfe
W8-8,SLV-76-203,SLEEVE,76Ø x 203 PVC SLEEVE,1,ROD82,Zero_Density,,,01e6390a-e348-444e-8315-462060655bef
W8-8,P-705,PLATE,13x203x203 PLATE,2,PL203*12.7,A572-GR.50,,,e4f283c8-8c2d-47b3-b129-fc3678582c1e
W8-8,P-300,INSERT,19Ø INSERT (NC),2,ROD23.813,A36,,,7025963c-ed6a-4711-81c7-03336ba16b97
W8-8,P-205,ANCHOR,12000LB FORGED ANCHOR,2,PL15.88,A36,,,0b81670c-7b85-4077-89e4-1e8dbb68915c
W10-89,P-300,INSERT,19Ø INSERT (NC),4,ROD23.813,A36,,,1ea613ee-d75e-4a6c-8016-c7bc64f2fd0b
W10-89,SP25-1067,INSERT,SP25Mx1067 WILLIAMS S,4,ROD25.4,A706-GR.60,,,c0ac305c-bc5f-4e50-bc0b-c8a71acb8714
W10-89,P-705,PLATE,13x203x203 PLATE,1,PL203*12.7,A572-GR.50,,,8b80b6a5-ee97-452b-8a22-af0c8d3d149c
W10-89,CNDT,CONDUIT,19MM CONDUIT,3,ROD19,Zero_Density,,,d7ba846c-f6a1-4786-ac1e-b578edfcac01
W10-89,EB-O-PL1,EMBED,Octagon Plastic Elect,1,ROD160,Zero_Density,,,df73fad4-5a22-4603-9bac-08a884d2aebe
W10-89,EB-S-PL,PLATE,Single Plastic Electr,1,160*50.8,Zero_Density,,,26c8a497-8c1d-4dae-a30f-66c016f5a230
W10-89,EB-SQ-PL1,EMBED,Square Plastic Electr,1,160*160,Zero_Density,,,5a5b9a5f-8a82-4efc-a489-f75e73c8ea25
W10-89,P-205,ANCHOR,12000LB FORGED ANCHOR,2,PL15.88,A36,,,1bbada89-61fa-497e-8968-50bebf42c486
W10-89,SLV-102-254,SLEEVE,102Ø x 254 PVC SLEEVE,2,ROD108,Zero_Density,,,887e72cc-f5bf-40f2-8231-46d7d36121b0
W10-89,GT75-1219,GROUT_TUBE,75Ø x 1219 GROUT TUBE,7,ROD76,Zero_Density,,,6e30b148-4617-4517-b5af-84268cd1cf21
W10-89,SLV-64-254,SLEEVE,64Ø x 254 PVC SLEEVE,1,ROD70,Zero_Density,,,58d462a7-3a3a-41f3-b858-8340bb8f07fa
W10-110,GT75-1219,GROUT_TUBE,75Ø x 1219 GROUT TUBE,2,ROD76,Zero_Density,,,7c56170b-dabc-4f34-8002-f32ec25f84f2
W10-110,GT75-686,GROUT_TUBE,75Ø x 686 GROUT TUBE,1,ROD76,Zero_Density,,,d9d771fa-f51b-4e0d-8590-d88c3c93d4c5
W10-110,SP25-1067,INSERT,SP25Mx1067 WILLIAMS S,3,ROD25.4,A706-GR.60,,,c3978fba-08a4-4ee1-b25d-adb4770d9bd6
W10-110,P-300,INSERT,19Ø INSERT (NC),4,ROD23.813,A36,,,0f03e35e-4d62-4347-bbef-228426dbf21c
W10-110,EI-1524,EMBED,ELEV. INS. 1524LG.,1,PL35*41,Zero_Density,,,0fbcf57b-ba85-4808-969c-2873400dfd55
W10-110,P-205,ANCHOR,12000LB FORGED ANCHOR,2,PL15.88,A36,,,e360ffa5-0551-48fe-861e-1b3320548dd1
W10-110,P-705,PLATE,13x203x203 PLATE,1,PL203*12.7,A572-GR.50,,,acbe4143-296a-4826-b8a2-8e05fa591c98
SW17-5,GT75-1219,GROUT_TUBE,75Ø x 1219 GROUT TUBE,4,ROD76,Zero_Density,,,e1bbaf85-e4d1-4462-b556-c85955f203f3
SW17-5,INS-4,EMBED,INSULATION,1,PL3441*102,Insulation,,,b35e6a55-7638-4982-aa8d-48cd13a1086e
SW17-5,P-300,INSERT,19Ø INSERT (NC),4,ROD23.813,A36,,,35d7280b-5a10-4c6c-88e1-e914e9cb3cc4
SW17-5,P-205,ANCHOR,12000LB FORGED ANCHOR,2,PL15.88,A36,,,d68cc0e8-7b0c-4a01-a7e1-e5004dbdf83a
W8-2,GT75-686,GROUT_TUBE,75Ø x 686 GROUT TUBE,9,ROD76,Zero_Density,,,0dd34de6-0c8a-4239-af55-71f0538a94fb
W8-2,P-300,INSERT,19Ø INSERT (NC),3,ROD23.813,A36,,,0ef4fa2b-6340-4f63-8f96-30c01b57ebb3
W8-2,CNDT,CONDUIT,19MM CONDUIT,2,ROD19,Zero_Density,,,2a480234-b3a0-43d8-bfdc-961a64806423
W8-2,EB-S-PL,PLATE,Single Plastic Electr,2,160*50.8,Zero_Density,,,8be512a6-3ae4-4448-afc8-77725ef3a2c0
W8-2,P-205,ANCHOR,12000LB FORGED ANCHOR,2,PL15.88,A36,,,23e5f929-5dbc-43e8-9ffe-cce47cca0d61
W8-2,P-705,PLATE,13x203x203 PLATE,1,PL203*12.7,A572-GR.50,,,6fe71a7a-aac1-4f39-9857-c4d4b5b73db8
W8-9,GT75-686,GROUT_TUBE,75Ø x 686 GROUT TUBE,9,ROD76,Zero_Density,,,ef257b62-b44b-4dbf-a210-0b2c9b30abc2
W8-9,P-300,INSERT,19Ø INSERT (NC),3,ROD23.813,A36,,,35488783-2333-436d-aab2-31d63ee9170b
W8-9,CNDT,CONDUIT,19MM CONDUIT,1,ROD19,Zero_Density,,,9aa959f7-f1b0-43b8-af9e-f281ac0f35ad
W8-9,EB-S-PL,PLATE,Single Plastic Electr,1,160*50.8,Zero_Density,,,13101ef6-4ad0-48af-bac7-cb3eb911e641
W8-9,P-205,ANCHOR,12000LB FORGED ANCHOR,4,PL15.88,A36,,,9f00052a-4b04-4664-a3a5-2b69718ca85c
W8-9,P-705,PLATE,13x203x203 PLATE,1,PL203*12.7,A572-GR.50,,,8b843f9f-efaa-4324-8f70-5a2403052a79
W8-7,SP15-457,INSERT,15Mx457 WILLIAMS SPL,18,ROD16,400W,,,aa85fcc8-d2bc-4908-bddf-1827e63f56c1
W8-7,GT75-686,GROUT_TUBE,75Ø x 686 GROUT TUBE,6,ROD76,Zero_Density,,,6458e5d8-3c0b-47e3-976f-fc0b4b8ef6e3
W8-7,CNDT,CONDUIT,19MM CONDUIT,1,ROD19,Zero_Density,,,fbc5d654-18b0-4e0b-8b92-45fc6d796926
W8-7,EB-S-PL,PLATE,Single Plastic Electr,1,160*50.8,Zero_Density,,,25617d9d-09c9-42e0-95c4-f2144e38a9fe
W8-7,P-205,ANCHOR,12000LB FORGED ANCHOR,2,PL15.88,A36,,,8c592206-bbf2-45a9-8bf1-bce0512836b5
W8-7,P-300,INSERT,19Ø INSERT (NC),2,ROD23.813,A36,,,5e271396-aca8-4afa-bed5-68338613e837
W8-7,P-705,PLATE,13x203x203 PLATE,2,PL203*12.7,A572-GR.50,,,077b464f-b8a0-4441-b326-75637b2607d1
W8-4,GT75-686,GROUT_TUBE,75Ø x 686 GROUT TUBE,5,ROD76,Zero_Density,,,49cbf895-7dbc-4dd0-86f9-d42645d89fe1
W8-4,P-205,ANCHOR,12000LB FORGED ANCHOR,2,PL15.88,A36,,,3c059563-2520-43ca-9196-3cc63aa30be0
W8-4,P-300,INSERT,19Ø INSERT (NC),2,ROD23.813,A36,,,a9df14bc-1da4-4bf2-8fda-a6dc3d5d3a80
W8-4,P-705,PLATE,13x203x203 PLATE,2,PL203*12.7,A572-GR.50,,,0996eac7-57ae-4888-b254-ff9ae365e28a
SW17-6,GT75-686,GROUT_TUBE,75Ø x 686 GROUT TUBE,5,ROD76,Zero_Density,,,8a95a49c-26ae-47e3-94df-36038cdcff90
SW17-6,EI-762,EMBED,ELEV. INS. 762LG.,1,PL35*41,Zero_Density,,,03e1f32c-5202-4ade-8d3d-f33ef1dd1f13
SW17-6,INS-5,EMBED,INSULATION,1,PL3626*102,Insulation,,,c5663968-519a-4a3f-afc9-cf6e3d450632
SW17-6,P-300,INSERT,19Ø INSERT (NC),4,ROD23.813,A36,,,364b8e22-6f54-4856-9371-c70cd4f18a90
SW17-6,P-205,ANCHOR,12000LB FORGED ANCHOR,2,PL15.88,A36,,,15504ee3-baa8-4535-8fae-82dfaf9724fb
SW17-6,P-805,EMBED,SBO 203x850 DELTA PLA,1,PL203*25,A572-GR.50,,,7425fe3f-29f0-414d-89bb-11b29c6a97b2
W10-196,P-300,INSERT,19Ø INSERT (NC),4,ROD23.813,A36,,,d37a7840-372c-4d2a-9a72-33ba27168c75
W10-196,GT75-1219,GROUT_TUBE,75Ø x 1219 GROUT TUBE,2,ROD76,Zero_Density,,,0a024d9f-b839-4668-bdd8-7469b254b192
W10-196,GT75-686,GROUT_TUBE,75Ø x 686 GROUT TUBE,1,ROD76,Zero_Density,,,2499c2a8-be44-4c2d-aaa3-7c735d518aca
W10-196,SP15-457,INSERT,15Mx457 WILLIAMS SPL,3,ROD16,400W,,,ee490347-3b56-4412-b4c8-8d56ddd905d5
W10-196,SP25-1067,INSERT,SP25Mx1067 WILLIAMS S,2,ROD25.4,A706-GR.60,,,a57e2376-d226-464a-a115-8aad4152d8d7
W10-196,GT100-1219,GROUT_TUBE,100Øx1219 GROUT TUBE,3,ROD102,Zero_Density,,,05b9851b-0037-4741-935c-54248acd155a
W10-196,SP30-1219,INSERT,30Mx1219 WILLIAMS SPL,1,ROD30.16,A706-GR.60,,,3bed3dfa-cec0-452a-ba3e-23fec6e6a44e
W10-196,CNDT,CONDUIT,19MM CONDUIT,3,ROD19,Zero_Density,,,86c9ff9d-56f4-4161-bce9-45c23e0e614a
W10-196,P-705,PLATE,13x203x203 PLATE,1,PL203*12.7,A572-GR.50,,,e61c0261-3e8e-45e4-8e53-8fbfbbdb5527
W10-196,EB-O-PL1,EMBED,Octagon Plastic Elect,1,ROD160,Zero_Density,,,9d42b301-50b8-4b6a-8c1a-f1e716581ce9
W10-196,EB-S-PL,PLATE,Single Plastic Electr,1,160*50.8,Zero_Density,,,18a8c0ac-5d83-4cf0-aa29-426d851a92a4
W10-196,EB-SQ-PL1,EMBED,Square Plastic Electr,1,160*160,Zero_Density,,,a9c4dacc-4a65-4ce1-8d37-4bf1eb8c2954
W10-196,P-205,ANCHOR,12000LB FORGED ANCHOR,2,PL15.88,A36,,,b001a2a9-0672-469a-bad7-aadd3d252a19
W10-87,P-300,INSERT,19Ø INSERT (NC),4,ROD23.813,A36,,,2c3b5a36-0faa-464b-a2ba-3aa112864c1f
W10-87,GT75-686,GROUT_TUBE,75Ø x 686 GROUT TUBE,1,ROD76,Zero_Density,,,fa15776b-c81d-4bd3-864f-1db259efa22e
W10-87,GT75-1219,GROUT_TUBE,75Ø x 1219 GROUT TUBE,2,ROD76,Zero_Density,,,b789045a-5bf9-49da-8ad8-d07307aac26c
W10-87,SP25-1067,INSERT,SP25Mx1067 WILLIAMS S,2,ROD25.4,A706-GR.60,,,6b137d79-78fb-42b1-8f0a-7ed35ac0915c
W10-87,GT100-1219,GROUT_TUBE,100Øx1219 GROUT TUBE,3,ROD102,Zero_Density,,,5a0812f0-9832-4b6d-89ed-c786d79ff652
W10-87,CNDT,CONDUIT,19MM CONDUIT,3,ROD19,Zero_Density,,,425ccdd9-bcb2-447f-bfce-8294468c15dc
W10-87,EB-O-PL1,EMBED,Octagon Plastic Elect,1,ROD160,Zero_Density,,,818e85cc-3faf-48d6-972a-04454ac04ed6
W10-87,EB-S-PL,PLATE,Single Plastic Electr,1,160*50.8,Zero_Density,,,c0e79477-5322-4a23-8216-d27c69f61778
W10-87,EB-SQ-PL1,EMBED,Square Plastic Electr,1,160*160,Zero_Density,,,4427ea77-0cf3-41a6-b43d-457d9840e8ae
W10-87,P-205,ANCHOR,12000LB FORGED ANCHOR,2,PL15.88,A36,,,64c201bf-e6c2-4e1e-ad7d-33d86c96c80a
W10-87,P-705,PLATE,13x203x203 PLATE,1,PL203*12.7,A572-GR.50,,,131187ad-8b07-4edc-80c9-06a7794a255a
W8-17,SP15-457,INSERT,15Mx457 WILLIAMS SPL,21,ROD16,400W,,,82bc3d66-14d7-47cd-b742-6096fa4fe6c2
W8-17,GT75-686,GROUT_TUBE,75Ø x 686 GROUT TUBE,5,ROD76,Zero_Density,,,9c7173c0-d5e9-4727-b6f7-0f0628175745
W8-17,CNDT,CONDUIT,19MM CONDUIT,3,ROD19,Zero_Density,,,d99f3244-17c7-4400-b9ba-9597cc5d21c7
W8-17,EB-S-PL,PLATE,Single Plastic Electr,2,160*50.8,Zero_Density,,,2fe91312-a915-48ac-aa6a-152926bfc9e3
W8-17,EB-SQ-PL1,EMBED,Square Plastic Electr,1,160*160,Zero_Density,,,ebde9168-f969-4380-8128-7826d092a2ae
W8-17,P-300,INSERT,19Ø INSERT (NC),2,ROD23.813,A36,,,45ca28dd-abd1-4449-aa77-a396941df6b1
W8-17,P-205,ANCHOR,12000LB FORGED ANCHOR,2,PL15.88,A36,,,f4fec2d0-63a2-4357-b3e5-956d93e93af6
W8-17,P-705,PLATE,13x203x203 PLATE,2,PL203*12.7,A572-GR.50,,,232dda41-0d98-481d-bc48-4b735e34de68
W8-17,SLV-76-203,SLEEVE,76Ø x 203 PVC SLEEVE,1,ROD82,Zero_Density,,,4ac7cbf7-4fdb-402d-8d9d-b754ec03c573
W8-17,GT75-1219,GROUT_TUBE,75Ø x 1219 GROUT TUBE,1,ROD76,Zero_Density,,,f4301d13-bd35-4fce-b6db-6c4bff8bbfe2
W8-35,SP15-457,INSERT,15Mx457 WILLIAMS SPL,15,ROD16,400W,,,7a4ba242-2d8e-4cc7-9297-e723a93284ae
W8-35,GT75-686,GROUT_TUBE,75Ø x 686 GROUT TUBE,5,ROD76,Zero_Density,,,f67add6b-5b6c-4633-ad92-b1b12b57026a
W8-35,P-300,INSERT,19Ø INSERT (NC),2,ROD23.813,A36,,,03868ed8-de1a-4e5e-9c68-5877e3a571a7
W8-35,P-205,ANCHOR,12000LB FORGED ANCHOR,2,PL15.88,A36,,,61fb26cc-6643-4f0b-9c58-9c87dcbd48f7
W8-35,P-705,PLATE,13x203x203 PLATE,2,PL203*12.7,A572-GR.50,,,d5a933ef-55e0-4c69-a4fc-2896eec0d000
SW17-7,GT75-1219,GROUT_TUBE,75Ø x 1219 GROUT TUBE,3,ROD76,Zero_Density,,,60b375c6-e702-4b40-9d22-9fde893cbcf7
SW17-7,EI-1524,EMBED,ELEV. INS. 1524LG.,1,PL35*41,Zero_Density,,,c5f6b563-e5fc-442c-84b0-279023109aa1
SW17-7,INS-7,EMBED,INSULATION,1,PL3626*102,Insulation,,,ce74add4-8bf8-4758-90cb-5ec7a3e32871
SW17-7,P-300,INSERT,19Ø INSERT (NC),4,ROD23.813,A36,,,5c2fc6e5-f1b8-4b4a-9b0d-405dedf3d1ab
SW17-7,P-205,ANCHOR,12000LB FORGED ANCHOR,2,PL15.88,A36,,,4e7b647c-1a49-4b60-8e61-f0dc3be2cfec
W10-193,SP25-1067,INSERT,SP25Mx1067 WILLIAMS S,2,ROD25.4,A706-GR.60,,,3945a0bb-1b0e-47a3-9c75-be4e43f0ab0f
W10-193,SP15-457,INSERT,15Mx457 WILLIAMS SPL,3,ROD16,400W,,,1c215b2c-af1e-4eb7-b954-a3363ddb0b24
W10-193,GT75-1219,GROUT_TUBE,75Ø x 1219 GROUT TUBE,2,ROD76,Zero_Density,,,01e86c80-ffd9-4161-8e48-b9624de91514
W10-193,GT75-686,GROUT_TUBE,75Ø x 686 GROUT TUBE,1,ROD76,Zero_Density,,,301c8504-dc5e-47ca-8236-c9a538110510
W10-193,P-300,INSERT,19Ø INSERT (NC),4,ROD23.813,A36,,,d9fb75d8-575e-4bc0-bd71-5bf4eaf833d7
W10-193,EI-762,EMBED,ELEV. INS. 762LG.,1,PL35*41,Zero_Density,,,7cfd0c27-aff5-4b00-8a3c-80cc8e62f784
W10-193,P-205,ANCHOR,12000LB FORGED ANCHOR,2,PL15.88,A36,,,abd97071-2c33-475c-8dd3-07a62a76134d
W10-100,SP15-457,INSERT,15Mx457 WILLIAMS SPL,15,ROD16,400W,,,a0806de2-4c4c-4fd3-8518-998f0d683e56
W10-100,GT75-1219,GROUT_TUBE,75Ø x 1219 GROUT TUBE,1,ROD76,Zero_Density,,,6d14135b-7480-46ce-bbad-7750f9e751ae
W10-100,GT75-1000,GROUT_TUBE,75Ø x 1000 GROUT TUBE,1,ROD76,Zero_Density,,,98e3d4c3-6e5e-4fc3-92cf-ab23b611df8c
W10-100,GT75-686,GROUT_TUBE,75Ø x 686 GROUT TUBE,1,ROD76,Zero_Density,,,9ae95cda-efe5-47ce-8558-b4819117562b
W10-100,P-300,INSERT,19Ø INSERT (NC),4,ROD23.813,A36,,,b61f4a74-e682-49ef-9b74-000316fe7b52
W10-100,EI-762,EMBED,ELEV. INS. 762LG.,1,PL35*41,Zero_Density,,,f7d6454e-d7de-4473-86a7-38275e382943
W10-100,P-205,ANCHOR,12000LB FORGED ANCHOR,2,PL15.88,A36,,,821c2da5-614f-4506-87e1-9601593923cd
W8-27,GT75-686,GROUT_TUBE,75Ø x 686 GROUT TUBE,9,ROD76,Zero_Density,,,c1ef8892-e95b-41c8-83d5-4f1d2de9b359
W8-27,SP15-457,INSERT,15Mx457 WILLIAMS SPL,27,ROD16,400W,,,ae0d2973-4b01-47f3-96a6-c0ad6ff648db
W8-27,P-300,INSERT,19Ø INSERT (NC),3,ROD23.813,A36,,,8fa2047b-2514-4dba-a455-9916499e44b2
W8-27,P-705,PLATE,13x203x203 PLATE,1,PL203*12.7,A572-GR.50,,,689d8b70-846e-4a78-bb65-1828150e714c
W8-27,P-205,ANCHOR,12000LB FORGED ANCHOR,4,PL15.88,A36,,,2dff37b3-906c-4fb4-b00c-922feff65c32
W8-27,CNDT,CONDUIT,19MM CONDUIT,1,ROD19,Zero_Density,,,56b49746-a6ad-4f35-b3a9-a8ae1dbca45a
W8-27,EB-S-PL,PLATE,Single Plastic Electr,1,160*50.8,Zero_Density,,,70f826c3-3ac2-46bf-994b-09f3bab8c377
W8-42,SP15-457,INSERT,15Mx457 WILLIAMS SPL,18,ROD16,400W,,,f2cd09b8-6f4b-454f-860f-6e61bd91b32a
W8-42,CNDT,CONDUIT,19MM CONDUIT,1,ROD19,Zero_Density,,,cb133e19-9065-4617-99df-95fc41c8959d
W8-42,EB-S-PL,PLATE,Single Plastic Electr,1,160*50.8,Zero_Density,,,c751d642-063e-415b-92e2-a7a19ca36410
W8-42,P-205,ANCHOR,12000LB FORGED ANCHOR,2,PL15.88,A36,,,390ae8f2-49cd-4b36-8ac1-8ef594d7489b
W8-42,P-300,INSERT,19Ø INSERT (NC),2,ROD23.813,A36,,,092b52da-a3c7-472a-9a96-30a09d19ce04
W8-42,GT75-686,GROUT_TUBE,75Ø x 686 GROUT TUBE,6,ROD76,Zero_Density,,,e298c213-8d5b-4db7-aaab-3b1b9588c919
W8-42,P-705,PLATE,13x203x203 PLATE,2,PL203*12.7,A572-GR.50,,,9673883f-768a-4972-b51d-07505fec041c
W8-34,GT75-686,GROUT_TUBE,75Ø x 686 GROUT TUBE,5,ROD76,Zero_Density,,,71c5d231-d25b-4aea-bd47-f71798adc7a4
W8-34,SP15-457,INSERT,15Mx457 WILLIAMS SPL,15,ROD16,400W,,,47fb426c-dc24-4e02-b5db-6c98cc5656e5
W8-34,P-205,ANCHOR,12000LB FORGED ANCHOR,2,PL15.88,A36,,,1f204bdb-21dd-42ca-88f4-ff5abaca0209
W8-34,P-300,INSERT,19Ø INSERT (NC),2,ROD23.813,A36,,,7acc509a-76a0-45ff-9f5f-836ebb063dea
W8-34,P-705,PLATE,13x203x203 PLATE,2,PL203*12.7,A572-GR.50,,,c77d9a71-0268-41d4-b49c-8709ee6f656d
W8-13,SP15-457,INSERT,15Mx457 WILLIAMS SPL,15,ROD16,400W,,,2eb0b90f-67ba-4bb0-95db-146d9bd656e5
W8-13,GT75-686,GROUT_TUBE,75Ø x 686 GROUT TUBE,5,ROD76,Zero_Density,,,0a06e571-7186-49c4-8bc5-082663afa841
W8-13,P-705,PLATE,13x203x203 PLATE,2,PL203*12.7,A572-GR.50,,,a9f28df2-f9bf-4cc2-9f28-70d918061540
W8-13,P-205,ANCHOR,12000LB FORGED ANCHOR,2,PL15.88,A36,,,f92ab67b-ef59-4694-bea9-bcc6394e95c2
W8-13,P-300,INSERT,19Ø INSERT (NC),2,ROD23.813,A36,,,89e13d61-48ce-4a24-9f62-277d2cea003d
W10-79,P-300,INSERT,19Ø INSERT (NC),4,ROD23.813,A36,,,e50a7137-e620-4e87-82ba-196838c2f0be
W10-79,GT75-1219,GROUT_TUBE,75Ø x 1219 GROUT TUBE,2,ROD76,Zero_Density,,,db96f6d0-b8f4-4efb-8097-69e5b44afa22
W10-79,SP25-1067,INSERT,SP25Mx1067 WILLIAMS S,2,ROD25.4,A706-GR.60,,,98c0aa77-e2ae-4a08-8a09-6a711b31ab37
W10-79,P-220,EMBED,10Øx2743 AC 5625LB CA,1,CABLE9.53,Steel_Undefined,,,734c9e75-2936-47f7-8a7a-72340919b208
W10-173,P-300,INSERT,19Ø INSERT (NC),4,ROD23.813,A36,,,372029ca-7645-46ed-99a0-72b34b6fc2b2
W10-173,SP25-1067,INSERT,SP25Mx1067 WILLIAMS S,2,ROD25.4,A706-GR.60,,,82793a1e-cad9-44e9-9d40-0bcff924ea94
W10-173,GT75-1219,GROUT_TUBE,75Ø x 1219 GROUT TUBE,2,ROD76,Zero_Density,,,73dd26ca-a9e1-42a0-979d-5b1c0aa6e66c
W10-173,P-220,EMBED,10Øx2743 AC 5625LB CA,1,CABLE9.53,Steel_Undefined,,,fcfe9c12-f5bf-4bb4-a81e-8e5269cb2429
W8-37,SP15-457,INSERT,15Mx457 WILLIAMS SPL,27,ROD16,400W,,,46e38715-b034-44ed-b897-fbd858f3c1e0
W8-37,P-300,INSERT,19Ø INSERT (NC),3,ROD23.813,A36,,,9d5f403f-c855-4f02-a20b-9b6904b64fd0
W8-37,CNDT,CONDUIT,19MM CONDUIT,2,ROD19,Zero_Density,,,d517ae36-6451-4526-af85-febe25196e75
W8-37,EB-S-PL,PLATE,Single Plastic Electr,2,160*50.8,Zero_Density,,,ce61c352-6630-442b-9af0-c3d3a004d8ea
W8-37,P-705,PLATE,13x203x203 PLATE,1,PL203*12.7,A572-GR.50,,,dcfe7a36-4a6f-4f5b-a592-1fa930ce354f
W8-37,P-205,ANCHOR,12000LB FORGED ANCHOR,2,PL15.88,A36,,,5a32dfd4-2eb7-4592-a658-43dff3d0d9f2
W8-37,GT75-686,GROUT_TUBE,75Ø x 686 GROUT TUBE,9,ROD76,Zero_Density,,,da1c8f8c-0d1d-412d-856a-ff5d28f9ba48
W10-152,SP25-1067,INSERT,SP25Mx1067 WILLIAMS S,2,ROD25.4,A706-GR.60,,,55fd049a-d56e-4a1b-ab21-bb72b10e05a9
W10-152,SP15-457,INSERT,15Mx457 WILLIAMS SPL,3,ROD16,400W,,,7aae34f8-5d1a-4f88-aa65-8dd7b97973ee
W10-152,GT75-1219,GROUT_TUBE,75Ø x 1219 GROUT TUBE,2,ROD76,Zero_Density,,,4c5d59d0-e45a-4ea8-a7de-a7f9ff26e5b5
W10-152,GT75-686,GROUT_TUBE,75Ø x 686 GROUT TUBE,1,ROD76,Zero_Density,,,13fcbc7f-bdb9-4a72-b044-13c966a10709
W10-152,P-300,INSERT,19Ø INSERT (NC),4,ROD23.813,A36,,,ee2219d6-f466-4655-bb43-8f7a53a2fa76
W10-152,P-205,ANCHOR,12000LB FORGED ANCHOR,2,PL15.88,A36,,,1276f7d3-bc8a-4d1c-bd84-382691a019f1
W10-152,EI-762,EMBED,ELEV. INS. 762LG.,1,PL35*41,Zero_Density,,,5e47d01b-355b-4ac2-a0f8-1332d36b5edc
W8-14,SP15-457,INSERT,15Mx457 WILLIAMS SPL,15,ROD16,400W,,,b6851375-ba5f-4fe7-8201-adbfcbef62f0
W8-14,GT75-686,GROUT_TUBE,75Ø x 686 GROUT TUBE,5,ROD76,Zero_Density,,,ed696958-1bf1-4f57-a30f-3473b61bba4f
W8-14,P-300,INSERT,19Ø INSERT (NC),2,ROD23.813,A36,,,001f127b-25f0-4d9c-b27a-89122baac704
W8-14,P-205,ANCHOR,12000LB FORGED ANCHOR,2,PL15.88,A36,,,1dad9286-4799-42d6-a790-500ccc94002e
W8-14,P-705,PLATE,13x203x203 PLATE,2,PL203*12.7,A572-GR.50,,,83527e8d-6a9b-4788-aa76-b82494e83dab
W8-11,SP15-457,INSERT,15Mx457 WILLIAMS SPL,30,ROD16,400W,,,0632acbe-40fb-42d5-9f57-47f926f4784e
W8-11,P-300,INSERT,19Ø INSERT (NC),3,ROD23.813,A36,,,e9b8d900-0431-436a-8e10-d01b424d7dcd
W8-11,GT75-686,GROUT_TUBE,75Ø x 686 GROUT TUBE,7,ROD76,Zero_Density,,,64c294d5-8a09-4072-9bbb-416946d21927
W8-11,GT75-1219,GROUT_TUBE,75Ø x 1219 GROUT TUBE,1,ROD76,Zero_Density,,,0d69f922-7eb0-4cab-b7af-e3b114928220
W8-11,CNDT,CONDUIT,19MM CONDUIT,2,ROD19,Zero_Density,,,9f99cc11-549d-412b-8197-6d0b64d56a12
W8-11,EB-S-PL,PLATE,Single Plastic Electr,2,160*50.8,Zero_Density,,,11b93ad2-4c76-4385-80bd-f1480a56be61
W8-11,P-705,PLATE,13x203x203 PLATE,1,PL203*12.7,A572-GR.50,,,bf06153f-bed6-4330-8fbc-397db55d5357
W8-11,P-205,ANCHOR,12000LB FORGED ANCHOR,2,PL15.88,A36,,,0faa73ff-57e2-44e9-8405-7dce7337c93b
W10-130,GT75-1219,GROUT_TUBE,75Ø x 1219 GROUT TUBE,2,ROD76,Zero_Density,,,c4bc0f12-d338-4dad-bb13-2b1cfaf755f5
W10-130,GT75-686,GROUT_TUBE,75Ø x 686 GROUT TUBE,5,ROD76,Zero_Density,,,12064976-816b-4b1d-a96e-cfb177ab045a
W10-130,SP25-1067,INSERT,SP25Mx1067 WILLIAMS S,2,ROD25.4,A706-GR.60,,,51b3bbb3-483f-41f2-b355-229fe4efb576
W10-130,SP15-457,INSERT,15Mx457 WILLIAMS SPL,15,ROD16,400W,,,34a8d6e9-a290-4422-9b3c-f0b76dab2653
W10-130,P-300,INSERT,19Ø INSERT (NC),4,ROD23.813,A36,,,1c53db24-853e-4b2a-8c45-19b593bfca30
W10-130,CNDT,CONDUIT,19MM CONDUIT,2,ROD19,Zero_Density,,,9b5900b1-d84f-4662-b08a-e675becbbd08
W10-130,EB-S-PL,PLATE,Single Plastic Electr,1,160*50.8,Zero_Density,,,44b9a923-51b6-4b80-9813-73f6cc73dde5
W10-130,EB-SQ-PL1,EMBED,Square Plastic Electr,1,160*160,Zero_Density,,,ef6ddb1a-8d19-4966-8f48-e7cd15a09244
W10-130,P-205,ANCHOR,12000LB FORGED ANCHOR,4,PL15.88,A36,,,1febacd6-8342-45f0-a8f5-6d1eb6ce0a50
W8-20,SP15-457,INSERT,15Mx457 WILLIAMS SPL,27,ROD16,400W,,,f35e3052-634b-4769-82e8-bf5bd5cdb4f6
W8-20,P-300,INSERT,19Ø INSERT (NC),3,ROD23.813,A36,,,cf0169a7-1c9a-4eed-8b9a-14e4865bb6f2
W8-20,GT75-686,GROUT_TUBE,75Ø x 686 GROUT TUBE,7,ROD76,Zero_Density,,,2282a11b-1b21-4ea2-9783-4208a002071b
W8-20,CNDT,CONDUIT,19MM CONDUIT,1,ROD19,Zero_Density,,,cdb44758-85ed-4ec1-832a-229486de77f9
W8-20,EB-S-PL,PLATE,Single Plastic Electr,1,160*50.8,Zero_Density,,,6301794a-a82c-4da5-99f7-6f90d277232c
W8-20,P-205,ANCHOR,12000LB FORGED ANCHOR,2,PL15.88,A36,,,7e1bd4a9-3152-48ff-9e92-5669a49b176c
W8-20,P-705,PLATE,13x203x203 PLATE,1,PL203*12.7,A572-GR.50,,,c555ac48-454e-46cc-a039-bdcc9139b9e1
W8-20,SLV-76-203,SLEEVE,76Ø x 203 PVC SLEEVE,1,ROD82,Zero_Density,,,1e277df7-09b6-4b80-8794-80847787dfed
W8-20,GT75-1219,GROUT_TUBE,75Ø x 1219 GROUT TUBE,1,ROD76,Zero_Density,,,e3fde156-5dd4-4017-9868-ac7084e1ec7b
W8-18,SP15-457,INSERT,15Mx457 WILLIAMS SPL,27,ROD16,400W,,,89520cae-d1db-498c-bcf2-fdb6886744e2
W8-18,P-300,INSERT,19Ø INSERT (NC),3,ROD23.813,A36,,,5fdceab6-43ac-4686-8b55-a521b0aee9ce
W8-18,GT75-686,GROUT_TUBE,75Ø x 686 GROUT TUBE,9,ROD76,Zero_Density,,,2058d1b8-81e9-4781-94b2-a7786b78cfa8
W8-18,CNDT,CONDUIT,19MM CONDUIT,2,ROD19,Zero_Density,,,f7489dda-639a-47a1-940c-3598b66a88ee
W8-18,EB-S-PL,PLATE,Single Plastic Electr,2,160*50.8,Zero_Density,,,93411084-836b-4358-9944-74de3fb74342
W8-18,P-205,ANCHOR,12000LB FORGED ANCHOR,2,PL15.88,A36,,,3565d499-6621-42d6-93a0-1b389d2a744f
W8-18,P-705,PLATE,13x203x203 PLATE,1,PL203*12.7,A572-GR.50,,,e2626a68-e087-491a-b2b2-73448bf72bd7
W8-18,SLV-76-203,SLEEVE,76Ø x 203 PVC SLEEVE,1,ROD82,Zero_Density,,,49a07fff-3277-4e4f-b6a0-065d9bb4d5dd
W10-149,P-300,INSERT,19Ø INSERT (NC),3,ROD23.813,A36,,,5f671ce3-5f52-4e78-9242-32ea2cf942cd
W10-149,SP30-1219,INSERT,30Mx1219 WILLIAMS SPL,3,ROD30.16,A706-GR.60,,,8680f08a-7313-4def-9788-fbf3aece1859
W10-149,P-205,ANCHOR,12000LB FORGED ANCHOR,2,PL15.88,A36,,,e47bd146-d723-41db-b5cd-4d36f6eff740
W10-149,GT100-1219,GROUT_TUBE,100Øx1219 GROUT TUBE,9,ROD102,Zero_Density,,,f9c5e444-f471-4a7b-a3de-af6f9e2b224b
W10-153,GT75-1219,GROUT_TUBE,75Ø x 1219 GROUT TUBE,2,ROD76,Zero_Density,,,7d1f779e-4f4c-462f-80f4-f9e3626e80bc
W10-153,GT75-686,GROUT_TUBE,75Ø x 686 GROUT TUBE,1,ROD76,Zero_Density,,,6f6eb691-de19-4951-be1b-304c6f5684a4
W10-153,SP25-1067,INSERT,SP25Mx1067 WILLIAMS S,2,ROD25.4,A706-GR.60,,,4fa61b0a-6be4-4cd8-893a-c69e46e2601f
W10-153,P-300,INSERT,19Ø INSERT (NC),4,ROD23.813,A36,,,bfcd60bb-3f89-471b-bebb-4a2f65a39718
W10-153,P-705,PLATE,13x203x203 PLATE,1,PL203*12.7,A572-GR.50,,,6816a925-9ccd-4f09-9e75-f38a0bfe269b
W10-153,P-205,ANCHOR,12000LB FORGED ANCHOR,2,PL15.88,A36,,,a986ed76-f343-4859-a604-297484b9bbaa
W10-153,EI-1524,EMBED,ELEV. INS. 1524LG.,1,PL35*41,Zero_Density,,,88eed989-a3e0-4b60-bb8c-a85b5ffd3dc0
W10-153,SP15-457,INSERT,15Mx457 WILLIAMS SPL,3,ROD16,400W,,,4eb8f42c-1219-4604-a80d-50c610960531
W10-93,P-300,INSERT,19Ø INSERT (NC),4,ROD23.813,A36,,,263e3bfd-bb8c-4c78-b89d-4eb77a2f9883
W10-93,GT75-1219,GROUT_TUBE,75Ø x 1219 GROUT TUBE,2,ROD76,Zero_Density,,,1caa1b90-22a8-450b-81d6-ab496d988484
W10-93,GT75-686,GROUT_TUBE,75Ø x 686 GROUT TUBE,1,ROD76,Zero_Density,,,351bc2ec-3302-4c2b-b56b-bb47399eab85
W10-93,SP25-1067,INSERT,SP25Mx1067 WILLIAMS S,2,ROD25.4,A706-GR.60,,,13c4f9dc-45d4-4c19-af49-bea83336d283
W10-93,SP15-457,INSERT,15Mx457 WILLIAMS SPL,3,ROD16,400W,,,76decd9c-6ca1-4940-986d-4db08a1d8f06
W10-93,P-705,PLATE,13x203x203 PLATE,1,PL203*12.7,A572-GR.50,,,7d2ab31a-6dff-42cb-a8d7-4978799a6045
W10-93,GT100-1219,GROUT_TUBE,100Øx1219 GROUT TUBE,3,ROD102,Zero_Density,,,44c70a4f-79d6-4bc5-8b8d-944bb06cb335
W10-93,SP30-1219,INSERT,30Mx1219 WILLIAMS SPL,1,ROD30.16,A706-GR.60,,,b5fe2cd5-0b4e-43e5-9ab2-97e07ce12e92
W10-93,CNDT,CONDUIT,19MM CONDUIT,3,ROD19,Zero_Density,,,40979e5d-20da-4e9e-882c-c2e7b5e22a00
W10-93,EB-O-PL1,EMBED,Octagon Plastic Elect,1,ROD160,Zero_Density,,,33f34003-9391-44ab-88d1-bebd0c12cc17
W10-93,EB-S-PL,PLATE,Single Plastic Electr,1,160*50.8,Zero_Density,,,37f577da-cdf6-49b6-9224-cbaeddbc36fa
W10-93,EB-SQ-PL1,EMBED,Square Plastic Electr,1,160*160,Zero_Density,,,c794ec5d-8513-4d7c-baa6-9a39c446c311
W10-93,P-205,ANCHOR,12000LB FORGED ANCHOR,2,PL15.88,A36,,,a78ead2c-c81f-45fd-98be-421967bd89d2
W8-19,GT75-686,GROUT_TUBE,75Ø x 686 GROUT TUBE,10,ROD76,Zero_Density,,,2b370873-a12d-4f4f-98c5-615bc578cdb3
W8-19,SP15-457,INSERT,15Mx457 WILLIAMS SPL,27,ROD16,400W,,,91cf1540-e762-4962-bea4-bdf36efc31f3
W8-19,P-300,INSERT,19Ø INSERT (NC),3,ROD23.813,A36,,,b490244e-d069-44cf-af08-eb325c39f0f5
W8-19,CNDT,CONDUIT,19MM CONDUIT,1,ROD19,Zero_Density,,,2b4bb1dc-7905-4024-aba9-b5b547430ba0
W8-19,EB-S-PL,PLATE,Single Plastic Electr,1,160*50.8,Zero_Density,,,ebcd706a-c0ca-4003-b527-1306d5c75cdb
W8-19,P-705,PLATE,13x203x203 PLATE,1,PL203*12.7,A572-GR.50,,,e7e7cd8b-7a7d-42f7-b181-d3d17565a67e
W8-19,P-205,ANCHOR,12000LB FORGED ANCHOR,4,PL15.88,A36,,,76409383-9251-432b-ad97-472dc2df8275
W8-16,GT75-686,GROUT_TUBE,75Ø x 686 GROUT TUBE,6,ROD76,Zero_Density,,,471db74d-7d10-45e1-b7f4-86538bda4642
W8-16,SP15-457,INSERT,15Mx457 WILLIAMS SPL,21,ROD16,400W,,,d4e9fff4-b835-4933-8008-456544b9878b
W8-16,CNDT,CONDUIT,19MM CONDUIT,1,ROD19,Zero_Density,,,549afb9d-f919-437b-b19d-ef93cd105764
W8-16,EB-S-PL,PLATE,Single Plastic Electr,1,160*50.8,Zero_Density,,,0f8e3b96-b8ba-4684-b765-e6ed4400d9f1
W8-16,P-205,ANCHOR,12000LB FORGED ANCHOR,2,PL15.88,A36,,,1a28b993-81cc-48b8-b6d6-e77578bb66d1
W8-16,P-300,INSERT,19Ø INSERT (NC),2,ROD23.813,A36,,,ecfd6334-c29b-4f87-b27e-29508c61edbe
W8-16,P-705,PLATE,13x203x203 PLATE,2,PL203*12.7,A572-GR.50,,,0bf68699-f7c1-4091-b013-9c4e77d3042c
W10-203,SP30-1219,INSERT,30Mx1219 WILLIAMS SPL,3,ROD30.16,A706-GR.60,,,0e27ed05-efe3-4f72-b0e0-d6144cf74b11
W10-203,GT75-1219,GROUT_TUBE,75Ø x 1219 GROUT TUBE,3,ROD76,Zero_Density,,,ea221886-8931-47cb-8c2f-12bbca7c0f7f
W10-203,P-301,EMBED,19Ø EXP.  INS. (NC),1,ROD23.81,A36,,,230ec175-d9c2-422a-86b8-f92c88c06c6b
W10-203,P-300,INSERT,19Ø INSERT (NC),2,ROD23.813,A36,,,077afd43-7349-4d99-9016-6454c444efa7
W10-203,P-205,ANCHOR,12000LB FORGED ANCHOR,2,PL15.88,A36,,,9999476a-639f-43b0-b5e3-353519c65b48
W10-129,SP25-1067,INSERT,SP25Mx1067 WILLIAMS S,3,ROD25.4,A706-GR.60,,,9d58969f-cced-413a-8918-e95adbe0c122
W10-129,GT75-1219,GROUT_TUBE,75Ø x 1219 GROUT TUBE,3,ROD76,Zero_Density,,,d5a92047-ca01-4d9a-9522-d6b8742be657
W10-129,P-301,EMBED,19Ø EXP.  INS. (NC),1,ROD23.81,A36,,,92bd5c8e-7989-4c18-a745-b36f4a743e3c
W10-129,P-205,ANCHOR,12000LB FORGED ANCHOR,2,PL15.88,A36,,,044c8ab2-bc21-4f1a-a166-e7fe6d8237b3
W10-129,P-300,INSERT,19Ø INSERT (NC),2,ROD23.813,A36,,,451dea2c-a3a2-414e-99d2-25040e5ae91d
W10-177,GT75-1219,GROUT_TUBE,75Ø x 1219 GROUT TUBE,3,ROD76,Zero_Density,,,a0cb8802-17bd-4e80-aee4-79b54d872447
W10-177,SP25-1067,INSERT,SP25Mx1067 WILLIAMS S,3,ROD25.4,A706-GR.60,,,b458baec-3d99-432a-9878-2c9c57074849
W10-177,P-301,EMBED,19Ø EXP.  INS. (NC),1,ROD23.81,A36,,,d2b099dd-ff75-4b13-aba7-13567d62e7e0
W10-177,P-300,INSERT,19Ø INSERT (NC),2,ROD23.813,A36,,,9c81e8b6-79d7-409b-86d1-5d504663764b
W10-177,P-205,ANCHOR,12000LB FORGED ANCHOR,2,PL15.88,A36,,,b7d9cf8a-b91f-41b1-b70c-9447236b626b
W10-128,SP25-1067,INSERT,SP25Mx1067 WILLIAMS S,3,ROD25.4,A706-GR.60,,,c4f56cc8-ca03-493d-9166-78d5b3c35c6c
W10-128,GT75-1219,GROUT_TUBE,75Ø x 1219 GROUT TUBE,3,ROD76,Zero_Density,,,3f259335-9d74-4a2b-8543-664c13381701
W10-128,P-205,ANCHOR,12000LB FORGED ANCHOR,2,PL15.88,A36,,,69970bd1-dab8-4f26-b0db-192a6617e68f
W10-128,P-300,INSERT,19Ø INSERT (NC),2,ROD23.813,A36,,,94ef0b33-633e-45e9-a5ab-13ba0bc8f84a
W10-128,P-301,EMBED,19Ø EXP.  INS. (NC),1,ROD23.81,A36,,,2e2d3c45-0973-4e4a-a50a-1c8960d0c566
P6-11,MPX13,EMBED,V REVEAL LARGE,1,TRIANGLE12.7*12.7,Misc_Undefined,,,01a63e4a-aca1-40b9-9206-e686a618b44c
P6-11,MPX14,EMBED,V REVEAL LARGE,1,TRIANGLE12.7*12.7,Misc_Undefined,,,7116bea6-aa0b-4f77-b537-4eeaf3977bcb
P6-11,MPX12,EMBED,MOUNTPART,1,TRIANGLE51.0*12.7,Misc_Undefined,,,17fb55f0-ba91-4d71-9721-b177bf0bf883
P6-11,P-620,EMBED,6PL W/STUDS,1,PL101.6*6.35,A572-GR.50,,,023bad0c-aa32-476f-b3cd-ee14f9abb3a6
P6-11,P-300,INSERT,19Ø INSERT (NC),13,ROD23.813,A36,,,9dc89119-e313-4693-8f6f-bd8d37ca1f42
P6-11,P-900-10,PLATE,25mm KNIFE PLATE,2,PL127*25,A572-GR.50,,,6a5e7d3a-b8bf-4c7a-adf2-947228bf7ce9
P6-11,P-900-20,EMBED,,1,PD28.6*4.76,50W,,,bf79feb8-fd96-4cd8-8e53-a3b5b8511875
P6-11,P-900-30,EMBED,,1,STUD_3/4-DIA,A108-GR.90,,,e14f180f-06ff-4577-9eeb-437c58fd7361
P6-11,GT76-152,GROUT_TUBE,76Øx152mm G.TUBE,6,ROD76.2,Zero_Density,,,ae4c2ab9-43d7-41c1-9d04-90a83e24ce53
P6-11,CNDT,CONDUIT,19MM CONDUIT,2,ROD19,Zero_Density,,,6ca55bf2-c41c-430a-9453-6d95ffda903b
P6-11,EB-S-PL,PLATE,Single Plastic Electr,2,160*50.8,Zero_Density,,,c1400257-b1e8-4fea-b627-68a3c1c1cfe9
P6-11,P-205,ANCHOR,12000LB FORGED ANCHOR,4,PL15.88,A36,,,ed1d60f4-03a3-427e-954f-3cad9fc9c604
W10-38,GT75-1219,GROUT_TUBE,75Ø x 1219 GROUT TUBE,1,ROD76,Zero_Density,,,d3223572-0725-4d22-8d98-9b725fae8cbe
W10-38,SP25-1067,INSERT,SP25Mx1067 WILLIAMS S,1,ROD25.4,A706-GR.60,,,6d44cad5-5278-47b2-85d4-fe10fc220d4c
W10-38,P-300,INSERT,19Ø INSERT (NC),6,ROD23.813,A36,,,110da511-8415-44a3-a733-29725182a7ae
W10-38,P-607,EMBED,13PL. w/STUD,1,PL152.4*12.7,A572-GR.50,,,41048ea5-fbc9-478d-be3a-9765be01ba6f
W10-38,P-703,EMBED,13PL. w/STUD,1,PL102*12.7,A572-GR.50,,,3ecfbd2e-fbbd-4c3b-b103-aa4a239a7536
W10-38,P-221,EMBED,13Øx2743 AC 10375LB,1,CABLE12.7,Steel_Undefined,,,91b4b621-e6c7-485f-8d0c-713bee5a2ab8
W10-207,SP25-1067,INSERT,SP25Mx1067 WILLIAMS S,1,ROD25.4,A706-GR.60,,,8067fbe3-5a6b-428a-883a-8dbcc96cba7d
W10-207,GT75-1219,GROUT_TUBE,75Ø x 1219 GROUT TUBE,1,ROD76,Zero_Density,,,8b6d0dc7-5676-4847-b92c-8820f854ba4f
W10-207,P-300,INSERT,19Ø INSERT (NC),6,ROD23.813,A36,,,8c7646e6-3383-45a3-b650-a277a382d160
W10-207,P-607,EMBED,13PL. w/STUD,1,PL152.4*12.7,A572-GR.50,,,f0a5ddef-abdc-4f9a-8542-8b5dd58ff6dd
W10-207,P-703,EMBED,13PL. w/STUD,1,PL102*12.7,A572-GR.50,,,d6dd9f9f-fc53-45d8-85c4-9fc1c1d2e494
W10-207,P-220,EMBED,10Øx2743 AC 5625LB CA,1,CABLE9.53,Steel_Undefined,,,c8a043b8-9631-4197-9f6c-a4b353d26f10
W10-140,SP25-1067,INSERT,SP25Mx1067 WILLIAMS S,3,ROD25.4,A706-GR.60,,,67689fe7-879e-43f3-8d03-6c5e7996165f
W10-140,P-301,EMBED,19Ø EXP.  INS. (NC),1,ROD23.81,A36,,,04201859-3f04-44bc-943c-4d9b812f2223
W10-140,P-300,INSERT,19Ø INSERT (NC),2,ROD23.813,A36,,,f40e0a47-94fc-4b06-9636-5826fd71974b
W10-140,P-205,ANCHOR,12000LB FORGED ANCHOR,2,PL15.88,A36,,,9803eb12-8970-4cc4-b7a8-6ba82134018e
W10-140,GT75-1219,GROUT_TUBE,75Ø x 1219 GROUT TUBE,3,ROD76,Zero_Density,,,fe23c293-f149-4ef4-91fc-df4c5463b08c
W10-148,GT75-1219,GROUT_TUBE,75Ø x 1219 GROUT TUBE,3,ROD76,Zero_Density,,,808af181-1e00-4b47-bfd7-0dbbf263a1b4
W10-148,SP25-1067,INSERT,SP25Mx1067 WILLIAMS S,3,ROD25.4,A706-GR.60,,,8110d4ac-8460-4b3b-8ba8-c24b44c0acbe
W10-148,P-301,EMBED,19Ø EXP.  INS. (NC),1,ROD23.81,A36,,,61e0c208-5e37-4eb7-b18b-1e275c67b416
W10-148,P-205,ANCHOR,12000LB FORGED ANCHOR,2,PL15.88,A36,,,fd494871-dfc2-48a7-8491-63bd3ad9a916
W10-148,P-300,INSERT,19Ø INSERT (NC),2,ROD23.813,A36,,,e5338a8d-1afb-4889-b3c4-2b4f37a394e8
W10-142,P-300,INSERT,19Ø INSERT (NC),4,ROD23.813,A36,,,df42c1d5-5e33-4a5a-9ecc-f0f014a8103f
W10-142,GT75-1219,GROUT_TUBE,75Ø x 1219 GROUT TUBE,2,ROD76,Zero_Density,,,cba17825-65d9-482e-8aac-a1c55c3ed9b9
W10-142,SP25-1067,INSERT,SP25Mx1067 WILLIAMS S,2,ROD25.4,A706-GR.60,,,5c97b243-bc78-4213-9abc-90952b9b5a2f
W10-142,P-220,EMBED,10Øx2743 AC 5625LB CA,1,CABLE9.53,Steel_Undefined,,,2becc34f-ead4-4d78-b230-71d01aa2c556
W10-144,P-300,INSERT,19Ø INSERT (NC),4,ROD23.813,A36,,,08fe93f7-5502-4fd5-8172-f07ba53334c8
W10-144,GT75-1219,GROUT_TUBE,75Ø x 1219 GROUT TUBE,2,ROD76,Zero_Density,,,8a19493b-4487-49b3-a1d2-916d261e419a
W10-144,SP25-1067,INSERT,SP25Mx1067 WILLIAMS S,2,ROD25.4,A706-GR.60,,,a121bb4b-22c2-453e-950d-cc3acb13418b
W10-144,P-220,EMBED,10Øx2743 AC 5625LB CA,1,CABLE9.53,Steel_Undefined,,,76fbd1b6-da28-4335-afda-3e0a8b7cc4af
W10-62,GT75-1219,GROUT_TUBE,75Ø x 1219 GROUT TUBE,1,ROD76,Zero_Density,,,7c5c5692-2a48-48ef-a54a-51a197118f80
W10-62,SP25-1067,INSERT,SP25Mx1067 WILLIAMS S,1,ROD25.4,A706-GR.60,,,7853704b-4c49-4f7a-b672-0384442ceac8
W10-62,P-300,INSERT,19Ø INSERT (NC),6,ROD23.813,A36,,,709d5519-0046-4865-aad0-0c5b2298208b
W10-62,P-607,EMBED,13PL. w/STUD,1,PL152.4*12.7,A572-GR.50,,,ecc6c5cc-7f4d-46d6-8195-070618bdad12
W10-62,P-703,EMBED,13PL. w/STUD,1,PL102*12.7,A572-GR.50,,,fabb072d-79e1-4d43-bc07-77d726b610d9
W10-62,P-221,EMBED,13Øx2743 AC 10375LB,1,CABLE12.7,Steel_Undefined,,,e9d6f3b9-69c1-46c8-bb84-6433c4e349ad
W10-141,GT75-1219,GROUT_TUBE,75Ø x 1219 GROUT TUBE,1,ROD76,Zero_Density,,,ce343c04-55c0-4c8f-bc62-073aa072deaa
W10-141,SP25-1067,INSERT,SP25Mx1067 WILLIAMS S,1,ROD25.4,A706-GR.60,,,a2d52b44-8548-4e6e-9ccd-1c47cb4432ec
W10-141,P-300,INSERT,19Ø INSERT (NC),6,ROD23.813,A36,,,35c5b92d-98a7-4d90-9ed5-4fd6c24d7085
W10-141,P-607,EMBED,13PL. w/STUD,1,PL152.4*12.7,A572-GR.50,,,86aeda59-8b2f-40cf-8ca7-951f0e0a78a2
W10-141,P-703,EMBED,13PL. w/STUD,1,PL102*12.7,A572-GR.50,,,f04e6f15-5909-4ea7-b033-dc6e49f3a381
W10-141,P-221,EMBED,13Øx2743 AC 10375LB,1,CABLE12.7,Steel_Undefined,,,e30e9bed-05bc-4f8c-a19a-72f6c4327281
W10-25,GT100-1219,GROUT_TUBE,100Øx1219 GROUT TUBE,6,ROD102,Zero_Density,,,3133dcd1-f9ca-4bda-aedc-afab549c1585
W10-25,SP25-1067,INSERT,SP25Mx1067 WILLIAMS S,1,ROD25.4,A706-GR.60,,,2854c314-b842-4058-8f80-c5e50c2314c8
W10-25,P-300,INSERT,19Ø INSERT (NC),3,ROD23.813,A36,,,841912fb-a216-421e-b61c-931f0ae62fd6
W10-25,P-705,PLATE,13x203x203 PLATE,1,PL203*12.7,A572-GR.50,,,0d152b58-7d28-4859-a529-9b6810c0b245
W10-25,P-220,EMBED,10Øx2743 AC 5625LB CA,1,CABLE9.53,Steel_Undefined,,,83114d1a-0ecc-4bc7-a726-70cfaa537b71
W10-20,GT100-1219,GROUT_TUBE,100Øx1219 GROUT TUBE,15,ROD102,Zero_Density,,,8a353587-2ed2-4294-93e1-5168f523b12b
W10-20,P-300,INSERT,19Ø INSERT (NC),3,ROD23.813,A36,,,b04f9380-e748-4760-ad75-295cd2f9df58
W10-20,SP25-1067,INSERT,SP25Mx1067 WILLIAMS S,1,ROD25.4,A706-GR.60,,,4099fb71-af83-43fc-8e22-c8334c1a2376
W10-20,SP15-457,INSERT,15Mx457 WILLIAMS SPL,3,ROD16,400W,,,69c3df53-6853-4d0a-8bbf-b5600e1aefe9
W10-20,SP30-1219,INSERT,30Mx1219 WILLIAMS SPL,1,ROD30.16,A706-GR.60,,,7b682036-a267-43c3-b926-83967bf14b63
W10-20,P-205,ANCHOR,12000LB FORGED ANCHOR,2,PL15.88,A36,,,fc7c76da-e1ec-44ea-96a0-56cd45470b7f
W10-20,CNDT,CONDUIT,19MM CONDUIT,1,ROD19,Zero_Density,,,79a9a828-9cbd-4c4d-a2b1-d6e620ec0425
W10-20,EB-O-PL1,EMBED,Octagon Plastic Elect,1,ROD160,Zero_Density,,,24f43e01-b6d4-4e09-a976-ab1199d646a3
W10-20,SLV-64-254,SLEEVE,64Ø x 254 PVC SLEEVE,1,ROD70,Zero_Density,,,29d18405-0c5d-4314-9db4-0295d7cbe2db
W10-20,SLV-152-254,SLEEVE,152Ø x 254 PVC SLEEVE,1,ROD160,Zero_Density,,,4bb306cd-7037-429f-ad49-c2ad7a228140
W10-143,P-300,INSERT,19Ø INSERT (NC),4,ROD23.813,A36,,,91ed3c4c-3110-4ee5-bb7c-c1269879d6cd
W10-143,SP25-1067,INSERT,SP25Mx1067 WILLIAMS S,2,ROD25.4,A706-GR.60,,,da57c937-21b2-44ab-84c4-c0b3118896ec
W10-143,P-220,EMBED,10Øx2743 AC 5625LB CA,1,CABLE9.53,Steel_Undefined,,,743822d0-9aba-404a-a661-dab6ce70ed8b
W10-143,GT75-1219,GROUT_TUBE,75Ø x 1219 GROUT TUBE,2,ROD76,Zero_Density,,,9c649c99-a54b-4b38-a0f5-dd1aac40edf2
W10-18,P-300,INSERT,19Ø INSERT (NC),4,ROD23.813,A36,,,a16e3d8b-5c36-4590-a508-426c454b9f34
W10-18,GT75-1219,GROUT_TUBE,75Ø x 1219 GROUT TUBE,2,ROD76,Zero_Density,,,6f136a58-ffad-4c7e-a333-9e73fb914eee
W10-18,SP25-1067,INSERT,SP25Mx1067 WILLIAMS S,2,ROD25.4,A706-GR.60,,,2fd63cb9-b685-415c-bc00-9a60fbf717d8
W10-18,P-220,EMBED,10Øx2743 AC 5625LB CA,1,CABLE9.53,Steel_Undefined,,,795d0cd6-bb51-40ee-b45f-33469d01aeee
W10-120,SP30-1219,INSERT,30Mx1219 WILLIAMS SPL,3,ROD30.16,A706-GR.60,,,6b5ab338-a1de-4568-916f-48d08dcde57d
W10-120,GT75-1219,GROUT_TUBE,75Ø x 1219 GROUT TUBE,3,ROD76,Zero_Density,,,47d9840b-3df6-4d0f-b946-17330b0c2595
W10-120,P-300,INSERT,19Ø INSERT (NC),2,ROD23.813,A36,,,85715c46-a2f9-4c96-bac8-143f8f07f7e7
W10-120,P-205,ANCHOR,12000LB FORGED ANCHOR,2,PL15.88,A36,,,1bdce25d-35b3-4716-8b4c-bd95e1545553
W10-120,P-301,EMBED,19Ø EXP.  INS. (NC),1,ROD23.81,A36,,,5a3981b5-7dec-48aa-bb32-7db2c1391852
W10-147,SP25-1067,INSERT,SP25Mx1067 WILLIAMS S,3,ROD25.4,A706-GR.60,,,f53b1a39-4fb1-46c4-9f20-05c4e4382b66
W10-147,GT75-1219,GROUT_TUBE,75Ø x 1219 GROUT TUBE,3,ROD76,Zero_Density,,,d7282041-e689-4530-960b-15b6cd25729a
W10-147,P-301,EMBED,19Ø EXP.  INS. (NC),1,ROD23.81,A36,,,c3c57237-5044-4a17-9652-1be28e75b042
W10-147,P-205,ANCHOR,12000LB FORGED ANCHOR,2,PL15.88,A36,,,09e1da7d-6ae9-4550-b3c3-23f5c402ad5f
W10-147,P-300,INSERT,19Ø INSERT (NC),2,ROD23.813,A36,,,15c06b2f-ca23-450e-832a-86432d40767d
W10-139,GT75-1219,GROUT_TUBE,75Ø x 1219 GROUT TUBE,3,ROD76,Zero_Density,,,81cfb475-2f26-4271-a616-578de5eab5df
W10-139,SP25-1067,INSERT,SP25Mx1067 WILLIAMS S,3,ROD25.4,A706-GR.60,,,a9ae0cd9-4a7f-4089-9abd-686e1952093c
W10-139,P-301,EMBED,19Ø EXP.  INS. (NC),1,ROD23.81,A36,,,4b38bdaf-cb4f-4f23-aa4d-a458701c4905
W10-139,P-205,ANCHOR,12000LB FORGED ANCHOR,2,PL15.88,A36,,,65e7b283-78f8-48c4-bff2-135281c769b0
W10-139,P-300,INSERT,19Ø INSERT (NC),2,ROD23.813,A36,,,2c099bdf-4ade-4905-9553-37fd6044eee3
W10-122,SP25-1067,INSERT,SP25Mx1067 WILLIAMS S,3,ROD25.4,A706-GR.60,,,606275ec-8754-4828-b0e8-fa8f333f26c0
W10-122,GT75-1219,GROUT_TUBE,75Ø x 1219 GROUT TUBE,3,ROD76,Zero_Density,,,a3713d1e-bbd1-4412-a82f-ca5fcb7d1863
W10-122,P-205,ANCHOR,12000LB FORGED ANCHOR,2,PL15.88,A36,,,375bf11a-e257-4df1-8f50-2729f0ab2909
W10-122,P-300,INSERT,19Ø INSERT (NC),2,ROD23.813,A36,,,69392050-30b1-47d2-a442-8fc8d5aa0ccf
W10-122,P-301,EMBED,19Ø EXP.  INS. (NC),1,ROD23.81,A36,,,a2dbcb08-6132-4308-acb1-e732927a2470
P6-7,P-620,EMBED,6PL W/STUDS,1,PL101.6*6.35,A572-GR.50,,,cdb5be94-0781-46f6-a3d2-c98b2ab11797
P6-7,P-300,INSERT,19Ø INSERT (NC),10,ROD23.813,A36,,,ef0e1388-b9d2-422d-a867-33eaa2d5f086
P6-7,P-900-10,PLATE,25mm KNIFE PLATE,1,PL127*25,A572-GR.50,,,013bd823-3e65-4790-8ccd-d1ac8bf6fbe8
P6-7,P-900-20,EMBED,,1,PD28.6*4.76,50W,,,9e1b2092-6b00-4fab-9597-e832fe88259f
P6-7,P-900-30,EMBED,,1,STUD_3/4-DIA,A108-GR.90,,,714aee06-9879-40ba-8318-b3aa6525016c
P6-7,P-743-10,PLATE,19PL KNIFE PLATE.,1,PL114.3*19.05,A572-GR.50,,,71413db8-4f61-483d-9d7b-d010cd6b8829
P6-7,P-743-20,EMBED,,1,PD28.6*4.76,50W,,,08cec40a-5729-47b1-80a1-5f860bee92ef
P6-7,P-743-30,EMBED,,1,STUD_3/4-DIA,A108-GR.90,,,171bfa2f-f960-4eaf-8655-bcb0c40f0c75
P6-7,P-205,ANCHOR,12000LB FORGED ANCHOR,4,PL15.88,A36,,,9dfe900a-fa4d-416f-9b41-81376681a22a
P6-10,P-620,EMBED,6PL W/STUDS,1,PL101.6*6.35,A572-GR.50,,,ec6bf475-ff6b-41da-b55f-fd7f31c88477
P6-10,P-300,INSERT,19Ø INSERT (NC),10,ROD23.813,A36,,,2642ba8f-5e3a-4456-b1c8-7f7dcc3dda16
P6-10,P-900-10,PLATE,25mm KNIFE PLATE,1,PL127*25,A572-GR.50,,,4a4690a6-4e03-4c92-905a-360b4e4b29e9
P6-10,P-900-20,EMBED,,1,PD28.6*4.76,50W,,,70542198-ddd9-4672-b5f7-87062b8a66c2
P6-10,P-900-30,EMBED,,1,STUD_3/4-DIA,A108-GR.90,,,012ad89d-aa1e-4f1b-9323-468ef2283ca9
P6-10,P-743-10,PLATE,19PL KNIFE PLATE.,1,PL114.3*19.05,A572-GR.50,,,f3c7c3a4-d2a9-43dd-8d6e-39ce0c14c92b
P6-10,P-743-20,EMBED,,1,PD28.6*4.76,50W,,,38411b7f-f3dc-4987-b755-07de10e4a215
P6-10,P-743-30,EMBED,,1,STUD_3/4-DIA,A108-GR.90,,,b029918a-328e-4b11-a3d1-3c6b5c1b8bcb
P6-10,P-205,ANCHOR,12000LB FORGED ANCHOR,4,PL15.88,A36,,,e804a0ac-bd4b-42d2-84e3-77c5f2901db9
P6-9,P-620,EMBED,6PL W/STUDS,1,PL101.6*6.35,A572-GR.50,,,e92db701-be54-4034-9491-b6ca9b6d2466
P6-9,P-300,INSERT,19Ø INSERT (NC),10,ROD23.813,A36,,,6e7c1f83-6132-4d17-b1fe-cc4a1b4fe8f4
P6-9,P-900-10,PLATE,25mm KNIFE PLATE,1,PL127*25,A572-GR.50,,,be4239f3-5ded-47c0-88dc-b40f718fb5bc
P6-9,P-900-20,EMBED,,1,PD28.6*4.76,50W,,,2b7edf41-da9a-4f10-86a9-83a17fe20560
P6-9,P-900-30,EMBED,,1,STUD_3/4-DIA,A108-GR.90,,,57115939-89ae-4c30-96a3-f4025d60ef4c
P6-9,P-205,ANCHOR,12000LB FORGED ANCHOR,4,PL15.88,A36,,,2696653b-ab2d-486a-ae29-afb199742381
P6-9,P-743-10,PLATE,19PL KNIFE PLATE.,1,PL114.3*19.05,A572-GR.50,,,3a4bc2d7-a813-486b-be4d-6141543e2cce
P6-9,P-743-20,EMBED,,1,PD28.6*4.76,50W,,,d5242731-1c61-4aee-b05e-606911614cba
P6-9,P-743-30,EMBED,,1,STUD_3/4-DIA,A108-GR.90,,,5118678b-c240-454f-ad45-e292ba41d913
W10-41,MPX11,EMBED,V REVEAL LARGE,1,TRIANGLE12.7*12.7,Misc_Undefined,,,bdaf114d-6fd9-41e8-9a0e-17d8b85dfdd3
W10-41,P-300,INSERT,19Ø INSERT (NC),5,ROD23.813,A36,,,3a67e441-4c1e-48b0-a98f-720a6992184d
W10-41,GT75-1219,GROUT_TUBE,75Ø x 1219 GROUT TUBE,8,ROD76,Zero_Density,,,d6616f8e-6a7b-42e3-a3a9-802465d0fdeb
W10-41,GT75-686,GROUT_TUBE,75Ø x 686 GROUT TUBE,2,ROD76,Zero_Density,,,503ff1a4-04ea-4096-9720-14969ca1fa87
W10-41,GT100-1219,GROUT_TUBE,100Øx1219 GROUT TUBE,3,ROD102,Zero_Density,,,ed989c51-30ea-4e5d-9043-f3943977ee4d
W10-41,SP25-1067,INSERT,SP25Mx1067 WILLIAMS S,8,ROD25.4,A706-GR.60,,,5bc77ca0-1dbb-4c7f-8760-6667559fc19e
W10-41,SP15-457,INSERT,15Mx457 WILLIAMS SPL,6,ROD16,400W,,,9aef11d3-cd89-470d-a927-98ffb058a21a
W10-41,SP30-1219,INSERT,30Mx1219 WILLIAMS SPL,1,ROD30.16,A706-GR.60,,,31e5534a-47f2-4477-97c7-2db4368c7d69
W10-41,CNDT,CONDUIT,19MM CONDUIT,1,ROD19,Zero_Density,,,e8914f9d-a203-44b0-9b16-70c9ce28ba3f
W10-41,EB-S-PL,PLATE,Single Plastic Electr,1,160*50.8,Zero_Density,,,afa3f9c1-e136-4d6e-8c2b-62a6b4985271
W10-41,P-772,EMBED,13PL. w/STUD,1,PL152.4*12.7,A572-GR.50,,,fd80902c-446b-4423-8e66-685751677b53
W10-41,P-205,ANCHOR,12000LB FORGED ANCHOR,4,PL15.88,A36,,,da6b9ee1-3e11-4ffc-ba04-6108b8e50e8e
W10-41,GT76-254,GROUT_TUBE,76Øx254mm G.TUBE,2,ROD76.2,Zero_Density,,,e174c5c0-b2b7-4be9-a4b0-f18e4e064ed6
W10-61,GT75-1219,GROUT_TUBE,75Ø x 1219 GROUT TUBE,3,ROD76,Zero_Density,,,c6d39966-7e0e-449f-b4fc-c061a04eec4f
W10-61,SP25-1067,INSERT,SP25Mx1067 WILLIAMS S,3,ROD25.4,A706-GR.60,,,7480ff3b-c3ea-483e-9077-c31258a4a301
W10-61,P-300,INSERT,19Ø INSERT (NC),2,ROD23.813,A36,,,5f94b85a-f39d-4b9d-99e2-ace391d64ac8
W10-61,P-205,ANCHOR,12000LB FORGED ANCHOR,2,PL15.88,A36,,,a4c930fa-9aa7-456b-8e56-0d688108b734
W10-61,P-301,EMBED,19Ø EXP.  INS. (NC),1,ROD23.81,A36,,,70b4a04c-ed14-4ebf-acf9-080940a0690c
W10-118,SP25-1067,INSERT,SP25Mx1067 WILLIAMS S,3,ROD25.4,A706-GR.60,,,57db9e5c-1848-4e28-bc22-3412901ad051
W10-118,GT75-1219,GROUT_TUBE,75Ø x 1219 GROUT TUBE,3,ROD76,Zero_Density,,,65358e56-91ea-4572-a19b-7d829566f797
W10-118,P-300,INSERT,19Ø INSERT (NC),2,ROD23.813,A36,,,9f77ab0c-dacb-4954-9257-7d05d606352d
W10-118,P-205,ANCHOR,12000LB FORGED ANCHOR,2,PL15.88,A36,,,c54ccefd-4bde-4581-9004-f84250b06112
W10-118,P-301,EMBED,19Ø EXP.  INS. (NC),1,ROD23.81,A36,,,ad662bca-994e-4ab9-9367-6ec7bac0d747
P6-21,P-620,EMBED,6PL W/STUDS,1,PL101.6*6.35,A572-GR.50,,,39840627-2de1-4d9d-9cbf-03a3079ebaef
P6-21,P-300,INSERT,19Ø INSERT (NC),10,ROD23.813,A36,,,40574e89-4530-4702-97ac-eb6eac7d2a4f
P6-21,P-900-10,PLATE,25mm KNIFE PLATE,1,PL127*25,A572-GR.50,,,b177d3e9-2bad-48d4-80be-64056d5bc03a
P6-21,P-900-20,EMBED,,1,PD28.6*4.76,50W,,,5910be85-e217-4515-a905-a3bd655eb65d
P6-21,P-900-30,EMBED,,1,STUD_3/4-DIA,A108-GR.90,,,bac58387-492f-4a7d-9de4-453eed6b3514
P6-21,P-742-10,PLATE,19PL KNIFE PLATE,1,PL114.3*19.05,A572-GR.50,,,eb3a49b9-9685-48c4-a879-f072edb64f43
P6-21,P-742-20,EMBED,,1,PD28.6*4.76,50W,,,690e06e5-9944-4af6-821e-815995b290cd
P6-21,P-742-30,EMBED,,1,STUD_3/4-DIA,A108-GR.90,,,73e36b6e-d905-4956-a68e-de7a0aa14d44
P6-21,P-205,ANCHOR,12000LB FORGED ANCHOR,4,PL15.88,A36,,,65bb2e21-f0fa-400f-b9b8-bc37421c4cc5
P6-12,MPX13,EMBED,V REVEAL LARGE,1,TRIANGLE12.7*12.7,Misc_Undefined,,,b505bda0-1752-43d8-9823-211256513c98
P6-12,MPX14,EMBED,V REVEAL LARGE,1,TRIANGLE12.7*12.7,Misc_Undefined,,,2d429f51-6689-454e-9c46-6074ba18a565
P6-12,MPX12,EMBED,MOUNTPART,1,TRIANGLE51.0*12.7,Misc_Undefined,,,521d8ce1-bd25-4686-aa8a-0ec20a450813
P6-12,P-620,EMBED,6PL W/STUDS,1,PL101.6*6.35,A572-GR.50,,,3e70dbae-476d-4a26-b933-1b8bdecc0461
P6-12,P-300,INSERT,19Ø INSERT (NC),13,ROD23.813,A36,,,0a26c4bd-5c08-4b5b-95ac-d791efda8e3d
P6-12,P-900-10,PLATE,25mm KNIFE PLATE,2,PL127*25,A572-GR.50,,,a7f4de73-6d3a-4ff6-81c3-ceb107603d26
P6-12,P-900-20,EMBED,,1,PD28.6*4.76,50W,,,1c31f7a9-0067-4726-b687-6872e9a2b320
P6-12,P-900-30,EMBED,,1,STUD_3/4-DIA,A108-GR.90,,,65f3fe4e-82cb-4783-a9c8-0507ef296863
P6-12,GT76-152,GROUT_TUBE,76Øx152mm G.TUBE,6,ROD76.2,Zero_Density,,,f3c40de8-87f2-4dbf-bb78-593ca6362886
P6-12,CNDT,CONDUIT,19MM CONDUIT,1,ROD19,Zero_Density,,,3916b1f3-31be-43a4-8f5a-51d12994e056
P6-12,EB-S-PL,PLATE,Single Plastic Electr,1,160*50.8,Zero_Density,,,cc353c75-b7fe-492e-89f5-a1b15f715d71
P6-12,P-205,ANCHOR,12000LB FORGED ANCHOR,4,PL15.88,A36,,,19dcb2df-1b7e-4e0b-8961-d0416cb93f22
W10-123,MPX14,EMBED,V REVEAL LARGE,1,TRIANGLE12.7*12.7,Misc_Undefined,,,60f00fbd-e76c-4a9d-ac63-6e74ba4abf45
W10-123,MPX12,EMBED,MOUNTPART,1,TRIANGLE51.0*12.7,Misc_Undefined,,,9f03eee8-7567-4a29-aaba-084fdf1c0566
W10-123,MPX11,EMBED,V REVEAL LARGE,1,TRIANGLE12.7*12.7,Misc_Undefined,,,1c35a592-527a-4a37-8583-bb32bb4d88c0
W10-123,P-300,INSERT,19Ø INSERT (NC),4,ROD23.813,A36,,,493660fa-31d3-4370-a7a3-19660577aa35
W10-123,GT75-1219,GROUT_TUBE,75Ø x 1219 GROUT TUBE,8,ROD76,Zero_Density,,,c38f919f-20a5-416c-ae7e-a3939d40c3c1
W10-123,GT75-686,GROUT_TUBE,75Ø x 686 GROUT TUBE,1,ROD76,Zero_Density,,,5baf6b01-0a39-4c24-beb3-f3f52e672f79
W10-123,SP25-1067,INSERT,SP25Mx1067 WILLIAMS S,8,ROD25.4,A706-GR.60,,,0d079ac5-e434-467d-b467-60c061234911
W10-123,SP15-457,INSERT,15Mx457 WILLIAMS SPL,3,ROD16,400W,,,eba1d1ab-dc2c-454a-8098-d4b3a5d31d66
W10-123,CNDT,CONDUIT,19MM CONDUIT,1,ROD19,Zero_Density,,,055c64e6-bd39-4288-8e23-94c6ff3a072d
W10-123,EB-S-PL,PLATE,Single Plastic Electr,1,160*50.8,Zero_Density,,,16edddd9-a5f0-4cf1-aa0e-c1747294dbfb
W10-123,GT76-254,GROUT_TUBE,76Øx254mm G.TUBE,2,ROD76.2,Zero_Density,,,e760ef73-eed1-4158-81e4-05dde32aeb4d
W10-123,P-205,ANCHOR,12000LB FORGED ANCHOR,4,PL15.88,A36,,,6a8b6632-9955-4c78-846d-0d188789f88e
W10-6,GT100-1219,GROUT_TUBE,100Øx1219 GROUT TUBE,9,ROD102,Zero_Density,,,df1f98ce-df6e-4d9a-ad9f-32e3ef7d8945
W10-6,P-300,INSERT,19Ø INSERT (NC),2,ROD23.813,A36,,,6303076a-7e8b-4cea-9728-88bd99db758f
W10-6,P-205,ANCHOR,12000LB FORGED ANCHOR,2,PL15.88,A36,,,2e19bb52-df43-40a4-a415-07e91edba982
W10-6,SP25-1067,INSERT,SP25Mx1067 WILLIAMS S,3,ROD25.4,A706-GR.60,,,d37bcf41-717e-4506-9666-ae5838c60d57
W10-6,P-301,EMBED,19Ø EXP.  INS. (NC),1,ROD23.81,A36,,,7ae7fbf5-b8e9-40ac-8aa7-f18073222986
W10-88,GT100-1219,GROUT_TUBE,100Øx1219 GROUT TUBE,9,ROD102,Zero_Density,,,1c99ebc0-4669-44ad-a637-d87f94a0ff52
W10-88,SP25-1067,INSERT,SP25Mx1067 WILLIAMS S,3,ROD25.4,A706-GR.60,,,6f6aebca-75e2-48e7-84e0-ca0fc3788c0c
W10-88,P-301,EMBED,19Ø EXP.  INS. (NC),1,ROD23.81,A36,,,61bd4ae5-4ff2-473a-9a62-1a7bf8dea3db
W10-88,P-300,INSERT,19Ø INSERT (NC),2,ROD23.813,A36,,,e9531c47-445c-4e3c-acab-31ad9b83bc4a
W10-88,P-205,ANCHOR,12000LB FORGED ANCHOR,2,PL15.88,A36,,,01406513-ef2b-40ce-91fb-809ce023b1ff
W10-70,GT100-1219,GROUT_TUBE,100Øx1219 GROUT TUBE,6,ROD102,Zero_Density,,,6fc3c9a5-06ab-41d7-8dcc-4bc9bfc8b022
W10-70,P-300,INSERT,19Ø INSERT (NC),4,ROD23.813,A36,,,99c83f27-67f4-4cb5-82fb-0fbdbe7ccc37
W10-70,SP25-1067,INSERT,SP25Mx1067 WILLIAMS S,2,ROD25.4,A706-GR.60,,,5277993c-516d-40fa-bca9-c877884fb074
W10-70,P-220,EMBED,10Øx2743 AC 5625LB CA,1,CABLE9.53,Steel_Undefined,,,b7165ade-d06c-438b-a054-366cea23d386
W10-17,GT100-1219,GROUT_TUBE,100Øx1219 GROUT TUBE,6,ROD102,Zero_Density,,,def671f9-3d2f-4c53-bd80-4b353511c4ab
W10-17,P-300,INSERT,19Ø INSERT (NC),4,ROD23.813,A36,,,0a59a866-4c5c-4122-bd73-6ec7f568f000
W10-17,SP25-1067,INSERT,SP25Mx1067 WILLIAMS S,2,ROD25.4,A706-GR.60,,,04f4b5d7-d0ce-4e97-a9e1-f61eb8cc73ab
W10-17,P-220,EMBED,10Øx2743 AC 5625LB CA,1,CABLE9.53,Steel_Undefined,,,3cd9de31-d159-4b4a-a632-2bcd1621d547
W10-19,GT100-1219,GROUT_TUBE,100Øx1219 GROUT TUBE,3,ROD102,Zero_Density,,,fdf73fb3-7bb0-4377-9f66-2bd0df341742
W10-19,SP25-1067,INSERT,SP25Mx1067 WILLIAMS S,1,ROD25.4,A706-GR.60,,,93edd969-5dd2-41b9-9a38-b28e1644f45a
W10-19,P-300,INSERT,19Ø INSERT (NC),6,ROD23.813,A36,,,6bff3473-8370-4e2d-aec4-23c11df3c534
W10-19,P-220,EMBED,10Øx2743 AC 5625LB CA,1,CABLE9.53,Steel_Undefined,,,8d56c543-a854-44fd-ba44-b5e6e0029065
W10-98,GT100-1219,GROUT_TUBE,100Øx1219 GROUT TUBE,3,ROD102,Zero_Density,,,9900b17b-f5eb-43c3-b65a-1aad4ad57d68
W10-98,SP25-1067,INSERT,SP25Mx1067 WILLIAMS S,1,ROD25.4,A706-GR.60,,,f2874307-a09b-41cc-b7d5-caab946851be
W10-98,P-300,INSERT,19Ø INSERT (NC),6,ROD23.813,A36,,,4e1ee148-8b9f-40c8-8d11-022ba137d430
W10-98,P-220,EMBED,10Øx2743 AC 5625LB CA,1,CABLE9.53,Steel_Undefined,,,83ce5974-fea2-4b2c-a7e3-1604f4016fcc
W10-36,P-722,EMBED,13PL. w/STUD,1,PL152.4*12.7,A572-GR.50,,,35503e12-9552-44c5-8275-a785f9548b25
W10-36,GT100-1219,GROUT_TUBE,100Øx1219 GROUT TUBE,18,ROD102,Zero_Density,,,22c822aa-4bf0-4451-bde5-39a45a4128fe
W10-36,P-205,ANCHOR,12000LB FORGED ANCHOR,2,PL15.88,A36,,,68f3e41e-21f7-4f9a-b5db-376bf43be310
W10-36,P-300,INSERT,19Ø INSERT (NC),3,ROD23.813,A36,,,2b0c2fb1-605b-4b21-ba91-e3eb7363a8f2
W10-36,GT100-686,GROUT_TUBE,100Øx686 GROUT TUBE,3,ROD102,Zero_Density,,,e01f7822-87b0-473d-a643-45d467184308
W10-36,P-616,PLATE,13x203x203 PLATE,2,PL203*13,A572-GR.50,,,3f43b802-08f5-4601-8a85-9bb5a5c6dd1e
W10-36,SP15-457,INSERT,15Mx457 WILLIAMS SPL,9,ROD16,400W,,,c6edbd9a-8bc6-41db-aec3-61c8bd8dbf2d
W10-36,SP25-1067,INSERT,SP25Mx1067 WILLIAMS S,1,ROD25.4,A706-GR.60,,,c03eecbb-b0fa-49e4-abdf-06867c3e3564
W10-32,GT100-1219,GROUT_TUBE,100Øx1219 GROUT TUBE,6,ROD102,Zero_Density,,,d19a911c-b9ff-4a78-a163-61e304e185c2
W10-32,GT100-686,GROUT_TUBE,100Øx686 GROUT TUBE,3,ROD102,Zero_Density,,,32a21f14-5a86-49ca-b37d-76fcb4b14f67
W10-32,SP25-1067,INSERT,SP25Mx1067 WILLIAMS S,2,ROD25.4,A706-GR.60,,,a32280b5-a04b-403c-a547-0cb8b7866116
W10-32,SP15-457,INSERT,15Mx457 WILLIAMS SPL,3,ROD16,400W,,,8647bcd6-f654-46d2-ad93-52f7616f12d7
W10-32,P-300,INSERT,19Ø INSERT (NC),4,ROD23.813,A36,,,724e2407-8bae-4a41-aa99-0b87a292d37b
W10-32,P-205,ANCHOR,12000LB FORGED ANCHOR,2,PL15.88,A36,,,b6d1b5de-7c26-4627-9e0d-90e5b754f8b9
W10-32,EI-762,EMBED,ELEV. INS. 762LG.,1,PL35*41,Zero_Density,,,fcdfc3d5-d3f2-4d85-a46d-bb8720103155
W8-1,GT100-686,GROUT_TUBE,100Øx686 GROUT TUBE,21,ROD102,Zero_Density,,,2b97f03c-7c93-4086-9dca-b1da724e9277
W8-1,SP15-457,INSERT,15Mx457 WILLIAMS SPL,21,ROD16,400W,,,ecbc9942-e055-4e3d-9d44-340d65685ff2
W8-1,P-205,ANCHOR,12000LB FORGED ANCHOR,2,PL15.88,A36,,,2353d076-5350-496d-b298-8a1f1d4bba18
W8-1,P-300,INSERT,19Ø INSERT (NC),2,ROD23.813,A36,,,81a5a2ce-366a-4638-b2b9-1077ff582841
W10-28,GT100-1219,GROUT_TUBE,100Øx1219 GROUT TUBE,9,ROD102,Zero_Density,,,ac027004-bfd6-410c-b72f-d835f8c88c4c
W10-28,SP15-457,INSERT,15Mx457 WILLIAMS SPL,9,ROD16,400W,,,03affa6d-acce-403d-abc3-329b591c588f
W10-28,P-300,INSERT,19Ø INSERT (NC),4,ROD23.813,A36,,,4626a858-abfc-4e92-9e32-7666d8bcaeae
W10-28,GT100-686,GROUT_TUBE,100Øx686 GROUT TUBE,3,ROD102,Zero_Density,,,3f5b530d-69b8-4bc9-ad72-64615e5e8b96
W10-28,P-705,PLATE,13x203x203 PLATE,2,PL203*12.7,A572-GR.50,,,708a8a90-e133-403a-b354-f3ac7793ee43
W10-28,P-205,ANCHOR,12000LB FORGED ANCHOR,2,PL15.88,A36,,,62e6b427-1ef0-4be6-a7ce-8020aced3ff5
W10-28,SLV-64-254,SLEEVE,64Ø x 254 PVC SLEEVE,1,ROD70,Zero_Density,,,18570a0c-cd60-4fb0-b01b-c576cb593f44
W10-7,GT100-686,GROUT_TUBE,100Øx686 GROUT TUBE,9,ROD102,Zero_Density,,,550a7943-c866-4cbe-b9df-c4cf7f5d2897
W10-7,GT100-1219,GROUT_TUBE,100Øx1219 GROUT TUBE,6,ROD102,Zero_Density,,,d5d3efa8-9191-49cb-9845-fd6b38534e87
W10-7,P-300,INSERT,19Ø INSERT (NC),3,ROD23.813,A36,,,532039c7-65d1-4f70-8c72-e06d20d47c3e
W10-7,P-705,PLATE,13x203x203 PLATE,1,PL203*12.7,A572-GR.50,,,cbde00c0-d400-4f9f-9323-8d3cdf3aa8cb
W10-7,SP15-457,INSERT,15Mx457 WILLIAMS SPL,15,ROD16,400W,,,1b3744c3-bccb-48c1-bb4b-5cd91c115376
W10-7,P-205,ANCHOR,12000LB FORGED ANCHOR,2,PL15.88,A36,,,fba09849-efbe-40e4-9e62-2946947bca4d
W10-7,CNDT,CONDUIT,19MM CONDUIT,3,ROD19,Zero_Density,,,b0d11569-9e78-4ecf-aab8-8722e2ee74c4
W10-7,EB-S-PL,PLATE,Single Plastic Electr,3,160*50.8,Zero_Density,,,ad98c9ce-a862-4e1e-bd73-b2dff5eebfa1
W10-22,GT100-1219,GROUT_TUBE,100Øx1219 GROUT TUBE,12,ROD102,Zero_Density,,,3f353a09-d5ec-40bb-9dce-f86e4bf67e29
W10-22,GT100-686,GROUT_TUBE,100Øx686 GROUT TUBE,18,ROD102,Zero_Density,,,20f2d92a-5857-4a82-ab3a-2824bff33971
W10-22,SP25-1067,INSERT,SP25Mx1067 WILLIAMS S,2,ROD25.4,A706-GR.60,,,d225ad14-fed3-430a-9d96-e37c5fb25730
W10-22,SP15-457,INSERT,15Mx457 WILLIAMS SPL,15,ROD16,400W,,,5e70ccd4-a28d-4bd2-8145-05115a318d32
W10-22,P-300,INSERT,19Ø INSERT (NC),5,ROD23.813,A36,,,4346d97a-7f45-4605-9564-11ca61e2cff5
W10-22,EB-S-PL,PLATE,Single Plastic Electr,1,160*50.8,Zero_Density,,,b6f0ddd7-147a-4d84-a565-89a5fa255920
W10-22,CNDT,CONDUIT,19MM CONDUIT,3,ROD19,Zero_Density,,,f56b6af4-f121-4c22-8502-b0e0db34d10f
W10-22,EB-SQ-PL1,EMBED,Square Plastic Electr,1,160*160,Zero_Density,,,303db591-7d87-4e1c-99f5-2d808f9f74b2
W10-22,P-205,ANCHOR,12000LB FORGED ANCHOR,4,PL15.88,A36,,,8c00e751-6b97-4c74-8ceb-686d0010ff11
W10-22,SLV-152-254,SLEEVE,152Ø x 254 PVC SLEEVE,1,ROD160,Zero_Density,,,8e46a5a9-7771-457c-9728-94e0b1451213
W10-35,GT100-1219,GROUT_TUBE,100Øx1219 GROUT TUBE,6,ROD102,Zero_Density,,,7b2f3817-1470-449b-8dee-cddb5e5c20cc
W10-35,GT100-686,GROUT_TUBE,100Øx686 GROUT TUBE,12,ROD102,Zero_Density,,,75839406-5e5e-4459-b015-735a70b8bc3a
W10-35,SP30-1219,INSERT,30Mx1219 WILLIAMS SPL,3,ROD30.16,A706-GR.60,,,977e3838-6f14-4180-bc21-13716f9305ca
W10-35,P-300,INSERT,19Ø INSERT (NC),4,ROD23.813,A36,,,4ed855bd-cdba-4dfa-9ca3-94e88fcbf703
W10-35,CNDT,CONDUIT,19MM CONDUIT,1,ROD19,Zero_Density,,,fb15f153-662d-4e9f-89d9-df1bce7bee7e
W10-35,EB-SQ-PL1,EMBED,Square Plastic Electr,1,160*160,Zero_Density,,,1ddd175b-e051-44f0-8bcc-0c055b4ae6af
W10-35,P-205,ANCHOR,12000LB FORGED ANCHOR,4,PL15.88,A36,,,cac30250-529d-426e-919b-5121b01580ec
W10-35,P-616,PLATE,13x203x203 PLATE,2,PL203*13,A572-GR.50,,,27b45b4f-bd95-4957-9f0f-e12fd99d2f92
W10-35,SP15-457,INSERT,15Mx457 WILLIAMS SPL,3,ROD16,400W,,,3d0aa7fd-ca35-48a2-9f27-2a30b9a707de
W10-35,SP25-1067,INSERT,SP25Mx1067 WILLIAMS S,1,ROD25.4,A706-GR.60,,,db515c7a-2ea7-474c-87f6-f1a32ff733cf
W10-33,GT100-1219,GROUT_TUBE,100Øx1219 GROUT TUBE,6,ROD102,Zero_Density,,,c3800815-6920-4b7d-af15-d36d1eacf2e3
W10-33,GT100-686,GROUT_TUBE,100Øx686 GROUT TUBE,3,ROD102,Zero_Density,,,4a430f15-ed4a-4b38-8927-bd9949abf988
W10-33,SP25-1067,INSERT,SP25Mx1067 WILLIAMS S,2,ROD25.4,A706-GR.60,,,081f24a4-1f88-40ad-aba3-f2a3b7ca9fb9
W10-33,SP15-457,INSERT,15Mx457 WILLIAMS SPL,3,ROD16,400W,,,fbfc0a02-9ad8-43e2-8804-03ca88761b8c
W10-33,P-705,PLATE,13x203x203 PLATE,1,PL203*12.7,A572-GR.50,,,f481b498-eb9e-4a3f-b8bf-328b6b154725
W10-33,P-205,ANCHOR,12000LB FORGED ANCHOR,2,PL15.88,A36,,,94382852-e340-447e-a6ad-da3b49dea4cf
W10-33,P-300,INSERT,19Ø INSERT (NC),4,ROD23.813,A36,,,baeb7854-d06c-4816-abb5-3cbe12a2f785
W10-33,EB-SQ-PL1,EMBED,Square Plastic Electr,1,160*160,Zero_Density,,,90389474-f403-4814-a7e4-fc7cdd95ae31
W10-33,CNDT,CONDUIT,19MM CONDUIT,1,ROD19,Zero_Density,,,cf4d213f-b212-4e98-b3b7-da875e817d71
W10-33,EI-1524,EMBED,ELEV. INS. 1524LG.,1,PL35*41,Zero_Density,,,9b8f0f52-5fc7-4f76-9056-48e28f824107
W10-24,GT100-1219,GROUT_TUBE,100Øx1219 GROUT TUBE,9,ROD102,Zero_Density,,,f9d4cae4-c019-4d3e-a405-d0926e08d60f
W10-24,SP25-1067,INSERT,SP25Mx1067 WILLIAMS S,3,ROD25.4,A706-GR.60,,,e495c4c0-8b9a-4609-8afb-b0c6befd88fd
W10-24,P-705,PLATE,13x203x203 PLATE,1,PL203*12.7,A572-GR.50,,,d9d776e6-c4d4-4942-a3b6-70df04bd7a7d
W10-24,P-775,EMBED,13PL w/REBARS,1,PL152.4*12.7,A572-GR.50,,,b56cffd5-2f83-4c3b-9884-08ae1b05d6dd
W10-24,P-300,INSERT,19Ø INSERT (NC),3,ROD23.813,A36,,,20cbe374-e3b6-441b-9c51-ee9f02df651d
W10-24,P-220,EMBED,10Øx2743 AC 5625LB CA,1,CABLE9.53,Steel_Undefined,,,6af55871-8a2f-4194-9869-2625611890a6
W10-16,GT100-1219,GROUT_TUBE,100Øx1219 GROUT TUBE,12,ROD102,Zero_Density,,,2d43c816-7435-4573-a3da-5dfc42e9a7c4
W10-16,P-300,INSERT,19Ø INSERT (NC),3,ROD23.813,A36,,,4fc0d74d-1c70-4f26-999b-64027c9b3ab2
W10-16,SP25-1067,INSERT,SP25Mx1067 WILLIAMS S,4,ROD25.4,A706-GR.60,,,d68f9d7e-4a24-435f-927e-c19edd0b0e77
W10-16,P-775,EMBED,13PL w/REBARS,1,PL152.4*12.7,A572-GR.50,,,635a890c-aa3a-47dd-8db7-f543f3efdf48
W10-16,SLV-152-254,SLEEVE,152Ø x 254 PVC SLEEVE,1,ROD160,Zero_Density,,,02b76d34-48d0-4253-9c68-da4af1c654a7
W10-16,SLV-102-254,SLEEVE,102Ø x 254 PVC SLEEVE,1,ROD108,Zero_Density,,,a226fdc4-e364-4d01-88a9-c9f9ed4eb2bd
W10-16,CNDT,CONDUIT,19MM CONDUIT,1,ROD19,Zero_Density,,,ef996521-861b-4e62-9136-2ce38f6e79ee
W10-16,EB-O-PL1,EMBED,Octagon Plastic Elect,1,ROD160,Zero_Density,,,efd06589-9f4a-47d6-b839-909166094e65
W10-16,P-220,EMBED,10Øx2743 AC 5625LB CA,1,CABLE9.53,Steel_Undefined,,,b53916aa-5d4d-40e1-a621-d69ea54521ec
W10-14(?),GT100-1219,GROUT_TUBE,100Øx1219 GROUT TUBE,6,ROD102,Zero_Density,,,59deffee-7587-4817-aea5-3ab7ad3424e2
W10-14(?),GT75-686,GROUT_TUBE,75Ø x 686 GROUT TUBE,5,ROD76,Zero_Density,,,07db2fb5-27d0-4539-b21e-26a5d2d5b0f5
W10-14(?),P-300,INSERT,19Ø INSERT (NC),4,ROD23.813,A36,,,55e9145d-8233-4002-a2d2-9d825a895a25
W10-14(?),SP25-1067,INSERT,SP25Mx1067 WILLIAMS S,2,ROD25.4,A706-GR.60,,,5835a07d-2c88-4692-ba8c-9967a0201e22
W10-14(?),SP15-457,INSERT,15Mx457 WILLIAMS SPL,15,ROD16,400W,,,530cfffc-0ec4-4883-a077-6da66ac29601
W10-14(?),P-205,ANCHOR,12000LB FORGED ANCHOR,4,PL15.88,A36,,,2d39ee64-9ca5-45f5-8426-6bb88acf459b
W8-23,GT75-686,GROUT_TUBE,75Ø x 686 GROUT TUBE,7,ROD76,Zero_Density,,,d65b0022-5560-4301-8214-69d4d066f57e
W8-23,SP15-457,INSERT,15Mx457 WILLIAMS SPL,21,ROD16,400W,,,b3bd685b-03a5-45a1-bee2-f5d9ce84ac2c
W8-23,P-205,ANCHOR,12000LB FORGED ANCHOR,2,PL15.88,A36,,,6e0e7540-5875-4d1f-8155-40714c24142d
W8-23,P-300,INSERT,19Ø INSERT (NC),2,ROD23.813,A36,,,0057ed25-5353-4229-9f5c-f8077577d236
W8-29,SP25-1067,INSERT,SP25Mx1067 WILLIAMS S,2,ROD25.4,A706-GR.60,,,587511c3-aa0b-4c5e-8682-a59f1da410b6
W8-29,SP15-457,INSERT,15Mx457 WILLIAMS SPL,9,ROD16,400W,,,d64bb855-6618-4969-89cc-2cebc518a5ac
W8-29,GT75-686,GROUT_TUBE,75Ø x 686 GROUT TUBE,7,ROD76,Zero_Density,,,ca2eced6-9f8f-4820-9109-251f38b0f42d
W8-29,P-205,ANCHOR,12000LB FORGED ANCHOR,2,PL15.88,A36,,,85dea83c-0b80-4e13-8ad7-5d334d02a2c2
W8-29,P-300,INSERT,19Ø INSERT (NC),2,ROD23.813,A36,,,295893a2-966b-442e-ab2d-c8fa16132a40
W10-109,GT100-1219,GROUT_TUBE,100Øx1219 GROUT TUBE,3,ROD102,Zero_Density,,,c9a3b6d3-0735-4df5-b17e-616f44af08fa
W10-109,SP25-1067,INSERT,SP25Mx1067 WILLIAMS S,1,ROD25.4,A706-GR.60,,,afa72d6e-52cb-4669-bbf3-adf5dfcef4af
W10-109,P-300,INSERT,19Ø INSERT (NC),6,ROD23.813,A36,,,30b59ffd-05dc-4181-a1fe-144966af8dd5
W10-109,P-220,EMBED,10Øx2743 AC 5625LB CA,1,CABLE9.53,Steel_Undefined,,,6ed534e4-8a1f-4c77-bf4a-6125dab2b22d
W10-54,MPX11,EMBED,V REVEAL LARGE,1,TRIANGLE12.7*12.7,Misc_Undefined,,,8f06f5c0-44ed-40dc-903f-be2720cc6e68
W10-54,P-300,INSERT,19Ø INSERT (NC),5,ROD23.813,A36,,,7d3046a6-cd99-478e-8b83-38170fdcbf72
W10-54,GT75-1219,GROUT_TUBE,75Ø x 1219 GROUT TUBE,8,ROD76,Zero_Density,,,ca6d90bf-358c-41f7-baea-d0ac417f34f9
W10-54,SP25-1067,INSERT,SP25Mx1067 WILLIAMS S,8,ROD25.4,A706-GR.60,,,e919584f-246a-4606-b8af-a395e1ae01a3
W10-54,GT75-686,GROUT_TUBE,75Ø x 686 GROUT TUBE,2,ROD76,Zero_Density,,,7480c6b9-9757-4131-ae38-ba4ef2a9dce5
W10-54,SP15-457,INSERT,15Mx457 WILLIAMS SPL,6,ROD16,400W,,,32079610-45a6-41e2-8ddc-85d7d6bb4553
W10-54,GT100-1219,GROUT_TUBE,100Øx1219 GROUT TUBE,3,ROD102,Zero_Density,,,610e9c79-a80d-4f2f-97b5-51f9a78d8065
W10-54,SP30-1219,INSERT,30Mx1219 WILLIAMS SPL,1,ROD30.16,A706-GR.60,,,e7291a7c-4c95-49fd-a036-9e1fbcff9f83
W10-54,CNDT,CONDUIT,19MM CONDUIT,1,ROD19,Zero_Density,,,5a27acc1-6e6b-4340-aeb0-0a105dbb91ad
W10-54,EB-S-PL,PLATE,Single Plastic Electr,1,160*50.8,Zero_Density,,,6502322c-b612-49ee-b3a7-9bc415630845
W10-54,P-772,EMBED,13PL. w/STUD,1,PL152.4*12.7,A572-GR.50,,,d16bab2c-8b04-4ae5-98a3-8d135635ec81
W10-54,P-205,ANCHOR,12000LB FORGED ANCHOR,4,PL15.88,A36,,,730252d8-64d4-4765-a3ec-a8098dafd31f
W10-54,GT76-254,GROUT_TUBE,76Øx254mm G.TUBE,2,ROD76.2,Zero_Density,,,9a537853-4fd6-4a7b-89e7-94ebac1e5dbe
W10-43,GT100-1219,GROUT_TUBE,100Øx1219 GROUT TUBE,6,ROD102,Zero_Density,,,2642b92e-8df9-4db6-ba3f-c09a61c63757
W10-43,GT100-686,GROUT_TUBE,100Øx686 GROUT TUBE,15,ROD102,Zero_Density,,,45bf5dee-cce7-4405-8cc3-4cf734026ee3
W10-43,SP15-457,INSERT,15Mx457 WILLIAMS SPL,24,ROD16,400W,,,e3d13df2-7cbe-43ca-8876-9a55a9b5ac97
W10-43,P-300,INSERT,19Ø INSERT (NC),3,ROD23.813,A36,,,dfa77b0a-349a-41f0-ba97-f9e9112fae69
W10-43,P-705,PLATE,13x203x203 PLATE,1,PL203*12.7,A572-GR.50,,,0be4aee2-32ac-41b0-aa7a-cc2119b9d0af
W10-43,CNDT,CONDUIT,19MM CONDUIT,1,ROD19,Zero_Density,,,05e7c94a-19c1-46df-8859-34b991f7e4d0
W10-43,EB-S-PL,PLATE,Single Plastic Electr,1,160*50.8,Zero_Density,,,648fe841-7299-4f31-aa71-e96379702274
W10-43,P-205,ANCHOR,12000LB FORGED ANCHOR,4,PL15.88,A36,,,a7e3b767-c476-4962-8e28-946f68055fd2
W10-43,SLV-102-254,SLEEVE,102Ø x 254 PVC SLEEVE,1,ROD108,Zero_Density,,,75690fb5-cbba-4c5c-bd28-96f28661353f
W10-37,MPX3,EMBED,V REVEAL LARGE,1,TRIANGLE12.7*12.7,Misc_Undefined,,,9c4a9a79-feb3-4ef7-b24e-65603096e5bc
W10-37,GT100-686,GROUT_TUBE,100Øx686 GROUT TUBE,6,ROD102,Zero_Density,,,52b3e3a5-838c-4d94-9eca-17fb379572e8
W10-37,GT100-1219,GROUT_TUBE,100Øx1219 GROUT TUBE,27,ROD102,Zero_Density,,,c4990482-1c7b-46f3-b0f6-b0820d96dada
W10-37,P-300,INSERT,19Ø INSERT (NC),5,ROD23.813,A36,,,a5381112-be02-4088-a60b-c29be5fbba4b
W10-37,SP25-1067,INSERT,SP25Mx1067 WILLIAMS S,8,ROD25.4,A706-GR.60,,,9a0ff291-decc-471b-9b88-e9a90aab8761
W10-37,SP15-457,INSERT,15Mx457 WILLIAMS SPL,6,ROD16,400W,,,789e7306-221a-4fdb-adf6-af67978dd307
W10-37,SP30-1219,INSERT,30Mx1219 WILLIAMS SPL,1,ROD30.16,A706-GR.60,,,2191df3d-6bc9-459f-99c9-044fde6b5599
W10-37,CNDT,CONDUIT,19MM CONDUIT,1,ROD19,Zero_Density,,,f04d7c8b-7e6e-4991-9718-89ce2dd0b8cb
W10-37,EB-S-PL,PLATE,Single Plastic Electr,1,160*50.8,Zero_Density,,,d255248e-c930-41bc-967e-ba2ea40be900
W10-37,P-205,ANCHOR,12000LB FORGED ANCHOR,4,PL15.88,A36,,,62f36f04-2301-47fa-925d-3a0612d836de
W10-37,GT76-254,GROUT_TUBE,76Øx254mm G.TUBE,2,ROD76.2,Zero_Density,,,fbaf4203-8d00-4c35-8591-3c1fa68ee34d
W10-72,MPX11,EMBED,V REVEAL LARGE,1,TRIANGLE12.7*12.7,Misc_Undefined,,,2b8f8a2f-83aa-4ae6-942b-3e0620088795
W10-72,P-300,INSERT,19Ø INSERT (NC),5,ROD23.813,A36,,,4e3c1c6b-c231-4e28-a691-3a601f2c3b75
W10-72,GT75-1219,GROUT_TUBE,75Ø x 1219 GROUT TUBE,8,ROD76,Zero_Density,,,93dc925a-007a-4464-b5cc-863b6afc5004
W10-72,GT75-686,GROUT_TUBE,75Ø x 686 GROUT TUBE,2,ROD76,Zero_Density,,,c542f939-8884-48c4-8e81-e1b5c146b417
W10-72,SP25-1067,INSERT,SP25Mx1067 WILLIAMS S,8,ROD25.4,A706-GR.60,,,c387e281-8f8c-4b69-a4fd-93afea3fe733
W10-72,SP15-457,INSERT,15Mx457 WILLIAMS SPL,6,ROD16,400W,,,03bb1ac4-d2d5-4530-940f-7ba7727a9974
W10-72,GT100-1219,GROUT_TUBE,100Øx1219 GROUT TUBE,3,ROD102,Zero_Density,,,6d02b1f5-447a-498e-8e45-b1522d92dad1
W10-72,SP30-1219,INSERT,30Mx1219 WILLIAMS SPL,1,ROD30.16,A706-GR.60,,,f57d0703-71a6-4b72-9331-48f25162f723
W10-72,CNDT,CONDUIT,19MM CONDUIT,1,ROD19,Zero_Density,,,177945d8-04e3-437d-89f6-70e71668d356
W10-72,EB-S-PL,PLATE,Single Plastic Electr,1,160*50.8,Zero_Density,,,42476b92-314d-4dd9-a3b0-3a8e471da028
W10-72,P-772,EMBED,13PL. w/STUD,1,PL152.4*12.7,A572-GR.50,,,9eaf0445-9376-4a60-92c9-52dca1ed4f5d
W10-72,P-205,ANCHOR,12000LB FORGED ANCHOR,4,PL15.88,A36,,,7e9437b6-25d0-4270-9fb0-c775f7db31f3
W10-72,GT76-254,GROUT_TUBE,76Øx254mm G.TUBE,2,ROD76.2,Zero_Density,,,3a6cbb37-7f53-4b18-80ff-4d078a66ceb1
W10-8,GT100-1219,GROUT_TUBE,100Øx1219 GROUT TUBE,6,ROD102,Zero_Density,,,f6bf9b58-a7e0-42bb-94fc-69513c61f8f2
W10-8,GT100-686,GROUT_TUBE,100Øx686 GROUT TUBE,21,ROD102,Zero_Density,,,ae5531b8-1ade-466d-9284-967801b5bb59
W10-8,SP15-457,INSERT,15Mx457 WILLIAMS SPL,33,ROD16,400W,,,02dd394d-dc75-427e-95ea-8b0404bb1642
W10-8,P-300,INSERT,19Ø INSERT (NC),3,ROD23.813,A36,,,f61f947b-7bf4-4cbd-97ba-963b559c1db1
W10-8,P-705,PLATE,13x203x203 PLATE,1,PL203*12.7,A572-GR.50,,,e8c26d74-73d5-4c9d-aca4-4818be6006de
W10-8,CNDT,CONDUIT,19MM CONDUIT,7,ROD19,Zero_Density,,,97cdb923-b89c-431a-b20d-c19154c6a2f3
W10-8,EB-S-PL,PLATE,Single Plastic Electr,7,160*50.8,Zero_Density,,,420d9be9-773f-43d5-8aa7-7bfd0cc64f5e
W10-8,P-205,ANCHOR,12000LB FORGED ANCHOR,4,PL15.88,A36,,,41d2dde3-0c24-49a2-a604-82fbb3183897
W10-40,GT100-1219,GROUT_TUBE,100Øx1219 GROUT TUBE,6,ROD102,Zero_Density,,,0268cbf7-d3ac-4416-9d12-7d3e4006490b
W10-40,GT100-686,GROUT_TUBE,100Øx686 GROUT TUBE,9,ROD102,Zero_Density,,,600f705e-2f86-4037-9198-747a0a50cfca
W10-40,P-300,INSERT,19Ø INSERT (NC),3,ROD23.813,A36,,,f31e7fca-1697-498b-938c-647e4c4a4fbf
W10-40,P-705,PLATE,13x203x203 PLATE,1,PL203*12.7,A572-GR.50,,,18c5f5cf-9de6-468a-b367-4e2724c2bd6d
W10-40,CNDT,CONDUIT,19MM CONDUIT,3,ROD19,Zero_Density,,,36aa29aa-4336-445f-aadb-49c933d58313
W10-40,EB-S-PL,PLATE,Single Plastic Electr,3,160*50.8,Zero_Density,,,2e27270a-c771-45dd-ad1e-52ecded58354
W10-40,P-205,ANCHOR,12000LB FORGED ANCHOR,2,PL15.88,A36,,,02ba20f0-38c6-4baf-923a-a27701d5720a
W10-40,SP15-457,INSERT,15Mx457 WILLIAMS SPL,15,ROD16,400W,,,6c6e82fb-c2e8-444d-a2b4-e99debee4a74
W10-65,P-300,INSERT,19Ø INSERT (NC),3,ROD23.813,A36,,,f3c02069-0152-4a7c-956c-ed5dd7ab56a6
W10-65,GT100-1219,GROUT_TUBE,100Øx1219 GROUT TUBE,6,ROD102,Zero_Density,,,1d4cc276-e372-468a-881c-cdbc54286e78
W10-65,GT100-850,GROUT_TUBE,100Øx850 GROUT TUBE,3,ROD102,Zero_Density,,,4932a974-affb-4f14-94e0-ddcdce389ad7
W10-65,SP15-457,INSERT,15Mx457 WILLIAMS SPL,9,ROD16,400W,,,f59d83a1-8e24-42d7-86f2-6ec068926df5
W10-65,P-205,ANCHOR,12000LB FORGED ANCHOR,2,PL15.88,A36,,,eb8fa563-6817-45f1-a85f-1b1add9f8bd0
W10-90,GT75-1219,GROUT_TUBE,75Ø x 1219 GROUT TUBE,2,ROD76,Zero_Density,,,714b8d83-1e89-4662-a735-d8e2c5c0391a
W10-90,GT75-686,GROUT_TUBE,75Ø x 686 GROUT TUBE,5,ROD76,Zero_Density,,,8845b410-a708-45a7-b64f-f82731f30c9a
W10-90,P-300,INSERT,19Ø INSERT (NC),4,ROD23.813,A36,,,e8547b1e-2678-4f24-95d7-0abdb47782b7
W10-90,CNDT,CONDUIT,19MM CONDUIT,2,ROD19,Zero_Density,,,8a77c2df-1d2b-4299-9216-d81a996dc396
W10-90,EB-S-PL,PLATE,Single Plastic Electr,1,160*50.8,Zero_Density,,,b271a2e0-2bfd-4c9b-a63e-480645ba95c8
W10-90,EB-SQ-PL1,EMBED,Square Plastic Electr,1,160*160,Zero_Density,,,490ff66a-cfec-4d86-97c8-fbcd7be85599
W10-90,P-205,ANCHOR,12000LB FORGED ANCHOR,4,PL15.88,A36,,,2f88b9c6-3710-4ea9-be4e-a3208901fa0e
W10-96,P-300,INSERT,19Ø INSERT (NC),5,ROD23.813,A36,,,53ebd790-e201-4201-9dbc-fbe40f14f615
W10-96,GT100-1219,GROUT_TUBE,100Øx1219 GROUT TUBE,6,ROD102,Zero_Density,,,7ca62c70-8156-40c8-85b1-d38ede8dbf05
W10-96,GT75-1219,GROUT_TUBE,75Ø x 1219 GROUT TUBE,2,ROD76,Zero_Density,,,56560f90-8a3f-4de1-9e15-83083bbc0feb
W10-96,GT75-686,GROUT_TUBE,75Ø x 686 GROUT TUBE,4,ROD76,Zero_Density,,,81a59372-f550-4cc2-8ceb-4b59f061254b
W10-96,SP15-457,INSERT,15Mx457 WILLIAMS SPL,24,ROD16,400W,,,9a305138-5730-42c2-a8ec-0af2d8eb68b6
W10-96,P-205,ANCHOR,12000LB FORGED ANCHOR,4,PL15.88,A36,,,902da577-9bbf-4f79-8568-591683e30a1d
W10-96,SLV-64-254,SLEEVE,64Ø x 254 PVC SLEEVE,1,ROD70,Zero_Density,,,f95e9c9b-8f3b-4c51-a77d-42bd1c414849
W10-64(?),P-300,INSERT,19Ø INSERT (NC),4,ROD23.813,A36,,,09d95bad-97e9-47ba-b501-6a257b0f0988
W10-64(?),GT75-1219,GROUT_TUBE,75Ø x 1219 GROUT TUBE,2,ROD76,Zero_Density,,,8007f83d-6e21-4bd0-a9de-df1f93255245
W10-64(?),GT75-686,GROUT_TUBE,75Ø x 686 GROUT TUBE,5,ROD76,Zero_Density,,,65b3529c-74fa-47fa-99b2-002b06ba8fe1
W10-64(?),SP25-1067,INSERT,SP25Mx1067 WILLIAMS S,2,ROD25.4,A706-GR.60,,,9cace9b6-1254-4257-9aaa-8f33c73e57d2
W10-64(?),SP15-457,INSERT,15Mx457 WILLIAMS SPL,15,ROD16,400W,,,2362bf1c-d59d-4634-a6d7-a3a0633b0d1d
W10-64(?),P-205,ANCHOR,12000LB FORGED ANCHOR,4,PL15.88,A36,,,163fa711-db76-49fc-a922-9a124f48af4f
SW17-3,GT75-1219,GROUT_TUBE,75Ø x 1219 GROUT TUBE,2,ROD76,Zero_Density,,,6225cb07-3bda-4af7-89a3-ef14c88b46b8
SW17-3,GT75-686,GROUT_TUBE,75Ø x 686 GROUT TUBE,5,ROD76,Zero_Density,,,9c5229f7-7c55-4656-8b96-b4bd316f335e
SW17-3,INS-2,EMBED,INSULATION,1,PL3441*102,Insulation,,,bed09407-e8e6-472b-83fc-2b39060267b6
SW17-3,P-205,ANCHOR,12000LB FORGED ANCHOR,4,PL15.88,A36,,,50131357-c258-4d18-a3ab-55c182fe9de1
SW17-3,P-300,INSERT,19Ø INSERT (NC),4,ROD23.813,A36,,,786901c1-1140-48d9-b64e-77e5df2d3860
W10-112,GT75-1219,GROUT_TUBE,75Ø x 1219 GROUT TUBE,3,ROD76,Zero_Density,,,38e68d2e-2b26-4f3b-b4a4-0c7be9c98bc1
W10-112,P-301,EMBED,19Ø EXP.  INS. (NC),1,ROD23.81,A36,,,281169f4-5132-45e9-adce-b840bedb2743
W10-112,P-205,ANCHOR,12000LB FORGED ANCHOR,2,PL15.88,A36,,,82b57738-8ec8-4497-a3df-b62446dfabf4
W10-112,P-300,INSERT,19Ø INSERT (NC),2,ROD23.813,A36,,,4fd75364-defd-4b4a-b4f5-c29d88b0941c
W10-99,GT75-1219,GROUT_TUBE,75Ø x 1219 GROUT TUBE,3,ROD76,Zero_Density,,,dc96a578-46bd-4676-b552-f131e48180a2
W10-99,P-205,ANCHOR,12000LB FORGED ANCHOR,2,PL15.88,A36,,,634f71be-444f-4496-8ee3-90c12b7573bb
W10-99,P-300,INSERT,19Ø INSERT (NC),2,ROD23.813,A36,,,ba081a60-c1c3-438a-b8d0-fd68a7b06641
W10-99,P-301,EMBED,19Ø EXP.  INS. (NC),1,ROD23.81,A36,,,ffe49ac3-7bb5-4e52-ac96-737e2085fd57
W10-85,P-300,INSERT,19Ø INSERT (NC),6,ROD23.813,A36,,,cb2c6e59-7a55-463e-8eb2-3acd800c1466
W10-85,GT75-1219,GROUT_TUBE,75Ø x 1219 GROUT TUBE,2,ROD76,Zero_Density,,,4f4105d6-4f3c-485f-8990-036a7fac4196
W10-85,P-220,EMBED,10Øx2743 AC 5625LB CA,1,CABLE9.53,Steel_Undefined,,,debd7657-0026-4f18-bda4-dbdf6e0bdebc
W10-58,GT75-1219,GROUT_TUBE,75Ø x 1219 GROUT TUBE,3,ROD76,Zero_Density,,,d28f39be-a634-4767-9f5b-17e17008a695
W10-58,P-301,EMBED,19Ø EXP.  INS. (NC),1,ROD23.81,A36,,,f1b15ae8-9d70-4723-814a-c4869c98450a
W10-58,P-205,ANCHOR,12000LB FORGED ANCHOR,2,PL15.88,A36,,,6896483e-9a36-42bd-9822-64510a590612
W10-58,P-300,INSERT,19Ø INSERT (NC),2,ROD23.813,A36,,,be707c55-4e1e-4584-baea-29fa7c7bc060
W10-39,GT75-1219,GROUT_TUBE,75Ø x 1219 GROUT TUBE,3,ROD76,Zero_Density,,,d306b2f4-6311-44b0-a6bf-fc7cd83e3ac4
W10-39,P-301,EMBED,19Ø EXP.  INS. (NC),1,ROD23.81,A36,,,c56b6ccd-b505-4651-9f04-e9b5511c2e04
W10-39,P-205,ANCHOR,12000LB FORGED ANCHOR,2,PL15.88,A36,,,4c27fc27-6802-4ae5-bdec-76e75f868754
W10-39,P-300,INSERT,19Ø INSERT (NC),2,ROD23.813,A36,,,e46b5584-213c-4f21-be30-0bf1137c3536
W10-127,GT75-1219,GROUT_TUBE,75Ø x 1219 GROUT TUBE,3,ROD76,Zero_Density,,,66c636a8-ffbd-4148-a773-b4f58e592051
W10-127,P-301,EMBED,19Ø EXP.  INS. (NC),1,ROD23.81,A36,,,7521ab12-ab30-46a8-bc77-c3cb97888196
W10-127,P-205,ANCHOR,12000LB FORGED ANCHOR,2,PL15.88,A36,,,b3f25442-1843-4ef9-8695-2d5e1b3bbc94
W10-127,P-300,INSERT,19Ø INSERT (NC),2,ROD23.813,A36,,,e121e3f2-9ef6-4b6c-b0f5-38e69eface67
W10-107,GT75-1219,GROUT_TUBE,75Ø x 1219 GROUT TUBE,3,ROD76,Zero_Density,,,d26485d9-56fa-4e2b-bcd0-88e1418aaf2f
W10-107,P-301,EMBED,19Ø EXP.  INS. (NC),1,ROD23.81,A36,,,aa1afff3-0975-48ae-8043-1b0e3d2fcffe
W10-107,P-205,ANCHOR,12000LB FORGED ANCHOR,2,PL15.88,A36,,,94ff0f90-7b7c-496d-beb6-12cc5074216a
W10-107,P-300,INSERT,19Ø INSERT (NC),2,ROD23.813,A36,,,b6cad3ca-51c6-4580-a33b-c5102a326e10
W10-84,P-300,INSERT,19Ø INSERT (NC),6,ROD23.813,A36,,,4b766c49-8c19-4af1-9158-996fd14d943f
W10-84,GT75-1219,GROUT_TUBE,75Ø x 1219 GROUT TUBE,2,ROD76,Zero_Density,,,c71259a7-ef91-407c-b7e4-59fd09f2bee7
W10-84,P-220,EMBED,10Øx2743 AC 5625LB CA,1,CABLE9.53,Steel_Undefined,,,ac35a251-245c-4507-bd15-7ccbcdc19cae
W10-104,GT75-1219,GROUT_TUBE,75Ø x 1219 GROUT TUBE,1,ROD76,Zero_Density,,,d957166f-cd08-444a-9741-f29d0db4b36e
W10-104,P-300,INSERT,19Ø INSERT (NC),6,ROD23.813,A36,,,8da4b819-47cb-4bac-8d9a-b0ade6acf50d
W10-104,SP15-457,INSERT,15Mx457 WILLIAMS SPL,3,ROD16,400W,,,6be34c7f-5663-43ac-b0a4-ba5c2ab10407
W10-104,P-607,EMBED,13PL. w/STUD,1,PL152.4*12.7,A572-GR.50,,,cb499c3d-2e5e-4a1d-bbbe-3a395a71750e
W10-104,P-703,EMBED,13PL. w/STUD,1,PL102*12.7,A572-GR.50,,,be0ed073-5e1c-4d57-a80b-6a26998c23d9
W10-104,P-220,EMBED,10Øx2743 AC 5625LB CA,1,CABLE9.53,Steel_Undefined,,,ffca3e98-baa2-4d18-8724-9f8a5365a7ca
W10-75,GT75-1219,GROUT_TUBE,75Ø x 1219 GROUT TUBE,1,ROD76,Zero_Density,,,404f3095-8037-4e19-bcad-39c56d6e9cd2
W10-75,P-300,INSERT,19Ø INSERT (NC),6,ROD23.813,A36,,,16b11809-05a6-4baa-831f-ad732d1ad671
W10-75,SP15-457,INSERT,15Mx457 WILLIAMS SPL,3,ROD16,400W,,,f4471e8f-1f90-444d-9519-c4e9e52e39d8
W10-75,P-607,EMBED,13PL. w/STUD,1,PL152.4*12.7,A572-GR.50,,,adcd6846-12cb-4be1-8081-6d2dbca28485
W10-75,P-703,EMBED,13PL. w/STUD,1,PL102*12.7,A572-GR.50,,,4b26ed72-e16d-423a-a93f-90d22e527053
W10-75,P-221,EMBED,13Øx2743 AC 10375LB,1,CABLE12.7,Steel_Undefined,,,1cc61339-e0dc-4a69-ae37-019d95dee78b
W10-29,P-300,INSERT,19Ø INSERT (NC),6,ROD23.813,A36,,,33f59411-d711-4450-a2b5-cfc9be606071
W10-29,GT75-1219,GROUT_TUBE,75Ø x 1219 GROUT TUBE,2,ROD76,Zero_Density,,,6e156ba0-65ae-4e12-a51f-5c7708736868
W10-29,P-220,EMBED,10Øx2743 AC 5625LB CA,1,CABLE9.53,Steel_Undefined,,,ac00e994-3039-4ff9-8624-0c4585b479fa
W10-92,P-300,INSERT,19Ø INSERT (NC),6,ROD23.813,A36,,,27028a69-d0c2-4dae-9825-6a3fae1632db
W10-92,GT75-1219,GROUT_TUBE,75Ø x 1219 GROUT TUBE,2,ROD76,Zero_Density,,,39c4c5ec-fc15-420b-a170-887293cb63af
W10-92,P-220,EMBED,10Øx2743 AC 5625LB CA,1,CABLE9.53,Steel_Undefined,,,735fdc5b-b856-4523-aafc-c9e027d02c19
P6-19,P-300,INSERT,19Ø INSERT (NC),17,ROD23.813,A36,,,7611bc21-907f-4531-81e7-e14c1514e61d
P6-19,P-900-10,PLATE,25mm KNIFE PLATE,1,PL127*25,A572-GR.50,,,f47a3047-a1eb-4a7c-b74d-49004159f61c
P6-19,P-900-20,EMBED,,1,PD28.6*4.76,50W,,,954ead16-cc6e-4bd2-97c7-e73e45cf2d66
P6-19,P-900-30,EMBED,,1,STUD_3/4-DIA,A108-GR.90,,,0d7975d4-e926-4c2e-9305-0fd4534090f8
P6-19,P-743-10,PLATE,19PL KNIFE PLATE.,1,PL114.3*19.05,A572-GR.50,,,6766c2cd-0e9f-499e-9e48-fc52340d3a2c
P6-19,P-743-20,EMBED,,1,PD28.6*4.76,50W,,,ba4244eb-2e7f-41b4-97c4-984c854867b7
P6-19,P-743-30,EMBED,,1,STUD_3/4-DIA,A108-GR.90,,,51ba73f4-f0b4-4a5e-985a-c76dd5197719
P6-19,P-205,ANCHOR,12000LB FORGED ANCHOR,4,PL15.88,A36,,,d3b1c7cd-1c1c-4212-9aac-0617438d4339
P6-8,P-300,INSERT,19Ø INSERT (NC),17,ROD23.813,A36,,,a08e273a-a4fb-40ad-81aa-613503cdb076
P6-8,P-900-10,PLATE,25mm KNIFE PLATE,1,PL127*25,A572-GR.50,,,f2dd5cac-2711-4d80-be5f-4ab9d0421832
P6-8,P-900-20,EMBED,,1,PD28.6*4.76,50W,,,e4739a8b-bdd1-4005-87eb-b26f50d7a02e
P6-8,P-900-30,EMBED,,1,STUD_3/4-DIA,A108-GR.90,,,d847aa3a-ba16-4627-bde1-59b5b8ab5a99
P6-8,P-742-10,PLATE,19PL KNIFE PLATE,1,PL114.3*19.05,A572-GR.50,,,0b19de1b-f5b4-43cd-9926-5eefa11165fd
P6-8,P-742-20,EMBED,,1,PD28.6*4.76,50W,,,99d01a63-afdc-4ed4-9b00-af706ac7d79f
P6-8,P-742-30,EMBED,,1,STUD_3/4-DIA,A108-GR.90,,,5d03fe30-3774-472d-8451-ff43a212682a
P6-8,P-205,ANCHOR,12000LB FORGED ANCHOR,4,PL15.88,A36,,,3d83f0c2-8feb-4418-a162-d343af6eb419
SW15-1,GT75-686,GROUT_TUBE,75Ø x 686 GROUT TUBE,3,ROD76,Zero_Density,,,cbc4946d-c281-49f7-9dbc-cd6aea8cedf6
SW15-1,GT75-1219,GROUT_TUBE,75Ø x 1219 GROUT TUBE,2,ROD76,Zero_Density,,,1884ef33-27ec-48b3-80ab-a1004699cf0a
SW15-1,INS-6,EMBED,INSULATION,1,PL3441*102,Insulation,,,56cafef1-8da6-443d-88cd-7e119390d06a
SW15-1,P-300,INSERT,19Ø INSERT (NC),4,ROD23.813,A36,,,c9a8a8b4-927c-4110-80f8-1ae212059fb6
SW15-1,P-205,ANCHOR,12000LB FORGED ANCHOR,4,PL15.88,A36,,,685f424c-102e-4946-aa2e-b429fc5a413a
SW17-2,GT75-686,GROUT_TUBE,75Ø x 686 GROUT TUBE,8,ROD76,Zero_Density,,,2baa0ff3-64c8-40bb-aff5-606f2c732b20
SW17-2,P-722,EMBED,13PL. w/STUD,1,PL152.4*12.7,A572-GR.50,,,25813937-614e-4aec-b6f5-5e02ad217521
SW17-2,P-802,EMBED,SBO 203x800 DELTA PLA,1,PL203*25,A572-GR.50,,,cf408171-0617-4da3-9426-05de5d1a2552
SW17-2,P-801,EMBED,SBO 203x725 DELTA PLA,1,PL203*25,A572-GR.50,,,22fc370e-82bb-43f1-8ee4-ff9603164eae
SW17-2,P-803,EMBED,SBO 203x1670 DELTA PL,1,PL203*25,A572-GR.50,,,8b806497-3e01-42dd-a519-92991cd0d4b3
SW17-2,P-781,EMBED,13PL. w/STUD,1,PL152.4*12.7,A572-GR.50,,,409295c3-22d6-45cf-bcec-b66547aa8f81
SW17-2,INS-8,EMBED,INSULATION,1,PL3600*102,Insulation,,,95e94dd8-7b2d-4351-b11e-37138f96d8f2
SW17-2,P-300,INSERT,19Ø INSERT (NC),4,ROD23.813,A36,,,d088bd8d-4e5e-4957-8344-4e1d1d25b253
SW17-2,P-205,ANCHOR,12000LB FORGED ANCHOR,4,PL15.88,A36,,,c7e8a36e-5bf0-4708-bd68-62c96fcd0078
SW17-2,EI-1505,EMBED,ELEV. INS. 1505LG.,1,PL35*41,Zero_Density,,,f76ed7a8-9f66-41bc-b47d-dc5e1b7059e8
SW17-1,INS-1,EMBED,INSULATION,1,PL3600*102,Insulation,,,091600dd-6b48-4183-a9a1-c5038d52e6cb
SW17-1,P-781,EMBED,13PL. w/STUD,1,PL152.4*12.7,A572-GR.50,,,b6b3004b-e5ed-4a1f-a670-db46bd9357c2
SW17-1,P-802,EMBED,SBO 203x800 DELTA PLA,1,PL203*25,A572-GR.50,,,3394c9e4-e746-4810-b42f-13fae8c5ebf9
SW17-1,P-801,EMBED,SBO 203x725 DELTA PLA,1,PL203*25,A572-GR.50,,,1579b469-2207-4868-8cea-5e65cb76a0dc
SW17-1,P-782,EMBED,13PL. w/STUD,1,PL152.4*12.7,A572-GR.50,,,aa468e75-4de4-40fd-b1bb-c8aed0f0c594
SW17-1,GT75-686,GROUT_TUBE,75Ø x 686 GROUT TUBE,6,ROD76,Zero_Density,,,61842542-ee3d-4f93-9c66-e9ed878d3fee
SW17-1,P-205,ANCHOR,12000LB FORGED ANCHOR,4,PL15.88,A36,,,183cde5b-a7d7-4c66-a763-5c73de6780c0
SW17-1,P-300,INSERT,19Ø INSERT (NC),2,ROD23.813,A36,,,772db84b-b127-43e2-bc10-7337c865b2cc
SW17-4,GT75-1219,GROUT_TUBE,75Ø x 1219 GROUT TUBE,2,ROD76,Zero_Density,,,2587b433-50e1-42fa-b202-753406a82b4b
SW17-4,INS-3,EMBED,INSULATION,1,PL3441*102,Insulation,,,07a6ae01-aa69-49e2-878b-8e4f8f1be507
SW17-4,P-300,INSERT,19Ø INSERT (NC),4,ROD23.813,A36,,,e300e33d-b3fd-439e-b433-6e1ce497f033
SW17-4,P-205,ANCHOR,12000LB FORGED ANCHOR,2,PL15.88,A36,,,40cb2ea0-ea79-4037-a9cf-cffb8d2e7842
W10-76,MPX4,EMBED,V REVEAL LARGE,1,TRIANGLE12.7*12.7,Misc_Undefined,,,ecf90e1c-ddc0-4467-8e0b-0b7d0587c602
W10-76,GT100-686,GROUT_TUBE,100Øx686 GROUT TUBE,6,ROD102,Zero_Density,,,68bb8184-4baf-41e2-85a0-97fc28678857
W10-76,P-300,INSERT,19Ø INSERT (NC),4,ROD23.813,A36,,,015ef156-5302-44e3-843b-3fc67a2fee64
W10-76,GT100-1219,GROUT_TUBE,100Øx1219 GROUT TUBE,18,ROD102,Zero_Density,,,1dfbca54-be11-4bfc-b621-d28c327e33b4
W10-76,SP25-1067,INSERT,SP25Mx1067 WILLIAMS S,8,ROD25.4,A706-GR.60,,,64e96bc9-65c4-4b14-abb3-d74222254a20
W10-76,SP15-457,INSERT,15Mx457 WILLIAMS SPL,3,ROD16,400W,,,d76daddb-dca5-4088-a529-073ca3ee1ecf
W10-76,CNDT,CONDUIT,19MM CONDUIT,1,ROD19,Zero_Density,,,c3c16cdd-664f-4dec-8415-8301cbe34e1c
W10-76,EB-S-PL,PLATE,Single Plastic Electr,1,160*50.8,Zero_Density,,,ef83a362-e059-4647-8bce-2c1a670646a2
W10-76,P-205,ANCHOR,12000LB FORGED ANCHOR,2,PL15.88,A36,,,4ae8cbab-5f27-4e75-b37b-1d482e1d216a
W10-76,GT76-254,GROUT_TUBE,76Øx254mm G.TUBE,2,ROD76.2,Zero_Density,,,d11d313f-d54e-4a4d-a4f4-ae6333bda08e
W10-76,SLV-152-254,SLEEVE,152Ø x 254 PVC SLEEVE,1,ROD160,Zero_Density,,,91be3f56-9164-4b1c-85cc-b825b4774632
W10-124,MPX14,EMBED,V REVEAL LARGE,1,TRIANGLE12.7*12.7,Misc_Undefined,,,a289af0e-8342-4484-8078-dc5add3e2188
W10-124,MPX12,EMBED,MOUNTPART,1,TRIANGLE51.0*12.7,Misc_Undefined,,,0b854798-350a-4f94-8326-0f3c7edb1d31
W10-124,MPX11,EMBED,V REVEAL LARGE,1,TRIANGLE12.7*12.7,Misc_Undefined,,,7fa96af8-9785-4106-a25e-790d36482fb9
W10-124,P-300,INSERT,19Ø INSERT (NC),4,ROD23.813,A36,,,a116a820-e7ee-4af9-9890-3859a953a570
W10-124,GT75-1219,GROUT_TUBE,75Ø x 1219 GROUT TUBE,8,ROD76,Zero_Density,,,7cabd49d-13a6-40c1-bd97-0ab037394a96
W10-124,SP25-1067,INSERT,SP25Mx1067 WILLIAMS S,8,ROD25.4,A706-GR.60,,,af4e7d21-20ed-41c0-bdb6-d4dc9546710a
W10-124,GT75-686,GROUT_TUBE,75Ø x 686 GROUT TUBE,1,ROD76,Zero_Density,,,b1554e44-3548-4efa-8046-7fbb20c7aa46
W10-124,SP15-457,INSERT,15Mx457 WILLIAMS SPL,3,ROD16,400W,,,c10847aa-c6ad-429a-af49-14b34fbaed59
W10-124,CNDT,CONDUIT,19MM CONDUIT,1,ROD19,Zero_Density,,,868af4a7-211b-4dde-9575-4dd2390ae6e8
W10-124,EB-S-PL,PLATE,Single Plastic Electr,1,160*50.8,Zero_Density,,,0392fe5a-4dda-42bf-a4b0-a6b8932e8957
W10-124,GT76-254,GROUT_TUBE,76Øx254mm G.TUBE,2,ROD76.2,Zero_Density,,,331f5495-72bd-4ece-9ee2-5101aa7bddd2
W10-124,P-205,ANCHOR,12000LB FORGED ANCHOR,2,PL15.88,A36,,,7f48ff99-3b78-481a-b55a-9a6524a36d6f
W10-125,MPX11,EMBED,V REVEAL LARGE,1,TRIANGLE12.7*12.7,Misc_Undefined,,,4f995ca5-4245-4125-a997-19d1161958c7
W10-125,P-300,INSERT,19Ø INSERT (NC),5,ROD23.813,A36,,,73747acb-8303-41dd-9d4d-8fd8a196b62a
W10-125,GT75-1219,GROUT_TUBE,75Ø x 1219 GROUT TUBE,8,ROD76,Zero_Density,,,9fffb669-b888-484e-b4fe-0b89e814c3a3
W10-125,GT75-686,GROUT_TUBE,75Ø x 686 GROUT TUBE,2,ROD76,Zero_Density,,,82dcec7f-9287-4d94-9994-2223dab4f463
W10-125,SP15-457,INSERT,15Mx457 WILLIAMS SPL,6,ROD16,400W,,,7490d554-c583-41ae-ae41-f797c3fbb22c
W10-125,GT100-1219,GROUT_TUBE,100Øx1219 GROUT TUBE,3,ROD102,Zero_Density,,,641a7699-a6f6-4574-8670-b28747cf1d5f
W10-125,SP25-1067,INSERT,SP25Mx1067 WILLIAMS S,8,ROD25.4,A706-GR.60,,,4b2757b6-f454-4559-9949-dcd70ed23c7c
W10-125,SP30-1219,INSERT,30Mx1219 WILLIAMS SPL,1,ROD30.16,A706-GR.60,,,1979bfb4-1d73-4607-b9ac-334ce2bbdb2e
W10-125,CNDT,CONDUIT,19MM CONDUIT,1,ROD19,Zero_Density,,,fd9ca510-ffb9-41f3-a22d-68ec7a0b9c97
W10-125,EB-S-PL,PLATE,Single Plastic Electr,1,160*50.8,Zero_Density,,,5cfc2904-9835-46dd-82c8-dbab3b0b1f2a
W10-125,GT76-254,GROUT_TUBE,76Øx254mm G.TUBE,2,ROD76.2,Zero_Density,,,df55908e-eb24-4559-9137-aeb2ec723c64
W10-125,P-205,ANCHOR,12000LB FORGED ANCHOR,4,PL15.88,A36,,,1bd5b7a6-4770-40f5-9190-bdcdfb976a79
W10-125,P-772,EMBED,13PL. w/STUD,1,PL152.4*12.7,A572-GR.50,,,5c6c7f63-7541-47ce-88c0-a5afeb26e2a4
W10-78,MPX1,EMBED,V REVEAL LARGE,1,TRIANGLE12.7*12.7,Misc_Undefined,,,ff8b3733-189b-4c34-8a6d-37949f8307e7
W10-78,GT100-1219,GROUT_TUBE,100Øx1219 GROUT TUBE,18,ROD102,Zero_Density,,,1059a49f-a33e-435d-9e03-13a78fb50509
W10-78,GT100-686,GROUT_TUBE,100Øx686 GROUT TUBE,3,ROD102,Zero_Density,,,32a53b93-2a21-40b1-926c-6bdb4d238753
W10-78,P-300,INSERT,19Ø INSERT (NC),4,ROD23.813,A36,,,356cd7ed-8fe5-4633-840a-8bd3c1532844
W10-78,SP25-1067,INSERT,SP25Mx1067 WILLIAMS S,5,ROD25.4,A706-GR.60,,,c9c3672a-373b-4da1-bbbb-26540496fe44
W10-78,P-616,PLATE,13x203x203 PLATE,2,PL203*13,A572-GR.50,,,e815a4f5-4bdc-4962-822f-097c7969dfb0
W10-78,SP30-1219,INSERT,30Mx1219 WILLIAMS SPL,1,ROD30.16,A706-GR.60,,,b8f47543-f1c1-4f9d-9d13-7325b222739d
W10-78,P-205,ANCHOR,12000LB FORGED ANCHOR,2,PL15.88,A36,,,494d843b-b649-4ffe-8c66-f8f109672d3c
W10-78,GT76-254,GROUT_TUBE,76Øx254mm G.TUBE,1,ROD76.2,Zero_Density,,,5dba95cf-f97e-4a23-9e11-1a223f6b5678
W10-80,GT75-575,GROUT_TUBE,75Ø GROUT TUBE x 575,9,ROD76.2,Zero_Density,,,2e2b1e6c-85a7-4368-823d-cab8b3638158
W10-80,P-300,INSERT,19Ø INSERT (NC),2,ROD23.813,A36,,,008f83ea-3c23-403d-8d9c-7b2214e109b1
W10-80,P-205,ANCHOR,12000LB FORGED ANCHOR,4,PL15.88,A36,,,7aad5fe2-50f8-44f7-9d6f-f656a8846a35
W10-26,MPX14,EMBED,V REVEAL LARGE,1,TRIANGLE12.7*12.7,Misc_Undefined,,,685586e6-abe2-4c05-b8ac-a9eff18b64e6
W10-26,MPX12,EMBED,MOUNTPART,1,TRIANGLE51.0*12.7,Misc_Undefined,,,54b93857-ebbc-452d-a9e8-4e83f32514f7
W10-26,MPX11,EMBED,V REVEAL LARGE,1,TRIANGLE12.7*12.7,Misc_Undefined,,,eef42a9a-a6fb-4f81-9190-65c9c29c3eb9
W10-26,P-300,INSERT,19Ø INSERT (NC),4,ROD23.813,A36,,,7cfdca43-c915-4dca-980b-ceed39ab5a78
W10-26,SP15-457,INSERT,15Mx457 WILLIAMS SPL,18,ROD16,400W,,,deca9ab7-ed40-44fc-ac0a-ea821d1d09fb
W10-26,GT75-1219,GROUT_TUBE,75Ø x 1219 GROUT TUBE,8,ROD76,Zero_Density,,,0cb8a1bb-339f-49c7-a7a9-c1ec2f63874d
W10-26,GT75-686,GROUT_TUBE,75Ø x 686 GROUT TUBE,1,ROD76,Zero_Density,,,c7daca2e-c45b-473b-b4fc-99e26f2ba3a7
W10-26,GT76-254,GROUT_TUBE,76Øx254mm G.TUBE,6,ROD76.2,Zero_Density,,,d2993e4c-af26-4fdd-b3bd-fdad92dd6b9f
W10-26,CNDT,CONDUIT,19MM CONDUIT,1,ROD19,Zero_Density,,,f909cf7d-8555-48bf-8c45-f346fadf30a5
W10-26,EB-S-PL,PLATE,Single Plastic Electr,1,160*50.8,Zero_Density,,,53f03940-84e8-4b43-9fe7-b7f70422e565
W10-26,P-205,ANCHOR,12000LB FORGED ANCHOR,2,PL15.88,A36,,,64a9290a-b3d7-4a85-821a-483d929ad2e6
W10-86,MPX11,EMBED,V REVEAL LARGE,1,TRIANGLE12.7*12.7,Misc_Undefined,,,dae40cc8-7dbd-4f28-9eaf-5fc09f2ba6bb
W10-86,MPX14,EMBED,V REVEAL LARGE,1,TRIANGLE12.7*12.7,Misc_Undefined,,,d356957c-5567-43a3-ae62-878613ad51d5
W10-86,MPX12,EMBED,MOUNTPART,1,TRIANGLE51.0*12.7,Misc_Undefined,,,82e41f88-697a-4f29-9145-0ef6693bd68c
W10-86,P-300,INSERT,19Ø INSERT (NC),4,ROD23.813,A36,,,0de0519c-5c6b-421a-a03c-8b0cc65b74d8
W10-86,GT75-1219,GROUT_TUBE,75Ø x 1219 GROUT TUBE,8,ROD76,Zero_Density,,,d5fccfa0-6a9c-4e93-b932-d47c1aafad65
W10-86,SP25-1067,INSERT,SP25Mx1067 WILLIAMS S,8,ROD25.4,A706-GR.60,,,47a6698d-98a6-45c9-8278-0b0a9fcdc2e8
W10-86,GT75-686,GROUT_TUBE,75Ø x 686 GROUT TUBE,1,ROD76,Zero_Density,,,319e57a3-f445-4021-9bb0-d7a4769d3225
W10-86,SP15-457,INSERT,15Mx457 WILLIAMS SPL,3,ROD16,400W,,,d7add1d5-5f90-43d1-b4fb-f0ec53e8a69a
W10-86,GT76-254,GROUT_TUBE,76Øx254mm G.TUBE,6,ROD76.2,Zero_Density,,,004d54e5-c5a2-43b1-b1c8-a6451ab48392
W10-86,CNDT,CONDUIT,19MM CONDUIT,1,ROD19,Zero_Density,,,b2920c3c-8c3a-4b39-a46b-012539829152
W10-86,EB-S-PL,PLATE,Single Plastic Electr,1,160*50.8,Zero_Density,,,6c9c1d57-a59b-4261-a069-356e3cbab206
W10-86,P-205,ANCHOR,12000LB FORGED ANCHOR,2,PL15.88,A36,,,8fe7065e-0e9a-4955-b804-cbc1b915cfd3
W10-95,MPX11,EMBED,V REVEAL LARGE,1,TRIANGLE12.7*12.7,Misc_Undefined,,,6f86296b-6378-462b-9dde-8667c0f7762d
W10-95,MPX14,EMBED,V REVEAL LARGE,1,TRIANGLE12.7*12.7,Misc_Undefined,,,8638e022-2dfd-4906-9e4f-26acdebadfe9
W10-95,MPX12,EMBED,MOUNTPART,1,TRIANGLE51.0*12.7,Misc_Undefined,,,b071a1e4-f3c1-4df9-9bf2-08097f8acee6
W10-95,P-300,INSERT,19Ø INSERT (NC),4,ROD23.813,A36,,,e7a98e0d-f94a-4162-a6ca-060fe1fe33b9
W10-95,GT75-1219,GROUT_TUBE,75Ø x 1219 GROUT TUBE,8,ROD76,Zero_Density,,,10dd7e07-3006-4e24-86d8-813f6a237f5b
W10-95,SP15-457,INSERT,15Mx457 WILLIAMS SPL,21,ROD16,400W,,,1787f919-df11-4cd8-88c8-24cc0c27e1f4
W10-95,GT75-686,GROUT_TUBE,75Ø x 686 GROUT TUBE,1,ROD76,Zero_Density,,,0b132d71-61ee-4cbd-a0b8-a26e8cd36493
W10-95,GT76-254,GROUT_TUBE,76Øx254mm G.TUBE,6,ROD76.2,Zero_Density,,,3badedf0-2de7-4966-8dbb-b8a632adb10f
W10-95,CNDT,CONDUIT,19MM CONDUIT,1,ROD19,Zero_Density,,,b72a371c-38e3-4365-ac09-a9f00fabc60f
W10-95,EB-S-PL,PLATE,Single Plastic Electr,1,160*50.8,Zero_Density,,,208f4688-5685-44d1-b760-7299e9b6b85a
W10-95,P-205,ANCHOR,12000LB FORGED ANCHOR,2,PL15.88,A36,,,9dfc38f6-b43e-4fb3-9c90-0a114f42eb1b
W10-63,MPX14,EMBED,V REVEAL LARGE,1,TRIANGLE12.7*12.7,Misc_Undefined,,,c7a073a0-ae03-4bad-b00f-4c3675aca795
W10-63,MPX12,EMBED,MOUNTPART,1,TRIANGLE51.0*12.7,Misc_Undefined,,,944161f3-3535-40fc-b212-42c8dc801a92
W10-63,MPX11,EMBED,V REVEAL LARGE,1,TRIANGLE12.7*12.7,Misc_Undefined,,,b41acd6d-5702-4ae0-876f-f68454b3f3fb
W10-63,P-300,INSERT,19Ø INSERT (NC),4,ROD23.813,A36,,,7ee777f9-ca2a-4c44-8f29-6c7883da0b99
W10-63,GT75-1219,GROUT_TUBE,75Ø x 1219 GROUT TUBE,8,ROD76,Zero_Density,,,2019cecd-389d-4e61-9a6f-41b222108f88
W10-63,SP25-1067,INSERT,SP25Mx1067 WILLIAMS S,8,ROD25.4,A706-GR.60,,,a6ea7a41-eb9e-49f7-985a-8b0ac6f1317d
W10-63,GT75-686,GROUT_TUBE,75Ø x 686 GROUT TUBE,1,ROD76,Zero_Density,,,36f249d9-7299-43e5-bc5e-b7ece7268af6
W10-63,SP15-457,INSERT,15Mx457 WILLIAMS SPL,3,ROD16,400W,,,2b3fc597-dfcb-4735-8675-e25cd4a27c8f
W10-63,GT76-254,GROUT_TUBE,76Øx254mm G.TUBE,6,ROD76.2,Zero_Density,,,e3a49ddf-738f-46d4-a0ba-59fed35c7903
W10-63,CNDT,CONDUIT,19MM CONDUIT,1,ROD19,Zero_Density,,,cc649769-55ce-4f87-bdac-5ce4ba125011
W10-63,EB-S-PL,PLATE,Single Plastic Electr,1,160*50.8,Zero_Density,,,3931ed13-1b1a-4aa9-876a-944ae972efb1
W10-63,P-205,ANCHOR,12000LB FORGED ANCHOR,2,PL15.88,A36,,,0cad75e7-b062-4582-904c-2a295297d15b
W10-106,GT75-575,GROUT_TUBE,75Ø GROUT TUBE x 575,9,ROD76.2,Zero_Density,,,6a27d0e3-d760-4610-b74b-110273d4c9a0
W10-106,P-300,INSERT,19Ø INSERT (NC),2,ROD23.813,A36,,,6c287147-e22f-40c4-8356-d264cc2ba358
W10-106,P-205,ANCHOR,12000LB FORGED ANCHOR,4,PL15.88,A36,,,d02e9450-c594-42d1-a69c-7254c3907f86
W10-21,GT75-575,GROUT_TUBE,75Ø GROUT TUBE x 575,9,ROD76.2,Zero_Density,,,8a6411f0-1c80-46eb-92c7-ac770cd5cc70
W10-21,P-300,INSERT,19Ø INSERT (NC),2,ROD23.813,A36,,,c2f030e1-39c8-481d-9782-aa473456a7b7
W10-21,P-205,ANCHOR,12000LB FORGED ANCHOR,4,PL15.88,A36,,,665b075d-b05c-45d8-a292-c5ed067b2591
W10-52,GT75-575,GROUT_TUBE,75Ø GROUT TUBE x 575,1,ROD76.2,Zero_Density,,,a731d61d-45df-4c1f-8a14-10acbaa1fb3e
W10-52,P-300,INSERT,19Ø INSERT (NC),2,ROD23.813,A36,,,e19d299c-982b-488f-b6f0-2a3249262a6f
W10-52,P-221,EMBED,13Øx2743 AC 10375LB,1,CABLE12.7,Steel_Undefined,,,d405abd4-69bc-48d5-bfc9-22551b987140
W10-74,GT75-575,GROUT_TUBE,75Ø GROUT TUBE x 575,1,ROD76.2,Zero_Density,,,6a86dc2a-d335-42d8-8f02-76b97278c393
W10-74,P-300,INSERT,19Ø INSERT (NC),2,ROD23.813,A36,,,86623f9d-b73c-470f-9965-4a2bb64cea62
W10-74,P-221,EMBED,13Øx2743 AC 10375LB,1,CABLE12.7,Steel_Undefined,,,761b9248-0bae-4e8c-86c6-7b6b34fae514
W10-117,GT75-575,GROUT_TUBE,75Ø GROUT TUBE x 575,1,ROD76.2,Zero_Density,,,47cfa413-dbf7-4e17-aa79-e6ea26012b36
W10-117,P-300,INSERT,19Ø INSERT (NC),2,ROD23.813,A36,,,762ca830-c79b-477d-a2f6-cd4b032d5249
W10-117,P-221,EMBED,13Øx2743 AC 10375LB,1,CABLE12.7,Steel_Undefined,,,0f606a5b-4847-49bc-888f-5f937a524841
W10-102,GT75-575,GROUT_TUBE,75Ø GROUT TUBE x 575,1,ROD76.2,Zero_Density,,,446af360-cbed-435d-b82d-bc97c2a0abc3
W10-102,P-300,INSERT,19Ø INSERT (NC),2,ROD23.813,A36,,,3e769d80-9367-4347-91ed-ffe648561b29
W10-102,P-221,EMBED,13Øx2743 AC 10375LB,1,CABLE12.7,Steel_Undefined,,,cfc67b2d-4496-481b-b625-db1ba4befd50
W10-101,GT75-575,GROUT_TUBE,75Ø GROUT TUBE x 575,7,ROD76.2,Zero_Density,,,cb0c58b0-782e-4fe5-a9a0-4ac6b190816d
W10-101,P-300,INSERT,19Ø INSERT (NC),2,ROD23.813,A36,,,c14a6996-213a-4a7f-834c-efc21b21f893
W10-101,P-205,ANCHOR,12000LB FORGED ANCHOR,2,PL15.88,A36,,,518cdc12-49d9-480d-87cd-67d7addff49e
W10-108,GT75-575,GROUT_TUBE,75Ø GROUT TUBE x 575,6,ROD76.2,Zero_Density,,,34f000b5-43ff-49f4-858d-7489b1e2f102
W10-108,P-300,INSERT,19Ø INSERT (NC),2,ROD23.813,A36,,,816f9065-ee0c-488c-96cb-15058b586e7f
W10-108,P-205,ANCHOR,12000LB FORGED ANCHOR,2,PL15.88,A36,,,c0b346a0-4f4e-4c89-bbb3-4dafc45d0946
W10-111,GT75-575,GROUT_TUBE,75Ø GROUT TUBE x 575,9,ROD76.2,Zero_Density,,,cbb1415e-ffb6-4e23-b74a-232109297c03
W10-111,P-300,INSERT,19Ø INSERT (NC),2,ROD23.813,A36,,,468736d8-1bdf-4a44-aa26-9811f47becaa
W10-111,P-205,ANCHOR,12000LB FORGED ANCHOR,4,PL15.88,A36,,,ff6aa6b4-f838-4322-a4fb-889e51112c2b
P6-13,MPX13,EMBED,V REVEAL LARGE,1,TRIANGLE12.7*12.7,Misc_Undefined,,,f59424be-f2b7-40cc-b449-3f1805c90f5e
P6-13,MPX14,EMBED,V REVEAL LARGE,1,TRIANGLE12.7*12.7,Misc_Undefined,,,f65f962d-95c6-4711-b09d-2176fce04bf6
P6-13,MPX12,EMBED,MOUNTPART,1,TRIANGLE51.0*12.7,Misc_Undefined,,,837c92ad-c211-406b-8a78-98a80592f9ea
P6-13,P-300,INSERT,19Ø INSERT (NC),20,ROD23.813,A36,,,ff2cc275-eacd-4a8d-841a-88a647a7048e
P6-13,P-900-10,PLATE,25mm KNIFE PLATE,2,PL127*25,A572-GR.50,,,1d5e7ac8-a121-4536-b8ab-36cbb0654cc0
P6-13,P-900-20,EMBED,,1,PD28.6*4.76,50W,,,60c8cef6-3040-4451-b427-048df839b5ab
P6-13,P-900-30,EMBED,,1,STUD_3/4-DIA,A108-GR.90,,,7248a5a3-a92d-4809-9c01-3c94e5a1437a
P6-13,GT76-152,GROUT_TUBE,76Øx152mm G.TUBE,6,ROD76.2,Zero_Density,,,3c15714d-1836-4718-9469-f0ef8b1a6b92
P6-13,CNDT,CONDUIT,19MM CONDUIT,2,ROD19,Zero_Density,,,bc2af7fa-1d26-4327-8802-837ceedfd793
P6-13,P-205,ANCHOR,12000LB FORGED ANCHOR,4,PL15.88,A36,,,62586af9-c72c-41e1-a435-2223a24cbec0
P6-13,EB-S-PL,PLATE,Single Plastic Electr,2,160*50.8,Zero_Density,,,747ace73-b2e3-42a3-9f86-2f8176b7fd15
P6-14,MPX14,EMBED,V REVEAL LARGE,1,TRIANGLE12.7*12.7,Misc_Undefined,,,a54f3bb2-0b21-4c15-81eb-9df3c654607c
P6-14,MPX12,EMBED,MOUNTPART,1,TRIANGLE51.0*12.7,Misc_Undefined,,,41c424c0-90b7-4a72-8517-f468bff47795
P6-14,MPX13,EMBED,V REVEAL LARGE,1,TRIANGLE12.7*12.7,Misc_Undefined,,,8ff69659-ef1b-4abc-98bb-7c9d2004dba7
P6-14,P-300,INSERT,19Ø INSERT (NC),20,ROD23.813,A36,,,a4aba802-75d9-4c1b-b8fc-0ba5de70d2ed
P6-14,P-900-10,PLATE,25mm KNIFE PLATE,2,PL127*25,A572-GR.50,,,700f6134-dfc5-442c-bfb4-7ed0b92541a8
P6-14,P-900-20,EMBED,,1,PD28.6*4.76,50W,,,6926d1bf-e5b4-4991-9a90-6a32e5ada59e
P6-14,P-900-30,EMBED,,1,STUD_3/4-DIA,A108-GR.90,,,80418a39-e4f3-4ed8-b276-026d4bdc3604
P6-14,GT76-152,GROUT_TUBE,76Øx152mm G.TUBE,6,ROD76.2,Zero_Density,,,1a1a63fd-26a6-4bff-bb26-6e12ede3f817
P6-14,CNDT,CONDUIT,19MM CONDUIT,1,ROD19,Zero_Density,,,58541101-d732-42db-951b-efbdd0f9cbbd
P6-14,EB-S-PL,PLATE,Single Plastic Electr,1,160*50.8,Zero_Density,,,74ed1d42-9aef-4487-837e-272842e05bef
P6-14,P-205,ANCHOR,12000LB FORGED ANCHOR,4,PL15.88,A36,,,a52dd888-ffe4-4d99-b217-bd953df09adb
P6-15,MPX13,EMBED,V REVEAL LARGE,1,TRIANGLE12.7*12.7,Misc_Undefined,,,27a2d294-131a-431b-8824-c0f2521de035
P6-15,MPX14,EMBED,V REVEAL LARGE,1,TRIANGLE12.7*12.7,Misc_Undefined,,,406e17fd-a1dc-4645-846a-1ce18284bee6
P6-15,MPX12,EMBED,MOUNTPART,1,TRIANGLE51.0*12.7,Misc_Undefined,,,d7d7ec88-6507-4ebd-81ec-055e41a4663e
P6-15,P-620,EMBED,6PL W/STUDS,1,PL101.6*6.35,A572-GR.50,,,77d14a6c-d8a0-4cb0-9373-860da6fa2b1e
P6-15,P-300,INSERT,19Ø INSERT (NC),13,ROD23.813,A36,,,5629e9d6-4fbc-4cb7-9a1b-d87382599d2b
P6-15,P-900-10,PLATE,25mm KNIFE PLATE,2,PL127*25,A572-GR.50,,,7e149bf9-17fa-463d-ac98-4d972feefa89
P6-15,P-900-20,EMBED,,1,PD28.6*4.76,50W,,,aeeea9c9-9ef5-4d57-9a52-5cb8029436da
P6-15,P-900-30,EMBED,,1,STUD_3/4-DIA,A108-GR.90,,,2a3405f7-c5d8-49f7-9638-eb0543b279bd
P6-15,GT76-152,GROUT_TUBE,76Øx152mm G.TUBE,6,ROD76.2,Zero_Density,,,95c6e583-69aa-4db1-88b0-69e3a923b9e7
P6-15,CNDT,CONDUIT,19MM CONDUIT,1,ROD19,Zero_Density,,,9c46319f-b52b-4598-b09d-3cb52e0fe491
P6-15,EB-S-PL,PLATE,Single Plastic Electr,1,160*50.8,Zero_Density,,,ba953a24-f87d-4113-8c90-657b846370e3
P6-15,P-205,ANCHOR,12000LB FORGED ANCHOR,4,PL15.88,A36,,,37ad518c-2331-4c10-9f2b-be049c997f29
W10-30,MPX11,EMBED,V REVEAL LARGE,1,TRIANGLE12.7*12.7,Misc_Undefined,,,520687db-15c4-49e5-a4fe-83e562e19968
W10-30,P-300,INSERT,19Ø INSERT (NC),5,ROD23.813,A36,,,39bcb76b-7981-476a-93f9-f001e3b6fc88
W10-30,GT75-1219,GROUT_TUBE,75Ø x 1219 GROUT TUBE,8,ROD76,Zero_Density,,,2a05557d-5869-4c37-b6b4-5c19a7131ac9
W10-30,SP25-1067,INSERT,SP25Mx1067 WILLIAMS S,8,ROD25.4,A706-GR.60,,,6dd40110-58fd-479b-a72a-7e5909a67e8e
W10-30,GT75-686,GROUT_TUBE,75Ø x 686 GROUT TUBE,2,ROD76,Zero_Density,,,6b3c14a3-1c7e-4c53-986f-30d1cd49434e
W10-30,SP15-457,INSERT,15Mx457 WILLIAMS SPL,6,ROD16,400W,,,e95f30a2-ff02-4a69-bc96-984a90170ffa
W10-30,GT100-1219,GROUT_TUBE,100Øx1219 GROUT TUBE,3,ROD102,Zero_Density,,,07cfc656-aac1-4696-8b4f-f20de6b989b2
W10-30,SP30-1219,INSERT,30Mx1219 WILLIAMS SPL,1,ROD30.16,A706-GR.60,,,1ad29159-2109-433b-b90f-027ded20d91f
W10-30,GT76-254,GROUT_TUBE,76Øx254mm G.TUBE,6,ROD76.2,Zero_Density,,,d829861a-d59d-4702-ba9a-450688138dc9
W10-30,CNDT,CONDUIT,19MM CONDUIT,1,ROD19,Zero_Density,,,71ec44a7-51e1-4e9b-82dd-ddda1ed3b76a
W10-30,EB-S-PL,PLATE,Single Plastic Electr,1,160*50.8,Zero_Density,,,abcfb8be-9080-445b-b469-4c5acdef3ccf
W10-30,P-602,EMBED,13PL. W/STUD,1,PL101.6*12.7,A572-GR.50,,,25bb37ca-0ca0-4c67-8f91-13b61f267ac5
W10-30,P-205,ANCHOR,12000LB FORGED ANCHOR,4,PL15.88,A36,,,6f249e54-fa17-4d10-9a37-df9bd953421b
W10-77,MPX11,EMBED,V REVEAL LARGE,1,TRIANGLE12.7*12.7,Misc_Undefined,,,f7521d3a-b98c-4cf4-8291-e4a82b0b271b
W10-77,P-300,INSERT,19Ø INSERT (NC),5,ROD23.813,A36,,,a8a5366a-ec08-42ba-a888-9a9dce5eaee7
W10-77,GT75-1219,GROUT_TUBE,75Ø x 1219 GROUT TUBE,8,ROD76,Zero_Density,,,c361f407-e64d-40aa-9511-034ac9d8ce13
W10-77,SP25-1067,INSERT,SP25Mx1067 WILLIAMS S,8,ROD25.4,A706-GR.60,,,59b9b97e-ae6a-4614-bde3-17ec1d909525
W10-77,GT75-686,GROUT_TUBE,75Ø x 686 GROUT TUBE,2,ROD76,Zero_Density,,,4f3c6e3d-a369-4152-9a0f-e56b06a2efd6
W10-77,SP15-457,INSERT,15Mx457 WILLIAMS SPL,6,ROD16,400W,,,4370674c-6ff6-4ffa-91ab-09f9b9fe205f
W10-77,GT100-1219,GROUT_TUBE,100Øx1219 GROUT TUBE,3,ROD102,Zero_Density,,,06bf423d-6af6-440c-9b3e-52e57d92dbbc
W10-77,SP30-1219,INSERT,30Mx1219 WILLIAMS SPL,1,ROD30.16,A706-GR.60,,,c786c083-700a-4fce-a75f-2069af8876d8
W10-77,GT76-254,GROUT_TUBE,76Øx254mm G.TUBE,6,ROD76.2,Zero_Density,,,36b18f2e-d486-4d54-8bac-b533fc79ec26
W10-77,CNDT,CONDUIT,19MM CONDUIT,1,ROD19,Zero_Density,,,31904831-550f-48e4-8704-92a4b3c9b69b
W10-77,EB-S-PL,PLATE,Single Plastic Electr,1,160*50.8,Zero_Density,,,2c91e0a8-c600-42cd-87c6-0d140363292e
W10-77,P-602,EMBED,13PL. W/STUD,1,PL101.6*12.7,A572-GR.50,,,a8825f2c-a933-4cfe-8b27-2ae50738fbc1
W10-77,P-205,ANCHOR,12000LB FORGED ANCHOR,4,PL15.88,A36,,,0bb2f352-573b-4ae6-a2a1-a5d2794f1794
W10-91,MPX11,EMBED,V REVEAL LARGE,1,TRIANGLE12.7*12.7,Misc_Undefined,,,03027940-cf9c-4cac-a54e-adf4ad5a6d43
W10-91,P-300,INSERT,19Ø INSERT (NC),5,ROD23.813,A36,,,9671be7a-83cf-4c27-a9aa-8b61fd3cd4df
W10-91,GT75-1219,GROUT_TUBE,75Ø x 1219 GROUT TUBE,8,ROD76,Zero_Density,,,8d3c6df7-14ad-4509-ae30-62cd55dbef73
W10-91,SP25-1067,INSERT,SP25Mx1067 WILLIAMS S,8,ROD25.4,A706-GR.60,,,f88af4f8-c528-4db9-8707-2ee2eace6082
W10-91,GT75-686,GROUT_TUBE,75Ø x 686 GROUT TUBE,2,ROD76,Zero_Density,,,83d55d69-aa8d-4c97-9eec-b67118773a03
W10-91,SP15-457,INSERT,15Mx457 WILLIAMS SPL,6,ROD16,400W,,,4f447184-e109-47ba-96c8-5c91f60adc3f
W10-91,GT100-1219,GROUT_TUBE,100Øx1219 GROUT TUBE,3,ROD102,Zero_Density,,,4c120f9b-18c1-4aef-8601-7803bd899feb
W10-91,SP30-1219,INSERT,30Mx1219 WILLIAMS SPL,1,ROD30.16,A706-GR.60,,,374f16d8-1897-447f-b878-9f4c901e4a75
W10-91,GT76-254,GROUT_TUBE,76Øx254mm G.TUBE,6,ROD76.2,Zero_Density,,,0a4df283-08d6-4e99-99e1-eb89de8939ea
W10-91,CNDT,CONDUIT,19MM CONDUIT,1,ROD19,Zero_Density,,,c7a20a1f-0282-44be-8b80-2f4566d6ec11
W10-91,EB-S-PL,PLATE,Single Plastic Electr,1,160*50.8,Zero_Density,,,a33f28fd-63be-4695-8ed4-e655233b4818
W10-91,P-602,EMBED,13PL. W/STUD,1,PL101.6*12.7,A572-GR.50,,,280f05ea-9414-435c-abc1-566b0b3b7e28
W10-91,P-205,ANCHOR,12000LB FORGED ANCHOR,4,PL15.88,A36,,,1e51488d-5123-4269-aea5-d78f52b20af0
W10-103,MPX11,EMBED,V REVEAL LARGE,1,TRIANGLE12.7*12.7,Misc_Undefined,,,db7a95c2-4d1f-4139-bd18-01aa9b6f64bf
W10-103,P-300,INSERT,19Ø INSERT (NC),5,ROD23.813,A36,,,047904a0-4fd1-40cd-a40f-c0e5d4e6869e
W10-103,GT75-1219,GROUT_TUBE,75Ø x 1219 GROUT TUBE,8,ROD76,Zero_Density,,,422d9157-d301-4eaf-a95d-1100d56e7076
W10-103,GT75-686,GROUT_TUBE,75Ø x 686 GROUT TUBE,2,ROD76,Zero_Density,,,bd4c773a-4b8b-4666-80ea-38cacda1bbdd
W10-103,SP15-457,INSERT,15Mx457 WILLIAMS SPL,27,ROD16,400W,,,ee47ecdc-2ee3-4752-8e2e-609998b8ed9b
W10-103,GT100-1219,GROUT_TUBE,100Øx1219 GROUT TUBE,3,ROD102,Zero_Density,,,b78e0fce-5f73-4fe4-ad79-237677c72a14
W10-103,GT76-254,GROUT_TUBE,76Øx254mm G.TUBE,6,ROD76.2,Zero_Density,,,91225b1d-3316-4e6f-bea7-b0e535d0da4b
W10-103,CNDT,CONDUIT,19MM CONDUIT,1,ROD19,Zero_Density,,,131f9f36-7538-4d74-8375-561596bf3dd1
W10-103,EB-S-PL,PLATE,Single Plastic Electr,1,160*50.8,Zero_Density,,,30c56c35-9ae4-4176-bd2a-38b94571faff
W10-103,P-602,EMBED,13PL. W/STUD,1,PL101.6*12.7,A572-GR.50,,,318067f2-66dd-4dab-8c95-1933ad82bcf9
W10-103,P-205,ANCHOR,12000LB FORGED ANCHOR,4,PL15.88,A36,,,4cf81e24-4b2d-4e23-95c8-3330644b9902
W10-182,MPX11,EMBED,V REVEAL LARGE,1,TRIANGLE12.7*12.7,Misc_Undefined,,,d400ec39-48aa-46f4-bf8b-049172307810
W10-182,P-300,INSERT,19Ø INSERT (NC),5,ROD23.813,A36,,,365969f3-438f-4a7e-8d19-e46b8b2a58f1
W10-182,GT75-1219,GROUT_TUBE,75Ø x 1219 GROUT TUBE,8,ROD76,Zero_Density,,,bcdc2bba-4c86-4cae-9ce5-9208ecca076d
W10-182,SP25-1067,INSERT,SP25Mx1067 WILLIAMS S,8,ROD25.4,A706-GR.60,,,2784e067-5884-49c6-8a91-b4e4ae5560bf
W10-182,GT75-686,GROUT_TUBE,75Ø x 686 GROUT TUBE,2,ROD76,Zero_Density,,,bd877ded-2cd1-42dc-a67f-e11bd4280fa5
W10-182,SP15-457,INSERT,15Mx457 WILLIAMS SPL,6,ROD16,400W,,,0ee9311e-8903-4666-8047-299eb48d6496
W10-182,GT100-1219,GROUT_TUBE,100Øx1219 GROUT TUBE,3,ROD102,Zero_Density,,,31a1737b-871a-471d-aee1-dfeaed98ccdf
W10-182,SP30-1219,INSERT,30Mx1219 WILLIAMS SPL,1,ROD30.16,A706-GR.60,,,af279a30-6cf2-45d4-8ea0-19b0d5310e69
W10-182,GT76-254,GROUT_TUBE,76Øx254mm G.TUBE,6,ROD76.2,Zero_Density,,,1f100667-c344-45e4-aabf-c82204801573
W10-182,CNDT,CONDUIT,19MM CONDUIT,1,ROD19,Zero_Density,,,51198199-46a5-4798-8cb0-4d32c25c3ffb
W10-182,EB-S-PL,PLATE,Single Plastic Electr,1,160*50.8,Zero_Density,,,d2ff367b-2acd-4c0d-9bab-05b6d26ad990
W10-182,P-602,EMBED,13PL. W/STUD,1,PL101.6*12.7,A572-GR.50,,,642f4ec6-bbd5-4a8a-9eb1-2dbed84d4bb1
W10-182,P-205,ANCHOR,12000LB FORGED ANCHOR,4,PL15.88,A36,,,63c4a19c-9b8b-4015-8ead-a110762cb06a
W10-45,MPX11,EMBED,V REVEAL LARGE,1,TRIANGLE12.7*12.7,Misc_Undefined,,,b355eaac-e8b0-4ba5-b95e-58e2d2a0cef8
W10-45,P-300,INSERT,19Ø INSERT (NC),5,ROD23.813,A36,,,e0941970-6342-4a9e-accb-ce218f001637
W10-45,GT75-1219,GROUT_TUBE,75Ø x 1219 GROUT TUBE,8,ROD76,Zero_Density,,,bdbe7c7f-d9f8-4709-9274-53a9af87a320
W10-45,SP25-1067,INSERT,SP25Mx1067 WILLIAMS S,8,ROD25.4,A706-GR.60,,,aaa54416-a72b-4f64-b31a-2fe86a6b448c
W10-45,GT75-686,GROUT_TUBE,75Ø x 686 GROUT TUBE,2,ROD76,Zero_Density,,,fe0047d9-aa65-4637-bb45-4b5324bafcd9
W10-45,SP15-457,INSERT,15Mx457 WILLIAMS SPL,6,ROD16,400W,,,65c04cfa-b7f3-4414-b6ea-621a71180931
W10-45,GT100-1219,GROUT_TUBE,100Øx1219 GROUT TUBE,3,ROD102,Zero_Density,,,602d9725-2d29-4772-a13b-934f2fce2fab
W10-45,SP30-1219,INSERT,30Mx1219 WILLIAMS SPL,1,ROD30.16,A706-GR.60,,,c7bbf998-2606-4bde-a035-785971a9dd87
W10-45,GT76-254,GROUT_TUBE,76Øx254mm G.TUBE,6,ROD76.2,Zero_Density,,,caf64909-556d-426c-adac-a7f6fe436c65
W10-45,CNDT,CONDUIT,19MM CONDUIT,1,ROD19,Zero_Density,,,8c55560f-3091-4359-ba7d-20c3c28d91c0
W10-45,EB-S-PL,PLATE,Single Plastic Electr,1,160*50.8,Zero_Density,,,eda8e796-0c0f-444f-ae2a-18888831ef8a
W10-45,P-602,EMBED,13PL. W/STUD,1,PL101.6*12.7,A572-GR.50,,,b8020e93-d211-4940-8ce3-039c09972004
W10-45,P-205,ANCHOR,12000LB FORGED ANCHOR,4,PL15.88,A36,,,9b9bc596-cf89-4c59-9100-b37c87bcae22
W10-51,MPX11,EMBED,V REVEAL LARGE,1,TRIANGLE12.7*12.7,Misc_Undefined,,,8ed52905-0040-46ec-ba8d-5c8538c083ed
W10-51,P-300,INSERT,19Ø INSERT (NC),5,ROD23.813,A36,,,92faf5e6-5de9-46d8-9492-c0ff3a639891
W10-51,GT75-1219,GROUT_TUBE,75Ø x 1219 GROUT TUBE,8,ROD76,Zero_Density,,,3452769e-07c1-4562-8e02-32d7aed3b0ff
W10-51,SP25-1067,INSERT,SP25Mx1067 WILLIAMS S,8,ROD25.4,A706-GR.60,,,a134d72a-57bd-43f1-9307-0c5336a7c132
W10-51,GT75-686,GROUT_TUBE,75Ø x 686 GROUT TUBE,2,ROD76,Zero_Density,,,8b4dc7e2-936a-49cb-8247-bd5883669003
W10-51,SP15-457,INSERT,15Mx457 WILLIAMS SPL,6,ROD16,400W,,,6c8f103a-7510-4a32-b2f6-e38a0adbe9c0
W10-51,GT100-1219,GROUT_TUBE,100Øx1219 GROUT TUBE,3,ROD102,Zero_Density,,,a0e1a5b8-1b4e-488c-9e68-a0bdd1b04f86
W10-51,SP30-1219,INSERT,30Mx1219 WILLIAMS SPL,1,ROD30.16,A706-GR.60,,,798ac8f3-ed99-4679-9546-37a03eab77c0
W10-51,GT76-254,GROUT_TUBE,76Øx254mm G.TUBE,6,ROD76.2,Zero_Density,,,dcde3b1f-3db8-4569-ae59-75e5425ba3a5
W10-51,CNDT,CONDUIT,19MM CONDUIT,1,ROD19,Zero_Density,,,08d5671b-07c8-4e9e-a30e-1ec115610916
W10-51,EB-S-PL,PLATE,Single Plastic Electr,1,160*50.8,Zero_Density,,,0616c171-8dd0-4d6a-b8bd-45b678decb26
W10-51,P-602,EMBED,13PL. W/STUD,1,PL101.6*12.7,A572-GR.50,,,a4c827ba-e6ee-453b-84c2-d58787f5f71d
W10-51,P-205,ANCHOR,12000LB FORGED ANCHOR,4,PL15.88,A36,,,5659a9d0-5441-48c5-90f1-e246b7d170be
W10-59,MPX11,EMBED,V REVEAL LARGE,1,TRIANGLE12.7*12.7,Misc_Undefined,,,f9c49cf4-05bf-44bb-aff3-4f2614a6007b
W10-59,P-300,INSERT,19Ø INSERT (NC),5,ROD23.813,A36,,,b75fcd77-8a65-4727-8006-26445fa737b0
W10-59,GT75-1219,GROUT_TUBE,75Ø x 1219 GROUT TUBE,8,ROD76,Zero_Density,,,a066b822-e28d-457c-ac29-14f09f172f5e
W10-59,SP25-1067,INSERT,SP25Mx1067 WILLIAMS S,8,ROD25.4,A706-GR.60,,,a8eb9f40-7118-4749-81c7-682537fa50e6
W10-59,GT75-686,GROUT_TUBE,75Ø x 686 GROUT TUBE,2,ROD76,Zero_Density,,,6abd1a88-2aa8-44da-9b8b-3cc16699b8a9
W10-59,SP15-457,INSERT,15Mx457 WILLIAMS SPL,6,ROD16,400W,,,f6ba8fa1-733b-4de9-b9a7-f4686a2ba859
W10-59,GT100-1219,GROUT_TUBE,100Øx1219 GROUT TUBE,3,ROD102,Zero_Density,,,4a96e5f6-653b-4dc1-87aa-0219dfaf900c
W10-59,SP30-1219,INSERT,30Mx1219 WILLIAMS SPL,1,ROD30.16,A706-GR.60,,,9a106319-6415-455c-a55c-e267e7bc31e5
W10-59,GT76-254,GROUT_TUBE,76Øx254mm G.TUBE,6,ROD76.2,Zero_Density,,,bfa1e40e-9202-42bf-bf2c-d15ae97c0abd
W10-59,CNDT,CONDUIT,19MM CONDUIT,1,ROD19,Zero_Density,,,d5d262b4-3637-403a-8cb8-86ec16a1fb4a
W10-59,EB-S-PL,PLATE,Single Plastic Electr,1,160*50.8,Zero_Density,,,2487e297-9329-487b-9801-f0d39d084210
W10-59,P-602,EMBED,13PL. W/STUD,1,PL101.6*12.7,A572-GR.50,,,13bcc8e1-af1d-4182-b013-dc968ad77605
W10-59,P-205,ANCHOR,12000LB FORGED ANCHOR,4,PL15.88,A36,,,7c98245a-cc32-40d7-aaa9-efdf8e982e1b
W10-47,MPX11,EMBED,V REVEAL LARGE,1,TRIANGLE12.7*12.7,Misc_Undefined,,,f9ca1fd8-d76e-4457-b530-f8959be0ae54
W10-47,P-300,INSERT,19Ø INSERT (NC),5,ROD23.813,A36,,,bbab3838-42d6-401b-8877-179d06a21d29
W10-47,GT75-1219,GROUT_TUBE,75Ø x 1219 GROUT TUBE,8,ROD76,Zero_Density,,,a55b797a-e04c-4155-877f-422c71122560
W10-47,GT75-686,GROUT_TUBE,75Ø x 686 GROUT TUBE,2,ROD76,Zero_Density,,,2e4e1352-25e2-4f7d-816e-7702737dde1f
W10-47,SP25-1067,INSERT,SP25Mx1067 WILLIAMS S,8,ROD25.4,A706-GR.60,,,30be2bce-3048-45ba-a4bd-4a4bee3d46cd
W10-47,SP15-457,INSERT,15Mx457 WILLIAMS SPL,6,ROD16,400W,,,216e576e-f41e-427c-83fa-ee28b3cd4afe
W10-47,GT100-1219,GROUT_TUBE,100Øx1219 GROUT TUBE,3,ROD102,Zero_Density,,,7b8f210e-6fc4-4fc7-90a0-3f7e684e3c78
W10-47,SP30-1219,INSERT,30Mx1219 WILLIAMS SPL,1,ROD30.16,A706-GR.60,,,d222676a-0154-4490-bf9c-87f6cd640398
W10-47,GT76-254,GROUT_TUBE,76Øx254mm G.TUBE,6,ROD76.2,Zero_Density,,,8e12117d-1edf-46d8-8da5-1ad1139686bf
W10-47,CNDT,CONDUIT,19MM CONDUIT,1,ROD19,Zero_Density,,,a8193e69-b7e4-4fdb-b1c0-6b27a70afc8c
W10-47,EB-S-PL,PLATE,Single Plastic Electr,1,160*50.8,Zero_Density,,,2a670c8b-c984-4d28-ad43-f66187903267
W10-47,P-602,EMBED,13PL. W/STUD,1,PL101.6*12.7,A572-GR.50,,,255e9d8e-3ab9-4a9e-80e2-23e081ccdf6e
W10-47,P-205,ANCHOR,12000LB FORGED ANCHOR,4,PL15.88,A36,,,a3b401c9-239f-4ee0-93d5-207175358e30
W10-49,MPX11,EMBED,V REVEAL LARGE,1,TRIANGLE12.7*12.7,Misc_Undefined,,,dc8aeadb-5dad-4a46-b6c9-067012637f53
W10-49,P-300,INSERT,19Ø INSERT (NC),5,ROD23.813,A36,,,e0e9b771-c0d0-46d8-a8c4-ca2870ffaa25
W10-49,GT75-686,GROUT_TUBE,75Ø x 686 GROUT TUBE,2,ROD76,Zero_Density,,,e972de41-d5da-4331-a163-3ec0b62e57f6
W10-49,SP15-457,INSERT,15Mx457 WILLIAMS SPL,6,ROD16,400W,,,851b0e09-7ef8-4628-9ea2-18e06701157b
W10-49,GT75-1219,GROUT_TUBE,75Ø x 1219 GROUT TUBE,8,ROD76,Zero_Density,,,cd309de6-c4ba-445e-9db5-551459fb3af7
W10-49,GT100-1219,GROUT_TUBE,100Øx1219 GROUT TUBE,3,ROD102,Zero_Density,,,42a2edf8-09e7-4983-9c6c-97e1dc0e8da8
W10-49,SP25-1067,INSERT,SP25Mx1067 WILLIAMS S,8,ROD25.4,A706-GR.60,,,55374365-cf03-42a1-8d1f-5cb5611c7175
W10-49,SP30-1219,INSERT,30Mx1219 WILLIAMS SPL,1,ROD30.16,A706-GR.60,,,21bd7ecd-0120-4050-8b7b-8722306f151a
W10-49,GT76-254,GROUT_TUBE,76Øx254mm G.TUBE,6,ROD76.2,Zero_Density,,,b9858683-8ffd-4771-94c5-6be5700190b7
W10-49,CNDT,CONDUIT,19MM CONDUIT,1,ROD19,Zero_Density,,,704aa9d5-b5a0-4926-950d-f635a88d6857
W10-49,EB-S-PL,PLATE,Single Plastic Electr,1,160*50.8,Zero_Density,,,f7cac488-f0be-4510-95ba-c1eac37e282e
W10-49,P-602,EMBED,13PL. W/STUD,1,PL101.6*12.7,A572-GR.50,,,a898fb74-23f8-442d-9bf6-885ea6e818c1
W10-49,P-205,ANCHOR,12000LB FORGED ANCHOR,4,PL15.88,A36,,,f90913db-b3f4-4d4b-a9c7-e0b2d096df6d
W10-55,MPX11,EMBED,V REVEAL LARGE,1,TRIANGLE12.7*12.7,Misc_Undefined,,,c147a820-957d-4405-a08f-079d3df95094
W10-55,P-300,INSERT,19Ø INSERT (NC),5,ROD23.813,A36,,,5f6c3bfd-f735-4dc1-ba00-d2bc80dbbced
W10-55,GT75-1219,GROUT_TUBE,75Ø x 1219 GROUT TUBE,8,ROD76,Zero_Density,,,257f64cf-8440-42ea-8b8c-c72567bf2293
W10-55,GT75-686,GROUT_TUBE,75Ø x 686 GROUT TUBE,2,ROD76,Zero_Density,,,0a7b6e22-bd6d-47d1-ae08-c9e7609394d4
W10-55,SP25-1067,INSERT,SP25Mx1067 WILLIAMS S,8,ROD25.4,A706-GR.60,,,a943310c-6e93-4b25-9e83-fd3f462525ed
W10-55,SP15-457,INSERT,15Mx457 WILLIAMS SPL,6,ROD16,400W,,,b9dfa36b-ab1b-47de-8af7-0b89a81cea5a
W10-55,GT100-1219,GROUT_TUBE,100Øx1219 GROUT TUBE,3,ROD102,Zero_Density,,,01a00049-73c2-4748-91b6-4f882f0f39c7
W10-55,SP30-1219,INSERT,30Mx1219 WILLIAMS SPL,1,ROD30.16,A706-GR.60,,,c19a232e-7f88-4a39-ac7f-4ede7efe1b8f
W10-55,GT76-254,GROUT_TUBE,76Øx254mm G.TUBE,6,ROD76.2,Zero_Density,,,09ad854f-e8d5-481c-90aa-87e1b637997e
W10-55,CNDT,CONDUIT,19MM CONDUIT,1,ROD19,Zero_Density,,,043dd74b-0cf0-4fee-9765-c2296f5529cb
W10-55,EB-S-PL,PLATE,Single Plastic Electr,1,160*50.8,Zero_Density,,,277afffc-0edc-4299-a262-e33f61605257
W10-55,P-602,EMBED,13PL. W/STUD,1,PL101.6*12.7,A572-GR.50,,,ae2d6715-94c8-425e-b352-6797b899852b
W10-55,P-205,ANCHOR,12000LB FORGED ANCHOR,4,PL15.88,A36,,,c76457c9-6453-4e3b-8efa-311008aeb90d
W10-57,MPX11,EMBED,V REVEAL LARGE,1,TRIANGLE12.7*12.7,Misc_Undefined,,,139c2e5e-94f6-4960-ace3-49a80814882e
W10-57,P-300,INSERT,19Ø INSERT (NC),5,ROD23.813,A36,,,828332d3-e8de-4455-9f5f-17b35ad4b638
W10-57,GT75-686,GROUT_TUBE,75Ø x 686 GROUT TUBE,2,ROD76,Zero_Density,,,5a359a6b-34b7-47e7-b5c0-f665478b9900
W10-57,SP15-457,INSERT,15Mx457 WILLIAMS SPL,6,ROD16,400W,,,9bfcb1ee-b513-4cd0-a93d-e147e965ff83
W10-57,GT75-1219,GROUT_TUBE,75Ø x 1219 GROUT TUBE,8,ROD76,Zero_Density,,,3058b832-0ac7-47e4-8465-a2596aeb7296
W10-57,GT100-1219,GROUT_TUBE,100Øx1219 GROUT TUBE,3,ROD102,Zero_Density,,,aeb897e8-6069-42ad-9b01-672184505df3
W10-57,SP25-1067,INSERT,SP25Mx1067 WILLIAMS S,8,ROD25.4,A706-GR.60,,,a5cbcef2-2a25-461c-b0fb-66a865ebcffe
W10-57,SP30-1219,INSERT,30Mx1219 WILLIAMS SPL,1,ROD30.16,A706-GR.60,,,239dc1b8-cfc0-4317-b0bb-7ec3c9040152
W10-57,GT76-254,GROUT_TUBE,76Øx254mm G.TUBE,6,ROD76.2,Zero_Density,,,411a91c2-5cfa-49f6-a084-2601bf870ce1
W10-57,CNDT,CONDUIT,19MM CONDUIT,1,ROD19,Zero_Density,,,3fe5e46a-0166-4067-8872-a89653115138
W10-57,EB-S-PL,PLATE,Single Plastic Electr,1,160*50.8,Zero_Density,,,b21d1632-69a2-4843-a2d4-37e1a3da5c38
W10-57,P-602,EMBED,13PL. W/STUD,1,PL101.6*12.7,A572-GR.50,,,d2ad0899-41bf-4a60-a044-bfed8518db92
W10-57,P-205,ANCHOR,12000LB FORGED ANCHOR,4,PL15.88,A36,,,bced97d0-251f-40f6-bdfe-0738796863d1
W10-10,MPX11,EMBED,V REVEAL LARGE,1,TRIANGLE12.7*12.7,Misc_Undefined,,,ea649eab-7205-4edd-8779-bbcc08be14fe
W10-10,P-300,INSERT,19Ø INSERT (NC),5,ROD23.813,A36,,,9b031cf8-a011-4471-bc42-8738eba37263
W10-10,GT75-1219,GROUT_TUBE,75Ø x 1219 GROUT TUBE,8,ROD76,Zero_Density,,,9103b06b-c91a-4bec-b475-d1ca9c2154a2
W10-10,GT75-686,GROUT_TUBE,75Ø x 686 GROUT TUBE,2,ROD76,Zero_Density,,,3a8b95f9-0b61-4d0d-897f-e9f10d4fad97
W10-10,SP25-1067,INSERT,SP25Mx1067 WILLIAMS S,8,ROD25.4,A706-GR.60,,,0814f21f-fd2a-4472-87be-8e1fc0be9c1b
W10-10,SP15-457,INSERT,15Mx457 WILLIAMS SPL,6,ROD16,400W,,,373a6294-5e68-4ce3-ab9d-bf3a9b9f567e
W10-10,GT100-1219,GROUT_TUBE,100Øx1219 GROUT TUBE,3,ROD102,Zero_Density,,,49a6dea5-2623-480b-a046-26e7c79103c9
W10-10,SP30-1219,INSERT,30Mx1219 WILLIAMS SPL,1,ROD30.16,A706-GR.60,,,757c1982-a2a0-440e-ba25-859ea931e427
W10-10,GT76-254,GROUT_TUBE,76Øx254mm G.TUBE,6,ROD76.2,Zero_Density,,,87339cd4-c01d-4fd1-8714-6a0f02d29512
W10-10,CNDT,CONDUIT,19MM CONDUIT,1,ROD19,Zero_Density,,,2f3e8b55-ec6b-4a76-9137-3aaab3a9d1f1
W10-10,EB-S-PL,PLATE,Single Plastic Electr,1,160*50.8,Zero_Density,,,e51e573c-ecaa-4bd7-9ba3-f3ddb228b6c2
W10-10,P-602,EMBED,13PL. W/STUD,1,PL101.6*12.7,A572-GR.50,,,926f07b8-5e82-432b-92d9-55ed374a1f35
W10-10,P-205,ANCHOR,12000LB FORGED ANCHOR,4,PL15.88,A36,,,490ad969-d3a1-473e-a97a-337342980356
W10-178,MPX11,EMBED,V REVEAL LARGE,1,TRIANGLE12.7*12.7,Misc_Undefined,,,8aa49c69-e545-42a6-a71d-85f1f8826451
W10-178,P-300,INSERT,19Ø INSERT (NC),5,ROD23.813,A36,,,031e12d1-647d-4017-a153-25f9e5ba1f4c
W10-178,GT75-686,GROUT_TUBE,75Ø x 686 GROUT TUBE,2,ROD76,Zero_Density,,,c84c2305-895f-4722-9527-f562ce7f1491
W10-178,SP15-457,INSERT,15Mx457 WILLIAMS SPL,6,ROD16,400W,,,181a8ff0-1112-4c47-b8b9-e2832996730f
W10-178,GT75-1219,GROUT_TUBE,75Ø x 1219 GROUT TUBE,8,ROD76,Zero_Density,,,1a01feaa-a7f6-4130-9b50-4d44eba93e83
W10-178,GT100-1219,GROUT_TUBE,100Øx1219 GROUT TUBE,3,ROD102,Zero_Density,,,b178b75d-63c4-44d0-9684-4a3f3e06b2b5
W10-178,SP25-1067,INSERT,SP25Mx1067 WILLIAMS S,8,ROD25.4,A706-GR.60,,,aea7f932-d095-44b0-b916-3e07db2c6cc8
W10-178,SP30-1219,INSERT,30Mx1219 WILLIAMS SPL,1,ROD30.16,A706-GR.60,,,ee462eed-73c0-4b24-a16f-90307925c692
W10-178,GT76-254,GROUT_TUBE,76Øx254mm G.TUBE,6,ROD76.2,Zero_Density,,,83558ed4-9104-4795-af4d-c55c5d59d9a0
W10-178,CNDT,CONDUIT,19MM CONDUIT,1,ROD19,Zero_Density,,,63e0c04d-445a-4cf0-831e-01caa16f5084
W10-178,EB-S-PL,PLATE,Single Plastic Electr,1,160*50.8,Zero_Density,,,8522dfd7-12b5-463b-8b75-1b72af045b97
W10-178,P-602,EMBED,13PL. W/STUD,1,PL101.6*12.7,A572-GR.50,,,166a57ee-c14e-4f1f-b124-f4879e1bf5a3
W10-178,P-205,ANCHOR,12000LB FORGED ANCHOR,4,PL15.88,A36,,,9d7a90ab-b492-48de-b7a2-1449b8633b9e
W10-66,MPX11,EMBED,V REVEAL LARGE,1,TRIANGLE12.7*12.7,Misc_Undefined,,,903dd3ca-1f34-4365-8794-79626260cb7e
W10-66,P-300,INSERT,19Ø INSERT (NC),5,ROD23.813,A36,,,beedb2aa-6e54-46ed-bdee-f328bffe7e9e
W10-66,GT75-1219,GROUT_TUBE,75Ø x 1219 GROUT TUBE,8,ROD76,Zero_Density,,,186da758-c841-4d06-bb39-0ce22f416681
W10-66,GT75-686,GROUT_TUBE,75Ø x 686 GROUT TUBE,2,ROD76,Zero_Density,,,b8bdf470-c6ac-4fbd-b089-1e9a8233462e
W10-66,SP25-1067,INSERT,SP25Mx1067 WILLIAMS S,8,ROD25.4,A706-GR.60,,,9199b26d-a6d0-47ab-ad5c-3c1b6932412e
W10-66,SP15-457,INSERT,15Mx457 WILLIAMS SPL,6,ROD16,400W,,,5ebc4ae5-eda2-41a4-981d-47116616664b
W10-66,GT100-1219,GROUT_TUBE,100Øx1219 GROUT TUBE,3,ROD102,Zero_Density,,,26ee840c-b551-4db8-a120-2c269cf353f6
W10-66,SP30-1219,INSERT,30Mx1219 WILLIAMS SPL,1,ROD30.16,A706-GR.60,,,2150f167-e9c8-4222-8687-cebcfe2fa808
W10-66,GT76-254,GROUT_TUBE,76Øx254mm G.TUBE,6,ROD76.2,Zero_Density,,,bd56758f-bf8e-4b04-8229-1052c6169678
W10-66,CNDT,CONDUIT,19MM CONDUIT,1,ROD19,Zero_Density,,,9f9d9530-10ac-4922-b68b-6d6d3c3cbfdf
W10-66,EB-S-PL,PLATE,Single Plastic Electr,1,160*50.8,Zero_Density,,,be532836-fce6-4fba-a944-2593ad87ec53
W10-66,P-602,EMBED,13PL. W/STUD,1,PL101.6*12.7,A572-GR.50,,,b6b1a5f8-73af-4c21-b287-ce6a4c64bbf0
W10-66,P-205,ANCHOR,12000LB FORGED ANCHOR,4,PL15.88,A36,,,912b4e1a-502b-4f36-819d-aeb1fa66f068
W10-67,MPX11,EMBED,V REVEAL LARGE,1,TRIANGLE12.7*12.7,Misc_Undefined,,,d07187f7-a100-4272-b8e2-078deade0de8
W10-67,P-300,INSERT,19Ø INSERT (NC),5,ROD23.813,A36,,,5d72b022-42ec-469d-a2ef-a0ae095e4db2
W10-67,GT75-686,GROUT_TUBE,75Ø x 686 GROUT TUBE,2,ROD76,Zero_Density,,,28ba2625-eed0-468c-9847-70483d22614a
W10-67,SP15-457,INSERT,15Mx457 WILLIAMS SPL,6,ROD16,400W,,,ec414f87-c6a7-444e-a0ef-ffd04bde58b5
W10-67,GT75-1219,GROUT_TUBE,75Ø x 1219 GROUT TUBE,8,ROD76,Zero_Density,,,aeb40017-19a8-4057-8209-ce5c92663363
W10-67,GT100-1219,GROUT_TUBE,100Øx1219 GROUT TUBE,3,ROD102,Zero_Density,,,04479b0c-b1e1-4f5e-ab56-0704d8578b0b
W10-67,SP25-1067,INSERT,SP25Mx1067 WILLIAMS S,8,ROD25.4,A706-GR.60,,,24aa0394-6f84-4158-b6f3-abc29aeb3ee5
W10-67,SP30-1219,INSERT,30Mx1219 WILLIAMS SPL,1,ROD30.16,A706-GR.60,,,9c624f47-01f8-47aa-9b59-cd3025b82168
W10-67,GT76-254,GROUT_TUBE,76Øx254mm G.TUBE,6,ROD76.2,Zero_Density,,,c25bc895-8491-467f-a10a-72c88e46a670
W10-67,CNDT,CONDUIT,19MM CONDUIT,1,ROD19,Zero_Density,,,d2e4e0bb-1513-417f-8ccd-790f97cf9354
W10-67,EB-S-PL,PLATE,Single Plastic Electr,1,160*50.8,Zero_Density,,,ceb23fbb-5c50-4baf-a6dc-3f6fdd2fe0a2
W10-67,P-602,EMBED,13PL. W/STUD,1,PL101.6*12.7,A572-GR.50,,,24d12828-c5fc-4747-83c1-9a3ad039635f
W10-67,P-205,ANCHOR,12000LB FORGED ANCHOR,4,PL15.88,A36,,,8bd12415-caa8-47e1-b8a2-09516e32fd37
W10-68,MPX11,EMBED,V REVEAL LARGE,1,TRIANGLE12.7*12.7,Misc_Undefined,,,d24c0d62-1be1-423f-b9bf-1cc432bc32c2
W10-68,P-300,INSERT,19Ø INSERT (NC),5,ROD23.813,A36,,,08be5bee-8945-49b5-a5cc-58de22a02e3f
W10-68,GT75-1219,GROUT_TUBE,75Ø x 1219 GROUT TUBE,8,ROD76,Zero_Density,,,9935603f-1223-45c5-8fb4-fa33ba2247ef
W10-68,GT75-686,GROUT_TUBE,75Ø x 686 GROUT TUBE,2,ROD76,Zero_Density,,,f4673a15-9103-4092-9620-d7e71796006a
W10-68,SP25-1067,INSERT,SP25Mx1067 WILLIAMS S,8,ROD25.4,A706-GR.60,,,bfd36aed-1c46-42a3-ac03-7f0f165dfbf4
W10-68,SP15-457,INSERT,15Mx457 WILLIAMS SPL,6,ROD16,400W,,,2fae0a52-722f-429a-9532-73e19a01af46
W10-68,GT100-1219,GROUT_TUBE,100Øx1219 GROUT TUBE,3,ROD102,Zero_Density,,,44fe01b0-0a79-4a33-bcdc-cfa31106accd
W10-68,SP30-1219,INSERT,30Mx1219 WILLIAMS SPL,1,ROD30.16,A706-GR.60,,,8b020fc5-6ed9-471a-ace2-af609637b35d
W10-68,GT76-254,GROUT_TUBE,76Øx254mm G.TUBE,6,ROD76.2,Zero_Density,,,b94d8a85-dd98-450a-ac91-2acbc3d28943
W10-68,CNDT,CONDUIT,19MM CONDUIT,1,ROD19,Zero_Density,,,56b208c9-cc60-4a0b-9a4d-b9bfdec98c0f
W10-68,EB-S-PL,PLATE,Single Plastic Electr,1,160*50.8,Zero_Density,,,0ea2b6c4-9a1b-47f3-b73a-74681f23c1dd
W10-68,P-602,EMBED,13PL. W/STUD,1,PL101.6*12.7,A572-GR.50,,,7d75749b-e004-4bef-9f6b-b14d017d5cf1
W10-68,P-205,ANCHOR,12000LB FORGED ANCHOR,4,PL15.88,A36,,,dde8b884-388b-4275-b4fd-13d4f3417b82
W10-69,MPX11,EMBED,V REVEAL LARGE,1,TRIANGLE12.7*12.7,Misc_Undefined,,,3ff2ec83-5f43-443f-8464-c7c9886303d5
W10-69,P-300,INSERT,19Ø INSERT (NC),5,ROD23.813,A36,,,d693cb81-2901-4381-befd-b98df95e2400
W10-69,GT75-686,GROUT_TUBE,75Ø x 686 GROUT TUBE,2,ROD76,Zero_Density,,,b40bafeb-7f12-4e1f-b088-7d55afc41d5b
W10-69,SP15-457,INSERT,15Mx457 WILLIAMS SPL,6,ROD16,400W,,,836c79e7-b521-4c48-9e56-3b1e8301b318
W10-69,GT75-1219,GROUT_TUBE,75Ø x 1219 GROUT TUBE,8,ROD76,Zero_Density,,,69c8cc62-feed-413d-b2cd-5eb18804bb77
W10-69,GT100-1219,GROUT_TUBE,100Øx1219 GROUT TUBE,3,ROD102,Zero_Density,,,0549bc2e-cb93-4554-8157-c78554caf0c1
W10-69,SP25-1067,INSERT,SP25Mx1067 WILLIAMS S,8,ROD25.4,A706-GR.60,,,38981b5c-22b7-4cb8-bed6-80ae002e7e81
W10-69,SP30-1219,INSERT,30Mx1219 WILLIAMS SPL,1,ROD30.16,A706-GR.60,,,2caff932-fc26-4c2e-8f89-f650718afcdf
W10-69,GT76-254,GROUT_TUBE,76Øx254mm G.TUBE,6,ROD76.2,Zero_Density,,,73eac5ff-0355-4ce1-ba8e-4d1664eaab63
W10-69,CNDT,CONDUIT,19MM CONDUIT,1,ROD19,Zero_Density,,,1353d6eb-4d28-479b-9fcb-3e7c1b3d00ca
W10-69,EB-S-PL,PLATE,Single Plastic Electr,1,160*50.8,Zero_Density,,,233d63dc-344b-489c-b168-813e3bfc8718
W10-69,P-602,EMBED,13PL. W/STUD,1,PL101.6*12.7,A572-GR.50,,,d1e979f5-4761-4a12-8c7e-1afed4fd7e69
W10-69,P-205,ANCHOR,12000LB FORGED ANCHOR,4,PL15.88,A36,,,8d8af113-8295-4b6f-87aa-708eb4f9972f
W10-73(?),MPX11,EMBED,V REVEAL LARGE,1,TRIANGLE12.7*12.7,Misc_Undefined,,,0098798f-e8d6-4d98-9478-d0c6c184fb2f
W10-73(?),P-300,INSERT,19Ø INSERT (NC),5,ROD23.813,A36,,,6760d728-b507-4898-ba4a-4850d911aa6d
W10-73(?),GT75-1219,GROUT_TUBE,75Ø x 1219 GROUT TUBE,8,ROD76,Zero_Density,,,6fecdfa6-9ddd-4d23-8ddd-1de6a4235cab
W10-73(?),GT75-686,GROUT_TUBE,75Ø x 686 GROUT TUBE,2,ROD76,Zero_Density,,,d4b6f176-ac07-47cd-97cf-8e9cf0f0fd63
W10-73(?),SP15-457,INSERT,15Mx457 WILLIAMS SPL,27,ROD16,400W,,,0ba06ccf-9587-4a40-91c0-8644c5f0532f
W10-73(?),GT100-1219,GROUT_TUBE,100Øx1219 GROUT TUBE,3,ROD102,Zero_Density,,,ede64378-e839-4925-8cbe-61dc294df07c
W10-73(?),GT76-254,GROUT_TUBE,76Øx254mm G.TUBE,6,ROD76.2,Zero_Density,,,938c0f0f-3e49-451c-bad9-5daaed9856fd
W10-73(?),CNDT,CONDUIT,19MM CONDUIT,1,ROD19,Zero_Density,,,e79bf4d3-29d0-493a-837a-39ae19c58b3c
W10-73(?),EB-S-PL,PLATE,Single Plastic Electr,1,160*50.8,Zero_Density,,,fefc2731-93b4-4f19-87ba-ee81861df125
W10-73(?),P-602,EMBED,13PL. W/STUD,1,PL101.6*12.7,A572-GR.50,,,38dc91dd-db6c-4dd3-92bb-7da1080949f7
W10-73(?),P-205,ANCHOR,12000LB FORGED ANCHOR,4,PL15.88,A36,,,471e85e4-f8eb-487c-9883-57b1e22c94b3
W10-50,MPX11,EMBED,V REVEAL LARGE,1,TRIANGLE12.7*12.7,Misc_Undefined,,,d7e49744-5127-4aa6-81f6-ff6e80eb548c
W10-50,P-300,INSERT,19Ø INSERT (NC),5,ROD23.813,A36,,,c4f91208-82b2-4d13-8778-38b20f102750
W10-50,GT75-686,GROUT_TUBE,75Ø x 686 GROUT TUBE,2,ROD76,Zero_Density,,,4f1c279c-ca7f-45ae-bd15-f6003de07e9a
W10-50,SP15-457,INSERT,15Mx457 WILLIAMS SPL,27,ROD16,400W,,,0aa9a5eb-f25c-4812-9f47-9ad9910305e6
W10-50,GT75-1219,GROUT_TUBE,75Ø x 1219 GROUT TUBE,8,ROD76,Zero_Density,,,7836a0b9-5c71-46f6-8741-0c68a2808d13
W10-50,GT100-1219,GROUT_TUBE,100Øx1219 GROUT TUBE,3,ROD102,Zero_Density,,,813de098-0f87-49b7-b13b-abc70d278490
W10-50,GT76-254,GROUT_TUBE,76Øx254mm G.TUBE,6,ROD76.2,Zero_Density,,,69803634-7184-4ac7-960a-2ca5034e7d5e
W10-50,CNDT,CONDUIT,19MM CONDUIT,1,ROD19,Zero_Density,,,4a30435b-18cb-4691-9395-e2a6de3823ce
W10-50,EB-S-PL,PLATE,Single Plastic Electr,1,160*50.8,Zero_Density,,,5ec84b14-57fe-422e-9c27-2eaf54e7069c
W10-50,P-602,EMBED,13PL. W/STUD,1,PL101.6*12.7,A572-GR.50,,,977f74bb-977a-436a-aec8-b2541b004fca
W10-50,P-205,ANCHOR,12000LB FORGED ANCHOR,4,PL15.88,A36,,,59e60965-a372-4372-8ab9-850460f3e95e
W10-132,MPX11,EMBED,V REVEAL LARGE,1,TRIANGLE12.7*12.7,Misc_Undefined,,,0623cd42-b7d0-4271-8532-43e6356e8813
W10-132,P-300,INSERT,19Ø INSERT (NC),5,ROD23.813,A36,,,af6ab3e2-c8be-43da-b893-b3974c4000c6
W10-132,GT75-1219,GROUT_TUBE,75Ø x 1219 GROUT TUBE,8,ROD76,Zero_Density,,,8b67f065-000c-4e02-abec-15329c27bf57
W10-132,GT75-686,GROUT_TUBE,75Ø x 686 GROUT TUBE,2,ROD76,Zero_Density,,,ebab82a6-e7c7-4162-be09-2e97650fc53f
W10-132,SP25-1067,INSERT,SP25Mx1067 WILLIAMS S,8,ROD25.4,A706-GR.60,,,35b4ce3b-f242-4d4c-82db-7d727514a5f9
W10-132,SP15-457,INSERT,15Mx457 WILLIAMS SPL,6,ROD16,400W,,,b3f2b952-1d73-4491-93c1-f55e781025f1
W10-132,GT100-1219,GROUT_TUBE,100Øx1219 GROUT TUBE,3,ROD102,Zero_Density,,,72b96d31-a810-4f09-8b17-57b5ed56a8fc
W10-132,SP30-1219,INSERT,30Mx1219 WILLIAMS SPL,1,ROD30.16,A706-GR.60,,,cd665689-7ea4-48cb-bf64-e78dc92ccb8e
W10-132,GT76-254,GROUT_TUBE,76Øx254mm G.TUBE,6,ROD76.2,Zero_Density,,,99e5051e-c2f1-4cba-98ef-2d927fb1689b
W10-132,CNDT,CONDUIT,19MM CONDUIT,1,ROD19,Zero_Density,,,007dc9a3-f675-4015-bb2d-ae9956d53eb1
W10-132,EB-S-PL,PLATE,Single Plastic Electr,1,160*50.8,Zero_Density,,,25e39c1b-09fa-4dcc-8573-fd0f54fb79a3
W10-132,P-602,EMBED,13PL. W/STUD,1,PL101.6*12.7,A572-GR.50,,,d13ff7ba-998c-45b9-8be5-8426414dd1ba
W10-132,P-205,ANCHOR,12000LB FORGED ANCHOR,4,PL15.88,A36,,,b98e8fd6-97ba-4472-b12c-3e8f8d298350
W10-53,MPX11,EMBED,V REVEAL LARGE,1,TRIANGLE12.7*12.7,Misc_Undefined,,,ae7df139-b616-4e63-9175-f17c8f7c4d26
W10-53,P-300,INSERT,19Ø INSERT (NC),5,ROD23.813,A36,,,bf6c299d-6204-46e5-a387-6a36933eed77
W10-53,GT75-686,GROUT_TUBE,75Ø x 686 GROUT TUBE,2,ROD76,Zero_Density,,,ce07d6c9-99c3-454c-9aaf-48c06ba89325
W10-53,SP15-457,INSERT,15Mx457 WILLIAMS SPL,6,ROD16,400W,,,98dc83b2-da57-4462-935d-e335e063cb30
W10-53,GT75-1219,GROUT_TUBE,75Ø x 1219 GROUT TUBE,8,ROD76,Zero_Density,,,88ca4350-0048-4cc6-a965-5699e985aad3
W10-53,GT100-1219,GROUT_TUBE,100Øx1219 GROUT TUBE,3,ROD102,Zero_Density,,,8c770b30-5ca0-40c7-a759-00d51ab0a1c2
W10-53,SP25-1067,INSERT,SP25Mx1067 WILLIAMS S,8,ROD25.4,A706-GR.60,,,726cdbe2-5bc6-4dbe-aa2a-9074193e9d64
W10-53,SP30-1219,INSERT,30Mx1219 WILLIAMS SPL,1,ROD30.16,A706-GR.60,,,6b09dff0-d0c7-4b3b-a07e-c78f429d4b20
W10-53,GT76-254,GROUT_TUBE,76Øx254mm G.TUBE,6,ROD76.2,Zero_Density,,,5e96e305-4f85-47cb-9db7-c03f8037b57d
W10-53,CNDT,CONDUIT,19MM CONDUIT,1,ROD19,Zero_Density,,,7403c491-4060-46b8-b7ba-03672c737d03
W10-53,EB-S-PL,PLATE,Single Plastic Electr,1,160*50.8,Zero_Density,,,a39753af-f601-4b71-93b4-5c76f85bff10
W10-53,P-602,EMBED,13PL. W/STUD,1,PL101.6*12.7,A572-GR.50,,,bad300cb-faad-4bff-9559-9b5cf456f36c
W10-53,P-205,ANCHOR,12000LB FORGED ANCHOR,4,PL15.88,A36,,,99f7bb88-03cd-463d-904d-37f7b0c881b3
W10-42,MPX11,EMBED,V REVEAL LARGE,1,TRIANGLE12.7*12.7,Misc_Undefined,,,9f19027b-648b-4c4a-9ba3-b71fd023b6f2
W10-42,P-300,INSERT,19Ø INSERT (NC),5,ROD23.813,A36,,,4fc8690e-2c7e-4bcf-8adf-acf4852d38ec
W10-42,GT75-1219,GROUT_TUBE,75Ø x 1219 GROUT TUBE,8,ROD76,Zero_Density,,,311f467e-72d7-4cf5-9a40-8b5f3f49eb9c
W10-42,GT75-686,GROUT_TUBE,75Ø x 686 GROUT TUBE,2,ROD76,Zero_Density,,,a8978b6e-f5de-4a73-90d0-a98ed6574c1f
W10-42,SP25-1067,INSERT,SP25Mx1067 WILLIAMS S,8,ROD25.4,A706-GR.60,,,a33661b1-da39-4221-8288-102fca18da0e
W10-42,SP15-457,INSERT,15Mx457 WILLIAMS SPL,6,ROD16,400W,,,877152ea-b704-45ea-a566-375cebc0a454
W10-42,GT100-1219,GROUT_TUBE,100Øx1219 GROUT TUBE,3,ROD102,Zero_Density,,,829bdf7c-ee89-4b6f-9069-5c6144caa93e
W10-42,SP30-1219,INSERT,30Mx1219 WILLIAMS SPL,1,ROD30.16,A706-GR.60,,,b9e1593e-6ea4-4e8b-8211-fe4e5f300207
W10-42,GT76-254,GROUT_TUBE,76Øx254mm G.TUBE,6,ROD76.2,Zero_Density,,,620a2883-c567-481d-b596-2d28b5ae056d
W10-42,CNDT,CONDUIT,19MM CONDUIT,1,ROD19,Zero_Density,,,2d082713-bb5b-4034-8967-acf83bd5d2bd
W10-42,EB-S-PL,PLATE,Single Plastic Electr,1,160*50.8,Zero_Density,,,fbbab116-ab84-4579-b5c8-21e85e1a269b
W10-42,P-602,EMBED,13PL. W/STUD,1,PL101.6*12.7,A572-GR.50,,,720417ed-7feb-4391-a99a-eada87e397f0
W10-42,P-205,ANCHOR,12000LB FORGED ANCHOR,4,PL15.88,A36,,,0ccf210b-7863-40f7-905e-973ac035b83d
W10-175,MPX11,EMBED,V REVEAL LARGE,1,TRIANGLE12.7*12.7,Misc_Undefined,,,537cf6d7-66f0-4907-bdc6-bd6c6f96b999
W10-175,P-300,INSERT,19Ø INSERT (NC),5,ROD23.813,A36,,,f0690f9d-60a5-4c2c-81bf-7a3463b816ca
W10-175,GT75-686,GROUT_TUBE,75Ø x 686 GROUT TUBE,2,ROD76,Zero_Density,,,f36bb48e-70a9-4d6b-96d8-f3907a3c8d5c
W10-175,SP15-457,INSERT,15Mx457 WILLIAMS SPL,6,ROD16,400W,,,08fbf696-3f06-4b51-8a17-85e49a5a5e72
W10-175,GT75-1219,GROUT_TUBE,75Ø x 1219 GROUT TUBE,8,ROD76,Zero_Density,,,675587cb-9536-4f13-81e7-fce0a4e34c56
W10-175,GT100-1219,GROUT_TUBE,100Øx1219 GROUT TUBE,3,ROD102,Zero_Density,,,67bd676c-4270-4ec2-81c5-3d609f71bda2
W10-175,SP25-1067,INSERT,SP25Mx1067 WILLIAMS S,8,ROD25.4,A706-GR.60,,,5a2b201e-7b76-4945-abcb-f4e34d0a62f8
W10-175,SP30-1219,INSERT,30Mx1219 WILLIAMS SPL,1,ROD30.16,A706-GR.60,,,157b2433-7572-42f2-80bd-909a1aab07ae
W10-175,GT76-254,GROUT_TUBE,76Øx254mm G.TUBE,6,ROD76.2,Zero_Density,,,4cd1d32b-db62-4b7b-a2a9-a491c1ca264a
W10-175,CNDT,CONDUIT,19MM CONDUIT,1,ROD19,Zero_Density,,,5efd40dc-159b-4a08-a9d5-f4e8e6f86199
W10-175,EB-S-PL,PLATE,Single Plastic Electr,1,160*50.8,Zero_Density,,,b440b481-a866-4e35-98d4-04d4f91fb8ed
W10-175,P-602,EMBED,13PL. W/STUD,1,PL101.6*12.7,A572-GR.50,,,fe26089a-4ff6-4306-8c03-ab1aa538c4fe
W10-175,P-205,ANCHOR,12000LB FORGED ANCHOR,4,PL15.88,A36,,,92e4fd36-13d1-4655-a7de-fcae240e0e63
W10-44,MPX11,EMBED,V REVEAL LARGE,1,TRIANGLE12.7*12.7,Misc_Undefined,,,12964978-052d-4c44-9838-583c2114120f
W10-44,P-300,INSERT,19Ø INSERT (NC),5,ROD23.813,A36,,,ca116a32-cb1c-40ab-a4f7-f03512ce6f2f
W10-44,SP25-1067,INSERT,SP25Mx1067 WILLIAMS S,8,ROD25.4,A706-GR.60,,,ec053dfc-2eae-4c2c-b2a3-e6750963246b
W10-44,SP15-457,INSERT,15Mx457 WILLIAMS SPL,6,ROD16,400W,,,898e2823-cd99-429a-9338-733c88142900
W10-44,SP30-1219,INSERT,30Mx1219 WILLIAMS SPL,1,ROD30.16,A706-GR.60,,,805a7da9-9871-4ea2-99f9-a1d3fc4554fb
W10-44,GT100-1219,GROUT_TUBE,100Øx1219 GROUT TUBE,3,ROD102,Zero_Density,,,e29c24a5-3e04-45a2-af2c-7dab6e1aa6b0
W10-44,GT75-1219,GROUT_TUBE,75Ø x 1219 GROUT TUBE,8,ROD76,Zero_Density,,,a6618c59-fd0b-48f0-a1b9-5f64335d9dd0
W10-44,GT75-686,GROUT_TUBE,75Ø x 686 GROUT TUBE,2,ROD76,Zero_Density,,,0e34d3fc-3bbb-4b18-95d1-438bafe1ccb9
W10-44,GT76-254,GROUT_TUBE,76Øx254mm G.TUBE,6,ROD76.2,Zero_Density,,,669577eb-1bdf-412b-b3c5-036f39f617f7
W10-44,CNDT,CONDUIT,19MM CONDUIT,1,ROD19,Zero_Density,,,bd18a429-08dd-4ddc-9cfc-b8929676505d
W10-44,EB-S-PL,PLATE,Single Plastic Electr,1,160*50.8,Zero_Density,,,977cc085-1cc5-4087-b5fc-488acf6e2cb3
W10-44,P-602,EMBED,13PL. W/STUD,1,PL101.6*12.7,A572-GR.50,,,59cc0944-bf0d-4e94-bc57-5fb8f6510dbb
W10-44,P-205,ANCHOR,12000LB FORGED ANCHOR,4,PL15.88,A36,,,6cc14bcf-1717-4d45-9afa-704543734975
W10-4,GT100-686,GROUT_TUBE,100Øx686 GROUT TUBE,9,ROD102,Zero_Density,,,b4e2271d-bb59-4ff7-aada-1f307342b248
W10-4,GT100-1219,GROUT_TUBE,100Øx1219 GROUT TUBE,9,ROD102,Zero_Density,,,8559afb2-8849-451c-8f1f-6572290a5df3
W10-4,P-705,PLATE,13x203x203 PLATE,2,PL203*12.7,A572-GR.50,,,89998e05-abbe-4df4-b56a-af6c6b140788
W10-4,SP15-457,INSERT,15Mx457 WILLIAMS SPL,24,ROD16,400W,,,322fb622-4d02-4428-858c-25d3345f027e
W10-4,SP25-1067,INSERT,SP25Mx1067 WILLIAMS S,1,ROD25.4,A706-GR.60,,,4ab2c3ca-dc18-4546-a899-f0847ae09032
W10-4,EB-SQ-PL1,EMBED,Square Plastic Electr,1,160*160,Zero_Density,,,41cecfcc-0e9c-46f9-918a-4fb55215c48d
W10-4,CNDT,CONDUIT,19MM CONDUIT,13,ROD19,Zero_Density,,,7215f718-3546-4ead-b1d5-2f41d8a5a149
W10-4,EB-S-PL,PLATE,Single Plastic Electr,7,160*50.8,Zero_Density,,,02db7b0b-55ed-4d33-9d09-7edd82c6ad0a
W10-4,P-300,INSERT,19Ø INSERT (NC),2,ROD23.813,A36,,,dd6090c6-6d0d-4909-9c9b-ac35088de2bb
W10-4,P-205,ANCHOR,12000LB FORGED ANCHOR,4,PL15.88,A36,,,0347d380-f3e7-496b-b72d-741b6ed0f7f3
W10-4,SLV-102-254,SLEEVE,102Ø x 254 PVC SLEEVE,2,ROD108,Zero_Density,,,fa438115-4194-4861-965f-9dd60b0df3af
W10-4,SLV-152-254,SLEEVE,152Ø x 254 PVC SLEEVE,1,ROD160,Zero_Density,,,7eecc886-0ac4-422c-9e6b-1f21987df480
W10-151,P-300,INSERT,19Ø INSERT (NC),4,ROD23.813,A36,,,e86124f8-2d82-4475-afc7-fdb18d554c71
W10-151,GT75-1219,GROUT_TUBE,75Ø x 1219 GROUT TUBE,2,ROD76,Zero_Density,,,bda1b1cf-d2d1-4edb-b867-d02de137e4e3
W10-151,SP25-1067,INSERT,SP25Mx1067 WILLIAMS S,2,ROD25.4,A706-GR.60,,,3863feac-4f81-4159-bd95-9e7d63053793
W10-151,GT75-686,GROUT_TUBE,75Ø x 686 GROUT TUBE,2,ROD76,Zero_Density,,,cc6ad7b5-2565-457e-8bc2-1ff62eea7303
W10-151,SP15-457,INSERT,15Mx457 WILLIAMS SPL,6,ROD16,400W,,,489aa84b-6442-45fb-b277-8bd5853abd7c
W10-151,P-205,ANCHOR,12000LB FORGED ANCHOR,2,PL15.88,A36,,,74ddc4f9-8eb6-471d-9ed9-140828a47272
W10-83,MPX11,EMBED,V REVEAL LARGE,1,TRIANGLE12.7*12.7,Misc_Undefined,,,bad922ca-b416-459c-8b7a-4d4ab0da4a48
W10-83,P-300,INSERT,19Ø INSERT (NC),5,ROD23.813,A36,,,99db599d-72c9-4407-93c4-753931762ca4
W10-83,GT75-1219,GROUT_TUBE,75Ø x 1219 GROUT TUBE,8,ROD76,Zero_Density,,,ccb9e616-5339-4575-8fdc-a7214ba5454a
W10-83,GT75-686,GROUT_TUBE,75Ø x 686 GROUT TUBE,2,ROD76,Zero_Density,,,d3a54615-e107-4f8f-8c10-da9854a4c7ed
W10-83,SP15-457,INSERT,15Mx457 WILLIAMS SPL,27,ROD16,400W,,,d256c0ac-f0a4-4982-bab7-4f15a6b85c3a
W10-83,GT100-1219,GROUT_TUBE,100Øx1219 GROUT TUBE,3,ROD102,Zero_Density,,,2756a214-3900-48e9-9f95-7c789d61c3f2
W10-83,GT76-254,GROUT_TUBE,76Øx254mm G.TUBE,6,ROD76.2,Zero_Density,,,209b772c-8674-4be8-a2df-c4c71ccc9610
W10-83,CNDT,CONDUIT,19MM CONDUIT,1,ROD19,Zero_Density,,,5a851d9c-2c31-4b28-9e60-9d77d20f723a
W10-83,EB-S-PL,PLATE,Single Plastic Electr,1,160*50.8,Zero_Density,,,07bdcb1d-7f68-4958-94d1-f2fad8d65e05
W10-83,P-602,EMBED,13PL. W/STUD,1,PL101.6*12.7,A572-GR.50,,,111f650a-346f-4805-ab3c-3ea4daca4110
W10-83,P-205,ANCHOR,12000LB FORGED ANCHOR,4,PL15.88,A36,,,ea6c31e9-aa46-497e-80c9-5a62e2ba0704
W10-31,GT100-1219,GROUT_TUBE,100Øx1219 GROUT TUBE,12,ROD102,Zero_Density,,,d3d4b069-e8b4-467b-a85b-40bf2b515beb
W10-31,P-205,ANCHOR,12000LB FORGED ANCHOR,2,PL15.88,A36,,,b57a0c78-9de5-47f8-bee4-474264c01ad6
W10-31,SLV-64-254,SLEEVE,64Ø x 254 PVC SLEEVE,1,ROD70,Zero_Density,,,19037067-050d-4f78-bd9f-1f275a011f02
W10-31,SP30-1219,INSERT,30Mx1219 WILLIAMS SPL,3,ROD30.16,A706-GR.60,,,bf616b9b-618a-47e7-be3d-8d1bdcb218b1
W10-31,P-300,INSERT,19Ø INSERT (NC),3,ROD23.813,A36,,,242977c4-53ed-4e78-a203-dabd6948a08d
P6-49,MPX13,EMBED,V REVEAL LARGE,1,TRIANGLE12.7*12.7,Misc_Undefined,,,4f7bfcd5-25cd-492b-b81e-9d1da9ee6bf9
P6-49,MPX14,EMBED,V REVEAL LARGE,1,TRIANGLE12.7*12.7,Misc_Undefined,,,edab900b-6e4e-4a87-8bfc-958621c5fec6
P6-49,MPX12,EMBED,MOUNTPART,1,TRIANGLE51.0*12.7,Misc_Undefined,,,a5bb5a53-e781-4649-a44b-390859c601ff
P6-49,CNDT,CONDUIT,19MM CONDUIT,2,ROD19,Zero_Density,,,b0f1812f-7f40-4766-b961-d948c246c2c6
P6-49,P-620,EMBED,6PL W/STUDS,1,PL101.6*6.35,A572-GR.50,,,1e2dedbd-8da8-4146-a32f-5257d7de072b
P6-49,GT76-152,GROUT_TUBE,76Øx152mm G.TUBE,6,ROD76.2,Zero_Density,,,0672461d-757e-44c6-aaf5-5ca3f1ce843c
P6-49,P-300,INSERT,19Ø INSERT (NC),15,ROD23.813,A36,,,3d3a1773-ce36-43f2-83a8-5784150938ec
P6-49,P-900-10,PLATE,25mm KNIFE PLATE,2,PL127*25,A572-GR.50,,,f3868ed9-032a-4ae7-9ad8-6a721a4949ad
P6-49,P-900-20,EMBED,,1,PD28.6*4.76,50W,,,ad18aee3-598e-47a5-913e-83ae4c688aaf
P6-49,P-900-30,EMBED,,1,STUD_3/4-DIA,A108-GR.90,,,9275aae4-47ae-446f-a24a-4a1fbaf788c4
P6-49,P-205,ANCHOR,12000LB FORGED ANCHOR,4,PL15.88,A36,,,36df087e-64d6-4e5a-9030-c7098055588b
P6-49,EB-S-PL,PLATE,Single Plastic Electr,2,160*50.8,Zero_Density,,,5172e8c5-50c8-4d72-9c44-47c2c3437b26
W10-119,P-300,INSERT,19Ø INSERT (NC),4,ROD23.813,A36,,,e9f469c0-f0a6-4267-a715-fa8c48237635
W10-119,GT75-1219,GROUT_TUBE,75Ø x 1219 GROUT TUBE,2,ROD76,Zero_Density,,,38ce87a7-1e20-4576-b4ac-be55fb9e4821
W10-119,GT75-686,GROUT_TUBE,75Ø x 686 GROUT TUBE,2,ROD76,Zero_Density,,,2abf8581-aac5-4e39-9385-f511f1c8457c
W10-119,SP15-457,INSERT,15Mx457 WILLIAMS SPL,9,ROD16,400W,,,3facf3f2-6374-4fcd-aa4b-0cc9b624aac9
W10-119,P-205,ANCHOR,12000LB FORGED ANCHOR,2,PL15.88,A36,,,1d330357-1369-4d83-92ba-b3cb50b21af5
W10-205,GT75-1219,GROUT_TUBE,75Ø x 1219 GROUT TUBE,2,ROD76,Zero_Density,,,8a6907e8-c2ff-47ad-8978-ad4b06ac113c
W10-205,GT75-686,GROUT_TUBE,75Ø x 686 GROUT TUBE,5,ROD76,Zero_Density,,,c567118c-3528-4707-b718-7b7731d89aef
W10-205,SP25-1067,INSERT,SP25Mx1067 WILLIAMS S,2,ROD25.4,A706-GR.60,,,46f66267-052b-47bc-a878-bafee4301359
W10-205,SP15-457,INSERT,15Mx457 WILLIAMS SPL,15,ROD16,400W,,,034b0e7e-97a1-4bcb-bf30-dd8f41bd0c36
W10-205,P-300,INSERT,19Ø INSERT (NC),4,ROD23.813,A36,,,0cde3c34-b355-4bf8-a36d-bcda7eb5f59b
W10-205,P-205,ANCHOR,12000LB FORGED ANCHOR,4,PL15.88,A36,,,4cab2bd5-4155-4522-9d94-4472092960a0
W10-205,CNDT,CONDUIT,19MM CONDUIT,2,ROD19,Zero_Density,,,709ef54b-ee7d-4fca-8ad7-5a57b176df29
W10-205,EB-S-PL,PLATE,Single Plastic Electr,1,160*50.8,Zero_Density,,,7cd5b093-6e79-43a2-80da-e0477e2587bc
W10-205,EB-SQ-PL1,EMBED,Square Plastic Electr,1,160*160,Zero_Density,,,a8b66b2e-682d-4d1a-9265-f6a43c5e5662
W10-121(?),GT100-1219,GROUT_TUBE,100Øx1219 GROUT TUBE,6,ROD102,Zero_Density,,,d1d02d79-1051-457f-8b58-b3565434f8e5
W10-121(?),P-300,INSERT,19Ø INSERT (NC),4,ROD23.813,A36,,,67236980-e828-4f90-87e9-0ba7647ee3ca
W10-121(?),P-220,EMBED,10Øx2743 AC 5625LB CA,1,CABLE9.53,Steel_Undefined,,,b48c26ff-d7bb-443c-94d0-b5302e5dc71f
W10-121(?),SP25-1067,INSERT,SP25Mx1067 WILLIAMS S,2,ROD25.4,A706-GR.60,,,d3b6b5cc-ee49-4c34-9fd1-cfd3b601147c
W10-171,P-300,INSERT,19Ø INSERT (NC),4,ROD23.813,A36,,,ba3c4b71-f303-495a-883e-e75894c84a4d
W10-171,GT75-1219,GROUT_TUBE,75Ø x 1219 GROUT TUBE,2,ROD76,Zero_Density,,,9408b6ec-0d63-4e1a-b4c5-21ec2ab76de4
W10-171,GT75-686,GROUT_TUBE,75Ø x 686 GROUT TUBE,5,ROD76,Zero_Density,,,5a841dd5-50fd-44ca-939d-5150f0ee52f3
W10-171,SP25-1067,INSERT,SP25Mx1067 WILLIAMS S,2,ROD25.4,A706-GR.60,,,51cac1f7-85c8-4df1-b737-588929d51168
W10-171,SP15-457,INSERT,15Mx457 WILLIAMS SPL,15,ROD16,400W,,,33e5c02b-6f2d-41dd-89b4-061d5b759b07
W10-171,P-205,ANCHOR,12000LB FORGED ANCHOR,4,PL15.88,A36,,,80fe80f5-aa6d-41bb-be55-6ca742ff7b31
W10-81,MPX11,EMBED,V REVEAL LARGE,1,TRIANGLE12.7*12.7,Misc_Undefined,,,6fc6f2d6-b719-4e1c-ab67-a430cc63d5fa
W10-81,P-300,INSERT,19Ø INSERT (NC),5,ROD23.813,A36,,,1020f008-7f69-49e8-8084-7c48be193969
W10-81,GT75-1219,GROUT_TUBE,75Ø x 1219 GROUT TUBE,8,ROD76,Zero_Density,,,b7681652-bdc8-48a9-96ad-4b75d81f0df2
W10-81,GT75-686,GROUT_TUBE,75Ø x 686 GROUT TUBE,2,ROD76,Zero_Density,,,b8f3bd2f-1022-4197-9b31-47cd79fc0367
W10-81,SP25-1067,INSERT,SP25Mx1067 WILLIAMS S,8,ROD25.4,A706-GR.60,,,e3e4be86-d042-43ad-96a6-062bdab5c8e5
W10-81,SP15-457,INSERT,15Mx457 WILLIAMS SPL,6,ROD16,400W,,,1575ca65-420d-45ba-bfb6-09dcffd7c561
W10-81,GT100-1219,GROUT_TUBE,100Øx1219 GROUT TUBE,3,ROD102,Zero_Density,,,d695ee13-b625-4344-ad93-c2954beb685f
W10-81,SP30-1219,INSERT,30Mx1219 WILLIAMS SPL,1,ROD30.16,A706-GR.60,,,286c8f4b-b0f4-4a0e-9426-150939710959
W10-81,GT76-254,GROUT_TUBE,76Øx254mm G.TUBE,6,ROD76.2,Zero_Density,,,32f60a50-61d7-485f-8de1-eb7e9f6a4597
W10-81,CNDT,CONDUIT,19MM CONDUIT,1,ROD19,Zero_Density,,,82f61643-4201-4eab-ab62-399b07e29f01
W10-81,EB-S-PL,PLATE,Single Plastic Electr,1,160*50.8,Zero_Density,,,f2ee1882-3957-4bde-b06f-c6698cecfdbe
W10-81,P-602,EMBED,13PL. W/STUD,1,PL101.6*12.7,A572-GR.50,,,d895169f-7318-4fbd-9d11-c7094743940c
W10-81,P-205,ANCHOR,12000LB FORGED ANCHOR,4,PL15.88,A36,,,a95faeba-697e-42da-93bc-e6b6ebf93700
W10-105,P-205,ANCHOR,12000LB FORGED ANCHOR,2,PL15.88,A36,,,607bc694-e1fb-4f69-96f2-d7f00fd312e2
W10-105,P-300,INSERT,19Ø INSERT (NC),2,ROD23.813,A36,,,a04857cd-4a23-45a1-8a32-924fb76f96f5
W10-105,GT75-1219,GROUT_TUBE,75Ø x 1219 GROUT TUBE,3,ROD76,Zero_Density,,,be12c230-1727-450b-8a0e-319268bf0e22
W10-105,P-301,EMBED,19Ø EXP.  INS. (NC),1,ROD23.81,A36,,,4355d4a2-4d27-46cc-a8e0-39f2a0e4e76e
W10-105,SP25-1067,INSERT,SP25Mx1067 WILLIAMS S,3,ROD25.4,A706-GR.60,,,53851e32-ecb8-4f9c-b26d-bfafe5909a4e
W10-23,MPX11,EMBED,V REVEAL LARGE,1,TRIANGLE12.7*12.7,Misc_Undefined,,,c3621d86-2d89-47a7-8f6b-f8d56eb868ae
W10-23,P-300,INSERT,19Ø INSERT (NC),5,ROD23.813,A36,,,020ed056-6c49-4282-9583-d0903b61ceb7
W10-23,GT75-1219,GROUT_TUBE,75Ø x 1219 GROUT TUBE,8,ROD76,Zero_Density,,,0dc5dbe0-1fc9-4e25-9965-418313c363dc
W10-23,GT75-686,GROUT_TUBE,75Ø x 686 GROUT TUBE,2,ROD76,Zero_Density,,,82c8663a-0133-494b-a385-75e32567eaec
W10-23,SP25-1067,INSERT,SP25Mx1067 WILLIAMS S,8,ROD25.4,A706-GR.60,,,466d87ea-6313-4535-a35d-6b066eb19cd5
W10-23,SP15-457,INSERT,15Mx457 WILLIAMS SPL,6,ROD16,400W,,,7064fc9c-f3b2-4a13-bbc6-3d4182b890fc
W10-23,GT100-1219,GROUT_TUBE,100Øx1219 GROUT TUBE,3,ROD102,Zero_Density,,,ecd9c5c9-aacc-48ea-849d-ec7aed8c522e
W10-23,SP30-1219,INSERT,30Mx1219 WILLIAMS SPL,1,ROD30.16,A706-GR.60,,,bc8a2d53-85ed-4c43-b11f-6c7adc81dd04
W10-23,GT76-254,GROUT_TUBE,76Øx254mm G.TUBE,6,ROD76.2,Zero_Density,,,aebb39ba-63f6-4458-8502-bc1f54a54cd7
W10-23,CNDT,CONDUIT,19MM CONDUIT,1,ROD19,Zero_Density,,,ff947962-c06b-49e0-abf6-3ee084275c12
W10-23,EB-S-PL,PLATE,Single Plastic Electr,1,160*50.8,Zero_Density,,,8b0a3ef1-5178-40a3-81f8-5f980e09016a
W10-23,P-602,EMBED,13PL. W/STUD,1,PL101.6*12.7,A572-GR.50,,,68a860f7-2077-47c1-a86b-87e4175ccb3b
W10-23,P-205,ANCHOR,12000LB FORGED ANCHOR,4,PL15.88,A36,,,776c0237-bd38-4808-ad77-b253953be2d6
W10-56,MPX11,EMBED,V REVEAL LARGE,1,TRIANGLE12.7*12.7,Misc_Undefined,,,035b16b1-b2c1-4708-a063-63c2623b6307
W10-56,P-300,INSERT,19Ø INSERT (NC),5,ROD23.813,A36,,,547d0ebc-47f4-4021-88f3-bbe4f84e356b
W10-56,GT75-1219,GROUT_TUBE,75Ø x 1219 GROUT TUBE,8,ROD76,Zero_Density,,,f0d1c38a-8ae4-46f3-9143-c7c9e2889069
W10-56,GT75-686,GROUT_TUBE,75Ø x 686 GROUT TUBE,2,ROD76,Zero_Density,,,0bc1cb76-f40e-49af-8f60-e72b681cb0dc
W10-56,SP25-1067,INSERT,SP25Mx1067 WILLIAMS S,8,ROD25.4,A706-GR.60,,,dcf341df-caa0-4888-ab6f-a56ca1216299
W10-56,SP15-457,INSERT,15Mx457 WILLIAMS SPL,6,ROD16,400W,,,287be22d-a0ca-4549-a1e9-f234e6b3c3ae
W10-56,GT100-1219,GROUT_TUBE,100Øx1219 GROUT TUBE,3,ROD102,Zero_Density,,,6f7e1e68-a526-496b-b321-a4ab9dc784cd
W10-56,SP30-1219,INSERT,30Mx1219 WILLIAMS SPL,1,ROD30.16,A706-GR.60,,,3f4f4653-7420-4dc4-ba2d-b633dae513b2
W10-56,GT76-254,GROUT_TUBE,76Øx254mm G.TUBE,6,ROD76.2,Zero_Density,,,9d932267-753d-4350-8296-a52aed382137
W10-56,CNDT,CONDUIT,19MM CONDUIT,1,ROD19,Zero_Density,,,ab51b616-6a67-41b4-87e0-5095c999591b
W10-56,EB-S-PL,PLATE,Single Plastic Electr,1,160*50.8,Zero_Density,,,658a35d4-02d2-48ed-9989-33f90fc02f5c
W10-56,P-602,EMBED,13PL. W/STUD,1,PL101.6*12.7,A572-GR.50,,,88f76659-c149-46e4-ba25-29c13d019871
W10-56,P-205,ANCHOR,12000LB FORGED ANCHOR,4,PL15.88,A36,,,cd648753-72f3-4878-8f18-0cda596ae515
W10-198,GT100-1219,GROUT_TUBE,100Øx1219 GROUT TUBE,9,ROD102,Zero_Density,,,7dc9ed27-bec7-48d5-b75d-97ce6fb51bc6
W10-198,SP30-1219,INSERT,30Mx1219 WILLIAMS SPL,3,ROD30.16,A706-GR.60,,,5c65ea65-dd9d-4ac8-ac80-2cf66b4105d2
W10-198,P-300,INSERT,19Ø INSERT (NC),3,ROD23.813,A36,,,3fae5c19-ac27-4de8-b310-106194b11d91
W10-198,P-205,ANCHOR,12000LB FORGED ANCHOR,2,PL15.88,A36,,,a0b18471-6b14-4b41-be96-8a3786da7f20
W10-71,MPX11,EMBED,V REVEAL LARGE,1,TRIANGLE12.7*12.7,Misc_Undefined,,,bbcb4f2e-76b0-4310-b0f8-a0d9e066e199
W10-71,P-300,INSERT,19Ø INSERT (NC),5,ROD23.813,A36,,,d5c7dfa0-a327-4ffa-b1b9-5443f23f77b1
W10-71,GT75-1219,GROUT_TUBE,75Ø x 1219 GROUT TUBE,8,ROD76,Zero_Density,,,dfb0eceb-e7cb-4aef-a11f-509de8b6fda4
W10-71,GT75-686,GROUT_TUBE,75Ø x 686 GROUT TUBE,2,ROD76,Zero_Density,,,7ce8203d-59ed-4829-a78d-a76d2529ed50
W10-71,SP25-1067,INSERT,SP25Mx1067 WILLIAMS S,8,ROD25.4,A706-GR.60,,,a04bc318-0083-47d2-9589-a534f11f8fca
W10-71,SP15-457,INSERT,15Mx457 WILLIAMS SPL,6,ROD16,400W,,,1a3acb24-86e2-461e-8918-ba9d7df633e0
W10-71,GT100-1219,GROUT_TUBE,100Øx1219 GROUT TUBE,3,ROD102,Zero_Density,,,c4ff44ae-53f3-4450-a903-ce60402081d6
W10-71,SP30-1219,INSERT,30Mx1219 WILLIAMS SPL,1,ROD30.16,A706-GR.60,,,6d5bc72d-2192-4edc-b97f-d84493c0c97c
W10-71,GT76-254,GROUT_TUBE,76Øx254mm G.TUBE,6,ROD76.2,Zero_Density,,,a3ce4df4-84c6-4f77-b89a-066d459f4773
W10-71,CNDT,CONDUIT,19MM CONDUIT,1,ROD19,Zero_Density,,,9ec60e95-3d0a-4b4a-ba36-d7879eab6d88
W10-71,EB-S-PL,PLATE,Single Plastic Electr,1,160*50.8,Zero_Density,,,05c0da6a-e002-4af7-9165-0b58c716d6dc
W10-71,P-602,EMBED,13PL. W/STUD,1,PL101.6*12.7,A572-GR.50,,,b89f43cb-746e-4541-9c6a-141bd4105073
W10-71,P-205,ANCHOR,12000LB FORGED ANCHOR,4,PL15.88,A36,,,fff776dd-2a8e-4621-a885-4f0b55d994ed
W10-206,GT75-1219,GROUT_TUBE,75Ø x 1219 GROUT TUBE,2,ROD76,Zero_Density,,,c67ebabf-685d-4487-8581-0fe72ec1ee82
W10-206,GT75-686,GROUT_TUBE,75Ø x 686 GROUT TUBE,5,ROD76,Zero_Density,,,bc912886-ee2e-468c-866a-101d703cd602
W10-206,SP25-1067,INSERT,SP25Mx1067 WILLIAMS S,2,ROD25.4,A706-GR.60,,,e55f67f4-699c-4ff4-b1ba-7bbbfb843e09
W10-206,SP15-457,INSERT,15Mx457 WILLIAMS SPL,15,ROD16,400W,,,eac77f93-e97d-4de4-a602-1c79a1565a25
W10-206,P-300,INSERT,19Ø INSERT (NC),4,ROD23.813,A36,,,ac79705c-83eb-458e-8973-22071498166f
W10-206,P-205,ANCHOR,12000LB FORGED ANCHOR,4,PL15.88,A36,,,30ecd9ef-f7be-4082-8cff-b348d015d39b
W10-206,CNDT,CONDUIT,19MM CONDUIT,2,ROD19,Zero_Density,,,eca734af-989e-4b3c-ab34-1cc43383e45e
W10-206,EB-S-PL,PLATE,Single Plastic Electr,1,160*50.8,Zero_Density,,,e308941e-cc01-4d67-9dd1-47bf829453a3
W10-206,EB-SQ-PL1,EMBED,Square Plastic Electr,1,160*160,Zero_Density,,,db729133-003a-41c1-89ad-2314804c629a
W10-116(?),P-702,EMBED,L152X152X19 W/STUDS,1,L152X152X19,A572-GR.50,,,9d9a80af-757c-44a3-a685-50e20f16d358
W10-116(?),P-300,INSERT,19Ø INSERT (NC),4,ROD23.813,A36,,,6afe0825-7fbb-4d9a-843c-def9158d1b3a
W10-116(?),SP30-1219,INSERT,30Mx1219 WILLIAMS SPL,1,ROD30.16,A706-GR.60,,,1e73f0f0-8b36-47f6-bad9-01e704f1f24d
W10-116(?),SP25-1067,INSERT,SP25Mx1067 WILLIAMS S,3,ROD25.4,A706-GR.60,,,25a7cdda-e0a1-4c68-bf01-d1423116ca99
W10-116(?),GT100-1219,GROUT_TUBE,100Øx1219 GROUT TUBE,9,ROD102,Zero_Density,,,6205c7e0-fcb6-438b-b248-97f9d894497f
W10-116(?),GT100-686,GROUT_TUBE,100Øx686 GROUT TUBE,9,ROD102,Zero_Density,,,344b31f3-7fbe-46a6-a91d-40e0f267c322
W10-116(?),SP15-457,INSERT,15Mx457 WILLIAMS SPL,6,ROD16,400W,,,ddb7c2ad-ee62-4995-b982-250781e9d61e
W10-116(?),CNDT,CONDUIT,19MM CONDUIT,2,ROD19,Zero_Density,,,98cd0d86-9c0e-472d-9f06-356128192f4d
W10-116(?),EB-S-PL,PLATE,Single Plastic Electr,1,160*50.8,Zero_Density,,,7e2cda49-2dc0-4689-861d-ab09eeed5123
W10-116(?),EB-SQ-PL1,EMBED,Square Plastic Electr,1,160*160,Zero_Density,,,b2c13e52-680d-4138-9462-8c38765248a2
W10-116(?),P-205,ANCHOR,12000LB FORGED ANCHOR,2,PL15.88,A36,,,6ba3f0a4-4ae3-4fb2-b899-0c1f03d7bdde
W10-116(?),SLV-64-254,SLEEVE,64Ø x 254 PVC SLEEVE,1,ROD70,Zero_Density,,,597c6818-80b6-4b7e-b669-66adbd9bb017
W10-13,P-300,INSERT,19Ø INSERT (NC),3,ROD23.813,A36,,,a07afeaf-7e2d-4ff0-997b-84a07eddb5e8
W10-13,SP25-1067,INSERT,SP25Mx1067 WILLIAMS S,3,ROD25.4,A706-GR.60,,,abcafbe4-eaf3-4399-8876-c94e434c2e08
W10-13,SP15-457,INSERT,15Mx457 WILLIAMS SPL,6,ROD16,400W,,,7c80cc75-9752-4d41-a99a-0064f68a1bdd
W10-13,P-616,PLATE,13x203x203 PLATE,2,PL203*13,A572-GR.50,,,210508de-c70c-43bc-8a05-64506706dfde
W10-13,GT100-1219,GROUT_TUBE,100Øx1219 GROUT TUBE,6,ROD102,Zero_Density,,,5ecbf3f5-ff0e-4610-b3a1-e769864ee1ad
W10-13,GT100-686,GROUT_TUBE,100Øx686 GROUT TUBE,9,ROD102,Zero_Density,,,f27d77df-8c88-409a-a985-15e9adbcd05b
W10-13,GT76-254,GROUT_TUBE,76Øx254mm G.TUBE,3,ROD76.2,Zero_Density,,,3b237422-77b2-4b7f-a207-47c367e3a957
W10-13,P-205,ANCHOR,12000LB FORGED ANCHOR,2,PL15.88,A36,,,0b0979f6-5a30-4584-a666-e0a8659b5bb3
W10-48,MPX11,EMBED,V REVEAL LARGE,1,TRIANGLE12.7*12.7,Misc_Undefined,,,41c74b44-4bb4-4f32-9ff1-8392e22c0d99
W10-48,P-300,INSERT,19Ø INSERT (NC),5,ROD23.813,A36,,,562c83ef-37e8-4f2f-98f0-8038544e79f7
W10-48,GT75-1219,GROUT_TUBE,75Ø x 1219 GROUT TUBE,8,ROD76,Zero_Density,,,b0e76076-b421-48e6-9b42-036ebde075f6
W10-48,GT75-686,GROUT_TUBE,75Ø x 686 GROUT TUBE,2,ROD76,Zero_Density,,,dcbee047-8f4a-4e2e-ad62-3ffb19de975f
W10-48,SP25-1067,INSERT,SP25Mx1067 WILLIAMS S,8,ROD25.4,A706-GR.60,,,e939d835-17a5-4ac8-9454-e8daf8869073
W10-48,SP15-457,INSERT,15Mx457 WILLIAMS SPL,6,ROD16,400W,,,8df7466d-5e79-4b56-8205-16bf4b263f5a
W10-48,GT100-1219,GROUT_TUBE,100Øx1219 GROUT TUBE,3,ROD102,Zero_Density,,,e16b302e-4e07-4fdf-b585-52314a1d9967
W10-48,SP30-1219,INSERT,30Mx1219 WILLIAMS SPL,1,ROD30.16,A706-GR.60,,,19225d05-73f1-4b5a-86dd-16b6d94343ce
W10-48,GT76-254,GROUT_TUBE,76Øx254mm G.TUBE,6,ROD76.2,Zero_Density,,,beb1910e-296f-4f02-b8a9-d8229f9c159c
W10-48,CNDT,CONDUIT,19MM CONDUIT,1,ROD19,Zero_Density,,,e393d962-ab70-4a36-b681-f8b0a83a22e4
W10-48,EB-S-PL,PLATE,Single Plastic Electr,1,160*50.8,Zero_Density,,,b6e3c472-bc7b-4596-89bb-5cdec77ad357
W10-48,P-602,EMBED,13PL. W/STUD,1,PL101.6*12.7,A572-GR.50,,,bf645955-6dc6-4ca0-8025-3535fd5f669f
W10-48,P-205,ANCHOR,12000LB FORGED ANCHOR,4,PL15.88,A36,,,45d21b98-8852-407b-8a0d-647cf9b8f621
W10-11,GT100-1219,GROUT_TUBE,100Øx1219 GROUT TUBE,6,ROD102,Zero_Density,,,d74f572c-3357-47a4-afa1-50f57eaea6ee
W10-11,GT100-686,GROUT_TUBE,100Øx686 GROUT TUBE,3,ROD102,Zero_Density,,,33410c2c-9047-483d-bc5b-41ea5a9b1e24
W10-11,P-705,PLATE,13x203x203 PLATE,2,PL203*12.7,A572-GR.50,,,40bd0548-cf0a-4121-9787-9d8f32b8ee67
W10-11,CNDT,CONDUIT,19MM CONDUIT,1,ROD19,Zero_Density,,,84db8fb9-9b71-479f-8cd3-247aebff683f
W10-11,EB-S-PL,PLATE,Single Plastic Electr,1,160*50.8,Zero_Density,,,71d384f7-138e-4267-91e2-bf91843e854b
W10-11,P-205,ANCHOR,12000LB FORGED ANCHOR,2,PL15.88,A36,,,0a1f8c12-dd85-4811-97f4-0cd1c5ec7270
W10-11,P-300,INSERT,19Ø INSERT (NC),2,ROD23.813,A36,,,74079d6c-df18-402f-8c91-3f013484a711
W10-150,P-300,INSERT,19Ø INSERT (NC),5,ROD23.813,A36,,,82eabecc-691c-4f39-b606-14fa376d450b
W10-150,GT100-1219,GROUT_TUBE,100Øx1219 GROUT TUBE,6,ROD102,Zero_Density,,,a7850450-9314-4339-b769-e238ce0563e6
W10-150,SP30-1219,INSERT,30Mx1219 WILLIAMS SPL,2,ROD30.16,A706-GR.60,,,6d183c95-2c7c-452d-b686-4ac518ce29e4
W10-150,GT75-1219,GROUT_TUBE,75Ø x 1219 GROUT TUBE,2,ROD76,Zero_Density,,,9532a3fb-ee53-4821-b1f6-87c06cbef655
W10-150,GT75-686,GROUT_TUBE,75Ø x 686 GROUT TUBE,4,ROD76,Zero_Density,,,279c102f-2a77-4644-ab97-89e88c70c17f
W10-150,SP25-1067,INSERT,SP25Mx1067 WILLIAMS S,2,ROD25.4,A706-GR.60,,,6c7a7a11-c5c8-4b0c-8cd7-352fa45206a2
W10-150,SP15-457,INSERT,15Mx457 WILLIAMS SPL,12,ROD16,400W,,,2dcd2a37-80bc-42c7-8f16-9e54d519f255
W10-150,P-722,EMBED,13PL. w/STUD,1,PL152.4*12.7,A572-GR.50,,,3e07ee53-7597-48ab-a4ee-27741f57ec84
W10-150,P-205,ANCHOR,12000LB FORGED ANCHOR,4,PL15.88,A36,,,1c7f2185-c311-48bf-a6ed-58eee4a9f3cd
W10-150,SLV-64-254,SLEEVE,64Ø x 254 PVC SLEEVE,1,ROD70,Zero_Density,,,7fa9284f-5c4b-408f-8aab-91c3b2f566ac
W10-60,CNDT,CONDUIT,19MM CONDUIT,3,ROD19,Zero_Density,,,a91bb961-d28d-4839-9a48-8876da04d594
W10-60,P-705,PLATE,13x203x203 PLATE,1,PL203*12.7,A572-GR.50,,,7088b092-9a03-4428-9944-4ca7a8358feb
W10-60,P-300,INSERT,19Ø INSERT (NC),4,ROD23.813,A36,,,96368e2b-825c-4219-b889-8616d36abc60
W10-60,SLV-102-254,SLEEVE,102Ø x 254 PVC SLEEVE,2,ROD108,Zero_Density,,,80f04e37-7127-4c80-aa3c-3627608fcaf5
W10-60,EB-O-PL1,EMBED,Octagon Plastic Elect,1,ROD160,Zero_Density,,,fbc27dbc-be35-4ad4-b813-15de861d4d01
W10-60,EB-S-PL,PLATE,Single Plastic Electr,1,160*50.8,Zero_Density,,,e05aaba0-d13c-4221-ade3-e7baa87ca0c7
W10-60,EB-SQ-PL1,EMBED,Square Plastic Electr,1,160*160,Zero_Density,,,46dec995-f8bf-4362-b192-3249cd4d4ac2
W10-60,P-205,ANCHOR,12000LB FORGED ANCHOR,2,PL15.88,A36,,,bef06747-48f9-47d7-b663-2e0c750415f5
W10-60,GT75-1219,GROUT_TUBE,75Ø x 1219 GROUT TUBE,7,ROD76,Zero_Density,,,3282627e-dbec-4882-a695-b22a5d1e5e48
W10-60,SP25-1067,INSERT,SP25Mx1067 WILLIAMS S,7,ROD25.4,A706-GR.60,,,4ef04149-2c8d-43dc-b00f-9c04a266c914
W10-12,GT100-1219,GROUT_TUBE,100Øx1219 GROUT TUBE,6,ROD102,Zero_Density,,,7645a1e8-39c5-433f-9c94-ef68c1f43f3a
W10-12,GT100-686,GROUT_TUBE,100Øx686 GROUT TUBE,3,ROD102,Zero_Density,,,9b036223-672d-4c0c-9144-8e97222c9803
W10-12,P-300,INSERT,19Ø INSERT (NC),3,ROD23.813,A36,,,b281a0da-03dd-4e11-88cc-7e9ffd50d781
W10-12,P-705,PLATE,13x203x203 PLATE,2,PL203*12.7,A572-GR.50,,,fdbcba5b-0cb8-46f2-9fa9-f9134705701e
W10-12,CNDT,CONDUIT,19MM CONDUIT,4,ROD19,Zero_Density,,,6746a08d-54ff-47fd-8de6-588dd3226894
W10-12,EB-S-PL,PLATE,Single Plastic Electr,4,160*50.8,Zero_Density,,,2fe9816d-f3fc-4d8b-861f-19d180bdccef
W10-12,P-205,ANCHOR,12000LB FORGED ANCHOR,2,PL15.88,A36,,,3bbda92a-a3e4-4b2d-a55d-a82704805d92
W10-12,SLV-102-254,SLEEVE,102Ø x 254 PVC SLEEVE,1,ROD108,Zero_Density,,,e273d4a0-c181-43af-9b7f-45684b5d1e48
W10-12,SP25-1067,INSERT,SP25Mx1067 WILLIAMS S,2,ROD25.4,A706-GR.60,,,b6e252f5-221f-42ee-af7e-4fb973b0810a
W10-97,P-300,INSERT,19Ø INSERT (NC),4,ROD23.813,A36,,,44fddcbb-67be-4fea-8fec-f32ceb1de4ec
W10-97,GT75-1219,GROUT_TUBE,75Ø x 1219 GROUT TUBE,2,ROD76,Zero_Density,,,c723e319-bb05-416a-9749-0f49f75fd879
W10-97,GT75-686,GROUT_TUBE,75Ø x 686 GROUT TUBE,5,ROD76,Zero_Density,,,b4c50380-7d8d-45f4-850e-19e0bae1ebc6
W10-97,SP15-457,INSERT,15Mx457 WILLIAMS SPL,15,ROD16,400W,,,80622d5f-734d-4cc7-8808-e7a2792b43d5
W10-97,SP25-1067,INSERT,SP25Mx1067 WILLIAMS S,4,ROD25.4,A706-GR.60,,,b17d365d-999c-4417-8fc2-33f6e5625827
W10-97,P-205,ANCHOR,12000LB FORGED ANCHOR,4,PL15.88,A36,,,76904151-260f-447b-bf3d-f500d7b34a7d
W10-15(?),P-300,INSERT,19Ø INSERT (NC),4,ROD23.813,A36,,,2699093b-1726-4e27-a649-86040fea7dec
W10-15(?),GT75-686,GROUT_TUBE,75Ø x 686 GROUT TUBE,5,ROD76,Zero_Density,,,b14ee932-3fee-4ec9-aee1-cc3a2b60d2f7
W10-15(?),GT75-1219,GROUT_TUBE,75Ø x 1219 GROUT TUBE,4,ROD76,Zero_Density,,,82edff5e-d774-4613-a29b-0a6be5011db3
W10-15(?),SP25-1067,INSERT,SP25Mx1067 WILLIAMS S,2,ROD25.4,A706-GR.60,,,fe29554f-5ee3-4b11-9e9b-01f6d5e40ae3
W10-15(?),SP15-457,INSERT,15Mx457 WILLIAMS SPL,15,ROD16,400W,,,ad5dc6a4-2b6f-4c28-ba6d-0db474e78c11
W10-15(?),P-205,ANCHOR,12000LB FORGED ANCHOR,4,PL15.88,A36,,,713ab204-6553-4c2a-841a-78a145cb2c61
