PieceMark,JointType,Kind,Mark,Description,Qty,Profile,Material,Guid
W10-67,piece-to-piece,EMBED,MPX11,V REVEAL LARGE,1,TRIANGLE12.7*12.7,Misc_Undefined,d07187f7-a100-4272-b8e2-078deade0de8
W10-67,piece-to-piece,INSERT,P-300-11,19Ø INSERT (NC),1,ROD23.813,A36,5d72b022-42ec-469d-a2ef-a0ae095e4db2
W10-67,piece-to-piece,EMBED,P-300-21,,1,ROD6.35,A36,bae869b1-c463-455e-abe8-12b1f8c83eae
W10-67,piece-to-piece,INSERT,P-300-11,19Ø INSERT (NC),1,ROD23.813,A36,6a0d3cdd-ba8f-490c-9225-95c3e71b6888
W10-67,piece-to-piece,EMBED,P-300-21,,1,ROD6.35,A36,985d2074-5060-4bd7-b846-b2fb5db67b15
W10-67,piece-to-piece,INSERT,P-300-11,19Ø INSERT (NC),1,ROD23.813,A36,317a4b02-8886-4f1b-b20b-e96e720a17d0
W10-67,piece-to-piece,EMBED,P-300-21,,1,ROD6.35,A36,f653a607-11f3-450f-91a1-d71d80ff4564
W10-67,piece-to-piece,GROUT_TUBE,GT75-686,75Ø x 686 GROUT TUBE,1,ROD76,Zero_Density,28ba2625-eed0-468c-9847-70483d22614a
W10-67,piece-to-piece,GROUT_TUBE,GT75-686,75Ø x 686 GROUT TUBE,1,ROD76,Zero_Density,48982e26-bf2f-4fdc-8ae8-78be012791a5
W10-67,piece-to-piece,INSERT,SP15-457-11,15Mx457 WILLIAMS SPL,1,ROD16,400W,ec414f87-c6a7-444e-a0ef-ffd04bde58b5
W10-67,piece-to-piece,INSERT,SP15-457-31,,1,PD52.387*12.7,400W,88aa84e9-09d1-473f-b243-4deda0c13056
W10-67,piece-to-piece,INSERT,SP15-457-21,,1,ROD26.987,400W,5c84faf2-14cb-4ca4-8e09-0ca003de6cd4
W10-67,piece-to-piece,INSERT,SP15-457-11,15Mx457 WILLIAMS SPL,1,ROD16,400W,e1aef6fd-c223-4354-895b-8883fab80292
W10-67,piece-to-piece,INSERT,SP15-457-31,,1,PD52.387*12.7,400W,954b8b64-c746-4a34-93fd-01625dcd5aea
W10-67,piece-to-piece,INSERT,SP15-457-21,,1,ROD26.987,400W,7235d5ba-3d29-4ec5-924f-35a58c2a6b89
W10-67,piece-to-piece,GROUT_TUBE,GT75-1219,75Ø x 1219 GROUT TUBE,1,ROD76,Zero_Density,aeb40017-19a8-4057-8209-ce5c92663363
W10-67,piece-to-piece,GROUT_TUBE,GT75-1219,75Ø x 1219 GROUT TUBE,1,ROD76,Zero_Density,9fcddabd-2324-4464-8df8-c2f51e6984d8
W10-67,piece-to-piece,GROUT_TUBE,GT75-1219,75Ø x 1219 GROUT TUBE,1,ROD76,Zero_Density,2851899a-b042-4bc0-9d5d-3704b7500b2c
W10-67,piece-to-piece,GROUT_TUBE,GT75-1219,75Ø x 1219 GROUT TUBE,1,ROD76,Zero_Density,6da990ed-a48a-499d-b39b-0ac2290cc389
W10-67,piece-to-piece,GROUT_TUBE,GT75-1219,75Ø x 1219 GROUT TUBE,1,ROD76,Zero_Density,15a1d4a0-ce54-4ab6-b7ea-1c6660d4b0d3
W10-67,piece-to-piece,GROUT_TUBE,GT75-1219,75Ø x 1219 GROUT TUBE,1,ROD76,Zero_Density,33110cd3-f3c6-4088-9560-d22a496aea16
W10-67,piece-to-piece,GROUT_TUBE,GT75-1219,75Ø x 1219 GROUT TUBE,1,ROD76,Zero_Density,e00853d8-d7f2-4d3c-97a0-0d636d1fa855
W10-67,piece-to-piece,GROUT_TUBE,GT75-1219,75Ø x 1219 GROUT TUBE,1,ROD76,Zero_Density,68fa812e-bfdd-4acb-9ed6-1693feac19fa
W10-67,piece-to-piece,GROUT_TUBE,GT100-1219-11,100Øx1219 GROUT TUBE,1,ROD102,Zero_Density,04479b0c-b1e1-4f5e-ab56-0704d8578b0b
W10-67,piece-to-piece,GROUT_TUBE,GT100-1219-21,,1,ROD110,Zero_Density,f78a8525-a3b2-4f02-810a-6c5d15ebd927
W10-67,piece-to-piece,GROUT_TUBE,GT100-1219-31,,1,ROD76,Zero_Density,968ff2cb-87bb-482f-953b-ed2cd2ab5af6
W10-67,piece-to-piece,INSERT,SP25-1067-11,SP25Mx1067 WILLIAMS S,1,ROD25.4,A706-GR.60,24aa0394-6f84-4158-b6f3-abc29aeb3ee5
W10-67,piece-to-piece,EMBED,SP25-1067-31,,1,PD66.675*15.875,A706-GR.60,e5473959-ad6a-437f-a1c0-4ac0c0874f0e
W10-67,piece-to-piece,EMBED,SP25-1067-21,,1,ROD41.275,A706-GR.60,d0d19829-150e-4de1-898c-1698cc05c306
W10-67,piece-to-piece,INSERT,SP25-1067-11,SP25Mx1067 WILLIAMS S,1,ROD25.4,A706-GR.60,b277c5da-d07f-49df-8c6e-ea10c8bc309a
W10-67,piece-to-piece,EMBED,SP25-1067-31,,1,PD66.675*15.875,A706-GR.60,064f75ff-5309-4282-8b3b-8373dacef5d6
W10-67,piece-to-piece,EMBED,SP25-1067-21,,1,ROD41.275,A706-GR.60,595bb608-f1cc-4c5d-866e-d92b2a72d669
W10-67,piece-to-piece,INSERT,SP25-1067-11,SP25Mx1067 WILLIAMS S,1,ROD25.4,A706-GR.60,89acd80b-f8cc-47c4-9b0d-ebbee71289f1
W10-67,piece-to-piece,EMBED,SP25-1067-31,,1,PD66.675*15.875,A706-GR.60,c53c3464-18f9-49f1-a578-891ff7e90e88
W10-67,piece-to-piece,EMBED,SP25-1067-21,,1,ROD41.275,A706-GR.60,84c842fd-3478-461a-837e-4b6e89df5a28
W10-67,piece-to-piece,INSERT,SP25-1067-11,SP25Mx1067 WILLIAMS S,1,ROD25.4,A706-GR.60,2edb9594-925e-4851-be73-52f583038b2c
W10-67,piece-to-piece,EMBED,SP25-1067-31,,1,PD66.675*15.875,A706-GR.60,bf670f8e-5e32-4164-bd47-015a4fa8eac3
W10-67,piece-to-piece,EMBED,SP25-1067-21,,1,ROD41.275,A706-GR.60,0931a627-bd2a-4d7e-a1d4-feaae4f518ef
W10-67,piece-to-piece,INSERT,SP25-1067-11,SP25Mx1067 WILLIAMS S,1,ROD25.4,A706-GR.60,8ce79183-d9a5-4e75-8d0b-797b11167991
W10-67,piece-to-piece,EMBED,SP25-1067-31,,1,PD66.675*15.875,A706-GR.60,d888138c-c0fb-449c-abf6-2f02860bcebc
W10-67,piece-to-piece,EMBED,SP25-1067-21,,1,ROD41.275,A706-GR.60,1a4000ca-cc41-4cff-b2e0-2dd791f68e17
W10-67,piece-to-piece,INSERT,SP25-1067-11,SP25Mx1067 WILLIAMS S,1,ROD25.4,A706-GR.60,d5a14590-ac33-4664-ac33-44455d09d0f6
W10-67,piece-to-piece,EMBED,SP25-1067-31,,1,PD66.675*15.875,A706-GR.60,4f198f39-02f1-47d3-964a-5fb43201307d
W10-67,piece-to-piece,EMBED,SP25-1067-21,,1,ROD41.275,A706-GR.60,7c1483cb-e38c-4a13-ab2d-55a51c5a12c5
W10-67,piece-to-piece,INSERT,SP25-1067-11,SP25Mx1067 WILLIAMS S,1,ROD25.4,A706-GR.60,87fb1861-44ff-451b-b87a-a94d37c62f28
W10-67,piece-to-piece,EMBED,SP25-1067-31,,1,PD66.675*15.875,A706-GR.60,34ca9bd0-7c93-4b1f-bae6-e91a54c7e9df
W10-67,piece-to-piece,EMBED,SP25-1067-21,,1,ROD41.275,A706-GR.60,de130d16-c1fb-4840-b8c2-a3b0af2e3b09
W10-67,piece-to-piece,INSERT,SP25-1067-11,SP25Mx1067 WILLIAMS S,1,ROD25.4,A706-GR.60,3ff9ff4c-b9bf-408c-97ec-80536113309d
W10-67,piece-to-piece,EMBED,SP25-1067-31,,1,PD66.675*15.875,A706-GR.60,9f28b1ca-6202-485a-aec2-be44e8bc72e4
W10-67,piece-to-piece,EMBED,SP25-1067-21,,1,ROD41.275,A706-GR.60,af35a956-4886-4aa6-aab2-2c56f4c466e6
W10-67,piece-to-piece,INSERT,SP30-1219-11,30Mx1219 WILLIAMS SPL,1,ROD30.16,A706-GR.60,9c624f47-01f8-47aa-9b59-cd3025b82168
W10-67,piece-to-piece,EMBED,SP30-1219-31,,1,PD71.438*19.05,A706-GR.60,7ab7d13b-771b-47c1-93ad-863ed7b757a9
W10-67,piece-to-piece,EMBED,SP30-1219-21,,1,ROD44.45,A706-GR.60,aa86070a-d8fd-462a-af96-ecdf3a470691
W10-67,piece-to-piece,GROUT_TUBE,GT76-254,76Øx254mm G.TUBE,1,ROD76.2,Zero_Density,c25bc895-8491-467f-a10a-72c88e46a670
W10-67,piece-to-piece,GROUT_TUBE,GT76-254,76Øx254mm G.TUBE,1,ROD76.2,Zero_Density,197aaf6b-b0a5-4dc0-9248-7022bd519b4d
W10-67,piece-to-piece,GROUT_TUBE,GT76-254,76Øx254mm G.TUBE,1,ROD76.2,Zero_Density,7e0a02f8-cc2f-4268-976f-a704001144b3
W10-67,piece-to-piece,GROUT_TUBE,GT76-254,76Øx254mm G.TUBE,1,ROD76.2,Zero_Density,9f20a69b-0105-4718-8307-974c19187b35
W10-67,piece-to-piece,GROUT_TUBE,GT76-254,76Øx254mm G.TUBE,1,ROD76.2,Zero_Density,f15ba94c-1c46-46c6-88b7-dc7485724a81
W10-67,piece-to-piece,GROUT_TUBE,GT76-254,76Øx254mm G.TUBE,1,ROD76.2,Zero_Density,66d3656f-cf52-4804-a3e1-6f60935e6e94
W10-67,piece-to-piece,CONDUIT,CNDT37,19MM CONDUIT,1,ROD19,Zero_Density,d2e4e0bb-1513-417f-8ccd-790f97cf9354
W10-67,piece-to-piece,PLATE,EB-S-PL1,Single Plastic Electr,1,160*50.8,Zero_Density,ceb23fbb-5c50-4baf-a6dc-3f6fdd2fe0a2
W10-67,piece-to-piece,EMBED,P-602-11,13PL. W/STUD,1,PL101.6*12.7,A572-GR.50,24d12828-c5fc-4747-83c1-9a3ad039635f
W10-67,piece-to-piece,EMBED,P-602-21,,1,STUD_1/2-DIA,A108-C1010-1020,22b26b29-c102-4bca-bbc3-3d9ccf9125fe
W10-67,piece-to-piece,INSERT,P-300-11,19Ø INSERT (NC),1,ROD23.813,A36,8b67687b-9d05-43d9-89dd-003962f24107
W10-67,piece-to-piece,EMBED,P-300-21,,1,ROD6.35,A36,0e1edce1-be46-4002-8903-c64c57b047c2
W10-67,piece-to-piece,INSERT,P-300-11,19Ø INSERT (NC),1,ROD23.813,A36,66fce9c7-39e8-42e9-831d-b284dc8b2ac8
W10-67,piece-to-piece,EMBED,P-300-21,,1,ROD6.35,A36,9b9ce7e0-b4ed-46aa-aea4-168be442d379
W10-67,piece-to-piece,ANCHOR,P-205-11,12000LB FORGED ANCHOR,1,PL15.88,A36,8bd12415-caa8-47e1-b8a2-09516e32fd37
W10-67,piece-to-piece,EMBED,P-205-21,,1,PL76.2*12.7,A36,6b59c8a4-a658-4c25-ab81-6930874f8687
W10-67,piece-to-piece,EMBED,P-205-31,,1,SPHERE47.625,A36,6e1d070a-da2d-45d2-bc25-670779ae585a
W10-67,piece-to-piece,EMBED,P-205-32,,1,PL54,Steel_Undefined,a14d1f27-e79a-4eb8-a671-560b3b3d245f
W10-67,piece-to-piece,ANCHOR,P-205-11,12000LB FORGED ANCHOR,1,PL15.88,A36,9ad1e266-2738-43a9-ae46-cfb34de037ec
W10-67,piece-to-piece,EMBED,P-205-21,,1,PL76.2*12.7,A36,cb1226bb-8469-4bb9-9520-26b485ef65d4
W10-67,piece-to-piece,EMBED,P-205-31,,1,SPHERE47.625,A36,2c2ec512-5915-48b9-881d-4d4daa179b7f
W10-67,piece-to-piece,EMBED,P-205-32,,1,PL54,Steel_Undefined,3d32102a-dce6-4514-839b-4162ee50f707
W10-67,piece-to-piece,ANCHOR,P-205-11,12000LB FORGED ANCHOR,1,PL15.88,A36,e15ad556-60f0-44eb-af2c-6c5a277a5f3c
W10-67,piece-to-piece,EMBED,P-205-21,,1,PL76.2*12.7,A36,a7e388b4-f2b9-4f24-ab4e-6f836b1cccfc
W10-67,piece-to-piece,EMBED,P-205-31,,1,SPHERE47.625,A36,a81f0736-f9f7-4c19-81f5-5aa329287c91
W10-67,piece-to-piece,EMBED,P-205-32,,1,PL54,Steel_Undefined,68fe2832-4aa9-43df-b1bd-a5744e386149
W10-67,piece-to-piece,ANCHOR,P-205-11,12000LB FORGED ANCHOR,1,PL15.88,A36,78007668-05e0-4acb-942e-b2f9735677bb
W10-67,piece-to-piece,EMBED,P-205-21,,1,PL76.2*12.7,A36,8da4ee5b-a77a-4df5-bab8-55ab11a6c6ee
W10-67,piece-to-piece,EMBED,P-205-31,,1,SPHERE47.625,A36,5075210e-4375-41c4-af67-055b733dba98
W10-67,piece-to-piece,EMBED,P-205-32,,1,PL54,Steel_Undefined,749debd5-fc75-4696-b5e2-f42d1d67e6e6
W10-175,piece-to-piece,EMBED,MPX11,V REVEAL LARGE,1,TRIANGLE12.7*12.7,Misc_Undefined,537cf6d7-66f0-4907-bdc6-bd6c6f96b999
W10-175,piece-to-piece,INSERT,P-300-11,19Ø INSERT (NC),1,ROD23.813,A36,f0690f9d-60a5-4c2c-81bf-7a3463b816ca
W10-175,piece-to-piece,EMBED,P-300-21,,1,ROD6.35,A36,eb642961-8f7f-4c1f-8763-d47fb38c2a7d
W10-175,piece-to-piece,INSERT,P-300-11,19Ø INSERT (NC),1,ROD23.813,A36,bb48f03e-ded3-4c70-89a6-305f7e0d86b3
W10-175,piece-to-piece,EMBED,P-300-21,,1,ROD6.35,A36,5127cf80-4d07-42cc-aa8a-7b3482af2dfe
W10-175,piece-to-piece,INSERT,P-300-11,19Ø INSERT (NC),1,ROD23.813,A36,4ca4ae16-6e48-49ad-b5fd-76e4989a0a13
W10-175,piece-to-piece,EMBED,P-300-21,,1,ROD6.35,A36,c37201e0-274b-4210-a782-a336ed53752e
W10-175,piece-to-piece,GROUT_TUBE,GT75-686,75Ø x 686 GROUT TUBE,1,ROD76,Zero_Density,f36bb48e-70a9-4d6b-96d8-f3907a3c8d5c
W10-175,piece-to-piece,GROUT_TUBE,GT75-686,75Ø x 686 GROUT TUBE,1,ROD76,Zero_Density,d48b4a46-3df3-40f1-af8e-89e662a9b365
W10-175,piece-to-piece,INSERT,SP15-457-11,15Mx457 WILLIAMS SPL,1,ROD16,400W,08fbf696-3f06-4b51-8a17-85e49a5a5e72
W10-175,piece-to-piece,INSERT,SP15-457-31,,1,PD52.387*12.7,400W,81613010-2d46-498a-a0a5-bd8d5e917967
W10-175,piece-to-piece,INSERT,SP15-457-21,,1,ROD26.987,400W,95aa8b63-fda7-42d0-bb33-fcca42536d9b
W10-175,piece-to-piece,INSERT,SP15-457-11,15Mx457 WILLIAMS SPL,1,ROD16,400W,c515750a-e32a-4bed-ba83-d31bfcc42a0a
W10-175,piece-to-piece,INSERT,SP15-457-31,,1,PD52.387*12.7,400W,350453d8-d6ab-49a0-9627-152fd04da80a
W10-175,piece-to-piece,INSERT,SP15-457-21,,1,ROD26.987,400W,df0a6f77-c648-4438-9327-3d548b0bb088
W10-175,piece-to-piece,GROUT_TUBE,GT75-1219,75Ø x 1219 GROUT TUBE,1,ROD76,Zero_Density,675587cb-9536-4f13-81e7-fce0a4e34c56
W10-175,piece-to-piece,GROUT_TUBE,GT75-1219,75Ø x 1219 GROUT TUBE,1,ROD76,Zero_Density,079466ed-5aa0-46a2-9791-4f9cd19a67a8
W10-175,piece-to-piece,GROUT_TUBE,GT75-1219,75Ø x 1219 GROUT TUBE,1,ROD76,Zero_Density,e04d1039-72f8-4520-ac96-49e241dc1fe1
W10-175,piece-to-piece,GROUT_TUBE,GT75-1219,75Ø x 1219 GROUT TUBE,1,ROD76,Zero_Density,f0f0ec81-87fc-4851-b56d-75ae5c84d55d
W10-175,piece-to-piece,GROUT_TUBE,GT75-1219,75Ø x 1219 GROUT TUBE,1,ROD76,Zero_Density,e5b9b815-44d7-4571-8564-08b24ed35cc8
W10-175,piece-to-piece,GROUT_TUBE,GT75-1219,75Ø x 1219 GROUT TUBE,1,ROD76,Zero_Density,c3733152-17c4-4bf3-ab9a-f8cb6b9808fe
W10-175,piece-to-piece,GROUT_TUBE,GT75-1219,75Ø x 1219 GROUT TUBE,1,ROD76,Zero_Density,cc7dab33-d463-47e2-8322-8bdd768ceb30
W10-175,piece-to-piece,GROUT_TUBE,GT75-1219,75Ø x 1219 GROUT TUBE,1,ROD76,Zero_Density,f04ff3a4-3f06-4a08-a140-09875cb3be1c
W10-175,piece-to-piece,GROUT_TUBE,GT100-1219-11,100Øx1219 GROUT TUBE,1,ROD102,Zero_Density,67bd676c-4270-4ec2-81c5-3d609f71bda2
W10-175,piece-to-piece,GROUT_TUBE,GT100-1219-21,,1,ROD110,Zero_Density,9ddcd247-be94-433c-a173-d32a322386ff
W10-175,piece-to-piece,GROUT_TUBE,GT100-1219-31,,1,ROD76,Zero_Density,ca1644cd-93e0-460e-a4b4-7e2c8e02b3af
W10-175,piece-to-piece,INSERT,SP25-1067-11,SP25Mx1067 WILLIAMS S,1,ROD25.4,A706-GR.60,5a2b201e-7b76-4945-abcb-f4e34d0a62f8
W10-175,piece-to-piece,EMBED,SP25-1067-31,,1,PD66.675*15.875,A706-GR.60,49aaf9af-309a-42d7-89d4-acf04146727d
W10-175,piece-to-piece,EMBED,SP25-1067-21,,1,ROD41.275,A706-GR.60,32d69256-74ee-44c2-a47d-88eea7a7e978
W10-175,piece-to-piece,INSERT,SP25-1067-11,SP25Mx1067 WILLIAMS S,1,ROD25.4,A706-GR.60,5d63a7f3-2815-4434-ac1a-1f0a4159b386
W10-175,piece-to-piece,EMBED,SP25-1067-31,,1,PD66.675*15.875,A706-GR.60,2dac7736-7386-469f-aafe-aaf559801a0c
W10-175,piece-to-piece,EMBED,SP25-1067-21,,1,ROD41.275,A706-GR.60,131ebc4d-b1cd-4711-9aa2-f50f68f768ed
W10-175,piece-to-piece,INSERT,SP25-1067-11,SP25Mx1067 WILLIAMS S,1,ROD25.4,A706-GR.60,7a58a071-0ee5-4f91-ad36-72f8fd84ce67
W10-175,piece-to-piece,EMBED,SP25-1067-31,,1,PD66.675*15.875,A706-GR.60,4793e89f-3b8a-49da-99ce-49d345a87d9b
W10-175,piece-to-piece,EMBED,SP25-1067-21,,1,ROD41.275,A706-GR.60,9ca41416-723f-4f59-ad47-6fe126c34ee6
W10-175,piece-to-piece,INSERT,SP25-1067-11,SP25Mx1067 WILLIAMS S,1,ROD25.4,A706-GR.60,1b50a2bd-43db-4e2a-ab3c-027e417a624a
W10-175,piece-to-piece,EMBED,SP25-1067-31,,1,PD66.675*15.875,A706-GR.60,6ce01931-e37b-4542-bae6-ad29542f1c49
W10-175,piece-to-piece,EMBED,SP25-1067-21,,1,ROD41.275,A706-GR.60,7375fb4c-a128-4ae3-afa9-48594529c2d2
W10-175,piece-to-piece,INSERT,SP25-1067-11,SP25Mx1067 WILLIAMS S,1,ROD25.4,A706-GR.60,090ba467-c863-477f-b900-39fda30e505f
W10-175,piece-to-piece,EMBED,SP25-1067-31,,1,PD66.675*15.875,A706-GR.60,6de4841a-5aaf-43bf-91db-5f566a73fc30
W10-175,piece-to-piece,EMBED,SP25-1067-21,,1,ROD41.275,A706-GR.60,87c2d066-1a08-4760-8cfa-ffbcb0a2dd1c
W10-175,piece-to-piece,INSERT,SP25-1067-11,SP25Mx1067 WILLIAMS S,1,ROD25.4,A706-GR.60,24f016e0-61ad-417a-b89c-8ca65c0622f3
W10-175,piece-to-piece,EMBED,SP25-1067-31,,1,PD66.675*15.875,A706-GR.60,0a01e45e-793a-4a5a-b366-db36f5c57fba
W10-175,piece-to-piece,EMBED,SP25-1067-21,,1,ROD41.275,A706-GR.60,b212a1a3-9d99-4bb8-a385-bf991a73eccb
W10-175,piece-to-piece,INSERT,SP25-1067-11,SP25Mx1067 WILLIAMS S,1,ROD25.4,A706-GR.60,93d3555a-23aa-4a7b-a4e4-01c83bf0f130
W10-175,piece-to-piece,EMBED,SP25-1067-31,,1,PD66.675*15.875,A706-GR.60,aa229e8d-f684-4120-b3e7-b193868cfeb3
W10-175,piece-to-piece,EMBED,SP25-1067-21,,1,ROD41.275,A706-GR.60,5ee19314-3d25-4f69-b6ba-9c395a7934d5
W10-175,piece-to-piece,INSERT,SP25-1067-11,SP25Mx1067 WILLIAMS S,1,ROD25.4,A706-GR.60,5f73714e-9fe3-4d01-9687-7b3bce1c6f91
W10-175,piece-to-piece,EMBED,SP25-1067-31,,1,PD66.675*15.875,A706-GR.60,f90d481b-5979-4d7d-ab22-e136affa11f1
W10-175,piece-to-piece,EMBED,SP25-1067-21,,1,ROD41.275,A706-GR.60,536a0bc0-0b2e-4b0c-92ef-3afd60768569
W10-175,piece-to-piece,INSERT,SP30-1219-11,30Mx1219 WILLIAMS SPL,1,ROD30.16,A706-GR.60,157b2433-7572-42f2-80bd-909a1aab07ae
W10-175,piece-to-piece,EMBED,SP30-1219-31,,1,PD71.438*19.05,A706-GR.60,ca1cc0d4-4932-465b-a275-53bcd6ebd259
W10-175,piece-to-piece,EMBED,SP30-1219-21,,1,ROD44.45,A706-GR.60,36b7f02d-6634-4fe6-a99e-0aca38e2a307
W10-175,piece-to-piece,GROUT_TUBE,GT76-254,76Øx254mm G.TUBE,1,ROD76.2,Zero_Density,4cd1d32b-db62-4b7b-a2a9-a491c1ca264a
W10-175,piece-to-piece,GROUT_TUBE,GT76-254,76Øx254mm G.TUBE,1,ROD76.2,Zero_Density,5a0e132a-0433-4813-a5b5-3b7ef308cb11
W10-175,piece-to-piece,GROUT_TUBE,GT76-254,76Øx254mm G.TUBE,1,ROD76.2,Zero_Density,fc378025-e240-4912-86da-b83766044832
W10-175,piece-to-piece,GROUT_TUBE,GT76-254,76Øx254mm G.TUBE,1,ROD76.2,Zero_Density,0ef3aa14-038e-41fa-a6c5-a6f1c3628f7a
W10-175,piece-to-piece,GROUT_TUBE,GT76-254,76Øx254mm G.TUBE,1,ROD76.2,Zero_Density,e9c4bc85-4db1-4cbb-b448-8c0a1184c236
W10-175,piece-to-piece,GROUT_TUBE,GT76-254,76Øx254mm G.TUBE,1,ROD76.2,Zero_Density,21135b00-f7d9-4107-9973-63ff4b53a8f8
W10-175,piece-to-piece,CONDUIT,CNDT37,19MM CONDUIT,1,ROD19,Zero_Density,5efd40dc-159b-4a08-a9d5-f4e8e6f86199
W10-175,piece-to-piece,PLATE,EB-S-PL1,Single Plastic Electr,1,160*50.8,Zero_Density,b440b481-a866-4e35-98d4-04d4f91fb8ed
W10-175,piece-to-piece,EMBED,P-602-11,13PL. W/STUD,1,PL101.6*12.7,A572-GR.50,fe26089a-4ff6-4306-8c03-ab1aa538c4fe
W10-175,piece-to-piece,EMBED,P-602-21,,1,STUD_1/2-DIA,A108-C1010-1020,99c712a7-70e8-4023-a474-6d483fe067af
W10-175,piece-to-piece,INSERT,P-300-11,19Ø INSERT (NC),1,ROD23.813,A36,dfe96c5a-b763-466e-8f77-0def8b234c8c
W10-175,piece-to-piece,EMBED,P-300-21,,1,ROD6.35,A36,f3dac0b4-db99-4b5e-b4de-8f77e3fbec52
W10-175,piece-to-piece,INSERT,P-300-11,19Ø INSERT (NC),1,ROD23.813,A36,ffe11c22-42d0-463a-aa6d-3e430b3ea894
W10-175,piece-to-piece,EMBED,P-300-21,,1,ROD6.35,A36,6d8d7b67-129f-4701-8c31-477807a033c7
W10-175,piece-to-piece,ANCHOR,P-205-11,12000LB FORGED ANCHOR,1,PL15.88,A36,92e4fd36-13d1-4655-a7de-fcae240e0e63
W10-175,piece-to-piece,EMBED,P-205-21,,1,PL76.2*12.7,A36,0dca3bcf-1c42-4f41-81de-b0ef07bc9dd4
W10-175,piece-to-piece,EMBED,P-205-31,,1,SPHERE47.625,A36,501a5975-a13d-4b2b-b83b-0ea739c5a90a
W10-175,piece-to-piece,EMBED,P-205-32,,1,PL54,Steel_Undefined,cda46740-ace7-448d-b321-9f6d208dbcfd
W10-175,piece-to-piece,ANCHOR,P-205-11,12000LB FORGED ANCHOR,1,PL15.88,A36,e48ceb52-5cef-4586-a334-6c34bc896b38
W10-175,piece-to-piece,EMBED,P-205-21,,1,PL76.2*12.7,A36,5c712ffd-6247-4570-899b-63fe339159eb
W10-175,piece-to-piece,EMBED,P-205-31,,1,SPHERE47.625,A36,cbfdaded-f8cb-48f7-b4f5-4b27c8f86c9b
W10-175,piece-to-piece,EMBED,P-205-32,,1,PL54,Steel_Undefined,3fff613f-a864-4ac9-a323-ab1a5544b9f0
W10-175,piece-to-piece,ANCHOR,P-205-11,12000LB FORGED ANCHOR,1,PL15.88,A36,1736981f-ffdf-411f-b6d1-ee858eba8d6b
W10-175,piece-to-piece,EMBED,P-205-21,,1,PL76.2*12.7,A36,bc8f9467-b5b5-499a-b3e3-4c9f0e40bd64
W10-175,piece-to-piece,EMBED,P-205-31,,1,SPHERE47.625,A36,80192d9b-11b0-41ec-a8e6-0ff6bdbffbf8
W10-175,piece-to-piece,EMBED,P-205-32,,1,PL54,Steel_Undefined,deaf2fd0-dd77-42da-8a4d-10c8294b27b8
W10-175,piece-to-piece,ANCHOR,P-205-11,12000LB FORGED ANCHOR,1,PL15.88,A36,e2b6cf5a-977c-4932-9ba4-2ef83016012b
W10-175,piece-to-piece,EMBED,P-205-21,,1,PL76.2*12.7,A36,f2fb4003-a041-4166-90d1-6b19853cf7f8
W10-175,piece-to-piece,EMBED,P-205-31,,1,SPHERE47.625,A36,65c12227-ce40-4598-9b05-91aecdfff46a
W10-175,piece-to-piece,EMBED,P-205-32,,1,PL54,Steel_Undefined,cfb09bc6-c80e-4d1b-a92a-18a9081c61de
W10-78,piece-to-piece,EMBED,MPX1,V REVEAL LARGE,1,TRIANGLE12.7*12.7,Misc_Undefined,ff8b3733-189b-4c34-8a6d-37949f8307e7
W10-78,piece-to-piece,GROUT_TUBE,GT100-1219-11,100Øx1219 GROUT TUBE,1,ROD102,Zero_Density,1059a49f-a33e-435d-9e03-13a78fb50509
W10-78,piece-to-piece,GROUT_TUBE,GT100-1219-21,,1,ROD110,Zero_Density,68aac56c-4704-4eaf-aa65-762fd44d08b2
W10-78,piece-to-piece,GROUT_TUBE,GT100-1219-31,,1,ROD76,Zero_Density,7014562b-c8fb-44ba-8e73-5b60f693dfa4
W10-78,piece-to-piece,GROUT_TUBE,GT100-686-11,100Øx686 GROUT TUBE,1,ROD102,Zero_Density,32a53b93-2a21-40b1-926c-6bdb4d238753
W10-78,piece-to-piece,GROUT_TUBE,GT100-686-21,,1,ROD110,Zero_Density,9a372334-49c8-4398-87b7-f137f45a31bf
W10-78,piece-to-piece,GROUT_TUBE,GT100-686-31,,1,ROD76,Zero_Density,b3e38774-e0c1-4128-83fb-7e477544481c
W10-78,piece-to-piece,INSERT,P-300-11,19Ø INSERT (NC),1,ROD23.813,A36,356cd7ed-8fe5-4633-840a-8bd3c1532844
W10-78,piece-to-piece,EMBED,P-300-21,,1,ROD6.35,A36,0060863b-1360-451e-b645-3beaa378892b
W10-78,piece-to-piece,INSERT,P-300-11,19Ø INSERT (NC),1,ROD23.813,A36,6bb86031-51f9-4f42-b9f4-c5e99ce1ac61
W10-78,piece-to-piece,EMBED,P-300-21,,1,ROD6.35,A36,3ac11bdd-814c-459f-a792-d237210f8ded
W10-78,piece-to-piece,INSERT,SP25-1067-11,SP25Mx1067 WILLIAMS S,1,ROD25.4,A706-GR.60,c9c3672a-373b-4da1-bbbb-26540496fe44
W10-78,piece-to-piece,EMBED,SP25-1067-31,,1,PD66.675*15.875,A706-GR.60,a31c287d-b3f8-475a-8f58-5385c3ba7946
W10-78,piece-to-piece,EMBED,SP25-1067-21,,1,ROD41.275,A706-GR.60,35bea9db-0598-4474-872f-fe660fc73970
W10-78,piece-to-piece,INSERT,SP25-1067-11,SP25Mx1067 WILLIAMS S,1,ROD25.4,A706-GR.60,a68bd45b-0400-4cdf-94dc-f07dd63e0bf5
W10-78,piece-to-piece,EMBED,SP25-1067-31,,1,PD66.675*15.875,A706-GR.60,be4538bc-cdc2-4970-8918-2a845c9ecfb2
W10-78,piece-to-piece,EMBED,SP25-1067-21,,1,ROD41.275,A706-GR.60,28475f31-5080-4fce-b78e-8b9ee5351a44
W10-78,piece-to-piece,INSERT,SP25-1067-11,SP25Mx1067 WILLIAMS S,1,ROD25.4,A706-GR.60,d36c85c0-2e92-43d0-8736-a9768d2fc2aa
W10-78,piece-to-piece,EMBED,SP25-1067-31,,1,PD66.675*15.875,A706-GR.60,edd5ad1a-7b44-4f99-acb3-83b3006b5352
W10-78,piece-to-piece,EMBED,SP25-1067-21,,1,ROD41.275,A706-GR.60,4cebcc75-79f1-4a25-b2d9-a17556c07532
W10-78,piece-to-piece,INSERT,SP25-1067-11,SP25Mx1067 WILLIAMS S,1,ROD25.4,A706-GR.60,f81d98f4-f32f-4fda-a132-ced914a17e1d
W10-78,piece-to-piece,EMBED,SP25-1067-31,,1,PD66.675*15.875,A706-GR.60,60354a18-f72e-4ac7-bbdf-b4ed651f2c95
W10-78,piece-to-piece,EMBED,SP25-1067-21,,1,ROD41.275,A706-GR.60,de9029b3-2a8e-4911-8340-3b9b83536f37
W10-78,piece-to-piece,PLATE,P-616-11,13x203x203 PLATE,1,PL203*13,A572-GR.50,e815a4f5-4bdc-4962-822f-097c7969dfb0
W10-78,piece-to-piece,EMBED,P-616-21,,1,STUD_12M-DIA,A108-C1010-1020,880bda34-6977-4f0d-8478-ad16dd2226c9
W10-78,piece-to-piece,EMBED,P-616-21,,1,STUD_12M-DIA,A108-C1010-1020,7f908427-2cf7-4611-8671-f849c951e18d
W10-78,piece-to-piece,EMBED,P-616-21,,1,STUD_12M-DIA,A108-C1010-1020,b301fe6c-4b1d-4f81-9a10-789a45e9a895
W10-78,piece-to-piece,EMBED,P-616-21,,1,STUD_12M-DIA,A108-C1010-1020,f25dad6a-1f00-4c7e-865b-46e02ba34ed1
W10-78,piece-to-piece,PLATE,P-616-11,13x203x203 PLATE,1,PL203*13,A572-GR.50,02550f79-8240-4343-a0a7-3be836f1ba5e
W10-78,piece-to-piece,EMBED,P-616-21,,1,STUD_12M-DIA,A108-C1010-1020,27341fb4-eeaf-4c10-adb8-be77cfca119d
W10-78,piece-to-piece,EMBED,P-616-21,,1,STUD_12M-DIA,A108-C1010-1020,dc33bacc-75f8-4894-b71f-bd4c247e68fa
W10-78,piece-to-piece,EMBED,P-616-21,,1,STUD_12M-DIA,A108-C1010-1020,45067173-51cf-4fe6-b67a-607b7d66de08
W10-78,piece-to-piece,EMBED,P-616-21,,1,STUD_12M-DIA,A108-C1010-1020,511bed14-33dc-4ce0-aa91-a7fc09e873f2
W10-78,piece-to-piece,INSERT,SP25-1067-11,SP25Mx1067 WILLIAMS S,1,ROD25.4,A706-GR.60,18ba8667-e5b4-443e-8160-bc42e4da08a6
W10-78,piece-to-piece,EMBED,SP25-1067-31,,1,PD66.675*15.875,A706-GR.60,ad84e499-9d6a-4ee2-aeb2-a2b8b626e1a0
W10-78,piece-to-piece,EMBED,SP25-1067-21,,1,ROD41.275,A706-GR.60,a4a3dfd1-570e-418b-b3ff-ea37ed72a621
W10-78,piece-to-piece,INSERT,SP30-1219-11,30Mx1219 WILLIAMS SPL,1,ROD30.16,A706-GR.60,b8f47543-f1c1-4f9d-9d13-7325b222739d
W10-78,piece-to-piece,EMBED,SP30-1219-31,,1,PD71.438*19.05,A706-GR.60,9aac4750-dd8b-4cd6-b08b-172332773f53
W10-78,piece-to-piece,EMBED,SP30-1219-21,,1,ROD44.45,A706-GR.60,c327d3bc-f7d7-4f83-9628-e5dbf093f254
W10-78,piece-to-piece,GROUT_TUBE,GT100-1219-11,100Øx1219 GROUT TUBE,1,ROD102,Zero_Density,7fd7fb50-b365-4e4f-af08-6a0f4ca340b6
W10-78,piece-to-piece,GROUT_TUBE,GT100-1219-21,,1,ROD110,Zero_Density,e0c674a5-cb99-43eb-94a5-5be0a0eb9b56
W10-78,piece-to-piece,GROUT_TUBE,GT100-1219-31,,1,ROD76,Zero_Density,b0e8e843-1172-4b5e-bd0c-32c1dab819ba
W10-78,piece-to-piece,GROUT_TUBE,GT100-1219-11,100Øx1219 GROUT TUBE,1,ROD102,Zero_Density,9e804654-821e-4e7b-9819-6333adb77249
W10-78,piece-to-piece,GROUT_TUBE,GT100-1219-21,,1,ROD110,Zero_Density,9face8ee-0d63-41cd-86a2-9cc778c73216
W10-78,piece-to-piece,GROUT_TUBE,GT100-1219-31,,1,ROD76,Zero_Density,8a0f40ed-66f6-475c-b236-07795039f1f6
W10-78,piece-to-piece,GROUT_TUBE,GT100-1219-11,100Øx1219 GROUT TUBE,1,ROD102,Zero_Density,48dcce7c-efdd-4eda-a9d3-47c73ee63c33
W10-78,piece-to-piece,GROUT_TUBE,GT100-1219-21,,1,ROD110,Zero_Density,c22e4c61-2242-4745-8009-4aaadf5fd521
W10-78,piece-to-piece,GROUT_TUBE,GT100-1219-31,,1,ROD76,Zero_Density,e14a021d-9fe1-4c6f-b24d-759fb84f6a40
W10-78,piece-to-piece,GROUT_TUBE,GT100-1219-11,100Øx1219 GROUT TUBE,1,ROD102,Zero_Density,9c0d6644-8d35-4a40-96d2-2c4712da1f08
W10-78,piece-to-piece,GROUT_TUBE,GT100-1219-21,,1,ROD110,Zero_Density,bd99d71f-f192-4157-be37-48f50801b813
W10-78,piece-to-piece,GROUT_TUBE,GT100-1219-31,,1,ROD76,Zero_Density,f3168d7d-b79c-4b38-9f07-d532babe7f7f
W10-78,piece-to-piece,GROUT_TUBE,GT100-1219-11,100Øx1219 GROUT TUBE,1,ROD102,Zero_Density,02516e95-82e9-4308-beab-7d34101855fc
W10-78,piece-to-piece,GROUT_TUBE,GT100-1219-21,,1,ROD110,Zero_Density,de6d4c36-1efd-4d06-9db0-f1d5f18b076b
W10-78,piece-to-piece,GROUT_TUBE,GT100-1219-31,,1,ROD76,Zero_Density,0aaecb44-6704-4928-bf5f-b53c968c6e9a
W10-78,piece-to-piece,INSERT,P-300-11,19Ø INSERT (NC),1,ROD23.813,A36,722e6d7a-366c-4486-9f61-b871727fe4e9
W10-78,piece-to-piece,EMBED,P-300-21,,1,ROD6.35,A36,dff1380c-e855-4ffa-b2f4-71b8e6ca0586
W10-78,piece-to-piece,INSERT,P-300-11,19Ø INSERT (NC),1,ROD23.813,A36,ac2b1494-3258-4e62-8af7-0cd73725c11f
W10-78,piece-to-piece,EMBED,P-300-21,,1,ROD6.35,A36,e168cc90-e319-4f63-ac6b-eb9b0b31de94
W10-78,piece-to-piece,ANCHOR,P-205-11,12000LB FORGED ANCHOR,1,PL15.88,A36,494d843b-b649-4ffe-8c66-f8f109672d3c
W10-78,piece-to-piece,EMBED,P-205-21,,1,PL76.2*12.7,A36,bc96d1b1-b4b3-4756-bb53-1f44b30aacf4
W10-78,piece-to-piece,EMBED,P-205-31,,1,SPHERE47.625,A36,cac5a21f-8108-4989-b328-32d8645a55af
W10-78,piece-to-piece,EMBED,P-205-32,,1,PL54,Steel_Undefined,39661b8e-3cc4-4e05-ada2-00ae72ad68fe
W10-78,piece-to-piece,ANCHOR,P-205-11,12000LB FORGED ANCHOR,1,PL15.88,A36,d787b38b-6d3c-4de7-9d56-78aacbb5a537
W10-78,piece-to-piece,EMBED,P-205-21,,1,PL76.2*12.7,A36,6f98541c-0528-46f4-a54e-8bd8e57e811b
W10-78,piece-to-piece,EMBED,P-205-31,,1,SPHERE47.625,A36,0a41706a-0c67-40e5-9c4e-46b374d6a6a1
W10-78,piece-to-piece,EMBED,P-205-32,,1,PL54,Steel_Undefined,1f8008de-a29d-4def-be0f-af5e569f773a
W10-78,piece-to-piece,GROUT_TUBE,GT76-254,76Øx254mm G.TUBE,1,ROD76.2,Zero_Density,5dba95cf-f97e-4a23-9e11-1a223f6b5678
W10-34,piece-to-piece,EMBED,MPX3,V REVEAL LARGE,1,TRIANGLE12.7*12.7,Misc_Undefined,d2f186c6-7582-4456-ade3-1131f9fff0ac
W10-34,piece-to-piece,GROUT_TUBE,GT100-686-11,100Øx686 GROUT TUBE,1,ROD102,Zero_Density,d07345a0-4bc6-4f38-bd60-acbe3d83e311
W10-34,piece-to-piece,GROUT_TUBE,GT100-686-21,,1,ROD110,Zero_Density,34cfa7a5-a189-42c0-8cb8-c8f93501fa40
W10-34,piece-to-piece,GROUT_TUBE,GT100-686-31,,1,ROD76,Zero_Density,d53a5c36-4dd9-4439-94ef-2c2d19ecbb59
W10-34,piece-to-piece,GROUT_TUBE,GT100-1219-11,100Øx1219 GROUT TUBE,1,ROD102,Zero_Density,e2270bf4-05ed-41be-83a0-764903babe03
W10-34,piece-to-piece,GROUT_TUBE,GT100-1219-21,,1,ROD110,Zero_Density,fd52a933-ba08-4d63-9560-4ccd36316953
W10-34,piece-to-piece,GROUT_TUBE,GT100-1219-31,,1,ROD76,Zero_Density,7c914fd4-897b-4d98-9ab2-56b0cdef9709
W10-34,piece-to-piece,INSERT,P-300-11,19Ø INSERT (NC),1,ROD23.813,A36,57b17aa7-e2e8-4847-96c3-7d0313f123fe
W10-34,piece-to-piece,EMBED,P-300-21,,1,ROD6.35,A36,0c2833a1-1564-4472-891e-adf0aa5cb3e5
W10-34,piece-to-piece,GROUT_TUBE,GT100-1219-11,100Øx1219 GROUT TUBE,1,ROD102,Zero_Density,85d3a7fc-e7c0-40ca-b9da-ad5d1f002737
W10-34,piece-to-piece,GROUT_TUBE,GT100-1219-21,,1,ROD110,Zero_Density,d2917d9f-6ca6-4fbc-b923-7bf6ea9450fa
W10-34,piece-to-piece,GROUT_TUBE,GT100-1219-31,,1,ROD76,Zero_Density,14c04930-7f07-4d52-a019-212a6db259b4
W10-34,piece-to-piece,INSERT,SP25-1067-11,SP25Mx1067 WILLIAMS S,1,ROD25.4,A706-GR.60,3ff01528-e421-4569-bc00-1e6c915eec29
W10-34,piece-to-piece,EMBED,SP25-1067-31,,1,PD66.675*15.875,A706-GR.60,753ab8eb-5c22-4418-9d43-d26b9a00a304
W10-34,piece-to-piece,EMBED,SP25-1067-21,,1,ROD41.275,A706-GR.60,e9452b8c-26e5-493e-9940-deac04a10424
W10-34,piece-to-piece,INSERT,SP25-1067-11,SP25Mx1067 WILLIAMS S,1,ROD25.4,A706-GR.60,048a6d44-f1d0-4cd7-9a59-f4c4c23989dc
W10-34,piece-to-piece,EMBED,SP25-1067-31,,1,PD66.675*15.875,A706-GR.60,26396999-8ca6-4823-8056-33992e5cab1e
W10-34,piece-to-piece,EMBED,SP25-1067-21,,1,ROD41.275,A706-GR.60,f448d809-7e0f-4d2f-b148-87b44151bfe2
W10-34,piece-to-piece,INSERT,SP25-1067-11,SP25Mx1067 WILLIAMS S,1,ROD25.4,A706-GR.60,0d09a7e3-0c96-4b44-b523-fbd6e5c8780c
W10-34,piece-to-piece,EMBED,SP25-1067-31,,1,PD66.675*15.875,A706-GR.60,5dd32fb2-2e60-4ae8-9700-ca361adb0bd2
W10-34,piece-to-piece,EMBED,SP25-1067-21,,1,ROD41.275,A706-GR.60,ee1b75a8-85ff-46dd-ab51-0528178dc2f6
W10-34,piece-to-piece,INSERT,SP25-1067-11,SP25Mx1067 WILLIAMS S,1,ROD25.4,A706-GR.60,9422cc06-a2fa-405b-b18c-793f2441dd72
W10-34,piece-to-piece,EMBED,SP25-1067-31,,1,PD66.675*15.875,A706-GR.60,be9d271a-3026-48cd-96b6-33e5557e0a21
W10-34,piece-to-piece,EMBED,SP25-1067-21,,1,ROD41.275,A706-GR.60,68c68678-cd23-46c0-87eb-f64b82d83b14
W10-34,piece-to-piece,INSERT,SP25-1067-11,SP25Mx1067 WILLIAMS S,1,ROD25.4,A706-GR.60,fc9b8e0a-07b9-4d27-9134-b460fe0eef47
W10-34,piece-to-piece,EMBED,SP25-1067-31,,1,PD66.675*15.875,A706-GR.60,4db2c04a-bd50-49e4-bdb4-cadc97c9c774
W10-34,piece-to-piece,EMBED,SP25-1067-21,,1,ROD41.275,A706-GR.60,206732a3-96b5-4fd8-ab92-f8d4168c4da1
W10-34,piece-to-piece,INSERT,SP15-457-11,15Mx457 WILLIAMS SPL,1,ROD16,400W,9ff35318-0821-45eb-9287-16a21231425c
W10-34,piece-to-piece,INSERT,SP15-457-31,,1,PD52.387*12.7,400W,864f1933-110c-4042-97f3-3ddd68392b8d
W10-34,piece-to-piece,INSERT,SP15-457-21,,1,ROD26.987,400W,4c0cc33e-bbc8-4f54-8580-f65b6ef6ad53
W10-34,piece-to-piece,INSERT,SP15-457-11,15Mx457 WILLIAMS SPL,1,ROD16,400W,5496e5a3-1f06-4413-8617-02ecd6cedc66
W10-34,piece-to-piece,INSERT,SP15-457-31,,1,PD52.387*12.7,400W,d7b1ca6a-8ac5-4357-af1f-42080e9a238f
W10-34,piece-to-piece,INSERT,SP15-457-21,,1,ROD26.987,400W,54e0b574-8c02-4b13-a339-345763bf5c0a
W10-34,piece-to-piece,GROUT_TUBE,GT100-1219-11,100Øx1219 GROUT TUBE,1,ROD102,Zero_Density,bd88632b-a617-41fd-97eb-afb5169d9d7b
W10-34,piece-to-piece,GROUT_TUBE,GT100-1219-21,,1,ROD110,Zero_Density,99b299aa-b10a-44dd-8042-f734eb5e0767
W10-34,piece-to-piece,GROUT_TUBE,GT100-1219-31,,1,ROD76,Zero_Density,a7ccd0dd-9c2c-4586-be65-738a439fdc67
W10-34,piece-to-piece,INSERT,SP25-1067-11,SP25Mx1067 WILLIAMS S,1,ROD25.4,A706-GR.60,1c1ea166-4abb-40b6-b47a-4ce9cd539ffa
W10-34,piece-to-piece,EMBED,SP25-1067-31,,1,PD66.675*15.875,A706-GR.60,04983ebf-7fa7-48f7-ae3a-53161454d061
W10-34,piece-to-piece,EMBED,SP25-1067-21,,1,ROD41.275,A706-GR.60,7cb18834-1b39-481b-95a0-f23064dd10d1
W10-34,piece-to-piece,INSERT,SP25-1067-11,SP25Mx1067 WILLIAMS S,1,ROD25.4,A706-GR.60,cb95553d-2013-4a8d-b3a3-b3ef64bc4eed
W10-34,piece-to-piece,EMBED,SP25-1067-31,,1,PD66.675*15.875,A706-GR.60,5f76fde9-d349-4268-a248-e0423b86bc2a
W10-34,piece-to-piece,EMBED,SP25-1067-21,,1,ROD41.275,A706-GR.60,52886025-5b9c-428c-80c6-64ff66a84403
W10-34,piece-to-piece,INSERT,SP25-1067-11,SP25Mx1067 WILLIAMS S,1,ROD25.4,A706-GR.60,41e10b96-29f8-4e84-8d69-a2a52d0b4ce9
W10-34,piece-to-piece,EMBED,SP25-1067-31,,1,PD66.675*15.875,A706-GR.60,d4541335-2424-4908-ad8d-3f02a9028b4c
W10-34,piece-to-piece,EMBED,SP25-1067-21,,1,ROD41.275,A706-GR.60,8671ff5f-d600-426a-bd7f-1412609133a7
W10-34,piece-to-piece,INSERT,SP30-1219-11,30Mx1219 WILLIAMS SPL,1,ROD30.16,A706-GR.60,ff3671dc-e5d3-4f28-9b3d-b1417bd9a89c
W10-34,piece-to-piece,EMBED,SP30-1219-31,,1,PD71.438*19.05,A706-GR.60,5f3ad31d-9b0c-49a8-b83e-250047f1d113
W10-34,piece-to-piece,EMBED,SP30-1219-21,,1,ROD44.45,A706-GR.60,9e835768-2f9d-40df-b960-0933e4c8e7cd
W10-34,piece-to-piece,INSERT,P-300-11,19Ø INSERT (NC),1,ROD23.813,A36,c7c7d036-c89f-41ec-b977-d8ce365f8655
W10-34,piece-to-piece,EMBED,P-300-21,,1,ROD6.35,A36,619020e7-d4ff-4f89-84da-3c07eb6277b6
W10-34,piece-to-piece,INSERT,P-300-11,19Ø INSERT (NC),1,ROD23.813,A36,28e0d9d2-9994-49e2-83f1-f9e9d4f29dfb
W10-34,piece-to-piece,EMBED,P-300-21,,1,ROD6.35,A36,cbc51dbb-6abd-4acc-93e1-2ac8f96571de
W10-34,piece-to-piece,GROUT_TUBE,GT100-1219-11,100Øx1219 GROUT TUBE,1,ROD102,Zero_Density,06f5c01f-f23d-496b-af1b-b3689ddcdc8f
W10-34,piece-to-piece,GROUT_TUBE,GT100-1219-21,,1,ROD110,Zero_Density,00c8d3b5-95d7-448d-a620-53d79e953c90
W10-34,piece-to-piece,GROUT_TUBE,GT100-1219-31,,1,ROD76,Zero_Density,543f1fdf-8912-4153-bf31-f7dafe2aaad9
W10-34,piece-to-piece,GROUT_TUBE,GT100-1219-11,100Øx1219 GROUT TUBE,1,ROD102,Zero_Density,de07bccc-42c9-43ce-a075-fcccd406d097
W10-34,piece-to-piece,GROUT_TUBE,GT100-1219-21,,1,ROD110,Zero_Density,dc6430ea-5fff-4a3d-a06e-4d36b377f13c
W10-34,piece-to-piece,GROUT_TUBE,GT100-1219-31,,1,ROD76,Zero_Density,48526ef2-8315-455a-91a7-0ba000f2e76a
W10-34,piece-to-piece,GROUT_TUBE,GT100-1219-11,100Øx1219 GROUT TUBE,1,ROD102,Zero_Density,aa14f0aa-40c6-4357-9278-fbd049386d6d
W10-34,piece-to-piece,GROUT_TUBE,GT100-1219-21,,1,ROD110,Zero_Density,dda5837c-5b1b-49db-9c8f-e3fa4eddd6b0
W10-34,piece-to-piece,GROUT_TUBE,GT100-1219-31,,1,ROD76,Zero_Density,8745e079-1799-4e47-b400-8e8d8ca3e494
W10-34,piece-to-piece,GROUT_TUBE,GT100-1219-11,100Øx1219 GROUT TUBE,1,ROD102,Zero_Density,be332289-c3b2-4759-bc7a-77ae6d9924da
W10-34,piece-to-piece,GROUT_TUBE,GT100-1219-21,,1,ROD110,Zero_Density,04af4d0b-bf4e-4a09-9675-732bb064a98e
W10-34,piece-to-piece,GROUT_TUBE,GT100-1219-31,,1,ROD76,Zero_Density,8cec998b-9a6c-46ec-96ec-f06f5fa9ad06
W10-34,piece-to-piece,GROUT_TUBE,GT100-1219-11,100Øx1219 GROUT TUBE,1,ROD102,Zero_Density,261687c5-96b4-435d-a75d-2f0db20d2d5a
W10-34,piece-to-piece,GROUT_TUBE,GT100-1219-21,,1,ROD110,Zero_Density,30bf01e8-be95-4b8b-be36-2570433c0fe4
W10-34,piece-to-piece,GROUT_TUBE,GT100-1219-31,,1,ROD76,Zero_Density,6472d2d6-17b0-443e-ae22-ae6abf60c3ce
W10-34,piece-to-piece,GROUT_TUBE,GT100-1219-11,100Øx1219 GROUT TUBE,1,ROD102,Zero_Density,a1d800d0-32c3-4ff0-94a0-facb740e869f
W10-34,piece-to-piece,GROUT_TUBE,GT100-1219-21,,1,ROD110,Zero_Density,7f193df6-aa76-4937-bbc9-3a4cc919b99c
W10-34,piece-to-piece,GROUT_TUBE,GT100-1219-31,,1,ROD76,Zero_Density,07426979-eb14-4b14-9efa-ab2325b3a042
W10-34,piece-to-piece,GROUT_TUBE,GT100-686-11,100Øx686 GROUT TUBE,1,ROD102,Zero_Density,50569e5b-8dbc-4a24-b8f9-ff2e0e658555
W10-34,piece-to-piece,GROUT_TUBE,GT100-686-21,,1,ROD110,Zero_Density,4bb4e9b4-40ab-4c98-8a3e-ee3812423a3d
W10-34,piece-to-piece,GROUT_TUBE,GT100-686-31,,1,ROD76,Zero_Density,463a3693-cea7-4ce7-adc1-79150b9add1a
W10-34,piece-to-piece,INSERT,P-300-11,19Ø INSERT (NC),1,ROD23.813,A36,56e58ebd-0d96-4dc0-999b-74e2c771672e
W10-34,piece-to-piece,EMBED,P-300-21,,1,ROD6.35,A36,48ae0088-3f04-490c-b312-b731f1f89b2d
W10-34,piece-to-piece,INSERT,P-300-11,19Ø INSERT (NC),1,ROD23.813,A36,ca6402b9-1d98-452c-a1d0-3a3afa635cf5
W10-34,piece-to-piece,EMBED,P-300-21,,1,ROD6.35,A36,c850094a-ff9c-4e2d-83c0-b58ccfd2b516
W10-34,piece-to-piece,ANCHOR,P-205-11,12000LB FORGED ANCHOR,1,PL15.88,A36,e335e868-0a04-43ad-9719-e5e8f595f5ee
W10-34,piece-to-piece,EMBED,P-205-21,,1,PL76.2*12.7,A36,2a3a8089-f5e0-47d2-aefd-1c7dc50e625f
W10-34,piece-to-piece,EMBED,P-205-31,,1,SPHERE47.625,A36,540cce8d-5262-4462-a651-1679e525cf27
W10-34,piece-to-piece,EMBED,P-205-32,,1,PL54,Steel_Undefined,c0d19cf0-c6bb-4b74-8468-933bc6bb9dd0
W10-34,piece-to-piece,ANCHOR,P-205-11,12000LB FORGED ANCHOR,1,PL15.88,A36,e7bc31aa-fb4b-43b9-b1f5-f850d4a84844
W10-34,piece-to-piece,EMBED,P-205-21,,1,PL76.2*12.7,A36,8bb12c3b-8dde-42be-8295-77c47f942ac1
W10-34,piece-to-piece,EMBED,P-205-31,,1,SPHERE47.625,A36,3e7d3aa3-5a31-4eba-89df-d499b52dd7b7
W10-34,piece-to-piece,EMBED,P-205-32,,1,PL54,Steel_Undefined,7eac700d-592a-4c1c-a539-51f2ac948925
W10-34,piece-to-piece,ANCHOR,P-205-11,12000LB FORGED ANCHOR,1,PL15.88,A36,67376780-9141-48c5-9486-273c7d3c2aa6
W10-34,piece-to-piece,EMBED,P-205-21,,1,PL76.2*12.7,A36,a8d278a8-ca31-448e-b417-1ae1ea036080
W10-34,piece-to-piece,EMBED,P-205-31,,1,SPHERE47.625,A36,14a7d3be-0071-446e-8919-5d926d12926f
W10-34,piece-to-piece,EMBED,P-205-32,,1,PL54,Steel_Undefined,71dd5573-e6f8-4c64-a76a-89dbf4a59b8a
W10-34,piece-to-piece,ANCHOR,P-205-11,12000LB FORGED ANCHOR,1,PL15.88,A36,647ca6a5-ce0d-45eb-9635-9f8a81f8ce3d
W10-34,piece-to-piece,EMBED,P-205-21,,1,PL76.2*12.7,A36,c5330351-b6d1-4e82-b430-119852c38b85
W10-34,piece-to-piece,EMBED,P-205-31,,1,SPHERE47.625,A36,72dd61c9-7d0f-4d4f-954d-95ef046e2698
W10-34,piece-to-piece,EMBED,P-205-32,,1,PL54,Steel_Undefined,8aabd694-b91c-4d45-92a6-e2332e395770
W10-34,piece-to-piece,GROUT_TUBE,GT76-254,76Øx254mm G.TUBE,1,ROD76.2,Zero_Density,75d3bca1-f36b-48a2-b2ee-e2529537a3a7
W10-34,piece-to-piece,GROUT_TUBE,GT76-254,76Øx254mm G.TUBE,1,ROD76.2,Zero_Density,18bf3b29-79d3-477b-9525-5724d5bd978b
W10-132,piece-to-piece,EMBED,MPX11,V REVEAL LARGE,1,TRIANGLE12.7*12.7,Misc_Undefined,0623cd42-b7d0-4271-8532-43e6356e8813
W10-132,piece-to-piece,INSERT,P-300-11,19Ø INSERT (NC),1,ROD23.813,A36,af6ab3e2-c8be-43da-b893-b3974c4000c6
W10-132,piece-to-piece,EMBED,P-300-21,,1,ROD6.35,A36,415ad890-4633-456a-ad01-19354f9dc3d9
W10-132,piece-to-piece,INSERT,P-300-11,19Ø INSERT (NC),1,ROD23.813,A36,6565af02-72a1-42fa-bf62-33f72c4de407
W10-132,piece-to-piece,EMBED,P-300-21,,1,ROD6.35,A36,747528f9-3e90-452c-a572-0877995321b3
W10-132,piece-to-piece,INSERT,P-300-11,19Ø INSERT (NC),1,ROD23.813,A36,0e242dd3-dc23-423d-9b84-d3686d544231
W10-132,piece-to-piece,EMBED,P-300-21,,1,ROD6.35,A36,1236974f-17fd-437a-b786-ce69316c74d3
W10-132,piece-to-piece,GROUT_TUBE,GT75-1219,75Ø x 1219 GROUT TUBE,1,ROD76,Zero_Density,8b67f065-000c-4e02-abec-15329c27bf57
W10-132,piece-to-piece,GROUT_TUBE,GT75-1219,75Ø x 1219 GROUT TUBE,1,ROD76,Zero_Density,b998c356-5e92-4822-a8c5-1c7de483c6d4
W10-132,piece-to-piece,GROUT_TUBE,GT75-1219,75Ø x 1219 GROUT TUBE,1,ROD76,Zero_Density,ef75465c-6c23-44e6-9d85-2a9e7b3783c0
W10-132,piece-to-piece,GROUT_TUBE,GT75-1219,75Ø x 1219 GROUT TUBE,1,ROD76,Zero_Density,9c1cca24-38e9-4b16-9cbf-0c33eaf04ff2
W10-132,piece-to-piece,GROUT_TUBE,GT75-686,75Ø x 686 GROUT TUBE,1,ROD76,Zero_Density,ebab82a6-e7c7-4162-be09-2e97650fc53f
W10-132,piece-to-piece,GROUT_TUBE,GT75-686,75Ø x 686 GROUT TUBE,1,ROD76,Zero_Density,24d4e43a-709d-436f-b0b4-eb9ac2f08160
W10-132,piece-to-piece,INSERT,SP25-1067-11,SP25Mx1067 WILLIAMS S,1,ROD25.4,A706-GR.60,35b4ce3b-f242-4d4c-82db-7d727514a5f9
W10-132,piece-to-piece,EMBED,SP25-1067-31,,1,PD66.675*15.875,A706-GR.60,df248509-a298-4128-b6ff-ebe34d26fdd1
W10-132,piece-to-piece,EMBED,SP25-1067-21,,1,ROD41.275,A706-GR.60,c8aa1b59-2f9f-45c3-9367-5092e24a3e55
W10-132,piece-to-piece,INSERT,SP25-1067-11,SP25Mx1067 WILLIAMS S,1,ROD25.4,A706-GR.60,ce1084cb-c812-48f0-9bfc-5f00fd084927
W10-132,piece-to-piece,EMBED,SP25-1067-31,,1,PD66.675*15.875,A706-GR.60,8e891448-7001-42ef-a010-49e6e50ff5f6
W10-132,piece-to-piece,EMBED,SP25-1067-21,,1,ROD41.275,A706-GR.60,1dff7afc-498a-4129-8417-c0ab4eaef91a
W10-132,piece-to-piece,INSERT,SP25-1067-11,SP25Mx1067 WILLIAMS S,1,ROD25.4,A706-GR.60,4812f0c3-f688-427b-b294-fea9c61bf522
W10-132,piece-to-piece,EMBED,SP25-1067-31,,1,PD66.675*15.875,A706-GR.60,4754a905-df9d-4c1f-aced-7ebab7988c2b
W10-132,piece-to-piece,EMBED,SP25-1067-21,,1,ROD41.275,A706-GR.60,7442e29a-5860-4019-bda6-71fa1aeeb013
W10-132,piece-to-piece,INSERT,SP25-1067-11,SP25Mx1067 WILLIAMS S,1,ROD25.4,A706-GR.60,36b1bb02-19ef-4c4e-94b3-c08a036919e4
W10-132,piece-to-piece,EMBED,SP25-1067-31,,1,PD66.675*15.875,A706-GR.60,ea78fa14-0351-4e32-824b-3fcd7cd253b9
W10-132,piece-to-piece,EMBED,SP25-1067-21,,1,ROD41.275,A706-GR.60,bfa26a3c-06a0-4e8e-80fa-ea0a3887e707
W10-132,piece-to-piece,INSERT,SP15-457-11,15Mx457 WILLIAMS SPL,1,ROD16,400W,b3f2b952-1d73-4491-93c1-f55e781025f1
W10-132,piece-to-piece,INSERT,SP15-457-31,,1,PD52.387*12.7,400W,38207300-a7b9-4012-be8e-ba5769b3c327
W10-132,piece-to-piece,INSERT,SP15-457-21,,1,ROD26.987,400W,dbe79f8d-0784-496f-9e39-0efc1ced7dc2
W10-132,piece-to-piece,INSERT,SP15-457-11,15Mx457 WILLIAMS SPL,1,ROD16,400W,667b624e-0ba7-485e-a5ad-0999fbc3914e
W10-132,piece-to-piece,INSERT,SP15-457-31,,1,PD52.387*12.7,400W,8f4c1000-8fd3-4791-8545-570b356e54d3
W10-132,piece-to-piece,INSERT,SP15-457-21,,1,ROD26.987,400W,03863188-c405-4012-91d2-0de12ea05bae
W10-132,piece-to-piece,GROUT_TUBE,GT75-1219,75Ø x 1219 GROUT TUBE,1,ROD76,Zero_Density,fefbec89-dcad-480d-82dd-15a31606b10b
W10-132,piece-to-piece,GROUT_TUBE,GT75-1219,75Ø x 1219 GROUT TUBE,1,ROD76,Zero_Density,0cfee533-9004-43e2-b9dd-50c4d04aa900
W10-132,piece-to-piece,GROUT_TUBE,GT75-1219,75Ø x 1219 GROUT TUBE,1,ROD76,Zero_Density,b1f7dd21-1ff2-4e40-a0a8-22e0fa9c38b9
W10-132,piece-to-piece,GROUT_TUBE,GT75-1219,75Ø x 1219 GROUT TUBE,1,ROD76,Zero_Density,7f351e93-3fe8-4e40-a2a2-e5084bec4f52
W10-132,piece-to-piece,GROUT_TUBE,GT100-1219-11,100Øx1219 GROUT TUBE,1,ROD102,Zero_Density,72b96d31-a810-4f09-8b17-57b5ed56a8fc
W10-132,piece-to-piece,GROUT_TUBE,GT100-1219-21,,1,ROD110,Zero_Density,180ce987-c986-4d92-8d4e-7426dc193a4d
W10-132,piece-to-piece,GROUT_TUBE,GT100-1219-31,,1,ROD76,Zero_Density,f880283b-060b-4273-8484-6f09dca7f361
W10-132,piece-to-piece,INSERT,SP25-1067-11,SP25Mx1067 WILLIAMS S,1,ROD25.4,A706-GR.60,06f26761-a612-4295-bad5-a60a6744cd52
W10-132,piece-to-piece,EMBED,SP25-1067-31,,1,PD66.675*15.875,A706-GR.60,1fa6e3db-dd39-4bfb-8e12-8415e6d1de14
W10-132,piece-to-piece,EMBED,SP25-1067-21,,1,ROD41.275,A706-GR.60,df57ba53-d1f5-4d6f-85c9-11266d657271
W10-132,piece-to-piece,INSERT,SP25-1067-11,SP25Mx1067 WILLIAMS S,1,ROD25.4,A706-GR.60,5d5e41f2-c0b9-4d4f-ba6d-4d556b8f409a
W10-132,piece-to-piece,EMBED,SP25-1067-31,,1,PD66.675*15.875,A706-GR.60,a6f4850c-2a9a-4fc1-a1ff-a654315d85b1
W10-132,piece-to-piece,EMBED,SP25-1067-21,,1,ROD41.275,A706-GR.60,27d300a1-46cb-4633-85bd-9c24c01ab359
W10-132,piece-to-piece,INSERT,SP25-1067-11,SP25Mx1067 WILLIAMS S,1,ROD25.4,A706-GR.60,cdbd3545-88b0-4a6e-ac53-b87cdb90d40e
W10-132,piece-to-piece,EMBED,SP25-1067-31,,1,PD66.675*15.875,A706-GR.60,9ba9edae-31fa-450e-b71f-6740eb1a3068
W10-132,piece-to-piece,EMBED,SP25-1067-21,,1,ROD41.275,A706-GR.60,8539b4f0-7a10-451d-a14b-cd388b88cea0
W10-132,piece-to-piece,INSERT,SP25-1067-11,SP25Mx1067 WILLIAMS S,1,ROD25.4,A706-GR.60,bf0c0d55-33cc-4350-875c-bef01c72af01
W10-132,piece-to-piece,EMBED,SP25-1067-31,,1,PD66.675*15.875,A706-GR.60,1d9de0cc-5482-4766-8830-358626c40da7
W10-132,piece-to-piece,EMBED,SP25-1067-21,,1,ROD41.275,A706-GR.60,13769351-61e0-4657-a9cb-1b5a40971e69
W10-132,piece-to-piece,INSERT,SP30-1219-11,30Mx1219 WILLIAMS SPL,1,ROD30.16,A706-GR.60,cd665689-7ea4-48cb-bf64-e78dc92ccb8e
W10-132,piece-to-piece,EMBED,SP30-1219-31,,1,PD71.438*19.05,A706-GR.60,4c6e7fc2-cafe-43f0-a48b-ac4d5af00a50
W10-132,piece-to-piece,EMBED,SP30-1219-21,,1,ROD44.45,A706-GR.60,c98f51d4-1586-4343-8a84-7c8237edad96
W10-132,piece-to-piece,GROUT_TUBE,GT76-254,76Øx254mm G.TUBE,1,ROD76.2,Zero_Density,99e5051e-c2f1-4cba-98ef-2d927fb1689b
W10-132,piece-to-piece,GROUT_TUBE,GT76-254,76Øx254mm G.TUBE,1,ROD76.2,Zero_Density,352b9d9d-eeb1-47e5-a7e3-24c04a242af9
W10-132,piece-to-piece,GROUT_TUBE,GT76-254,76Øx254mm G.TUBE,1,ROD76.2,Zero_Density,8f311079-fe56-4c39-9cbb-bae100b053e0
W10-132,piece-to-piece,GROUT_TUBE,GT76-254,76Øx254mm G.TUBE,1,ROD76.2,Zero_Density,f0123eb3-0c61-459f-9bbc-34bbe6aaad57
W10-132,piece-to-piece,GROUT_TUBE,GT76-254,76Øx254mm G.TUBE,1,ROD76.2,Zero_Density,d8563f44-b497-4cbe-ade0-3d78f78708e5
W10-132,piece-to-piece,GROUT_TUBE,GT76-254,76Øx254mm G.TUBE,1,ROD76.2,Zero_Density,3661d564-e16a-4483-b014-178a7c3d5e26
W10-132,piece-to-piece,CONDUIT,CNDT37,19MM CONDUIT,1,ROD19,Zero_Density,007dc9a3-f675-4015-bb2d-ae9956d53eb1
W10-132,piece-to-piece,PLATE,EB-S-PL1,Single Plastic Electr,1,160*50.8,Zero_Density,25e39c1b-09fa-4dcc-8573-fd0f54fb79a3
W10-132,piece-to-piece,EMBED,P-602-11,13PL. W/STUD,1,PL101.6*12.7,A572-GR.50,d13ff7ba-998c-45b9-8be5-8426414dd1ba
W10-132,piece-to-piece,EMBED,P-602-21,,1,STUD_1/2-DIA,A108-C1010-1020,2bec671a-dc6f-4799-8a65-e157a3995920
W10-132,piece-to-piece,INSERT,P-300-11,19Ø INSERT (NC),1,ROD23.813,A36,1e325ed9-8f50-40ce-9dc8-98729d12e609
W10-132,piece-to-piece,EMBED,P-300-21,,1,ROD6.35,A36,e0337fb2-3bea-4c4d-b044-9c8cce659d22
W10-132,piece-to-piece,INSERT,P-300-11,19Ø INSERT (NC),1,ROD23.813,A36,d277c4c0-264c-4da5-bc71-affb1b1a22fb
W10-132,piece-to-piece,EMBED,P-300-21,,1,ROD6.35,A36,ef29b1de-5316-43b8-bfbe-d1e464491f71
W10-132,piece-to-piece,ANCHOR,P-205-11,12000LB FORGED ANCHOR,1,PL15.88,A36,b98e8fd6-97ba-4472-b12c-3e8f8d298350
W10-132,piece-to-piece,EMBED,P-205-21,,1,PL76.2*12.7,A36,3da8ef1e-9767-488a-a453-e8e2acdf7380
W10-132,piece-to-piece,EMBED,P-205-31,,1,SPHERE47.625,A36,38a88e2c-20a7-4b4c-9749-3dd9d2892e21
W10-132,piece-to-piece,EMBED,P-205-32,,1,PL54,Steel_Undefined,5bc3fa35-f51d-45f0-b8f1-df31e7804aa3
W10-132,piece-to-piece,ANCHOR,P-205-11,12000LB FORGED ANCHOR,1,PL15.88,A36,4df09528-40c2-43b7-8a65-d622c5fb3195
W10-132,piece-to-piece,EMBED,P-205-21,,1,PL76.2*12.7,A36,18b4ec38-b26b-486e-bb9b-bb4ce96125d8
W10-132,piece-to-piece,EMBED,P-205-31,,1,SPHERE47.625,A36,09792eab-b518-45eb-a497-be3cbee998e5
W10-132,piece-to-piece,EMBED,P-205-32,,1,PL54,Steel_Undefined,6a004254-d043-43d8-83da-44851ffad581
W10-132,piece-to-piece,ANCHOR,P-205-11,12000LB FORGED ANCHOR,1,PL15.88,A36,ad52b52c-7fd9-46cc-87e9-2721f490e21e
W10-132,piece-to-piece,EMBED,P-205-21,,1,PL76.2*12.7,A36,7c000b3d-e5d5-443d-9ded-ed1784d427d3
W10-132,piece-to-piece,EMBED,P-205-31,,1,SPHERE47.625,A36,55b48cdc-7c70-4705-9115-1e327f0b7e71
W10-132,piece-to-piece,EMBED,P-205-32,,1,PL54,Steel_Undefined,327f9bd4-4f99-4ba0-a182-4828b12a0020
W10-132,piece-to-piece,ANCHOR,P-205-11,12000LB FORGED ANCHOR,1,PL15.88,A36,bb33ae94-2058-4c3b-9557-6154be4ce097
W10-132,piece-to-piece,EMBED,P-205-21,,1,PL76.2*12.7,A36,d2ece925-ab78-40d1-a3a5-1971618ec177
W10-132,piece-to-piece,EMBED,P-205-31,,1,SPHERE47.625,A36,2d14a690-8fe1-4feb-a788-2c15ebc8d109
W10-132,piece-to-piece,EMBED,P-205-32,,1,PL54,Steel_Undefined,3b113018-7545-4337-b328-629743fa776c
P6-1,piece-to-piece,EMBED,MPX10,V REVEAL LARGE,1,TRIANGLE12.7*12.7,Misc_Undefined,3dcb27df-cda4-4318-8d49-97fe1e06f522
P6-1,piece-to-piece,EMBED,MPX10,V REVEAL LARGE,1,TRIANGLE12.7*12.7,Misc_Undefined,ea9129d1-e5b1-4a86-9cdf-fd7b44b76593
P6-1,piece-to-piece,EMBED,P-620-11,6PL W/STUDS,1,PL101.6*6.35,A572-GR.50,c7830542-5536-411d-97ee-871cbaee78bc
P6-1,piece-to-piece,EMBED,P-620-21,,1,STUD_1/2-DIA,A108-C1010-1020,a2693e14-835b-49d9-8916-2092a2e8284c
P6-1,piece-to-piece,EMBED,P-620-21,,1,STUD_1/2-DIA,A108-C1010-1020,3b05d4a5-8d18-4369-973e-1a4c39917d17
P6-1,piece-to-piece,EMBED,P-620-21,,1,STUD_1/2-DIA,A108-C1010-1020,6926c902-eee1-41cc-bc77-eaf29fe2b278
P6-1,piece-to-piece,EMBED,P-620-21,,1,STUD_1/2-DIA,A108-C1010-1020,207e7f6b-4f6b-443c-a3da-32c989adcf94
P6-1,piece-to-piece,EMBED,P-620-11,6PL W/STUDS,1,PL101.6*6.35,A572-GR.50,0960b5f4-582a-40fd-a29c-f869edf24465
P6-1,piece-to-piece,EMBED,P-620-21,,1,STUD_1/2-DIA,A108-C1010-1020,1ae97e47-2c99-4a5b-af81-82a691da2d70
P6-1,piece-to-piece,EMBED,P-620-21,,1,STUD_1/2-DIA,A108-C1010-1020,4268b5de-b2a0-4677-a44c-50fb3bda9208
P6-1,piece-to-piece,EMBED,P-620-21,,1,STUD_1/2-DIA,A108-C1010-1020,152e06b6-08a6-4bf0-88e9-18d3bc931717
P6-1,piece-to-piece,EMBED,P-620-21,,1,STUD_1/2-DIA,A108-C1010-1020,5ec6616d-f509-4975-ab49-9d6177bbf187
P6-1,piece-to-piece,EMBED,P-620-11,6PL W/STUDS,1,PL101.6*6.35,A572-GR.50,98e6adb8-06e8-4258-9afc-9113a568a9e7
P6-1,piece-to-piece,EMBED,P-620-21,,1,STUD_1/2-DIA,A108-C1010-1020,ba096ebf-6b0b-4b62-a029-371f848615e2
P6-1,piece-to-piece,EMBED,P-620-21,,1,STUD_1/2-DIA,A108-C1010-1020,51fd1ab0-42a5-4081-8327-e3d9f4e1ff7f
P6-1,piece-to-piece,EMBED,P-620-21,,1,STUD_1/2-DIA,A108-C1010-1020,2b5fca33-29df-4cac-bf77-bee72bb6093e
P6-1,piece-to-piece,EMBED,P-620-21,,1,STUD_1/2-DIA,A108-C1010-1020,1125b5da-3cf3-4b04-9318-41e17776b38a
P6-1,piece-to-piece,EMBED,P-620-11,6PL W/STUDS,1,PL101.6*6.35,A572-GR.50,9c8eeeec-060e-4753-9d8b-6073eedf5709
P6-1,piece-to-piece,EMBED,P-620-21,,1,STUD_1/2-DIA,A108-C1010-1020,310b9491-e3c5-4c46-a145-abe4db82237f
P6-1,piece-to-piece,EMBED,P-620-21,,1,STUD_1/2-DIA,A108-C1010-1020,7cfded33-3db6-4bbc-80f6-4fa663261237
P6-1,piece-to-piece,EMBED,P-620-21,,1,STUD_1/2-DIA,A108-C1010-1020,4cde8aa3-e6af-41fc-9137-a5a93c2d2f07
P6-1,piece-to-piece,EMBED,P-620-21,,1,STUD_1/2-DIA,A108-C1010-1020,30353ece-3468-4c16-86fa-941eb852f499
P6-1,piece-to-piece,EMBED,P-620-11,6PL W/STUDS,1,PL101.6*6.35,A572-GR.50,ea5708b2-f6fd-4d5a-94b0-493a5d43fa7b
P6-1,piece-to-piece,EMBED,P-620-21,,1,STUD_1/2-DIA,A108-C1010-1020,850da15d-954a-43cd-aa4f-ab6a992d2648
P6-1,piece-to-piece,EMBED,P-620-21,,1,STUD_1/2-DIA,A108-C1010-1020,4de168ed-2af1-44d0-9355-5c76fc45bea5
P6-1,piece-to-piece,EMBED,P-620-21,,1,STUD_1/2-DIA,A108-C1010-1020,dda68dd3-0a7c-4be7-9ebf-1ca6dd8925ad
P6-1,piece-to-piece,EMBED,P-620-21,,1,STUD_1/2-DIA,A108-C1010-1020,34773b44-9925-4771-b043-e138fad6a4cf
P6-1,piece-to-piece,EMBED,P-620-11,6PL W/STUDS,1,PL101.6*6.35,A572-GR.50,759e0ea4-e2cf-4b2c-bed1-45c8296c2940
P6-1,piece-to-piece,EMBED,P-620-21,,1,STUD_1/2-DIA,A108-C1010-1020,61b0c124-4740-44a8-ae3f-90bef329636b
P6-1,piece-to-piece,EMBED,P-620-21,,1,STUD_1/2-DIA,A108-C1010-1020,c512ca21-e598-4e1d-a98b-d2576995da54
P6-1,piece-to-piece,EMBED,P-620-21,,1,STUD_1/2-DIA,A108-C1010-1020,63ab34da-c672-4a6b-80bf-1d4317e91e11
P6-1,piece-to-piece,EMBED,P-620-21,,1,STUD_1/2-DIA,A108-C1010-1020,29721a94-e12f-4f0f-948a-85b3bcf4d35e
P6-1,piece-to-piece,EMBED,P-620-11,6PL W/STUDS,1,PL101.6*6.35,A572-GR.50,c7b4fc4e-035d-4292-b67e-e27bcae51834
P6-1,piece-to-piece,EMBED,P-620-21,,1,STUD_1/2-DIA,A108-C1010-1020,6f98585a-f48c-4f7a-b303-8efe2e757ccd
P6-1,piece-to-piece,EMBED,P-620-21,,1,STUD_1/2-DIA,A108-C1010-1020,8e21d8d3-2a2a-4c8c-a47f-5bb2cdbdb9ab
P6-1,piece-to-piece,EMBED,P-620-21,,1,STUD_1/2-DIA,A108-C1010-1020,fffd7509-7b0d-415f-9077-dcd213f19ec8
P6-1,piece-to-piece,EMBED,P-620-21,,1,STUD_1/2-DIA,A108-C1010-1020,ecc8a213-ca43-4458-904e-ac8a35069433
P6-1,piece-to-piece,INSERT,P-300-11,19Ø INSERT (NC),1,ROD23.813,A36,ac6a7136-f68f-40db-a82a-e618326aab2d
P6-1,piece-to-piece,EMBED,P-300-21,,1,ROD6.35,A36,61146a45-d24d-4fd1-bd55-af8a7f16c766
P6-1,piece-to-piece,INSERT,P-300-11,19Ø INSERT (NC),1,ROD23.813,A36,9e8c39fd-0966-48f4-a618-8cfba4189aed
P6-1,piece-to-piece,EMBED,P-300-21,,1,ROD6.35,A36,97ff6c1d-1a1a-4d3b-adfb-75f32ec6a11a
P6-1,piece-to-piece,INSERT,P-300-11,19Ø INSERT (NC),1,ROD23.813,A36,7181234b-9cb8-4a1d-a61b-82afb4178507
P6-1,piece-to-piece,EMBED,P-300-21,,1,ROD6.35,A36,5ccbfd65-b52a-439f-8db3-21d1f6150b2b
P6-1,piece-to-piece,INSERT,P-300-11,19Ø INSERT (NC),1,ROD23.813,A36,71414cb6-9f93-45e9-885a-5e3a5079e788
P6-1,piece-to-piece,EMBED,P-300-21,,1,ROD6.35,A36,00f1e525-1c3a-41d3-8463-d86424e9861c
P6-1,piece-to-piece,GROUT_TUBE,GT75-305,76Ø x 305 GROUT TUBE,1,ROD76.2,Zero_Density,3619e0d9-4637-4bed-8271-b33e0c526922
P6-1,piece-to-piece,GROUT_TUBE,GT75-305,76Ø x 305 GROUT TUBE,1,ROD76.2,Zero_Density,67cf33e0-aa92-4b6b-b4c9-32a271c0248c
P6-1,piece-to-piece,GROUT_TUBE,GT75-305,76Ø x 305 GROUT TUBE,1,ROD76.2,Zero_Density,df76a014-ed7f-4662-9f97-ed80876ee917
P6-1,piece-to-piece,GROUT_TUBE,GT75-305,76Ø x 305 GROUT TUBE,1,ROD76.2,Zero_Density,4f72210d-ba0e-4881-8831-dbaf43c4a448
P6-1,piece-to-piece,GROUT_TUBE,GT75-305,76Ø x 305 GROUT TUBE,1,ROD76.2,Zero_Density,5258284b-f4ff-41aa-9657-6442701d3b72
P6-1,piece-to-piece,GROUT_TUBE,GT75-305,76Ø x 305 GROUT TUBE,1,ROD76.2,Zero_Density,5aa0a183-66df-421f-a131-4e4069773751
P6-1,piece-to-piece,GROUT_TUBE,GT75-305,76Ø x 305 GROUT TUBE,1,ROD76.2,Zero_Density,a747e939-aa42-40b4-8464-29d02d73291e
P6-1,piece-to-piece,GROUT_TUBE,GT76-152,76Øx152mm G.TUBE,1,ROD76.2,Zero_Density,14b919bb-aa47-4096-9607-059c2be92ece
P6-1,piece-to-piece,GROUT_TUBE,GT76-152,76Øx152mm G.TUBE,1,ROD76.2,Zero_Density,1de93c43-6962-49f7-aa11-bda3d0d00598
P6-1,piece-to-piece,GROUT_TUBE,GT76-152,76Øx152mm G.TUBE,1,ROD76.2,Zero_Density,00fd8770-651b-44fe-9c9f-755bfe23e514
P6-1,piece-to-piece,GROUT_TUBE,GT76-152,76Øx152mm G.TUBE,1,ROD76.2,Zero_Density,8fda990c-dda4-4e51-aec2-6937033ab41c
P6-1,piece-to-piece,GROUT_TUBE,GT76-152,76Øx152mm G.TUBE,1,ROD76.2,Zero_Density,62cda697-132c-4c20-86ed-6e323cdeb2cb
P6-1,piece-to-piece,GROUT_TUBE,GT76-152,76Øx152mm G.TUBE,1,ROD76.2,Zero_Density,a71e14d6-48d9-4308-a096-048c3c37922f
P6-1,piece-to-piece,INSERT,P-300-11,19Ø INSERT (NC),1,ROD23.813,A36,773ae34a-da8e-4daf-abf4-ae5e58b9bb26
P6-1,piece-to-piece,EMBED,P-300-21,,1,ROD6.35,A36,cb64a5d3-e2d3-4d96-be4e-0dd771cccec4
P6-1,piece-to-piece,INSERT,P-300-11,19Ø INSERT (NC),1,ROD23.813,A36,2e4618da-af78-46d8-927d-e71b953277cb
P6-1,piece-to-piece,EMBED,P-300-21,,1,ROD6.35,A36,40b4b02f-bd41-40d6-a532-c81092e48c11
P6-1,piece-to-piece,GROUT_TUBE,GT76-152,76Øx152mm G.TUBE,1,ROD76.2,Zero_Density,d97aad8e-f3c9-446a-be93-eb1eefd072b5
P6-1,piece-to-piece,GROUT_TUBE,GT76-152,76Øx152mm G.TUBE,1,ROD76.2,Zero_Density,0df36d60-ca0d-4f23-960a-b4e8956ce6d3
P6-1,piece-to-piece,GROUT_TUBE,GT76-152,76Øx152mm G.TUBE,1,ROD76.2,Zero_Density,52a882e0-7ddd-45d7-ac14-15967be40e7a
P6-1,piece-to-piece,ANCHOR,P-205-11,12000LB FORGED ANCHOR,1,PL15.88,A36,e8d0c7a9-30e8-4b95-9e9e-063d0f57b7d2
P6-1,piece-to-piece,EMBED,P-205-21,,1,PL76.2*12.7,A36,cba9619e-49d6-46e0-983c-e49f4072a66a
P6-1,piece-to-piece,EMBED,P-205-31,,1,SPHERE47.625,A36,7ffc4454-453b-4cf0-a963-ca1929a1679c
P6-1,piece-to-piece,EMBED,P-205-32,,1,PL54,Steel_Undefined,a2e9b8f4-0a12-47e7-ba36-91c987d2c520
P6-1,piece-to-piece,ANCHOR,P-205-11,12000LB FORGED ANCHOR,1,PL15.88,A36,ea441982-43de-4262-b9ae-1002ceea5ea3
P6-1,piece-to-piece,EMBED,P-205-21,,1,PL76.2*12.7,A36,cf504dc2-aca6-45d1-9eae-56da41b4ba4f
P6-1,piece-to-piece,EMBED,P-205-31,,1,SPHERE47.625,A36,23f1d781-22ce-43ed-8a18-36a2bc6a0a2e
P6-1,piece-to-piece,EMBED,P-205-32,,1,PL54,Steel_Undefined,288f4296-3d62-412c-914c-4a3b99a91aff
P6-1,piece-to-piece,ANCHOR,P-205-11,12000LB FORGED ANCHOR,1,PL15.88,A36,1e74cfdf-5b93-437d-97c4-30171845cee7
P6-1,piece-to-piece,EMBED,P-205-21,,1,PL76.2*12.7,A36,34ac4fe2-db4f-4b79-9592-73efa8ba330f
P6-1,piece-to-piece,EMBED,P-205-31,,1,SPHERE47.625,A36,508c0d4f-9b68-4312-95a3-4e4c9766357f
P6-1,piece-to-piece,EMBED,P-205-32,,1,PL54,Steel_Undefined,c4226d11-ee40-4d9f-a472-657ea6d13618
P6-1,piece-to-piece,ANCHOR,P-205-11,12000LB FORGED ANCHOR,1,PL15.88,A36,db879938-4bdd-4439-84f4-0c884ac5da1b
P6-1,piece-to-piece,EMBED,P-205-21,,1,PL76.2*12.7,A36,5b6efb76-d5a2-4d7e-989b-fe3c17d4ed7f
P6-1,piece-to-piece,EMBED,P-205-31,,1,SPHERE47.625,A36,abfb5bfe-8b38-490d-b7e0-0f4d274f6c9a
P6-1,piece-to-piece,EMBED,P-205-32,,1,PL54,Steel_Undefined,e05c58d4-1728-4ebe-a926-be66c8ec2e11
W10-43,piece-to-piece,GROUT_TUBE,GT100-1219-11,100Øx1219 GROUT TUBE,1,ROD102,Zero_Density,2642b92e-8df9-4db6-ba3f-c09a61c63757
W10-43,piece-to-piece,GROUT_TUBE,GT100-1219-21,,1,ROD110,Zero_Density,56d8cc22-4677-47b6-9ef2-1fc79ca98429
W10-43,piece-to-piece,GROUT_TUBE,GT100-1219-31,,1,ROD76,Zero_Density,87ccec93-4c86-4f6c-be43-c844bd5d6511
W10-43,piece-to-piece,GROUT_TUBE,GT100-686-11,100Øx686 GROUT TUBE,1,ROD102,Zero_Density,45bf5dee-cce7-4405-8cc3-4cf734026ee3
W10-43,piece-to-piece,GROUT_TUBE,GT100-686-21,,1,ROD110,Zero_Density,dad0e03c-77ad-44b3-b0bb-01a890feee46
W10-43,piece-to-piece,GROUT_TUBE,GT100-686-31,,1,ROD76,Zero_Density,815e421f-896f-47f9-9547-bd42b8770ea1
W10-43,piece-to-piece,INSERT,SP15-457-11,15Mx457 WILLIAMS SPL,1,ROD16,400W,e3d13df2-7cbe-43ca-8876-9a55a9b5ac97
W10-43,piece-to-piece,INSERT,SP15-457-31,,1,PD52.387*12.7,400W,154ed5b6-95e3-4268-b395-50e44afc19c9
W10-43,piece-to-piece,INSERT,SP15-457-21,,1,ROD26.987,400W,7999cca9-3c61-4207-9271-b0d2f92a7dd5
W10-43,piece-to-piece,INSERT,SP15-457-11,15Mx457 WILLIAMS SPL,1,ROD16,400W,49671c59-fe8e-495e-abd9-1102cb70269a
W10-43,piece-to-piece,INSERT,SP15-457-31,,1,PD52.387*12.7,400W,24b98e08-7665-42c8-9854-d1a8f4f1db04
W10-43,piece-to-piece,INSERT,SP15-457-21,,1,ROD26.987,400W,3a09d4a4-0f97-43cf-a5d8-f1318f8b8718
W10-43,piece-to-piece,INSERT,SP15-457-11,15Mx457 WILLIAMS SPL,1,ROD16,400W,849443a6-ca71-4ea0-83a5-dd24e0d73174
W10-43,piece-to-piece,INSERT,SP15-457-31,,1,PD52.387*12.7,400W,edb8dfbb-5955-4a6d-b25d-0e96884176d4
W10-43,piece-to-piece,INSERT,SP15-457-21,,1,ROD26.987,400W,69dc476c-aaae-4c57-88aa-6f70bd3760d4
W10-43,piece-to-piece,INSERT,SP15-457-11,15Mx457 WILLIAMS SPL,1,ROD16,400W,6df85a15-6edd-4534-a66d-0cffcb97263a
W10-43,piece-to-piece,INSERT,SP15-457-31,,1,PD52.387*12.7,400W,894238e5-f632-45ed-ba87-4724165d0c1e
W10-43,piece-to-piece,INSERT,SP15-457-21,,1,ROD26.987,400W,b2570057-e438-44c8-ae6d-7c28fcdd9a1f
W10-43,piece-to-piece,INSERT,SP15-457-11,15Mx457 WILLIAMS SPL,1,ROD16,400W,b5111669-2e28-4766-9bc3-c5be368a035f
W10-43,piece-to-piece,INSERT,SP15-457-31,,1,PD52.387*12.7,400W,072d40c0-a935-4d89-b732-71b0cde49fd0
W10-43,piece-to-piece,INSERT,SP15-457-21,,1,ROD26.987,400W,180a7e19-bb51-4168-9888-a765b4fe9625
W10-43,piece-to-piece,INSERT,P-300-11,19Ø INSERT (NC),1,ROD23.813,A36,dfa77b0a-349a-41f0-ba97-f9e9112fae69
W10-43,piece-to-piece,EMBED,P-300-21,,1,ROD6.35,A36,d32caaf7-bca2-45f7-aefa-935ce281f6d9
W10-43,piece-to-piece,PLATE,P-705-11,13x203x203 PLATE,1,PL203*12.7,A572-GR.50,0be4aee2-32ac-41b0-aa7a-cc2119b9d0af
W10-43,piece-to-piece,INSERT,SP15-457-11,15Mx457 WILLIAMS SPL,1,ROD16,400W,ceaad235-18c1-455c-b9a5-0fac36aab9b5
W10-43,piece-to-piece,INSERT,SP15-457-31,,1,PD52.387*12.7,400W,0d668edb-8c10-4aaf-ba90-30a3b0659f9c
W10-43,piece-to-piece,INSERT,SP15-457-21,,1,ROD26.987,400W,36372cbc-6026-4e67-9b16-184c1fd9af0b
W10-43,piece-to-piece,INSERT,SP15-457-11,15Mx457 WILLIAMS SPL,1,ROD16,400W,dbd0764f-cc47-4222-b76f-6e58703c2764
W10-43,piece-to-piece,INSERT,SP15-457-31,,1,PD52.387*12.7,400W,9c1340b1-8b09-41e0-895d-242d1846f305
W10-43,piece-to-piece,INSERT,SP15-457-21,,1,ROD26.987,400W,9ad21e9b-edca-4f8a-9bb7-4d7009b7b466
W10-43,piece-to-piece,INSERT,SP15-457-11,15Mx457 WILLIAMS SPL,1,ROD16,400W,22635525-3165-4ada-bcbb-7c289a6939d8
W10-43,piece-to-piece,INSERT,SP15-457-31,,1,PD52.387*12.7,400W,c788111c-9642-4cd2-8d5e-51ff1276f69d
W10-43,piece-to-piece,INSERT,SP15-457-21,,1,ROD26.987,400W,41e7399d-f735-46a4-947b-62d9a6b43926
W10-43,piece-to-piece,GROUT_TUBE,GT100-1219-11,100Øx1219 GROUT TUBE,1,ROD102,Zero_Density,0caaf11c-0c74-4823-9503-76c9a6328557
W10-43,piece-to-piece,GROUT_TUBE,GT100-1219-21,,1,ROD110,Zero_Density,6ed6ae7b-3f48-430d-8c6a-b2b574bd2379
W10-43,piece-to-piece,GROUT_TUBE,GT100-1219-31,,1,ROD76,Zero_Density,3b1647d3-0faf-4e1c-b36d-0eb93a298044
W10-43,piece-to-piece,GROUT_TUBE,GT100-686-11,100Øx686 GROUT TUBE,1,ROD102,Zero_Density,bb128415-60d6-4cd8-ae91-7db22624a2b4
W10-43,piece-to-piece,GROUT_TUBE,GT100-686-21,,1,ROD110,Zero_Density,eb794e4f-d537-4802-9d4c-9186d50b7582
W10-43,piece-to-piece,GROUT_TUBE,GT100-686-31,,1,ROD76,Zero_Density,11e894ef-2b76-4ba7-b13f-31ea123dd236
W10-43,piece-to-piece,GROUT_TUBE,GT100-686-11,100Øx686 GROUT TUBE,1,ROD102,Zero_Density,1af38f25-23a1-430e-9405-b6554de231a5
W10-43,piece-to-piece,GROUT_TUBE,GT100-686-21,,1,ROD110,Zero_Density,f6e689bc-f5b5-4867-b12d-6a816cc8c25c
W10-43,piece-to-piece,GROUT_TUBE,GT100-686-31,,1,ROD76,Zero_Density,566937d9-9c41-4337-9596-fa3a4ebede7b
W10-43,piece-to-piece,GROUT_TUBE,GT100-686-11,100Øx686 GROUT TUBE,1,ROD102,Zero_Density,5be0f536-6c39-465d-933e-46692dd8ef7a
W10-43,piece-to-piece,GROUT_TUBE,GT100-686-21,,1,ROD110,Zero_Density,7d889178-c6ba-459d-8a2a-3bfcd000993b
W10-43,piece-to-piece,GROUT_TUBE,GT100-686-31,,1,ROD76,Zero_Density,b6e2167e-0b8c-4739-9df5-c2ddd19455a5
W10-43,piece-to-piece,GROUT_TUBE,GT100-686-11,100Øx686 GROUT TUBE,1,ROD102,Zero_Density,fb5e2756-f202-4291-b6fe-272a8e105e68
W10-43,piece-to-piece,GROUT_TUBE,GT100-686-21,,1,ROD110,Zero_Density,8bac11f6-beb6-44d6-bd70-76f483662c57
W10-43,piece-to-piece,GROUT_TUBE,GT100-686-31,,1,ROD76,Zero_Density,48fe72c7-895b-4c32-b75d-31a479c4dab3
W10-43,piece-to-piece,CONDUIT,CNDT16,19MM CONDUIT,1,ROD19,Zero_Density,05e7c94a-19c1-46df-8859-34b991f7e4d0
W10-43,piece-to-piece,PLATE,EB-S-PL1,Single Plastic Electr,1,160*50.8,Zero_Density,648fe841-7299-4f31-aa71-e96379702274
W10-43,piece-to-piece,INSERT,P-300-11,19Ø INSERT (NC),1,ROD23.813,A36,c6459e32-d52c-495a-b17b-0dd03bdd28d3
W10-43,piece-to-piece,EMBED,P-300-21,,1,ROD6.35,A36,6d0d697b-7bad-4249-beb1-e3cf560a6e02
W10-43,piece-to-piece,INSERT,P-300-11,19Ø INSERT (NC),1,ROD23.813,A36,90ce66f3-d9b9-4909-ba75-0aa013a0989f
W10-43,piece-to-piece,EMBED,P-300-21,,1,ROD6.35,A36,188090b1-4b04-41e2-8072-a8b8f8cb4d37
W10-43,piece-to-piece,ANCHOR,P-205-11,12000LB FORGED ANCHOR,1,PL15.88,A36,a7e3b767-c476-4962-8e28-946f68055fd2
W10-43,piece-to-piece,EMBED,P-205-21,,1,PL76.2*12.7,A36,61db0850-b10e-4ae1-8ae9-120b12062f2f
W10-43,piece-to-piece,EMBED,P-205-31,,1,SPHERE47.625,A36,038a8b49-9104-4763-8ee1-cb10e964f4f2
W10-43,piece-to-piece,EMBED,P-205-32,,1,PL54,Steel_Undefined,b4f4337c-05ac-4a53-923c-de998d846f08
W10-43,piece-to-piece,ANCHOR,P-205-11,12000LB FORGED ANCHOR,1,PL15.88,A36,09485cd2-5d86-43c7-888e-9ace515da312
W10-43,piece-to-piece,EMBED,P-205-21,,1,PL76.2*12.7,A36,6a58fef6-e896-4018-9f1b-d8424bb34010
W10-43,piece-to-piece,EMBED,P-205-31,,1,SPHERE47.625,A36,5eb0c08b-2028-43ea-8b94-1d2da398a280
W10-43,piece-to-piece,EMBED,P-205-32,,1,PL54,Steel_Undefined,b0701fcb-58d8-4752-afb7-b8d5eded126a
W10-43,piece-to-piece,ANCHOR,P-205-11,12000LB FORGED ANCHOR,1,PL15.88,A36,60f4c9f0-55d5-4b60-91e6-a5ae4548f8f2
W10-43,piece-to-piece,EMBED,P-205-21,,1,PL76.2*12.7,A36,8a717131-1716-4fc7-a482-3bc872e72aaa
W10-43,piece-to-piece,EMBED,P-205-31,,1,SPHERE47.625,A36,6ea31317-e166-49f8-90da-6e7467a60bb7
W10-43,piece-to-piece,EMBED,P-205-32,,1,PL54,Steel_Undefined,e561792c-8c42-49ca-b527-176a31ed4159
W10-43,piece-to-piece,ANCHOR,P-205-11,12000LB FORGED ANCHOR,1,PL15.88,A36,4d3a07f1-a037-4b82-a702-af8e13e88338
W10-43,piece-to-piece,EMBED,P-205-21,,1,PL76.2*12.7,A36,a213753d-3864-4376-b605-2d403e7b5e6b
W10-43,piece-to-piece,EMBED,P-205-31,,1,SPHERE47.625,A36,b3029356-3f54-4b5e-9bfe-b5877ba2e791
W10-43,piece-to-piece,EMBED,P-205-32,,1,PL54,Steel_Undefined,960b6187-f238-40bd-965f-a42f9af99465
W10-43,piece-to-piece,SLEEVE,SLV-102-254,102Ø x 254 PVC SLEEVE,1,ROD108,Zero_Density,75690fb5-cbba-4c5c-bd28-96f28661353f
W10-48,piece-to-piece,EMBED,MPX11,V REVEAL LARGE,1,TRIANGLE12.7*12.7,Misc_Undefined,41c74b44-4bb4-4f32-9ff1-8392e22c0d99
W10-48,piece-to-piece,INSERT,P-300-11,19Ø INSERT (NC),1,ROD23.813,A36,562c83ef-37e8-4f2f-98f0-8038544e79f7
W10-48,piece-to-piece,EMBED,P-300-21,,1,ROD6.35,A36,0db212b5-95c9-4b73-852c-80f4e30acb72
W10-48,piece-to-piece,INSERT,P-300-11,19Ø INSERT (NC),1,ROD23.813,A36,bb200cc6-0d37-4847-b444-4e61e1cc57e9
W10-48,piece-to-piece,EMBED,P-300-21,,1,ROD6.35,A36,dd41abf8-ccb8-4c5b-b74f-c1b5b4f6ace8
W10-48,piece-to-piece,INSERT,P-300-11,19Ø INSERT (NC),1,ROD23.813,A36,3dee212e-3a06-44c4-9c88-bc0b94bbbf90
W10-48,piece-to-piece,EMBED,P-300-21,,1,ROD6.35,A36,6d149b86-2140-44aa-a981-1280361458e1
W10-48,piece-to-piece,GROUT_TUBE,GT75-1219,75Ø x 1219 GROUT TUBE,1,ROD76,Zero_Density,b0e76076-b421-48e6-9b42-036ebde075f6
W10-48,piece-to-piece,GROUT_TUBE,GT75-1219,75Ø x 1219 GROUT TUBE,1,ROD76,Zero_Density,0c59bd47-5118-4672-943c-a471d22a1be9
W10-48,piece-to-piece,GROUT_TUBE,GT75-1219,75Ø x 1219 GROUT TUBE,1,ROD76,Zero_Density,7672356f-12f5-4ab2-b6f1-a3a02c1e07fd
W10-48,piece-to-piece,GROUT_TUBE,GT75-1219,75Ø x 1219 GROUT TUBE,1,ROD76,Zero_Density,06903072-e213-4956-b0d0-69939fe6efde
W10-48,piece-to-piece,GROUT_TUBE,GT75-686,75Ø x 686 GROUT TUBE,1,ROD76,Zero_Density,dcbee047-8f4a-4e2e-ad62-3ffb19de975f
W10-48,piece-to-piece,GROUT_TUBE,GT75-686,75Ø x 686 GROUT TUBE,1,ROD76,Zero_Density,d9129a78-77bf-4984-a59e-a7fee82a7e7b
W10-48,piece-to-piece,GROUT_TUBE,GT75-1219,75Ø x 1219 GROUT TUBE,1,ROD76,Zero_Density,01a53e0a-675f-4e37-b658-066861cd70f0
W10-48,piece-to-piece,INSERT,SP25-1067-11,SP25Mx1067 WILLIAMS S,1,ROD25.4,A706-GR.60,e939d835-17a5-4ac8-9454-e8daf8869073
W10-48,piece-to-piece,EMBED,SP25-1067-31,,1,PD66.675*15.875,A706-GR.60,67a26890-1855-4112-9a21-44ba7a36dbe8
W10-48,piece-to-piece,EMBED,SP25-1067-21,,1,ROD41.275,A706-GR.60,820906e9-cf62-4314-aaa5-6deeee762ec7
W10-48,piece-to-piece,INSERT,SP25-1067-11,SP25Mx1067 WILLIAMS S,1,ROD25.4,A706-GR.60,693ad616-8ccb-4cfe-9d3e-677c93f54243
W10-48,piece-to-piece,EMBED,SP25-1067-31,,1,PD66.675*15.875,A706-GR.60,65c114a6-9d8c-4097-862d-f96bb85404ea
W10-48,piece-to-piece,EMBED,SP25-1067-21,,1,ROD41.275,A706-GR.60,a786df42-2e1d-4bf6-bd31-dcbc58be8ee6
W10-48,piece-to-piece,INSERT,SP25-1067-11,SP25Mx1067 WILLIAMS S,1,ROD25.4,A706-GR.60,4431e26c-b127-4f33-ac50-eaf46fb6771c
W10-48,piece-to-piece,EMBED,SP25-1067-31,,1,PD66.675*15.875,A706-GR.60,05faaec9-68f0-47f0-b3e8-3c52e3b2e6e0
W10-48,piece-to-piece,EMBED,SP25-1067-21,,1,ROD41.275,A706-GR.60,62342fde-1f12-40c2-bc78-b9e3c02a6c69
W10-48,piece-to-piece,INSERT,SP25-1067-11,SP25Mx1067 WILLIAMS S,1,ROD25.4,A706-GR.60,c81ea0e4-f319-4920-bcd7-930c4d1c9c00
W10-48,piece-to-piece,EMBED,SP25-1067-31,,1,PD66.675*15.875,A706-GR.60,d794612e-4c6e-4f0c-80e2-f42779409c9a
W10-48,piece-to-piece,EMBED,SP25-1067-21,,1,ROD41.275,A706-GR.60,61d0c8b1-d551-4136-a67a-9fd62088d983
W10-48,piece-to-piece,INSERT,SP15-457-11,15Mx457 WILLIAMS SPL,1,ROD16,400W,8df7466d-5e79-4b56-8205-16bf4b263f5a
W10-48,piece-to-piece,INSERT,SP15-457-31,,1,PD52.387*12.7,400W,40eccc68-a685-4284-a15b-5208a2596778
W10-48,piece-to-piece,INSERT,SP15-457-21,,1,ROD26.987,400W,3e015500-cd3d-446d-9459-8dcda437f116
W10-48,piece-to-piece,INSERT,SP15-457-11,15Mx457 WILLIAMS SPL,1,ROD16,400W,61957984-4c7b-4678-981b-d4cfd136e367
W10-48,piece-to-piece,INSERT,SP15-457-31,,1,PD52.387*12.7,400W,2d8123b8-e62d-42e2-a794-6b4e716528fa
W10-48,piece-to-piece,INSERT,SP15-457-21,,1,ROD26.987,400W,ab5dadab-e846-4186-8459-13c5e78d6d88
W10-48,piece-to-piece,INSERT,SP25-1067-11,SP25Mx1067 WILLIAMS S,1,ROD25.4,A706-GR.60,0df25eb8-cc14-4023-bcf9-000fb85e7a59
W10-48,piece-to-piece,EMBED,SP25-1067-31,,1,PD66.675*15.875,A706-GR.60,ade855e2-9094-4128-9be5-64d8abd751a4
W10-48,piece-to-piece,EMBED,SP25-1067-21,,1,ROD41.275,A706-GR.60,2b7796a6-7ace-4024-b0d1-5bfe0233172a
W10-48,piece-to-piece,INSERT,SP25-1067-11,SP25Mx1067 WILLIAMS S,1,ROD25.4,A706-GR.60,db55606b-997c-4066-841e-4967b543797a
W10-48,piece-to-piece,EMBED,SP25-1067-31,,1,PD66.675*15.875,A706-GR.60,7c819f13-d216-440a-a2ef-6de65d32ed4c
W10-48,piece-to-piece,EMBED,SP25-1067-21,,1,ROD41.275,A706-GR.60,6a39d42a-6e37-439d-8389-53dc6783f7de
W10-48,piece-to-piece,INSERT,SP25-1067-11,SP25Mx1067 WILLIAMS S,1,ROD25.4,A706-GR.60,9230a299-b42a-4829-9c10-00964f223b9d
W10-48,piece-to-piece,EMBED,SP25-1067-31,,1,PD66.675*15.875,A706-GR.60,1d94b970-4bb2-4b9a-815c-7a856453b257
W10-48,piece-to-piece,EMBED,SP25-1067-21,,1,ROD41.275,A706-GR.60,295b5923-a7bb-4e53-87bb-3aacc8652be9
W10-48,piece-to-piece,INSERT,SP25-1067-11,SP25Mx1067 WILLIAMS S,1,ROD25.4,A706-GR.60,4a0ebb86-52a8-4fe4-b14a-fbb8e64eecfa
W10-48,piece-to-piece,EMBED,SP25-1067-31,,1,PD66.675*15.875,A706-GR.60,573797c5-5dd7-4aee-bed5-8da01a83233d
W10-48,piece-to-piece,EMBED,SP25-1067-21,,1,ROD41.275,A706-GR.60,264a77b1-cb10-487d-9a74-80919cadc5cc
W10-48,piece-to-piece,GROUT_TUBE,GT75-1219,75Ø x 1219 GROUT TUBE,1,ROD76,Zero_Density,612d9f89-981f-45f1-b707-ef9906563155
W10-48,piece-to-piece,GROUT_TUBE,GT75-1219,75Ø x 1219 GROUT TUBE,1,ROD76,Zero_Density,b9e51fbd-9719-4a5b-af6f-42704ac77055
W10-48,piece-to-piece,GROUT_TUBE,GT75-1219,75Ø x 1219 GROUT TUBE,1,ROD76,Zero_Density,7539e830-ce4c-4313-8183-e4854ce4f348
W10-48,piece-to-piece,GROUT_TUBE,GT100-1219-11,100Øx1219 GROUT TUBE,1,ROD102,Zero_Density,e16b302e-4e07-4fdf-b585-52314a1d9967
W10-48,piece-to-piece,GROUT_TUBE,GT100-1219-21,,1,ROD110,Zero_Density,f5c461fa-0b8e-4d67-98d5-4eceb285bc5d
W10-48,piece-to-piece,GROUT_TUBE,GT100-1219-31,,1,ROD76,Zero_Density,6343f1d2-778f-40aa-acaf-32dfaa14ab10
W10-48,piece-to-piece,INSERT,SP30-1219-11,30Mx1219 WILLIAMS SPL,1,ROD30.16,A706-GR.60,19225d05-73f1-4b5a-86dd-16b6d94343ce
W10-48,piece-to-piece,EMBED,SP30-1219-31,,1,PD71.438*19.05,A706-GR.60,159843de-ad8f-48a0-8307-5253582354d5
W10-48,piece-to-piece,EMBED,SP30-1219-21,,1,ROD44.45,A706-GR.60,92ffb39d-f2f7-4f43-9379-3d35b75e3017
W10-48,piece-to-piece,GROUT_TUBE,GT76-254,76Øx254mm G.TUBE,1,ROD76.2,Zero_Density,beb1910e-296f-4f02-b8a9-d8229f9c159c
W10-48,piece-to-piece,GROUT_TUBE,GT76-254,76Øx254mm G.TUBE,1,ROD76.2,Zero_Density,b40546f0-7b89-45b2-b010-e5c62536226c
W10-48,piece-to-piece,GROUT_TUBE,GT76-254,76Øx254mm G.TUBE,1,ROD76.2,Zero_Density,e650dee6-61fc-472a-bb8d-ae914c63fea8
W10-48,piece-to-piece,GROUT_TUBE,GT76-254,76Øx254mm G.TUBE,1,ROD76.2,Zero_Density,a4e3c615-3204-41bf-a101-247287c7b9c9
W10-48,piece-to-piece,GROUT_TUBE,GT76-254,76Øx254mm G.TUBE,1,ROD76.2,Zero_Density,e1c825dd-3f08-4bd7-b7e4-b816d437c38c
W10-48,piece-to-piece,GROUT_TUBE,GT76-254,76Øx254mm G.TUBE,1,ROD76.2,Zero_Density,9a10be54-4f76-47e0-8b36-6f571cc4e2cc
W10-48,piece-to-piece,CONDUIT,CNDT37,19MM CONDUIT,1,ROD19,Zero_Density,e393d962-ab70-4a36-b681-f8b0a83a22e4
W10-48,piece-to-piece,PLATE,EB-S-PL1,Single Plastic Electr,1,160*50.8,Zero_Density,b6e3c472-bc7b-4596-89bb-5cdec77ad357
W10-48,piece-to-piece,EMBED,P-602-11,13PL. W/STUD,1,PL101.6*12.7,A572-GR.50,bf645955-6dc6-4ca0-8025-3535fd5f669f
W10-48,piece-to-piece,EMBED,P-602-21,,1,STUD_1/2-DIA,A108-C1010-1020,358499de-04a9-4113-aa85-ce0743aca37a
W10-48,piece-to-piece,INSERT,P-300-11,19Ø INSERT (NC),1,ROD23.813,A36,0bd12ec8-a956-4466-858c-3de0cc22faba
W10-48,piece-to-piece,EMBED,P-300-21,,1,ROD6.35,A36,5440dbd9-5f32-40f3-af4b-74752e9892f4
W10-48,piece-to-piece,INSERT,P-300-11,19Ø INSERT (NC),1,ROD23.813,A36,62b77c0e-275b-4b2a-8927-0b5fac5ce804
W10-48,piece-to-piece,EMBED,P-300-21,,1,ROD6.35,A36,ebd97ca6-3766-4802-9928-554c6ca86028
W10-48,piece-to-piece,ANCHOR,P-205-11,12000LB FORGED ANCHOR,1,PL15.88,A36,45d21b98-8852-407b-8a0d-647cf9b8f621
W10-48,piece-to-piece,EMBED,P-205-21,,1,PL76.2*12.7,A36,3216bd17-dfb2-4a27-8ba5-01692d059176
W10-48,piece-to-piece,EMBED,P-205-31,,1,SPHERE47.625,A36,873f596e-f287-4df7-a28f-ea795f45015e
W10-48,piece-to-piece,EMBED,P-205-32,,1,PL54,Steel_Undefined,1687073f-597e-46d3-af08-7d8360d353c3
W10-48,piece-to-piece,ANCHOR,P-205-11,12000LB FORGED ANCHOR,1,PL15.88,A36,04a5a7e4-d888-477f-8b8a-9ad0b2425255
W10-48,piece-to-piece,EMBED,P-205-21,,1,PL76.2*12.7,A36,f3bba2ed-f25b-48db-8b87-4caa0293b7b2
W10-48,piece-to-piece,EMBED,P-205-31,,1,SPHERE47.625,A36,c1e3da4b-d913-41ec-b585-21012fcc65d0
W10-48,piece-to-piece,EMBED,P-205-32,,1,PL54,Steel_Undefined,cbc924dc-15f7-42af-9046-512aaddb6ad8
W10-48,piece-to-piece,ANCHOR,P-205-11,12000LB FORGED ANCHOR,1,PL15.88,A36,7b7da45d-aaf6-45ba-9217-b4a364bf9b23
W10-48,piece-to-piece,EMBED,P-205-21,,1,PL76.2*12.7,A36,3ed0ab1d-9d4a-4e61-9854-f11e636415b5
W10-48,piece-to-piece,EMBED,P-205-31,,1,SPHERE47.625,A36,4075f61d-12cf-49f3-ae65-7905395a020d
W10-48,piece-to-piece,EMBED,P-205-32,,1,PL54,Steel_Undefined,a64cbd55-c8db-4db1-9db2-67b03f140d86
W10-48,piece-to-piece,ANCHOR,P-205-11,12000LB FORGED ANCHOR,1,PL15.88,A36,a119f3f4-2c76-4925-bb9e-40abf0e74651
W10-48,piece-to-piece,EMBED,P-205-21,,1,PL76.2*12.7,A36,f7de7056-2232-4d71-9031-e921c76e9108
W10-48,piece-to-piece,EMBED,P-205-31,,1,SPHERE47.625,A36,f627fa61-5fc1-49d0-af8b-e869f512d93a
W10-48,piece-to-piece,EMBED,P-205-32,,1,PL54,Steel_Undefined,565a9c80-9943-42db-a6c1-da1fa105bc18
W10-45,piece-to-piece,EMBED,MPX11,V REVEAL LARGE,1,TRIANGLE12.7*12.7,Misc_Undefined,b355eaac-e8b0-4ba5-b95e-58e2d2a0cef8
W10-45,piece-to-piece,INSERT,P-300-11,19Ø INSERT (NC),1,ROD23.813,A36,e0941970-6342-4a9e-accb-ce218f001637
W10-45,piece-to-piece,EMBED,P-300-21,,1,ROD6.35,A36,3419ac26-c80a-41e4-8be1-71b43ea0d622
W10-45,piece-to-piece,INSERT,P-300-11,19Ø INSERT (NC),1,ROD23.813,A36,5b886227-279e-4172-bd0e-e309123ff79b
W10-45,piece-to-piece,EMBED,P-300-21,,1,ROD6.35,A36,600b3df3-150f-4233-8706-8cbd7f43563d
W10-45,piece-to-piece,INSERT,P-300-11,19Ø INSERT (NC),1,ROD23.813,A36,df3f4f4b-349f-4731-bccd-30e3257aca7c
W10-45,piece-to-piece,EMBED,P-300-21,,1,ROD6.35,A36,1158bed5-6346-406c-81e0-c7934cdfef1d
W10-45,piece-to-piece,GROUT_TUBE,GT75-1219,75Ø x 1219 GROUT TUBE,1,ROD76,Zero_Density,bdbe7c7f-d9f8-4709-9274-53a9af87a320
W10-45,piece-to-piece,GROUT_TUBE,GT75-1219,75Ø x 1219 GROUT TUBE,1,ROD76,Zero_Density,2888ce71-7f66-46b7-80f5-c18de75b9b44
W10-45,piece-to-piece,GROUT_TUBE,GT75-1219,75Ø x 1219 GROUT TUBE,1,ROD76,Zero_Density,240afb4f-d4af-4f2a-a07a-95e636e34858
W10-45,piece-to-piece,GROUT_TUBE,GT75-1219,75Ø x 1219 GROUT TUBE,1,ROD76,Zero_Density,9d988158-f7d3-4d7b-a31e-25714e511bec
W10-45,piece-to-piece,INSERT,SP25-1067-11,SP25Mx1067 WILLIAMS S,1,ROD25.4,A706-GR.60,aaa54416-a72b-4f64-b31a-2fe86a6b448c
W10-45,piece-to-piece,EMBED,SP25-1067-31,,1,PD66.675*15.875,A706-GR.60,791ba5eb-5668-4e53-8edd-c1833c08f2a9
W10-45,piece-to-piece,EMBED,SP25-1067-21,,1,ROD41.275,A706-GR.60,c9c58f35-e038-405f-8d8a-3ce48ff58610
W10-45,piece-to-piece,INSERT,SP25-1067-11,SP25Mx1067 WILLIAMS S,1,ROD25.4,A706-GR.60,a3dd476f-645e-4fbe-bb29-9e3a5590283c
W10-45,piece-to-piece,EMBED,SP25-1067-31,,1,PD66.675*15.875,A706-GR.60,1a8b4705-b9a1-4af9-b928-8a76b6f1c8ec
W10-45,piece-to-piece,EMBED,SP25-1067-21,,1,ROD41.275,A706-GR.60,c634e39d-1f58-4bad-a19e-9334c3904cc0
W10-45,piece-to-piece,INSERT,SP25-1067-11,SP25Mx1067 WILLIAMS S,1,ROD25.4,A706-GR.60,bcb39f5f-5be5-4d1e-9461-a8555e2649e0
W10-45,piece-to-piece,EMBED,SP25-1067-31,,1,PD66.675*15.875,A706-GR.60,02e5cbe5-c1fb-4635-b3ee-f363241fb852
W10-45,piece-to-piece,EMBED,SP25-1067-21,,1,ROD41.275,A706-GR.60,0e7a3ea1-226a-4b24-bb25-675392fbf422
W10-45,piece-to-piece,INSERT,SP25-1067-11,SP25Mx1067 WILLIAMS S,1,ROD25.4,A706-GR.60,a0dd2782-7e26-4d06-a21d-a091eee6fcf2
W10-45,piece-to-piece,EMBED,SP25-1067-31,,1,PD66.675*15.875,A706-GR.60,5029fb22-c6a0-4ea3-b3ba-34c86025192e
W10-45,piece-to-piece,EMBED,SP25-1067-21,,1,ROD41.275,A706-GR.60,2d579a5a-6370-4200-b7b1-829c25abfde6
W10-45,piece-to-piece,GROUT_TUBE,GT75-686,75Ø x 686 GROUT TUBE,1,ROD76,Zero_Density,fe0047d9-aa65-4637-bb45-4b5324bafcd9
W10-45,piece-to-piece,GROUT_TUBE,GT75-686,75Ø x 686 GROUT TUBE,1,ROD76,Zero_Density,f0974d0c-35a1-41b6-9ef2-cd255ec05bb1
W10-45,piece-to-piece,INSERT,SP15-457-11,15Mx457 WILLIAMS SPL,1,ROD16,400W,65c04cfa-b7f3-4414-b6ea-621a71180931
W10-45,piece-to-piece,INSERT,SP15-457-31,,1,PD52.387*12.7,400W,73f09d44-bfcd-4f24-b9ad-9ec04e82b964
W10-45,piece-to-piece,INSERT,SP15-457-21,,1,ROD26.987,400W,89902ee9-0241-49e9-bab2-50ab504c0404
W10-45,piece-to-piece,INSERT,SP15-457-11,15Mx457 WILLIAMS SPL,1,ROD16,400W,bfad39e2-b218-4ecb-9715-9ef8e35d0b50
W10-45,piece-to-piece,INSERT,SP15-457-31,,1,PD52.387*12.7,400W,b95be0bb-8049-4d65-a747-11181cb6704b
W10-45,piece-to-piece,INSERT,SP15-457-21,,1,ROD26.987,400W,c8ce7d87-a866-4ca5-b8b7-0ce8d63aa82d
W10-45,piece-to-piece,GROUT_TUBE,GT75-1219,75Ø x 1219 GROUT TUBE,1,ROD76,Zero_Density,efb6a314-a9aa-42cd-b181-12d94ba0c6d1
W10-45,piece-to-piece,GROUT_TUBE,GT75-1219,75Ø x 1219 GROUT TUBE,1,ROD76,Zero_Density,866a62da-11e0-4e88-be96-0e276de005ec
W10-45,piece-to-piece,GROUT_TUBE,GT75-1219,75Ø x 1219 GROUT TUBE,1,ROD76,Zero_Density,d0416255-2566-449d-853a-ccf1eab6c9dd
W10-45,piece-to-piece,GROUT_TUBE,GT75-1219,75Ø x 1219 GROUT TUBE,1,ROD76,Zero_Density,533a226c-16f6-4627-838b-ead76bf966e3
W10-45,piece-to-piece,GROUT_TUBE,GT100-1219-11,100Øx1219 GROUT TUBE,1,ROD102,Zero_Density,602d9725-2d29-4772-a13b-934f2fce2fab
W10-45,piece-to-piece,GROUT_TUBE,GT100-1219-21,,1,ROD110,Zero_Density,fe740161-0518-4783-95ae-bd8b62d3e48c
W10-45,piece-to-piece,GROUT_TUBE,GT100-1219-31,,1,ROD76,Zero_Density,0b0865fe-3dc7-4626-b27f-d793be338460
W10-45,piece-to-piece,INSERT,SP25-1067-11,SP25Mx1067 WILLIAMS S,1,ROD25.4,A706-GR.60,19840a7b-d30e-4a26-bec1-1323b04c9d50
W10-45,piece-to-piece,EMBED,SP25-1067-31,,1,PD66.675*15.875,A706-GR.60,b5c6e7a1-4b15-4340-8b95-e94b655586e7
W10-45,piece-to-piece,EMBED,SP25-1067-21,,1,ROD41.275,A706-GR.60,59a7210b-5375-4716-ad36-a68abb110e91
W10-45,piece-to-piece,INSERT,SP25-1067-11,SP25Mx1067 WILLIAMS S,1,ROD25.4,A706-GR.60,4ba1e525-1e7f-4552-b9f9-e565f27c962b
W10-45,piece-to-piece,EMBED,SP25-1067-31,,1,PD66.675*15.875,A706-GR.60,4a9e0c53-3c8f-4ccc-b181-cf37048e652a
W10-45,piece-to-piece,EMBED,SP25-1067-21,,1,ROD41.275,A706-GR.60,ec1d99aa-f1b5-46f6-a669-b3fe7c08cb27
W10-45,piece-to-piece,INSERT,SP25-1067-11,SP25Mx1067 WILLIAMS S,1,ROD25.4,A706-GR.60,718920d1-3652-4a3f-a5b6-439e8d2c2aa7
W10-45,piece-to-piece,EMBED,SP25-1067-31,,1,PD66.675*15.875,A706-GR.60,c9aaa7ce-35e7-4bf9-b993-bbd5f1d8af44
W10-45,piece-to-piece,EMBED,SP25-1067-21,,1,ROD41.275,A706-GR.60,2c1c429d-cce4-44b4-8af8-1081a8757225
W10-45,piece-to-piece,INSERT,SP25-1067-11,SP25Mx1067 WILLIAMS S,1,ROD25.4,A706-GR.60,fb70fce8-e043-4dd7-a661-f0c14e14d68f
W10-45,piece-to-piece,EMBED,SP25-1067-31,,1,PD66.675*15.875,A706-GR.60,d63a2b76-6d10-4c19-9b8c-60bbcefeb6f5
W10-45,piece-to-piece,EMBED,SP25-1067-21,,1,ROD41.275,A706-GR.60,7cb73bab-863b-4969-9d40-13a8b127d905
W10-45,piece-to-piece,INSERT,SP30-1219-11,30Mx1219 WILLIAMS SPL,1,ROD30.16,A706-GR.60,c7bbf998-2606-4bde-a035-785971a9dd87
W10-45,piece-to-piece,EMBED,SP30-1219-31,,1,PD71.438*19.05,A706-GR.60,0c8dbc72-7fcf-403b-a0d7-5f8350f320b2
W10-45,piece-to-piece,EMBED,SP30-1219-21,,1,ROD44.45,A706-GR.60,db56c8a1-d333-4108-9cd2-87bcade6de16
W10-45,piece-to-piece,GROUT_TUBE,GT76-254,76Øx254mm G.TUBE,1,ROD76.2,Zero_Density,caf64909-556d-426c-adac-a7f6fe436c65
W10-45,piece-to-piece,GROUT_TUBE,GT76-254,76Øx254mm G.TUBE,1,ROD76.2,Zero_Density,e11cff72-fd21-48e8-948e-68a517a45a33
W10-45,piece-to-piece,GROUT_TUBE,GT76-254,76Øx254mm G.TUBE,1,ROD76.2,Zero_Density,5143fd75-f7bc-446d-b4ec-71d6ac942d20
W10-45,piece-to-piece,GROUT_TUBE,GT76-254,76Øx254mm G.TUBE,1,ROD76.2,Zero_Density,4d843bc7-aeb9-49d5-9545-1b6cc125d621
W10-45,piece-to-piece,GROUT_TUBE,GT76-254,76Øx254mm G.TUBE,1,ROD76.2,Zero_Density,4cefd281-2f97-463c-97ae-5d58098e9d4c
W10-45,piece-to-piece,GROUT_TUBE,GT76-254,76Øx254mm G.TUBE,1,ROD76.2,Zero_Density,213bf0b8-f503-4ccf-a513-fbf5c0c42706
W10-45,piece-to-piece,CONDUIT,CNDT37,19MM CONDUIT,1,ROD19,Zero_Density,8c55560f-3091-4359-ba7d-20c3c28d91c0
W10-45,piece-to-piece,PLATE,EB-S-PL1,Single Plastic Electr,1,160*50.8,Zero_Density,eda8e796-0c0f-444f-ae2a-18888831ef8a
W10-45,piece-to-piece,EMBED,P-602-11,13PL. W/STUD,1,PL101.6*12.7,A572-GR.50,b8020e93-d211-4940-8ce3-039c09972004
W10-45,piece-to-piece,EMBED,P-602-21,,1,STUD_1/2-DIA,A108-C1010-1020,812da41d-d822-4ddc-9df4-ebbf7ee59ef2
W10-45,piece-to-piece,INSERT,P-300-11,19Ø INSERT (NC),1,ROD23.813,A36,06e129e0-084e-4b71-80ac-7117ef700bbf
W10-45,piece-to-piece,EMBED,P-300-21,,1,ROD6.35,A36,901c3ac9-e9be-4951-9cc0-f8a3325e6296
W10-45,piece-to-piece,INSERT,P-300-11,19Ø INSERT (NC),1,ROD23.813,A36,d537477f-3259-4488-ab9b-70b4a9a1593f
W10-45,piece-to-piece,EMBED,P-300-21,,1,ROD6.35,A36,86c20487-bad5-4a07-9e7f-ccf45c373ec8
W10-45,piece-to-piece,ANCHOR,P-205-11,12000LB FORGED ANCHOR,1,PL15.88,A36,9b9bc596-cf89-4c59-9100-b37c87bcae22
W10-45,piece-to-piece,EMBED,P-205-21,,1,PL76.2*12.7,A36,ec806081-314b-4a04-9c3b-a21edac98a9e
W10-45,piece-to-piece,EMBED,P-205-31,,1,SPHERE47.625,A36,9c35b07a-9710-49b8-afff-dc98d7b055f9
W10-45,piece-to-piece,EMBED,P-205-32,,1,PL54,Steel_Undefined,293b6d1d-7dd0-4ebb-8142-271d07525a1a
W10-45,piece-to-piece,ANCHOR,P-205-11,12000LB FORGED ANCHOR,1,PL15.88,A36,860aaa41-03fa-4f09-a939-a94cdaee5bfa
W10-45,piece-to-piece,EMBED,P-205-21,,1,PL76.2*12.7,A36,d97b00a0-7f0e-41d3-a040-6f19207b10b9
W10-45,piece-to-piece,EMBED,P-205-31,,1,SPHERE47.625,A36,99978273-38d1-4d4f-ae10-a36d14f56170
W10-45,piece-to-piece,EMBED,P-205-32,,1,PL54,Steel_Undefined,266f92f7-4f8c-4866-b1ae-29e80ab90a13
W10-45,piece-to-piece,ANCHOR,P-205-11,12000LB FORGED ANCHOR,1,PL15.88,A36,517e6911-03b4-4efe-b0e1-ecc945be8785
W10-45,piece-to-piece,EMBED,P-205-21,,1,PL76.2*12.7,A36,5f3fa798-efc5-40e4-8662-29d58aa68271
W10-45,piece-to-piece,EMBED,P-205-31,,1,SPHERE47.625,A36,87b95cbc-48d3-4dc5-ae2b-aee7bcdb9c78
W10-45,piece-to-piece,EMBED,P-205-32,,1,PL54,Steel_Undefined,76d91150-439a-4831-b5fd-0b550589e85a
W10-45,piece-to-piece,ANCHOR,P-205-11,12000LB FORGED ANCHOR,1,PL15.88,A36,21e6a1c5-03a3-4547-adbc-e300b767162d
W10-45,piece-to-piece,EMBED,P-205-21,,1,PL76.2*12.7,A36,bd3a75b5-9370-4fec-a3cc-ff1c06598b07
W10-45,piece-to-piece,EMBED,P-205-31,,1,SPHERE47.625,A36,a6db8684-f54c-49c5-9a12-678641648a46
W10-45,piece-to-piece,EMBED,P-205-32,,1,PL54,Steel_Undefined,35a5e6e8-f1d6-4258-9b33-0b7ce990ca04
W10-59,piece-to-piece,EMBED,MPX11,V REVEAL LARGE,1,TRIANGLE12.7*12.7,Misc_Undefined,f9c49cf4-05bf-44bb-aff3-4f2614a6007b
W10-59,piece-to-piece,INSERT,P-300-11,19Ø INSERT (NC),1,ROD23.813,A36,b75fcd77-8a65-4727-8006-26445fa737b0
W10-59,piece-to-piece,EMBED,P-300-21,,1,ROD6.35,A36,4096b322-166a-4da0-991d-9cd6d59bb2de
W10-59,piece-to-piece,INSERT,P-300-11,19Ø INSERT (NC),1,ROD23.813,A36,8cd9b3d9-21c5-43d9-abe5-cb1a71387957
W10-59,piece-to-piece,EMBED,P-300-21,,1,ROD6.35,A36,3415f036-c90a-419b-a564-8b98c3f83c4d
W10-59,piece-to-piece,INSERT,P-300-11,19Ø INSERT (NC),1,ROD23.813,A36,598dfd47-0582-4dad-9f6a-2eefe0c98110
W10-59,piece-to-piece,EMBED,P-300-21,,1,ROD6.35,A36,766dafc6-3cb9-42d0-bc23-5b81809e04d4
W10-59,piece-to-piece,GROUT_TUBE,GT75-1219,75Ø x 1219 GROUT TUBE,1,ROD76,Zero_Density,a066b822-e28d-457c-ac29-14f09f172f5e
W10-59,piece-to-piece,GROUT_TUBE,GT75-1219,75Ø x 1219 GROUT TUBE,1,ROD76,Zero_Density,2ea8bd29-e039-49cc-ae0c-8642cb3ead75
W10-59,piece-to-piece,GROUT_TUBE,GT75-1219,75Ø x 1219 GROUT TUBE,1,ROD76,Zero_Density,753a63d8-e875-4bc3-b54f-55356c8484ba
W10-59,piece-to-piece,GROUT_TUBE,GT75-1219,75Ø x 1219 GROUT TUBE,1,ROD76,Zero_Density,ea344d1d-55e4-4620-b974-e701f7c1cfc2
W10-59,piece-to-piece,INSERT,SP25-1067-11,SP25Mx1067 WILLIAMS S,1,ROD25.4,A706-GR.60,a8eb9f40-7118-4749-81c7-682537fa50e6
W10-59,piece-to-piece,EMBED,SP25-1067-31,,1,PD66.675*15.875,A706-GR.60,bb73d9fa-fe44-4a0f-ab42-0c4ea6a27bc8
W10-59,piece-to-piece,EMBED,SP25-1067-21,,1,ROD41.275,A706-GR.60,36072227-0ac6-4c29-8ec0-247bcc3be414
W10-59,piece-to-piece,INSERT,SP25-1067-11,SP25Mx1067 WILLIAMS S,1,ROD25.4,A706-GR.60,2c6f97c3-6b2f-4647-bf9e-01c2928dbe79
W10-59,piece-to-piece,EMBED,SP25-1067-31,,1,PD66.675*15.875,A706-GR.60,0114f72e-4685-4250-8a99-5205562e97d3
W10-59,piece-to-piece,EMBED,SP25-1067-21,,1,ROD41.275,A706-GR.60,76705fe8-1333-4560-a2eb-7c46b38a33a6
W10-59,piece-to-piece,INSERT,SP25-1067-11,SP25Mx1067 WILLIAMS S,1,ROD25.4,A706-GR.60,60132b88-4ad1-4784-8f4b-48136279fde6
W10-59,piece-to-piece,EMBED,SP25-1067-31,,1,PD66.675*15.875,A706-GR.60,f37c92e2-28e7-4ae5-9dc4-02032eddd82d
W10-59,piece-to-piece,EMBED,SP25-1067-21,,1,ROD41.275,A706-GR.60,c72e071c-3d28-4887-9050-2c6500fbf181
W10-59,piece-to-piece,INSERT,SP25-1067-11,SP25Mx1067 WILLIAMS S,1,ROD25.4,A706-GR.60,409afa58-05b3-480a-963e-8a86c790a13d
W10-59,piece-to-piece,EMBED,SP25-1067-31,,1,PD66.675*15.875,A706-GR.60,d6bc5064-6f38-41bf-a9ed-19b762738991
W10-59,piece-to-piece,EMBED,SP25-1067-21,,1,ROD41.275,A706-GR.60,ca11d2a8-2c25-4281-ba32-af6b5883a548
W10-59,piece-to-piece,GROUT_TUBE,GT75-686,75Ø x 686 GROUT TUBE,1,ROD76,Zero_Density,6abd1a88-2aa8-44da-9b8b-3cc16699b8a9
W10-59,piece-to-piece,GROUT_TUBE,GT75-686,75Ø x 686 GROUT TUBE,1,ROD76,Zero_Density,1611355b-a31e-4fde-8ce7-453cf4326dd0
W10-59,piece-to-piece,INSERT,SP15-457-11,15Mx457 WILLIAMS SPL,1,ROD16,400W,f6ba8fa1-733b-4de9-b9a7-f4686a2ba859
W10-59,piece-to-piece,INSERT,SP15-457-31,,1,PD52.387*12.7,400W,ad2cc662-ecd4-49f3-9cca-2d137f1caab8
W10-59,piece-to-piece,INSERT,SP15-457-21,,1,ROD26.987,400W,2879700d-dd53-4483-9bc9-6a261ab06179
W10-59,piece-to-piece,INSERT,SP15-457-11,15Mx457 WILLIAMS SPL,1,ROD16,400W,48d25d05-7b47-4a96-8fbe-fc5c5c4e0b5d
W10-59,piece-to-piece,INSERT,SP15-457-31,,1,PD52.387*12.7,400W,cb26b59f-7200-420c-aa27-33b3bcd91589
W10-59,piece-to-piece,INSERT,SP15-457-21,,1,ROD26.987,400W,4ad74844-e1a7-48e9-a576-bab59209ea18
W10-59,piece-to-piece,GROUT_TUBE,GT75-1219,75Ø x 1219 GROUT TUBE,1,ROD76,Zero_Density,50cd042a-57f7-4283-8891-9a252815673a
W10-59,piece-to-piece,GROUT_TUBE,GT75-1219,75Ø x 1219 GROUT TUBE,1,ROD76,Zero_Density,062b14af-9b78-413c-8173-d68f94855d48
W10-59,piece-to-piece,GROUT_TUBE,GT75-1219,75Ø x 1219 GROUT TUBE,1,ROD76,Zero_Density,f813475c-d1d4-46dd-84c9-6e67a55aeaef
W10-59,piece-to-piece,GROUT_TUBE,GT75-1219,75Ø x 1219 GROUT TUBE,1,ROD76,Zero_Density,3656adba-1328-4c69-be92-fdccdef9eed0
W10-59,piece-to-piece,GROUT_TUBE,GT100-1219-11,100Øx1219 GROUT TUBE,1,ROD102,Zero_Density,4a96e5f6-653b-4dc1-87aa-0219dfaf900c
W10-59,piece-to-piece,GROUT_TUBE,GT100-1219-21,,1,ROD110,Zero_Density,b3c9c55f-f822-47cd-b22f-84a4f1dd75d3
W10-59,piece-to-piece,GROUT_TUBE,GT100-1219-31,,1,ROD76,Zero_Density,2f98ecba-b97d-4d7d-a382-6d7569f55048
W10-59,piece-to-piece,INSERT,SP25-1067-11,SP25Mx1067 WILLIAMS S,1,ROD25.4,A706-GR.60,fc777f18-abe0-4878-b93d-6f7f2a377f69
W10-59,piece-to-piece,EMBED,SP25-1067-31,,1,PD66.675*15.875,A706-GR.60,0df93395-976b-485a-b5f5-9e3104a7e5ed
W10-59,piece-to-piece,EMBED,SP25-1067-21,,1,ROD41.275,A706-GR.60,cb0b7b6f-6399-4d7f-9003-c08b16b6abae
W10-59,piece-to-piece,INSERT,SP25-1067-11,SP25Mx1067 WILLIAMS S,1,ROD25.4,A706-GR.60,69797f7d-0bf2-45d9-9dd5-f40882d5eedf
W10-59,piece-to-piece,EMBED,SP25-1067-31,,1,PD66.675*15.875,A706-GR.60,36358253-79a7-4377-87d0-d1709994d2eb
W10-59,piece-to-piece,EMBED,SP25-1067-21,,1,ROD41.275,A706-GR.60,0a7ee17f-069f-412f-b0ac-177caf4afd06
W10-59,piece-to-piece,INSERT,SP25-1067-11,SP25Mx1067 WILLIAMS S,1,ROD25.4,A706-GR.60,57720189-70c3-4bc9-8141-a12c9ca4f1d5
W10-59,piece-to-piece,EMBED,SP25-1067-31,,1,PD66.675*15.875,A706-GR.60,3456a80f-8854-4b46-868e-a5b38cabd537
W10-59,piece-to-piece,EMBED,SP25-1067-21,,1,ROD41.275,A706-GR.60,7c0c8145-f3d4-4803-9138-2452530fb817
W10-59,piece-to-piece,INSERT,SP25-1067-11,SP25Mx1067 WILLIAMS S,1,ROD25.4,A706-GR.60,1e83191f-67b4-4d3c-8b48-b9b81f0987ff
W10-59,piece-to-piece,EMBED,SP25-1067-31,,1,PD66.675*15.875,A706-GR.60,6d54e2b3-7bea-4aa5-9c25-1d0d2733a11f
W10-59,piece-to-piece,EMBED,SP25-1067-21,,1,ROD41.275,A706-GR.60,10d8ed17-a718-4842-9ca9-3db9386a5709
W10-59,piece-to-piece,INSERT,SP30-1219-11,30Mx1219 WILLIAMS SPL,1,ROD30.16,A706-GR.60,9a106319-6415-455c-a55c-e267e7bc31e5
W10-59,piece-to-piece,EMBED,SP30-1219-31,,1,PD71.438*19.05,A706-GR.60,6c7dac6e-f924-4bbf-abd7-8dde15781fb7
W10-59,piece-to-piece,EMBED,SP30-1219-21,,1,ROD44.45,A706-GR.60,ed1c596f-8bc5-4336-988d-8600d00949ce
W10-59,piece-to-piece,GROUT_TUBE,GT76-254,76Øx254mm G.TUBE,1,ROD76.2,Zero_Density,bfa1e40e-9202-42bf-bf2c-d15ae97c0abd
W10-59,piece-to-piece,GROUT_TUBE,GT76-254,76Øx254mm G.TUBE,1,ROD76.2,Zero_Density,a42602c1-4745-4209-a1b7-028980678665
W10-59,piece-to-piece,GROUT_TUBE,GT76-254,76Øx254mm G.TUBE,1,ROD76.2,Zero_Density,8259b76e-9634-453c-85d2-2e219775ac2d
W10-59,piece-to-piece,GROUT_TUBE,GT76-254,76Øx254mm G.TUBE,1,ROD76.2,Zero_Density,c69b7980-6b87-44f4-a158-39d2de4d0ddb
W10-59,piece-to-piece,GROUT_TUBE,GT76-254,76Øx254mm G.TUBE,1,ROD76.2,Zero_Density,4cfd6ae4-f5cf-4333-bef8-69174407b5aa
W10-59,piece-to-piece,GROUT_TUBE,GT76-254,76Øx254mm G.TUBE,1,ROD76.2,Zero_Density,9a320b82-5e54-4322-8487-872ecb86476b
W10-59,piece-to-piece,CONDUIT,CNDT37,19MM CONDUIT,1,ROD19,Zero_Density,d5d262b4-3637-403a-8cb8-86ec16a1fb4a
W10-59,piece-to-piece,PLATE,EB-S-PL1,Single Plastic Electr,1,160*50.8,Zero_Density,2487e297-9329-487b-9801-f0d39d084210
W10-59,piece-to-piece,EMBED,P-602-11,13PL. W/STUD,1,PL101.6*12.7,A572-GR.50,13bcc8e1-af1d-4182-b013-dc968ad77605
W10-59,piece-to-piece,EMBED,P-602-21,,1,STUD_1/2-DIA,A108-C1010-1020,9e97b2e3-5652-45c4-818b-474a02fb6c6d
W10-59,piece-to-piece,INSERT,P-300-11,19Ø INSERT (NC),1,ROD23.813,A36,b21e750b-f867-4cf6-92d4-31688269b640
W10-59,piece-to-piece,EMBED,P-300-21,,1,ROD6.35,A36,397c6839-0daa-4c31-8ce6-24269faeee0d
W10-59,piece-to-piece,INSERT,P-300-11,19Ø INSERT (NC),1,ROD23.813,A36,2d757aad-3ffe-4bf7-bf69-1cb70aee48f3
W10-59,piece-to-piece,EMBED,P-300-21,,1,ROD6.35,A36,0185efb6-49c8-4ff7-bc77-ba19e971516b
W10-59,piece-to-piece,ANCHOR,P-205-11,12000LB FORGED ANCHOR,1,PL15.88,A36,7c98245a-cc32-40d7-aaa9-efdf8e982e1b
W10-59,piece-to-piece,EMBED,P-205-21,,1,PL76.2*12.7,A36,bc079921-076b-4c58-9b1e-3fc6379f2039
W10-59,piece-to-piece,EMBED,P-205-31,,1,SPHERE47.625,A36,aef7bfc4-e315-4417-868d-0d864f0230b0
W10-59,piece-to-piece,EMBED,P-205-32,,1,PL54,Steel_Undefined,3dd5358f-76bd-4dec-ba97-de5b962cfdbf
W10-59,piece-to-piece,ANCHOR,P-205-11,12000LB FORGED ANCHOR,1,PL15.88,A36,a4130f15-56a1-498c-be12-190b68a8e873
W10-59,piece-to-piece,EMBED,P-205-21,,1,PL76.2*12.7,A36,c99568ed-ff64-4d95-be5c-8334f59f5373
W10-59,piece-to-piece,EMBED,P-205-31,,1,SPHERE47.625,A36,28afecf1-2385-4564-bc73-954a5b284f23
W10-59,piece-to-piece,EMBED,P-205-32,,1,PL54,Steel_Undefined,86b97bc5-63f6-47a6-a9e2-05ed16b0a078
W10-59,piece-to-piece,ANCHOR,P-205-11,12000LB FORGED ANCHOR,1,PL15.88,A36,57b5b01c-ecd8-4d4b-982e-cb35c245c6b8
W10-59,piece-to-piece,EMBED,P-205-21,,1,PL76.2*12.7,A36,a50ca0fe-9d75-417d-8bad-e27860ac8c3d
W10-59,piece-to-piece,EMBED,P-205-31,,1,SPHERE47.625,A36,ed3201a6-1cc7-4b4c-a275-50ab3191df12
W10-59,piece-to-piece,EMBED,P-205-32,,1,PL54,Steel_Undefined,4538968e-675b-4f45-a6dc-37c94b3240ac
W10-59,piece-to-piece,ANCHOR,P-205-11,12000LB FORGED ANCHOR,1,PL15.88,A36,85f86366-302b-4d35-890f-f3ae06f55469
W10-59,piece-to-piece,EMBED,P-205-21,,1,PL76.2*12.7,A36,9cdc91d0-de62-4530-8bc3-fb0378456d34
W10-59,piece-to-piece,EMBED,P-205-31,,1,SPHERE47.625,A36,06518d71-34c4-42c8-9934-736ec676f486
W10-59,piece-to-piece,EMBED,P-205-32,,1,PL54,Steel_Undefined,6d5943f9-c2e8-4ae5-97e3-878fce6c17c7
W10-71,piece-to-piece,EMBED,MPX11,V REVEAL LARGE,1,TRIANGLE12.7*12.7,Misc_Undefined,bbcb4f2e-76b0-4310-b0f8-a0d9e066e199
W10-71,piece-to-piece,INSERT,P-300-11,19Ø INSERT (NC),1,ROD23.813,A36,d5c7dfa0-a327-4ffa-b1b9-5443f23f77b1
W10-71,piece-to-piece,EMBED,P-300-21,,1,ROD6.35,A36,698c6225-d903-44ac-949f-4c36800fa90f
W10-71,piece-to-piece,INSERT,P-300-11,19Ø INSERT (NC),1,ROD23.813,A36,f43a3e99-df46-45de-b1b5-0577a6f68e19
W10-71,piece-to-piece,EMBED,P-300-21,,1,ROD6.35,A36,7aedbc46-31cd-4eb8-9142-8b2ff4a40dd8
W10-71,piece-to-piece,INSERT,P-300-11,19Ø INSERT (NC),1,ROD23.813,A36,3e18bcf7-0d34-44fc-bf1e-8e053f339840
W10-71,piece-to-piece,EMBED,P-300-21,,1,ROD6.35,A36,cd314d98-7945-4580-bd0a-7f87f59e8d03
W10-71,piece-to-piece,GROUT_TUBE,GT75-1219,75Ø x 1219 GROUT TUBE,1,ROD76,Zero_Density,dfb0eceb-e7cb-4aef-a11f-509de8b6fda4
W10-71,piece-to-piece,GROUT_TUBE,GT75-1219,75Ø x 1219 GROUT TUBE,1,ROD76,Zero_Density,a12c1d67-8b74-46c1-8650-16ff620a00a5
W10-71,piece-to-piece,GROUT_TUBE,GT75-1219,75Ø x 1219 GROUT TUBE,1,ROD76,Zero_Density,cb96cf65-2ee5-4625-9807-bd25580f75d4
W10-71,piece-to-piece,GROUT_TUBE,GT75-1219,75Ø x 1219 GROUT TUBE,1,ROD76,Zero_Density,b78a72a2-dc3d-47cf-8002-d0bab3ad34fc
W10-71,piece-to-piece,GROUT_TUBE,GT75-686,75Ø x 686 GROUT TUBE,1,ROD76,Zero_Density,7ce8203d-59ed-4829-a78d-a76d2529ed50
W10-71,piece-to-piece,GROUT_TUBE,GT75-686,75Ø x 686 GROUT TUBE,1,ROD76,Zero_Density,57562bc4-5632-4056-8941-b5bb043233eb
W10-71,piece-to-piece,GROUT_TUBE,GT75-1219,75Ø x 1219 GROUT TUBE,1,ROD76,Zero_Density,dc31eb07-1112-4067-84b8-1241cb8333b8
W10-71,piece-to-piece,INSERT,SP25-1067-11,SP25Mx1067 WILLIAMS S,1,ROD25.4,A706-GR.60,a04bc318-0083-47d2-9589-a534f11f8fca
W10-71,piece-to-piece,EMBED,SP25-1067-31,,1,PD66.675*15.875,A706-GR.60,007a7e5e-1de5-40b2-936e-6efa7be0dbaa
W10-71,piece-to-piece,EMBED,SP25-1067-21,,1,ROD41.275,A706-GR.60,e8449ef2-55dd-4709-8833-ac4bee75b1d6
W10-71,piece-to-piece,INSERT,SP25-1067-11,SP25Mx1067 WILLIAMS S,1,ROD25.4,A706-GR.60,dae40229-25fc-494a-aa47-316293ef623d
W10-71,piece-to-piece,EMBED,SP25-1067-31,,1,PD66.675*15.875,A706-GR.60,0979c17c-0958-4f16-ab1a-07b5c9448d15
W10-71,piece-to-piece,EMBED,SP25-1067-21,,1,ROD41.275,A706-GR.60,343f867d-bda7-4691-81eb-cd44a13323f0
W10-71,piece-to-piece,INSERT,SP25-1067-11,SP25Mx1067 WILLIAMS S,1,ROD25.4,A706-GR.60,e955187f-22fd-4658-9099-48bdec912342
W10-71,piece-to-piece,EMBED,SP25-1067-31,,1,PD66.675*15.875,A706-GR.60,1b0f2d89-2cd4-417a-9986-04852d7899a7
W10-71,piece-to-piece,EMBED,SP25-1067-21,,1,ROD41.275,A706-GR.60,71cfb4ce-be5e-4561-ab09-7173c40cbce6
W10-71,piece-to-piece,INSERT,SP25-1067-11,SP25Mx1067 WILLIAMS S,1,ROD25.4,A706-GR.60,80972024-b0cc-47ed-aa04-121adcec56d7
W10-71,piece-to-piece,EMBED,SP25-1067-31,,1,PD66.675*15.875,A706-GR.60,3ff2cfce-0281-4a61-b04c-43ce19bc2421
W10-71,piece-to-piece,EMBED,SP25-1067-21,,1,ROD41.275,A706-GR.60,01b2fdff-5df8-490f-b8bd-0ab8aab43bb9
W10-71,piece-to-piece,INSERT,SP15-457-11,15Mx457 WILLIAMS SPL,1,ROD16,400W,1a3acb24-86e2-461e-8918-ba9d7df633e0
W10-71,piece-to-piece,INSERT,SP15-457-31,,1,PD52.387*12.7,400W,3929daf9-df76-49c1-bf73-684f0b780562
W10-71,piece-to-piece,INSERT,SP15-457-21,,1,ROD26.987,400W,a219f7d0-83da-447f-a6be-8103acfdf2ca
W10-71,piece-to-piece,INSERT,SP15-457-11,15Mx457 WILLIAMS SPL,1,ROD16,400W,e61396f9-399c-4940-88a0-c3fc3edca4d1
W10-71,piece-to-piece,INSERT,SP15-457-31,,1,PD52.387*12.7,400W,b90659a7-69fd-42b1-b2c8-e6c9786616e5
W10-71,piece-to-piece,INSERT,SP15-457-21,,1,ROD26.987,400W,7b46063f-a31b-4a02-b36a-582a979debfa
W10-71,piece-to-piece,INSERT,SP25-1067-11,SP25Mx1067 WILLIAMS S,1,ROD25.4,A706-GR.60,e8ef20cd-954d-489a-ac3d-b20915f890e3
W10-71,piece-to-piece,EMBED,SP25-1067-31,,1,PD66.675*15.875,A706-GR.60,d2c8eaf0-5580-4e05-b914-b111e2262684
W10-71,piece-to-piece,EMBED,SP25-1067-21,,1,ROD41.275,A706-GR.60,d2c35c87-13de-4f2e-b864-c37ac766c223
W10-71,piece-to-piece,INSERT,SP25-1067-11,SP25Mx1067 WILLIAMS S,1,ROD25.4,A706-GR.60,867513ce-7340-41b1-b3d1-858735990154
W10-71,piece-to-piece,EMBED,SP25-1067-31,,1,PD66.675*15.875,A706-GR.60,3bb038c8-6666-414a-b309-136144a6f4cf
W10-71,piece-to-piece,EMBED,SP25-1067-21,,1,ROD41.275,A706-GR.60,95664d37-0343-4efa-863c-b608f657e9d9
W10-71,piece-to-piece,INSERT,SP25-1067-11,SP25Mx1067 WILLIAMS S,1,ROD25.4,A706-GR.60,50dfc5b2-c2e7-49cf-9aab-8a43e8883519
W10-71,piece-to-piece,EMBED,SP25-1067-31,,1,PD66.675*15.875,A706-GR.60,725488d0-9594-498e-89b4-f293e344a8e8
W10-71,piece-to-piece,EMBED,SP25-1067-21,,1,ROD41.275,A706-GR.60,d81d4253-3143-4350-9a56-3446ea27863c
W10-71,piece-to-piece,INSERT,SP25-1067-11,SP25Mx1067 WILLIAMS S,1,ROD25.4,A706-GR.60,81c6de9a-0cc6-48c9-a109-42a2369859c2
W10-71,piece-to-piece,EMBED,SP25-1067-31,,1,PD66.675*15.875,A706-GR.60,8ac9938b-52d3-4b9b-91fd-055c23232469
W10-71,piece-to-piece,EMBED,SP25-1067-21,,1,ROD41.275,A706-GR.60,c7a3933a-e553-423d-a1cc-f20ff8f6c1be
W10-71,piece-to-piece,GROUT_TUBE,GT75-1219,75Ø x 1219 GROUT TUBE,1,ROD76,Zero_Density,58b6edfa-38ae-4d5d-81ec-d4c686ae7fba
W10-71,piece-to-piece,GROUT_TUBE,GT75-1219,75Ø x 1219 GROUT TUBE,1,ROD76,Zero_Density,0c3a144d-d0bb-49b6-89b7-f9a96e1f10f9
W10-71,piece-to-piece,GROUT_TUBE,GT75-1219,75Ø x 1219 GROUT TUBE,1,ROD76,Zero_Density,53ead191-d73c-4aba-8bb6-a4b3a800d6d6
W10-71,piece-to-piece,GROUT_TUBE,GT100-1219-11,100Øx1219 GROUT TUBE,1,ROD102,Zero_Density,c4ff44ae-53f3-4450-a903-ce60402081d6
W10-71,piece-to-piece,GROUT_TUBE,GT100-1219-21,,1,ROD110,Zero_Density,70f20a4e-cb65-45ae-8782-d237ac02571e
W10-71,piece-to-piece,GROUT_TUBE,GT100-1219-31,,1,ROD76,Zero_Density,ca26dd18-797a-4810-9137-1a50bd58ac49
W10-71,piece-to-piece,INSERT,SP30-1219-11,30Mx1219 WILLIAMS SPL,1,ROD30.16,A706-GR.60,6d5bc72d-2192-4edc-b97f-d84493c0c97c
W10-71,piece-to-piece,EMBED,SP30-1219-31,,1,PD71.438*19.05,A706-GR.60,b3cd6151-9f11-4027-85b6-fd451345dc60
W10-71,piece-to-piece,EMBED,SP30-1219-21,,1,ROD44.45,A706-GR.60,89d2afca-dee7-4ab2-8280-cec20f7104b0
W10-71,piece-to-piece,GROUT_TUBE,GT76-254,76Øx254mm G.TUBE,1,ROD76.2,Zero_Density,a3ce4df4-84c6-4f77-b89a-066d459f4773
W10-71,piece-to-piece,GROUT_TUBE,GT76-254,76Øx254mm G.TUBE,1,ROD76.2,Zero_Density,e35a3fa7-7257-44c3-ab43-d8f808d2593b
W10-71,piece-to-piece,GROUT_TUBE,GT76-254,76Øx254mm G.TUBE,1,ROD76.2,Zero_Density,e6f937fd-54f4-4b3b-b0ad-579a6f02bc01
W10-71,piece-to-piece,GROUT_TUBE,GT76-254,76Øx254mm G.TUBE,1,ROD76.2,Zero_Density,8f8e1a81-521c-41b2-9e33-24ca9ccc26a5
W10-71,piece-to-piece,GROUT_TUBE,GT76-254,76Øx254mm G.TUBE,1,ROD76.2,Zero_Density,1bbefe82-b37a-4dc0-8aaa-f695500011e5
W10-71,piece-to-piece,GROUT_TUBE,GT76-254,76Øx254mm G.TUBE,1,ROD76.2,Zero_Density,5df29275-9e4f-4b95-9dc5-19ee2a7e4599
W10-71,piece-to-piece,CONDUIT,CNDT37,19MM CONDUIT,1,ROD19,Zero_Density,9ec60e95-3d0a-4b4a-ba36-d7879eab6d88
W10-71,piece-to-piece,PLATE,EB-S-PL1,Single Plastic Electr,1,160*50.8,Zero_Density,05c0da6a-e002-4af7-9165-0b58c716d6dc
W10-71,piece-to-piece,EMBED,P-602-11,13PL. W/STUD,1,PL101.6*12.7,A572-GR.50,b89f43cb-746e-4541-9c6a-141bd4105073
W10-71,piece-to-piece,EMBED,P-602-21,,1,STUD_1/2-DIA,A108-C1010-1020,9fc7f368-3fb9-4672-8588-5ea4cd573e13
W10-71,piece-to-piece,INSERT,P-300-11,19Ø INSERT (NC),1,ROD23.813,A36,f89b1ba9-178a-4f21-be25-4ed00ad2476c
W10-71,piece-to-piece,EMBED,P-300-21,,1,ROD6.35,A36,c56295fb-a98b-40a3-8e82-0f222171d9b2
W10-71,piece-to-piece,INSERT,P-300-11,19Ø INSERT (NC),1,ROD23.813,A36,d515aeec-9296-42f8-8fe4-784d2a1b0cc8
W10-71,piece-to-piece,EMBED,P-300-21,,1,ROD6.35,A36,091c1354-7abd-41be-a552-4312281323fa
W10-71,piece-to-piece,ANCHOR,P-205-11,12000LB FORGED ANCHOR,1,PL15.88,A36,fff776dd-2a8e-4621-a885-4f0b55d994ed
W10-71,piece-to-piece,EMBED,P-205-21,,1,PL76.2*12.7,A36,4113950b-05e6-4b11-b490-7afe345e5c04
W10-71,piece-to-piece,EMBED,P-205-31,,1,SPHERE47.625,A36,c9531a19-070a-48c9-9c45-ed3780102e03
W10-71,piece-to-piece,EMBED,P-205-32,,1,PL54,Steel_Undefined,243002f9-0bd6-4fc0-ada2-d8acec7fc2fb
W10-71,piece-to-piece,ANCHOR,P-205-11,12000LB FORGED ANCHOR,1,PL15.88,A36,d1d77556-1bcd-4eb1-83fa-ba85b0b5111a
W10-71,piece-to-piece,EMBED,P-205-21,,1,PL76.2*12.7,A36,7a703513-1346-489b-8cbb-7dc7b6682e0c
W10-71,piece-to-piece,EMBED,P-205-31,,1,SPHERE47.625,A36,4a68d4ba-162b-4bbe-a942-47e62e1c477a
W10-71,piece-to-piece,EMBED,P-205-32,,1,PL54,Steel_Undefined,3cc3f6c1-db39-4a92-92dc-57f0e456c27f
W10-71,piece-to-piece,ANCHOR,P-205-11,12000LB FORGED ANCHOR,1,PL15.88,A36,941d21d0-0e2e-4f73-bb60-8ad3defa223b
W10-71,piece-to-piece,EMBED,P-205-21,,1,PL76.2*12.7,A36,20a9befd-ca2f-4dc7-8b61-51f2b7c589e1
W10-71,piece-to-piece,EMBED,P-205-31,,1,SPHERE47.625,A36,9a6293a9-81a9-4b2a-bedf-89085a27cfce
W10-71,piece-to-piece,EMBED,P-205-32,,1,PL54,Steel_Undefined,5b00275b-f669-40cd-af7e-1cfe823bddbb
W10-71,piece-to-piece,ANCHOR,P-205-11,12000LB FORGED ANCHOR,1,PL15.88,A36,b48a16d3-6b6b-4e7c-867c-3c6a3ef81bdc
W10-71,piece-to-piece,EMBED,P-205-21,,1,PL76.2*12.7,A36,c965bf89-3344-472d-8679-a656f5e4df2b
W10-71,piece-to-piece,EMBED,P-205-31,,1,SPHERE47.625,A36,11508c7f-55a3-451d-b0ac-07c511af3946
W10-71,piece-to-piece,EMBED,P-205-32,,1,PL54,Steel_Undefined,49d4d59a-ed38-45fd-824e-ca2a7bff151a
W10-73,piece-to-piece,EMBED,MPX11,V REVEAL LARGE,1,TRIANGLE12.7*12.7,Misc_Undefined,0098798f-e8d6-4d98-9478-d0c6c184fb2f
W10-73,piece-to-piece,INSERT,P-300-11,19Ø INSERT (NC),1,ROD23.813,A36,6760d728-b507-4898-ba4a-4850d911aa6d
W10-73,piece-to-piece,EMBED,P-300-21,,1,ROD6.35,A36,f30f1899-256d-4358-9c9d-57771c4fb478
W10-73,piece-to-piece,INSERT,P-300-11,19Ø INSERT (NC),1,ROD23.813,A36,9852097a-8f33-4090-ba3d-8aba7545cd22
W10-73,piece-to-piece,EMBED,P-300-21,,1,ROD6.35,A36,12e8f02a-3343-4123-aeee-d9bf00c8ba55
W10-73,piece-to-piece,INSERT,P-300-11,19Ø INSERT (NC),1,ROD23.813,A36,c720f4fc-7446-4fec-ad7e-1ef0c365824c
W10-73,piece-to-piece,EMBED,P-300-21,,1,ROD6.35,A36,06f0bfcd-77fd-4ac7-bb26-76b0c718f5a2
W10-73,piece-to-piece,GROUT_TUBE,GT75-1219,75Ø x 1219 GROUT TUBE,1,ROD76,Zero_Density,6fecdfa6-9ddd-4d23-8ddd-1de6a4235cab
W10-73,piece-to-piece,GROUT_TUBE,GT75-1219,75Ø x 1219 GROUT TUBE,1,ROD76,Zero_Density,f53fec2a-041f-47d5-bae7-1ef25c1c7602
W10-73,piece-to-piece,GROUT_TUBE,GT75-1219,75Ø x 1219 GROUT TUBE,1,ROD76,Zero_Density,c65c9ceb-74b8-45ef-8c7e-475557fb6f0a
W10-73,piece-to-piece,GROUT_TUBE,GT75-1219,75Ø x 1219 GROUT TUBE,1,ROD76,Zero_Density,bbd5ac5a-b582-44fa-9778-279252e917fa
W10-73,piece-to-piece,GROUT_TUBE,GT75-686,75Ø x 686 GROUT TUBE,1,ROD76,Zero_Density,d4b6f176-ac07-47cd-97cf-8e9cf0f0fd63
W10-73,piece-to-piece,GROUT_TUBE,GT75-686,75Ø x 686 GROUT TUBE,1,ROD76,Zero_Density,77a2a69c-ba74-4cc0-93d3-15698059f257
W10-73,piece-to-piece,INSERT,SP15-457-11,15Mx457 WILLIAMS SPL,1,ROD16,400W,0ba06ccf-9587-4a40-91c0-8644c5f0532f
W10-73,piece-to-piece,INSERT,SP15-457-31,,1,PD52.387*12.7,400W,f02b216d-10b1-4025-9b8c-524eaf01ca58
W10-73,piece-to-piece,INSERT,SP15-457-21,,1,ROD26.987,400W,8d3d09fd-be3c-4406-a7a2-022e7ba4b7f6
W10-73,piece-to-piece,INSERT,SP15-457-11,15Mx457 WILLIAMS SPL,1,ROD16,400W,4f2d84a9-b00b-4369-8c7a-21725adfec48
W10-73,piece-to-piece,INSERT,SP15-457-31,,1,PD52.387*12.7,400W,ff644760-be18-4dfe-999c-c381e5de11c0
W10-73,piece-to-piece,INSERT,SP15-457-21,,1,ROD26.987,400W,dadf32aa-942d-45bf-a1e2-ca4550de8e87
W10-73,piece-to-piece,INSERT,SP15-457-11,15Mx457 WILLIAMS SPL,1,ROD16,400W,d5c66038-7637-4bc4-bf0f-4ca9e0b64812
W10-73,piece-to-piece,INSERT,SP15-457-31,,1,PD52.387*12.7,400W,f1db2f85-ef53-42b2-b483-212e24e8657b
W10-73,piece-to-piece,INSERT,SP15-457-21,,1,ROD26.987,400W,b2fe20aa-d907-4e99-b4f4-c6069a98b2b6
W10-73,piece-to-piece,INSERT,SP15-457-11,15Mx457 WILLIAMS SPL,1,ROD16,400W,b96dbabe-fb50-4fe5-a9a2-d92671127433
W10-73,piece-to-piece,INSERT,SP15-457-31,,1,PD52.387*12.7,400W,ee26c0f0-2375-4c16-b9da-2ae66e4193aa
W10-73,piece-to-piece,INSERT,SP15-457-21,,1,ROD26.987,400W,443f403a-b99c-4d93-808b-5da5ad63a03a
W10-73,piece-to-piece,INSERT,SP15-457-11,15Mx457 WILLIAMS SPL,1,ROD16,400W,d8eeb1c7-69d4-4c08-ae04-22fdc6b5c8e9
W10-73,piece-to-piece,INSERT,SP15-457-31,,1,PD52.387*12.7,400W,08015d77-2b2a-46ff-92d1-d59a6a9c0ada
W10-73,piece-to-piece,INSERT,SP15-457-21,,1,ROD26.987,400W,82c05267-282a-483f-b759-2c22f8acf8c6
W10-73,piece-to-piece,INSERT,SP15-457-11,15Mx457 WILLIAMS SPL,1,ROD16,400W,d8f052a2-cee9-40ae-b7b3-b7ac737e099f
W10-73,piece-to-piece,INSERT,SP15-457-31,,1,PD52.387*12.7,400W,ee194a37-1500-441d-b91b-1d543c85cfc5
W10-73,piece-to-piece,INSERT,SP15-457-21,,1,ROD26.987,400W,020beb6f-136b-4b0a-aa00-03f81e7c2b02
W10-73,piece-to-piece,INSERT,SP15-457-11,15Mx457 WILLIAMS SPL,1,ROD16,400W,3ded5553-3c76-4228-96fc-cc1f79990237
W10-73,piece-to-piece,INSERT,SP15-457-31,,1,PD52.387*12.7,400W,6b6540ec-1a11-4c68-8981-54a007500cbd
W10-73,piece-to-piece,INSERT,SP15-457-21,,1,ROD26.987,400W,d708f8f3-e519-41a2-8503-729e28af176f
W10-73,piece-to-piece,INSERT,SP15-457-11,15Mx457 WILLIAMS SPL,1,ROD16,400W,d0900bd4-8777-4485-837d-851ea798e038
W10-73,piece-to-piece,INSERT,SP15-457-31,,1,PD52.387*12.7,400W,c6bf204d-c74a-453c-8703-7059dc2a5a9b
W10-73,piece-to-piece,INSERT,SP15-457-21,,1,ROD26.987,400W,fa4d54bf-54ac-42b7-a260-552146d95dc1
W10-73,piece-to-piece,INSERT,SP15-457-11,15Mx457 WILLIAMS SPL,1,ROD16,400W,12fb8a99-7b18-4fc9-8e9b-970786963ea9
W10-73,piece-to-piece,INSERT,SP15-457-31,,1,PD52.387*12.7,400W,f3556eca-237e-494a-8e05-3ef67f5f9166
W10-73,piece-to-piece,INSERT,SP15-457-21,,1,ROD26.987,400W,dc0f6647-556e-42fa-81f3-c1db6f08ea26
W10-73,piece-to-piece,GROUT_TUBE,GT75-1219,75Ø x 1219 GROUT TUBE,1,ROD76,Zero_Density,92afaf5a-0d36-4e8b-b53a-286080c77bb7
W10-73,piece-to-piece,GROUT_TUBE,GT75-1219,75Ø x 1219 GROUT TUBE,1,ROD76,Zero_Density,62b2c16a-4b58-438b-917e-19f2057c5395
W10-73,piece-to-piece,GROUT_TUBE,GT75-1219,75Ø x 1219 GROUT TUBE,1,ROD76,Zero_Density,61763de9-553c-409d-b579-d1e4f354b7be
W10-73,piece-to-piece,GROUT_TUBE,GT75-1219,75Ø x 1219 GROUT TUBE,1,ROD76,Zero_Density,65d94a94-12b0-403f-b09d-d6ffe9e62608
W10-73,piece-to-piece,GROUT_TUBE,GT100-1219-11,100Øx1219 GROUT TUBE,1,ROD102,Zero_Density,ede64378-e839-4925-8cbe-61dc294df07c
W10-73,piece-to-piece,GROUT_TUBE,GT100-1219-21,,1,ROD110,Zero_Density,42a2ac52-ae55-4a23-9281-80b949b8be1d
W10-73,piece-to-piece,GROUT_TUBE,GT100-1219-31,,1,ROD76,Zero_Density,28b7b690-fa8b-4cd4-b9a6-2f71162952d6
W10-73,piece-to-piece,GROUT_TUBE,GT76-254,76Øx254mm G.TUBE,1,ROD76.2,Zero_Density,938c0f0f-3e49-451c-bad9-5daaed9856fd
W10-73,piece-to-piece,GROUT_TUBE,GT76-254,76Øx254mm G.TUBE,1,ROD76.2,Zero_Density,9a8d1055-f6f2-4362-8eea-38f300cd9bc7
W10-73,piece-to-piece,GROUT_TUBE,GT76-254,76Øx254mm G.TUBE,1,ROD76.2,Zero_Density,1a7a4e2f-252e-46b4-944d-fae3bf96cf84
W10-73,piece-to-piece,CONDUIT,CNDT37,19MM CONDUIT,1,ROD19,Zero_Density,e79bf4d3-29d0-493a-837a-39ae19c58b3c
W10-73,piece-to-piece,PLATE,EB-S-PL1,Single Plastic Electr,1,160*50.8,Zero_Density,fefc2731-93b4-4f19-87ba-ee81861df125
W10-73,piece-to-piece,EMBED,P-602-11,13PL. W/STUD,1,PL101.6*12.7,A572-GR.50,38dc91dd-db6c-4dd3-92bb-7da1080949f7
W10-73,piece-to-piece,EMBED,P-602-21,,1,STUD_1/2-DIA,A108-C1010-1020,23431cc7-e2c0-4986-baef-544a8b193a57
W10-73,piece-to-piece,INSERT,P-300-11,19Ø INSERT (NC),1,ROD23.813,A36,ec162840-bee2-4bdf-8174-7cf917a1b2b1
W10-73,piece-to-piece,EMBED,P-300-21,,1,ROD6.35,A36,1b4b5f00-89ec-465a-b55c-47e87e4dfa9d
W10-73,piece-to-piece,INSERT,P-300-11,19Ø INSERT (NC),1,ROD23.813,A36,2bf6e144-e2fa-419c-8913-cf6e7bc4e5db
W10-73,piece-to-piece,EMBED,P-300-21,,1,ROD6.35,A36,708a855c-fc2a-4aa4-80c0-2d429f795272
W10-73,piece-to-piece,ANCHOR,P-205-11,12000LB FORGED ANCHOR,1,PL15.88,A36,471e85e4-f8eb-487c-9883-57b1e22c94b3
W10-73,piece-to-piece,EMBED,P-205-21,,1,PL76.2*12.7,A36,45322fb0-331c-48a0-b3af-34d5fc2d6e32
W10-73,piece-to-piece,EMBED,P-205-31,,1,SPHERE47.625,A36,34385b88-a321-4e9d-a4ac-f3ad4f3b09b5
W10-73,piece-to-piece,EMBED,P-205-32,,1,PL54,Steel_Undefined,db267f45-8e82-49d8-a7e1-b28fce54eb3e
W10-73,piece-to-piece,ANCHOR,P-205-11,12000LB FORGED ANCHOR,1,PL15.88,A36,c456c12c-cfb4-4d8a-be50-5db1f4618a85
W10-73,piece-to-piece,EMBED,P-205-21,,1,PL76.2*12.7,A36,67a17ee6-37e9-425b-aaea-0d7b26860a99
W10-73,piece-to-piece,EMBED,P-205-31,,1,SPHERE47.625,A36,858480bd-7800-4ac4-b86b-c75c16503b62
W10-73,piece-to-piece,EMBED,P-205-32,,1,PL54,Steel_Undefined,23bed062-48fe-485a-9dfe-15cfbcd3278e
W10-73,piece-to-piece,ANCHOR,P-205-11,12000LB FORGED ANCHOR,1,PL15.88,A36,aca8d11f-100a-4009-8de2-1f92ff49da65
W10-73,piece-to-piece,EMBED,P-205-21,,1,PL76.2*12.7,A36,a7f5dc4e-7e1e-4207-abe0-622aed49b9db
W10-73,piece-to-piece,EMBED,P-205-31,,1,SPHERE47.625,A36,2cc23a51-f52b-4465-9522-e2ee23400536
W10-73,piece-to-piece,EMBED,P-205-32,,1,PL54,Steel_Undefined,e66c0054-b494-4dd9-b00e-df01cec38a6c
W10-73,piece-to-piece,ANCHOR,P-205-11,12000LB FORGED ANCHOR,1,PL15.88,A36,8a8beabb-67e1-46f1-befb-8f84e5c2ec18
W10-73,piece-to-piece,EMBED,P-205-21,,1,PL76.2*12.7,A36,39eaded9-3f14-4eea-b04c-9a239b76225e
W10-73,piece-to-piece,EMBED,P-205-31,,1,SPHERE47.625,A36,3c8abbca-6ee7-4162-b91d-e31a5d049698
W10-73,piece-to-piece,EMBED,P-205-32,,1,PL54,Steel_Undefined,33c1e59f-7163-4d0b-a024-0a9d81b1bfb2
W10-73,piece-to-piece,GROUT_TUBE,GT76-254,76Øx254mm G.TUBE,1,ROD76.2,Zero_Density,5a8f22e0-550c-4f5d-acb7-01123a45fec6
W10-73,piece-to-piece,GROUT_TUBE,GT76-254,76Øx254mm G.TUBE,1,ROD76.2,Zero_Density,dc217386-0e68-45cd-9866-25f1aa2806fc
W10-73,piece-to-piece,GROUT_TUBE,GT76-254,76Øx254mm G.TUBE,1,ROD76.2,Zero_Density,985f1b0c-e7a4-4be5-a318-b447d1e98eeb
W10-26,piece-to-piece,EMBED,MPX14,V REVEAL LARGE,1,TRIANGLE12.7*12.7,Misc_Undefined,685586e6-abe2-4c05-b8ac-a9eff18b64e6
W10-26,piece-to-piece,EMBED,MPX12,MOUNTPART,1,TRIANGLE51.0*12.7,Misc_Undefined,54b93857-ebbc-452d-a9e8-4e83f32514f7
W10-26,piece-to-piece,EMBED,MPX11,V REVEAL LARGE,1,TRIANGLE12.7*12.7,Misc_Undefined,eef42a9a-a6fb-4f81-9190-65c9c29c3eb9
W10-26,piece-to-piece,INSERT,P-300-11,19Ø INSERT (NC),1,ROD23.813,A36,7cfdca43-c915-4dca-980b-ceed39ab5a78
W10-26,piece-to-piece,EMBED,P-300-21,,1,ROD6.35,A36,7a802ef2-2984-4ddc-a36f-efe2b7d6aa5a
W10-26,piece-to-piece,INSERT,P-300-11,19Ø INSERT (NC),1,ROD23.813,A36,49b31fc4-718e-4cde-bcb2-97e4387eed80
W10-26,piece-to-piece,EMBED,P-300-21,,1,ROD6.35,A36,a0d94e4d-35f6-4ec6-b7ef-ad6c9b13f83e
W10-26,piece-to-piece,INSERT,SP15-457-11,15Mx457 WILLIAMS SPL,1,ROD16,400W,deca9ab7-ed40-44fc-ac0a-ea821d1d09fb
W10-26,piece-to-piece,INSERT,SP15-457-31,,1,PD52.387*12.7,400W,6b91057f-3910-4cab-834d-ab381e5342cb
W10-26,piece-to-piece,INSERT,SP15-457-21,,1,ROD26.987,400W,63b7c7d6-69af-41ca-a272-aa42d96653f4
W10-26,piece-to-piece,INSERT,SP15-457-11,15Mx457 WILLIAMS SPL,1,ROD16,400W,eee1e503-68aa-48ba-b12f-f720496aa429
W10-26,piece-to-piece,INSERT,SP15-457-31,,1,PD52.387*12.7,400W,83185bc1-6025-4d10-bee0-6027846bcf92
W10-26,piece-to-piece,INSERT,SP15-457-21,,1,ROD26.987,400W,730a8af0-ee26-47f6-837b-e391802c0e1c
W10-26,piece-to-piece,INSERT,SP15-457-11,15Mx457 WILLIAMS SPL,1,ROD16,400W,ae37f002-5c12-43d8-815b-ce421f52933d
W10-26,piece-to-piece,INSERT,SP15-457-31,,1,PD52.387*12.7,400W,336e21ff-3549-4863-81c0-6e9c461cb4dc
W10-26,piece-to-piece,INSERT,SP15-457-21,,1,ROD26.987,400W,6399fc0a-2cbd-4d45-b7e1-a9ad17c487a2
W10-26,piece-to-piece,INSERT,SP15-457-11,15Mx457 WILLIAMS SPL,1,ROD16,400W,1c37900c-bfb6-448a-b464-7e748a90a2b5
W10-26,piece-to-piece,INSERT,SP15-457-31,,1,PD52.387*12.7,400W,cf99e89f-e7ff-43b1-85ee-dbd0cfb286da
W10-26,piece-to-piece,INSERT,SP15-457-21,,1,ROD26.987,400W,b95c493d-ca1f-4f29-a60a-c3c57b6b0c42
W10-26,piece-to-piece,INSERT,SP15-457-11,15Mx457 WILLIAMS SPL,1,ROD16,400W,667704a3-7770-44d2-8c7b-4bcefc93c68e
W10-26,piece-to-piece,INSERT,SP15-457-31,,1,PD52.387*12.7,400W,f022c894-1c5c-4076-8939-6227a92e20a3
W10-26,piece-to-piece,INSERT,SP15-457-21,,1,ROD26.987,400W,0262b00d-0f1b-4bb3-8b19-52d62469223a
W10-26,piece-to-piece,INSERT,SP15-457-11,15Mx457 WILLIAMS SPL,1,ROD16,400W,3e919479-c18b-4c42-9fb2-7ed2fef30849
W10-26,piece-to-piece,INSERT,SP15-457-31,,1,PD52.387*12.7,400W,d88538b3-77a0-4223-bf34-710fafadc6b8
W10-26,piece-to-piece,INSERT,SP15-457-21,,1,ROD26.987,400W,aefaa60e-8716-4a06-8762-254ec1cd6f09
W10-26,piece-to-piece,GROUT_TUBE,GT75-1219,75Ø x 1219 GROUT TUBE,1,ROD76,Zero_Density,0cb8a1bb-339f-49c7-a7a9-c1ec2f63874d
W10-26,piece-to-piece,GROUT_TUBE,GT75-1219,75Ø x 1219 GROUT TUBE,1,ROD76,Zero_Density,d202a196-c726-4e51-ac8b-01b38426d0bc
W10-26,piece-to-piece,GROUT_TUBE,GT75-1219,75Ø x 1219 GROUT TUBE,1,ROD76,Zero_Density,400435f0-b3ae-41a8-a965-d736979809e8
W10-26,piece-to-piece,GROUT_TUBE,GT75-1219,75Ø x 1219 GROUT TUBE,1,ROD76,Zero_Density,4ed3e8ed-7ca3-475c-a3b2-f89d316e6472
W10-26,piece-to-piece,GROUT_TUBE,GT75-1219,75Ø x 1219 GROUT TUBE,1,ROD76,Zero_Density,dc28fd4f-5144-4142-ab82-f3c2fe42b762
W10-26,piece-to-piece,GROUT_TUBE,GT75-1219,75Ø x 1219 GROUT TUBE,1,ROD76,Zero_Density,34eda8a5-a23d-4a88-ad60-35213e5482bb
W10-26,piece-to-piece,GROUT_TUBE,GT75-686,75Ø x 686 GROUT TUBE,1,ROD76,Zero_Density,c7daca2e-c45b-473b-b4fc-99e26f2ba3a7
W10-26,piece-to-piece,GROUT_TUBE,GT75-1219,75Ø x 1219 GROUT TUBE,1,ROD76,Zero_Density,3eaba396-9a5d-4958-ad93-332e081a41fd
W10-26,piece-to-piece,GROUT_TUBE,GT75-1219,75Ø x 1219 GROUT TUBE,1,ROD76,Zero_Density,0133e4e7-7274-4573-aea1-6aa709813a80
W10-26,piece-to-piece,GROUT_TUBE,GT76-254,76Øx254mm G.TUBE,1,ROD76.2,Zero_Density,d2993e4c-af26-4fdd-b3bd-fdad92dd6b9f
W10-26,piece-to-piece,GROUT_TUBE,GT76-254,76Øx254mm G.TUBE,1,ROD76.2,Zero_Density,e6afccd2-ee7c-45dd-a7e3-b0d6d2e18451
W10-26,piece-to-piece,GROUT_TUBE,GT76-254,76Øx254mm G.TUBE,1,ROD76.2,Zero_Density,dad6eb58-315f-4697-8af4-30ba865b9474
W10-26,piece-to-piece,CONDUIT,CNDT37,19MM CONDUIT,1,ROD19,Zero_Density,f909cf7d-8555-48bf-8c45-f346fadf30a5
W10-26,piece-to-piece,PLATE,EB-S-PL1,Single Plastic Electr,1,160*50.8,Zero_Density,53f03940-84e8-4b43-9fe7-b7f70422e565
W10-26,piece-to-piece,INSERT,P-300-11,19Ø INSERT (NC),1,ROD23.813,A36,b893986f-f13a-4ed2-90d7-48af486f42ce
W10-26,piece-to-piece,EMBED,P-300-21,,1,ROD6.35,A36,cf24da78-a482-4928-aead-a044d1355296
W10-26,piece-to-piece,INSERT,P-300-11,19Ø INSERT (NC),1,ROD23.813,A36,5bcadb54-6fcc-4516-bc49-7c5637cc0393
W10-26,piece-to-piece,EMBED,P-300-21,,1,ROD6.35,A36,36798877-7d04-457e-8373-074adb1865b6
W10-26,piece-to-piece,ANCHOR,P-205-11,12000LB FORGED ANCHOR,1,PL15.88,A36,64a9290a-b3d7-4a85-821a-483d929ad2e6
W10-26,piece-to-piece,EMBED,P-205-21,,1,PL76.2*12.7,A36,6e7e4275-d505-465e-8776-dbd3bd2bf46e
W10-26,piece-to-piece,EMBED,P-205-31,,1,SPHERE47.625,A36,7f006c2c-f2dd-478c-85bf-912adc296b99
W10-26,piece-to-piece,EMBED,P-205-32,,1,PL54,Steel_Undefined,95f5b8cc-f9ec-4370-9636-4bf46232e333
W10-26,piece-to-piece,ANCHOR,P-205-11,12000LB FORGED ANCHOR,1,PL15.88,A36,d3d0977e-ff12-461c-94cd-75a86f535cd4
W10-26,piece-to-piece,EMBED,P-205-21,,1,PL76.2*12.7,A36,c2136f34-dc05-427c-a538-4949cfeaa40c
W10-26,piece-to-piece,EMBED,P-205-31,,1,SPHERE47.625,A36,8c1ca706-d401-4d31-9dac-16949171a145
W10-26,piece-to-piece,EMBED,P-205-32,,1,PL54,Steel_Undefined,e8992d1d-5646-4b23-9215-4e6045ec6ff6
W10-26,piece-to-piece,GROUT_TUBE,GT76-254,76Øx254mm G.TUBE,1,ROD76.2,Zero_Density,faa95394-16b0-4cc0-8c59-54256dc91ed9
W10-26,piece-to-piece,GROUT_TUBE,GT76-254,76Øx254mm G.TUBE,1,ROD76.2,Zero_Density,1a3799e0-9011-40d6-bd9c-62feca23d11b
W10-26,piece-to-piece,GROUT_TUBE,GT76-254,76Øx254mm G.TUBE,1,ROD76.2,Zero_Density,46ae3e5e-539d-4f0c-b604-1973f6fc33cf
W10-50,piece-to-piece,EMBED,MPX11,V REVEAL LARGE,1,TRIANGLE12.7*12.7,Misc_Undefined,d7e49744-5127-4aa6-81f6-ff6e80eb548c
W10-50,piece-to-piece,INSERT,P-300-11,19Ø INSERT (NC),1,ROD23.813,A36,c4f91208-82b2-4d13-8778-38b20f102750
W10-50,piece-to-piece,EMBED,P-300-21,,1,ROD6.35,A36,07ff5172-d61a-4c15-8239-9548f32c5f47
W10-50,piece-to-piece,INSERT,P-300-11,19Ø INSERT (NC),1,ROD23.813,A36,dd3e9d18-2138-4e3c-af66-5302c447c2a6
W10-50,piece-to-piece,EMBED,P-300-21,,1,ROD6.35,A36,0654fcb5-5ad1-4b0c-b3d2-3bc4863c2d92
W10-50,piece-to-piece,INSERT,P-300-11,19Ø INSERT (NC),1,ROD23.813,A36,dbf1277b-3949-4e53-a8be-f25a1b659054
W10-50,piece-to-piece,EMBED,P-300-21,,1,ROD6.35,A36,6bf9c5c4-5eee-4d3e-924d-f9a8af710143
W10-50,piece-to-piece,GROUT_TUBE,GT75-686,75Ø x 686 GROUT TUBE,1,ROD76,Zero_Density,4f1c279c-ca7f-45ae-bd15-f6003de07e9a
W10-50,piece-to-piece,GROUT_TUBE,GT75-686,75Ø x 686 GROUT TUBE,1,ROD76,Zero_Density,c70919e1-87f6-4fcb-b621-e3c6bdb76c6c
W10-50,piece-to-piece,INSERT,SP15-457-11,15Mx457 WILLIAMS SPL,1,ROD16,400W,0aa9a5eb-f25c-4812-9f47-9ad9910305e6
W10-50,piece-to-piece,INSERT,SP15-457-31,,1,PD52.387*12.7,400W,62921f8d-4c0d-4aca-9983-07948b2ac938
W10-50,piece-to-piece,INSERT,SP15-457-21,,1,ROD26.987,400W,f7612a6e-63ac-4749-9a3d-77a44d9c3620
W10-50,piece-to-piece,INSERT,SP15-457-11,15Mx457 WILLIAMS SPL,1,ROD16,400W,25a89436-b8d3-4366-bef3-92b632473beb
W10-50,piece-to-piece,INSERT,SP15-457-31,,1,PD52.387*12.7,400W,18e64443-f799-4a0c-8f2b-f16138ce96bb
W10-50,piece-to-piece,INSERT,SP15-457-21,,1,ROD26.987,400W,e511aa17-5d2d-4244-ab19-b178b5035ed0
W10-50,piece-to-piece,INSERT,SP15-457-11,15Mx457 WILLIAMS SPL,1,ROD16,400W,da6e8391-bea0-4180-9472-1bdebbce187a
W10-50,piece-to-piece,INSERT,SP15-457-31,,1,PD52.387*12.7,400W,1de9a44a-a9bb-487e-b3f6-f0946fa279ed
W10-50,piece-to-piece,INSERT,SP15-457-21,,1,ROD26.987,400W,bf4e8c54-ff6b-4193-baa9-52a44ca5304b
W10-50,piece-to-piece,INSERT,SP15-457-11,15Mx457 WILLIAMS SPL,1,ROD16,400W,b7bb03b2-1819-454b-ac53-4fbf6fb0bd9d
W10-50,piece-to-piece,INSERT,SP15-457-31,,1,PD52.387*12.7,400W,f7f07178-b40f-4040-a1f8-3c9ac1c73853
W10-50,piece-to-piece,INSERT,SP15-457-21,,1,ROD26.987,400W,7965b890-cfe0-4206-a037-25f35f1b4dfb
W10-50,piece-to-piece,INSERT,SP15-457-11,15Mx457 WILLIAMS SPL,1,ROD16,400W,f5d2bd8a-6ef0-404e-b276-00a09464dc02
W10-50,piece-to-piece,INSERT,SP15-457-31,,1,PD52.387*12.7,400W,5d1ce0b1-033f-47e5-a374-1b7cf4501028
W10-50,piece-to-piece,INSERT,SP15-457-21,,1,ROD26.987,400W,e6dde6cc-6077-45bd-a006-ea1d1403662a
W10-50,piece-to-piece,INSERT,SP15-457-11,15Mx457 WILLIAMS SPL,1,ROD16,400W,49988e2e-4edc-4756-b362-65cf3e7ae0bc
W10-50,piece-to-piece,INSERT,SP15-457-31,,1,PD52.387*12.7,400W,ea8dd69c-2393-4c13-a5a0-729dbb5aeca1
W10-50,piece-to-piece,INSERT,SP15-457-21,,1,ROD26.987,400W,60566aff-91d2-4bff-8d46-b20368edd22b
W10-50,piece-to-piece,INSERT,SP15-457-11,15Mx457 WILLIAMS SPL,1,ROD16,400W,54083497-e0cd-4aae-8e88-d095c36b287d
W10-50,piece-to-piece,INSERT,SP15-457-31,,1,PD52.387*12.7,400W,fb74f5bc-0d8b-4a85-ae92-f5453c65cf0c
W10-50,piece-to-piece,INSERT,SP15-457-21,,1,ROD26.987,400W,99ca4841-adcc-44a4-a17c-f1faee6a3441
W10-50,piece-to-piece,INSERT,SP15-457-11,15Mx457 WILLIAMS SPL,1,ROD16,400W,fb5d34b3-c2eb-4b75-a4f8-961e1ab050f2
W10-50,piece-to-piece,INSERT,SP15-457-31,,1,PD52.387*12.7,400W,8c612b38-c13e-4e49-9b56-f4af3e68599e
W10-50,piece-to-piece,INSERT,SP15-457-21,,1,ROD26.987,400W,277627da-f4a3-4fc4-8b27-98b9ea123ea5
W10-50,piece-to-piece,INSERT,SP15-457-11,15Mx457 WILLIAMS SPL,1,ROD16,400W,ae05cffe-8bca-4372-835a-bb938872c42b
W10-50,piece-to-piece,INSERT,SP15-457-31,,1,PD52.387*12.7,400W,31ac04c1-91e1-47c2-948f-099d1707830e
W10-50,piece-to-piece,INSERT,SP15-457-21,,1,ROD26.987,400W,950ef91c-1389-4834-88c2-7e47152f81be
W10-50,piece-to-piece,GROUT_TUBE,GT75-1219,75Ø x 1219 GROUT TUBE,1,ROD76,Zero_Density,7836a0b9-5c71-46f6-8741-0c68a2808d13
W10-50,piece-to-piece,GROUT_TUBE,GT75-1219,75Ø x 1219 GROUT TUBE,1,ROD76,Zero_Density,b5a52515-bc38-4d1e-86b0-383cc69ba7ad
W10-50,piece-to-piece,GROUT_TUBE,GT75-1219,75Ø x 1219 GROUT TUBE,1,ROD76,Zero_Density,87a8272e-bda0-438e-a3d4-54841ed40f68
W10-50,piece-to-piece,GROUT_TUBE,GT75-1219,75Ø x 1219 GROUT TUBE,1,ROD76,Zero_Density,6f9abc4b-711a-401f-bfdd-963b4789cbcd
W10-50,piece-to-piece,GROUT_TUBE,GT75-1219,75Ø x 1219 GROUT TUBE,1,ROD76,Zero_Density,2b7e48c0-603a-4168-a4e8-4d59402ca04c
W10-50,piece-to-piece,GROUT_TUBE,GT75-1219,75Ø x 1219 GROUT TUBE,1,ROD76,Zero_Density,98aa42b7-b36c-4f8e-b604-1018810a897d
W10-50,piece-to-piece,GROUT_TUBE,GT75-1219,75Ø x 1219 GROUT TUBE,1,ROD76,Zero_Density,e8fe87d7-8ebe-4aa3-b74c-c4df07d3e9fe
W10-50,piece-to-piece,GROUT_TUBE,GT75-1219,75Ø x 1219 GROUT TUBE,1,ROD76,Zero_Density,7f29829a-8ba1-488d-b58c-857b467ca160
W10-50,piece-to-piece,GROUT_TUBE,GT100-1219-11,100Øx1219 GROUT TUBE,1,ROD102,Zero_Density,813de098-0f87-49b7-b13b-abc70d278490
W10-50,piece-to-piece,GROUT_TUBE,GT100-1219-21,,1,ROD110,Zero_Density,ce787350-7c5d-4efa-80f8-37316272affd
W10-50,piece-to-piece,GROUT_TUBE,GT100-1219-31,,1,ROD76,Zero_Density,5399aacd-9536-47d5-a986-1445e0529ef0
W10-50,piece-to-piece,GROUT_TUBE,GT76-254,76Øx254mm G.TUBE,1,ROD76.2,Zero_Density,69803634-7184-4ac7-960a-2ca5034e7d5e
W10-50,piece-to-piece,GROUT_TUBE,GT76-254,76Øx254mm G.TUBE,1,ROD76.2,Zero_Density,0cf235b4-719d-420b-b7fa-be11d1f9687d
W10-50,piece-to-piece,GROUT_TUBE,GT76-254,76Øx254mm G.TUBE,1,ROD76.2,Zero_Density,6f1a26df-f567-4128-ac42-9fd0003eb70b
W10-50,piece-to-piece,GROUT_TUBE,GT76-254,76Øx254mm G.TUBE,1,ROD76.2,Zero_Density,51d4cc2c-eaa7-4929-a21a-bda5e5ba0efa
W10-50,piece-to-piece,GROUT_TUBE,GT76-254,76Øx254mm G.TUBE,1,ROD76.2,Zero_Density,e6895dc9-626c-4f22-96dd-b6be76e96d78
W10-50,piece-to-piece,GROUT_TUBE,GT76-254,76Øx254mm G.TUBE,1,ROD76.2,Zero_Density,9829654a-5100-4282-b4d8-4d396d8f31fd
W10-50,piece-to-piece,CONDUIT,CNDT37,19MM CONDUIT,1,ROD19,Zero_Density,4a30435b-18cb-4691-9395-e2a6de3823ce
W10-50,piece-to-piece,PLATE,EB-S-PL1,Single Plastic Electr,1,160*50.8,Zero_Density,5ec84b14-57fe-422e-9c27-2eaf54e7069c
W10-50,piece-to-piece,EMBED,P-602-11,13PL. W/STUD,1,PL101.6*12.7,A572-GR.50,977f74bb-977a-436a-aec8-b2541b004fca
W10-50,piece-to-piece,EMBED,P-602-21,,1,STUD_1/2-DIA,A108-C1010-1020,ecacfcab-fb92-4641-8676-e15cd3f0c202
W10-50,piece-to-piece,INSERT,P-300-11,19Ø INSERT (NC),1,ROD23.813,A36,85f82e18-0fe5-4756-b03b-ab87d8069c9f
W10-50,piece-to-piece,EMBED,P-300-21,,1,ROD6.35,A36,cd686fdf-b505-4126-a14f-fe76e62c889e
W10-50,piece-to-piece,INSERT,P-300-11,19Ø INSERT (NC),1,ROD23.813,A36,d390c44a-da55-40e7-9eab-d345b1095a54
W10-50,piece-to-piece,EMBED,P-300-21,,1,ROD6.35,A36,2c3ede8d-c16c-42c2-90d3-6ef4328d0b05
W10-50,piece-to-piece,ANCHOR,P-205-11,12000LB FORGED ANCHOR,1,PL15.88,A36,59e60965-a372-4372-8ab9-850460f3e95e
W10-50,piece-to-piece,EMBED,P-205-21,,1,PL76.2*12.7,A36,6a92132f-94e3-408a-bc31-8e2cf7d4bfc2
W10-50,piece-to-piece,EMBED,P-205-31,,1,SPHERE47.625,A36,07a22de8-4c05-4819-8754-208cec5f4e2e
W10-50,piece-to-piece,EMBED,P-205-32,,1,PL54,Steel_Undefined,73160f31-3850-47c8-a359-7df5e28c02f9
W10-50,piece-to-piece,ANCHOR,P-205-11,12000LB FORGED ANCHOR,1,PL15.88,A36,e57d32ee-7a18-4bcc-b624-8ca82b1d3fca
W10-50,piece-to-piece,EMBED,P-205-21,,1,PL76.2*12.7,A36,c2762a16-6e3d-45e6-88fa-16e10e99fd05
W10-50,piece-to-piece,EMBED,P-205-31,,1,SPHERE47.625,A36,deb23875-4e71-40d5-96ae-8b992f710038
W10-50,piece-to-piece,EMBED,P-205-32,,1,PL54,Steel_Undefined,d70a588e-7260-439e-be53-a582f625a048
W10-50,piece-to-piece,ANCHOR,P-205-11,12000LB FORGED ANCHOR,1,PL15.88,A36,7ca27669-f114-49f4-988d-64ad10b7fda0
W10-50,piece-to-piece,EMBED,P-205-21,,1,PL76.2*12.7,A36,caba158d-452f-4570-bc15-1f89a813627f
W10-50,piece-to-piece,EMBED,P-205-31,,1,SPHERE47.625,A36,406f49a6-3ab7-47f0-a809-1f6eaa7d4c6d
W10-50,piece-to-piece,EMBED,P-205-32,,1,PL54,Steel_Undefined,a4ced1cf-b4c1-4e29-88be-13d496e06d45
W10-50,piece-to-piece,ANCHOR,P-205-11,12000LB FORGED ANCHOR,1,PL15.88,A36,010adebd-54e9-4ff4-bde8-d7586d5a5282
W10-50,piece-to-piece,EMBED,P-205-21,,1,PL76.2*12.7,A36,b0dc98aa-74fc-41c6-8960-09d4f36d368c
W10-50,piece-to-piece,EMBED,P-205-31,,1,SPHERE47.625,A36,27b4021e-b5cc-4d49-83a8-aa904adfda51
W10-50,piece-to-piece,EMBED,P-205-32,,1,PL54,Steel_Undefined,891d7e72-5326-4957-9a3e-a871fa3ba623
W10-68,piece-to-piece,EMBED,MPX11,V REVEAL LARGE,1,TRIANGLE12.7*12.7,Misc_Undefined,d24c0d62-1be1-423f-b9bf-1cc432bc32c2
W10-68,piece-to-piece,INSERT,P-300-11,19Ø INSERT (NC),1,ROD23.813,A36,08be5bee-8945-49b5-a5cc-58de22a02e3f
W10-68,piece-to-piece,EMBED,P-300-21,,1,ROD6.35,A36,68f039ce-46d0-46b8-9104-e1ea5372df49
W10-68,piece-to-piece,INSERT,P-300-11,19Ø INSERT (NC),1,ROD23.813,A36,94a62e19-8e85-43a6-a7d3-2db270e5bbf9
W10-68,piece-to-piece,EMBED,P-300-21,,1,ROD6.35,A36,dfa47a91-9ad7-448c-a0ab-f5095d8168f6
W10-68,piece-to-piece,INSERT,P-300-11,19Ø INSERT (NC),1,ROD23.813,A36,b3cf7a4a-15b3-46d3-bc97-8f52ff38de66
W10-68,piece-to-piece,EMBED,P-300-21,,1,ROD6.35,A36,4e903d50-bba3-4695-87d0-181e894dd1bc
W10-68,piece-to-piece,GROUT_TUBE,GT75-1219,75Ø x 1219 GROUT TUBE,1,ROD76,Zero_Density,9935603f-1223-45c5-8fb4-fa33ba2247ef
W10-68,piece-to-piece,GROUT_TUBE,GT75-1219,75Ø x 1219 GROUT TUBE,1,ROD76,Zero_Density,a7cbda68-6cb9-4fab-bde1-28ab4e0e194b
W10-68,piece-to-piece,GROUT_TUBE,GT75-1219,75Ø x 1219 GROUT TUBE,1,ROD76,Zero_Density,c5561c16-14a7-46e3-bfff-809edc263628
W10-68,piece-to-piece,GROUT_TUBE,GT75-1219,75Ø x 1219 GROUT TUBE,1,ROD76,Zero_Density,8302419f-88f2-493a-ae52-349fefb59f2c
W10-68,piece-to-piece,GROUT_TUBE,GT75-686,75Ø x 686 GROUT TUBE,1,ROD76,Zero_Density,f4673a15-9103-4092-9620-d7e71796006a
W10-68,piece-to-piece,GROUT_TUBE,GT75-686,75Ø x 686 GROUT TUBE,1,ROD76,Zero_Density,57b53664-6295-476b-931a-f493906469d4
W10-68,piece-to-piece,INSERT,SP25-1067-11,SP25Mx1067 WILLIAMS S,1,ROD25.4,A706-GR.60,bfd36aed-1c46-42a3-ac03-7f0f165dfbf4
W10-68,piece-to-piece,EMBED,SP25-1067-31,,1,PD66.675*15.875,A706-GR.60,881ab6d0-8afa-4550-bb1a-e5f2e148d83a
W10-68,piece-to-piece,EMBED,SP25-1067-21,,1,ROD41.275,A706-GR.60,f431b2f1-d3fe-4a45-966b-947a55e3041c
W10-68,piece-to-piece,INSERT,SP25-1067-11,SP25Mx1067 WILLIAMS S,1,ROD25.4,A706-GR.60,437190f8-4c42-4dec-bdfa-3b7565b1d316
W10-68,piece-to-piece,EMBED,SP25-1067-31,,1,PD66.675*15.875,A706-GR.60,7d108588-3535-4c7e-8b16-5c3d5e497810
W10-68,piece-to-piece,EMBED,SP25-1067-21,,1,ROD41.275,A706-GR.60,ec5555d1-866a-463e-9ec7-f0da2c8af0e6
W10-68,piece-to-piece,INSERT,SP25-1067-11,SP25Mx1067 WILLIAMS S,1,ROD25.4,A706-GR.60,bad3169c-3875-4c41-affd-288976d0ccd8
W10-68,piece-to-piece,EMBED,SP25-1067-31,,1,PD66.675*15.875,A706-GR.60,b09d3fe5-a3f3-413f-a6e2-12e04657a3e6
W10-68,piece-to-piece,EMBED,SP25-1067-21,,1,ROD41.275,A706-GR.60,bb40605f-6197-4a27-ac9a-528453b4eed7
W10-68,piece-to-piece,INSERT,SP25-1067-11,SP25Mx1067 WILLIAMS S,1,ROD25.4,A706-GR.60,8c091763-a111-4177-a894-0ea532097322
W10-68,piece-to-piece,EMBED,SP25-1067-31,,1,PD66.675*15.875,A706-GR.60,ae090257-3fb9-41d0-a79b-c3d93e9768b5
W10-68,piece-to-piece,EMBED,SP25-1067-21,,1,ROD41.275,A706-GR.60,235d8af5-4f5b-46f0-968c-5a289d22a169
W10-68,piece-to-piece,INSERT,SP15-457-11,15Mx457 WILLIAMS SPL,1,ROD16,400W,2fae0a52-722f-429a-9532-73e19a01af46
W10-68,piece-to-piece,INSERT,SP15-457-31,,1,PD52.387*12.7,400W,cf071dbe-040a-45ca-abe0-b50b6e057567
W10-68,piece-to-piece,INSERT,SP15-457-21,,1,ROD26.987,400W,1c15418f-9b20-405c-9cb3-70d2e79e81c4
W10-68,piece-to-piece,INSERT,SP15-457-11,15Mx457 WILLIAMS SPL,1,ROD16,400W,f37aa819-d433-45d2-8bc4-404ea1125e0b
W10-68,piece-to-piece,INSERT,SP15-457-31,,1,PD52.387*12.7,400W,145934fd-e70c-44ce-ad2b-cd8d060a042d
W10-68,piece-to-piece,INSERT,SP15-457-21,,1,ROD26.987,400W,e080ebaf-f874-455c-9367-cc5ddce93e74
W10-68,piece-to-piece,GROUT_TUBE,GT75-1219,75Ø x 1219 GROUT TUBE,1,ROD76,Zero_Density,970f9b2c-cc27-4384-b87d-3089c327e4ba
W10-68,piece-to-piece,GROUT_TUBE,GT75-1219,75Ø x 1219 GROUT TUBE,1,ROD76,Zero_Density,21455aef-6aae-4800-b494-2450f7871709
W10-68,piece-to-piece,GROUT_TUBE,GT75-1219,75Ø x 1219 GROUT TUBE,1,ROD76,Zero_Density,95efd023-d1fd-47c8-9243-dc8219d75bf1
W10-68,piece-to-piece,GROUT_TUBE,GT75-1219,75Ø x 1219 GROUT TUBE,1,ROD76,Zero_Density,936b7349-8c95-4136-8472-e270b72eb104
W10-68,piece-to-piece,GROUT_TUBE,GT100-1219-11,100Øx1219 GROUT TUBE,1,ROD102,Zero_Density,44fe01b0-0a79-4a33-bcdc-cfa31106accd
W10-68,piece-to-piece,GROUT_TUBE,GT100-1219-21,,1,ROD110,Zero_Density,6255da99-ea1b-4ce8-991f-4782bc334277
W10-68,piece-to-piece,GROUT_TUBE,GT100-1219-31,,1,ROD76,Zero_Density,a3eba7cc-47ec-4126-8f0f-3bd53057c210
W10-68,piece-to-piece,INSERT,SP25-1067-11,SP25Mx1067 WILLIAMS S,1,ROD25.4,A706-GR.60,6f21db74-92fd-4ac4-aef6-4445a66cf60e
W10-68,piece-to-piece,EMBED,SP25-1067-31,,1,PD66.675*15.875,A706-GR.60,baa2eab7-5bdf-4847-a0c6-c8703cb41a81
W10-68,piece-to-piece,EMBED,SP25-1067-21,,1,ROD41.275,A706-GR.60,ba106039-1fd2-4a0e-9147-5a5916747203
W10-68,piece-to-piece,INSERT,SP25-1067-11,SP25Mx1067 WILLIAMS S,1,ROD25.4,A706-GR.60,8bb3b17c-7620-4921-a2cd-31294fe7a47c
W10-68,piece-to-piece,EMBED,SP25-1067-31,,1,PD66.675*15.875,A706-GR.60,5a7e2806-b708-432e-8abf-56a523d70240
W10-68,piece-to-piece,EMBED,SP25-1067-21,,1,ROD41.275,A706-GR.60,a390c17a-8103-463a-83c8-7731bf10350d
W10-68,piece-to-piece,INSERT,SP25-1067-11,SP25Mx1067 WILLIAMS S,1,ROD25.4,A706-GR.60,92bbb839-642e-411e-a02c-ff4969909d25
W10-68,piece-to-piece,EMBED,SP25-1067-31,,1,PD66.675*15.875,A706-GR.60,24b7024e-7e28-437b-b78f-26a86bcd171b
W10-68,piece-to-piece,EMBED,SP25-1067-21,,1,ROD41.275,A706-GR.60,ac265a8b-6d2e-4d54-8c21-5bcf92975429
W10-68,piece-to-piece,INSERT,SP25-1067-11,SP25Mx1067 WILLIAMS S,1,ROD25.4,A706-GR.60,17d58330-71d6-49c4-9b8b-c711bf315bad
W10-68,piece-to-piece,EMBED,SP25-1067-31,,1,PD66.675*15.875,A706-GR.60,7dbd602b-4419-45ab-bf23-418943ed53a4
W10-68,piece-to-piece,EMBED,SP25-1067-21,,1,ROD41.275,A706-GR.60,4315e644-6135-4ef0-91d0-208ada8a030f
W10-68,piece-to-piece,INSERT,SP30-1219-11,30Mx1219 WILLIAMS SPL,1,ROD30.16,A706-GR.60,8b020fc5-6ed9-471a-ace2-af609637b35d
W10-68,piece-to-piece,EMBED,SP30-1219-31,,1,PD71.438*19.05,A706-GR.60,5019d31b-fad3-4e0e-b1d9-79e14f4f05e2
W10-68,piece-to-piece,EMBED,SP30-1219-21,,1,ROD44.45,A706-GR.60,52a80c58-7cb7-4e0a-9e54-bb71935e62ae
W10-68,piece-to-piece,GROUT_TUBE,GT76-254,76Øx254mm G.TUBE,1,ROD76.2,Zero_Density,b94d8a85-dd98-450a-ac91-2acbc3d28943
W10-68,piece-to-piece,GROUT_TUBE,GT76-254,76Øx254mm G.TUBE,1,ROD76.2,Zero_Density,0630c35c-abc8-4db2-9396-c38e33bc38cc
W10-68,piece-to-piece,GROUT_TUBE,GT76-254,76Øx254mm G.TUBE,1,ROD76.2,Zero_Density,8cc0c64e-0dc2-4b21-83f9-466d454b0d6f
W10-68,piece-to-piece,GROUT_TUBE,GT76-254,76Øx254mm G.TUBE,1,ROD76.2,Zero_Density,53e6a19d-11ce-425c-99d9-844b66f4e56e
W10-68,piece-to-piece,GROUT_TUBE,GT76-254,76Øx254mm G.TUBE,1,ROD76.2,Zero_Density,d2439b53-2bba-42ec-866b-488756a095a3
W10-68,piece-to-piece,GROUT_TUBE,GT76-254,76Øx254mm G.TUBE,1,ROD76.2,Zero_Density,e4e33a5a-9574-4791-afd8-75114290877d
W10-68,piece-to-piece,CONDUIT,CNDT37,19MM CONDUIT,1,ROD19,Zero_Density,56b208c9-cc60-4a0b-9a4d-b9bfdec98c0f
W10-68,piece-to-piece,PLATE,EB-S-PL1,Single Plastic Electr,1,160*50.8,Zero_Density,0ea2b6c4-9a1b-47f3-b73a-74681f23c1dd
W10-68,piece-to-piece,EMBED,P-602-11,13PL. W/STUD,1,PL101.6*12.7,A572-GR.50,7d75749b-e004-4bef-9f6b-b14d017d5cf1
W10-68,piece-to-piece,EMBED,P-602-21,,1,STUD_1/2-DIA,A108-C1010-1020,890a1a4d-5f85-47b6-a9a7-d948841b2b54
W10-68,piece-to-piece,INSERT,P-300-11,19Ø INSERT (NC),1,ROD23.813,A36,f1c610f5-516f-4063-a432-ed8d0ee1e969
W10-68,piece-to-piece,EMBED,P-300-21,,1,ROD6.35,A36,64437e78-d517-4075-aadd-6cc19699c006
W10-68,piece-to-piece,INSERT,P-300-11,19Ø INSERT (NC),1,ROD23.813,A36,b9d917d3-45b8-4152-93fe-652c0841bb8e
W10-68,piece-to-piece,EMBED,P-300-21,,1,ROD6.35,A36,6dced17e-2f7a-42e4-9d77-70230896e363
W10-68,piece-to-piece,ANCHOR,P-205-11,12000LB FORGED ANCHOR,1,PL15.88,A36,dde8b884-388b-4275-b4fd-13d4f3417b82
W10-68,piece-to-piece,EMBED,P-205-21,,1,PL76.2*12.7,A36,9ec3dbd5-5b50-46d7-b523-f4f9eb1dbe7c
W10-68,piece-to-piece,EMBED,P-205-31,,1,SPHERE47.625,A36,2bb0b4c3-1d5f-4c3a-80a8-482c5d31ffcb
W10-68,piece-to-piece,EMBED,P-205-32,,1,PL54,Steel_Undefined,d499ec36-0980-480a-b04e-b3230404a860
W10-68,piece-to-piece,ANCHOR,P-205-11,12000LB FORGED ANCHOR,1,PL15.88,A36,492fca32-3960-4bf5-ae04-28a9046e8d4a
W10-68,piece-to-piece,EMBED,P-205-21,,1,PL76.2*12.7,A36,5b8f6e30-d926-4fa5-b995-0ce2950b8617
W10-68,piece-to-piece,EMBED,P-205-31,,1,SPHERE47.625,A36,a9e97c74-076d-47aa-8c50-239edabdbf80
W10-68,piece-to-piece,EMBED,P-205-32,,1,PL54,Steel_Undefined,352d93cd-2459-4cc3-ae36-f236df5ca7fd
W10-68,piece-to-piece,ANCHOR,P-205-11,12000LB FORGED ANCHOR,1,PL15.88,A36,25d26cf2-3f6b-4080-b2af-bb69414acb64
W10-68,piece-to-piece,EMBED,P-205-21,,1,PL76.2*12.7,A36,896144d3-881f-428f-9596-b8e472a37714
W10-68,piece-to-piece,EMBED,P-205-31,,1,SPHERE47.625,A36,127bca29-5c3a-4f6f-af80-2f73f87dca34
W10-68,piece-to-piece,EMBED,P-205-32,,1,PL54,Steel_Undefined,31d85069-604c-4969-8992-fca3c8acc3e9
W10-68,piece-to-piece,ANCHOR,P-205-11,12000LB FORGED ANCHOR,1,PL15.88,A36,17856134-2880-4101-b2ff-bce3319db30b
W10-68,piece-to-piece,EMBED,P-205-21,,1,PL76.2*12.7,A36,ae012a84-5812-4a4f-812b-a8c75155b9cf
W10-68,piece-to-piece,EMBED,P-205-31,,1,SPHERE47.625,A36,28030fbb-376b-4b37-b9d7-80ef345965c4
W10-68,piece-to-piece,EMBED,P-205-32,,1,PL54,Steel_Undefined,0eaa4bd9-b12d-41a1-a45a-7840a9daa5ad
W10-175,piece-to-piece,EMBED,MPX11,V REVEAL LARGE,1,TRIANGLE12.7*12.7,Misc_Undefined,537cf6d7-66f0-4907-bdc6-bd6c6f96b999
W10-175,piece-to-piece,INSERT,P-300-11,19Ø INSERT (NC),1,ROD23.813,A36,f0690f9d-60a5-4c2c-81bf-7a3463b816ca
W10-175,piece-to-piece,EMBED,P-300-21,,1,ROD6.35,A36,eb642961-8f7f-4c1f-8763-d47fb38c2a7d
W10-175,piece-to-piece,INSERT,P-300-11,19Ø INSERT (NC),1,ROD23.813,A36,bb48f03e-ded3-4c70-89a6-305f7e0d86b3
W10-175,piece-to-piece,EMBED,P-300-21,,1,ROD6.35,A36,5127cf80-4d07-42cc-aa8a-7b3482af2dfe
W10-175,piece-to-piece,INSERT,P-300-11,19Ø INSERT (NC),1,ROD23.813,A36,4ca4ae16-6e48-49ad-b5fd-76e4989a0a13
W10-175,piece-to-piece,EMBED,P-300-21,,1,ROD6.35,A36,c37201e0-274b-4210-a782-a336ed53752e
W10-175,piece-to-piece,GROUT_TUBE,GT75-686,75Ø x 686 GROUT TUBE,1,ROD76,Zero_Density,f36bb48e-70a9-4d6b-96d8-f3907a3c8d5c
W10-175,piece-to-piece,GROUT_TUBE,GT75-686,75Ø x 686 GROUT TUBE,1,ROD76,Zero_Density,d48b4a46-3df3-40f1-af8e-89e662a9b365
W10-175,piece-to-piece,INSERT,SP15-457-11,15Mx457 WILLIAMS SPL,1,ROD16,400W,08fbf696-3f06-4b51-8a17-85e49a5a5e72
W10-175,piece-to-piece,INSERT,SP15-457-31,,1,PD52.387*12.7,400W,81613010-2d46-498a-a0a5-bd8d5e917967
W10-175,piece-to-piece,INSERT,SP15-457-21,,1,ROD26.987,400W,95aa8b63-fda7-42d0-bb33-fcca42536d9b
W10-175,piece-to-piece,INSERT,SP15-457-11,15Mx457 WILLIAMS SPL,1,ROD16,400W,c515750a-e32a-4bed-ba83-d31bfcc42a0a
W10-175,piece-to-piece,INSERT,SP15-457-31,,1,PD52.387*12.7,400W,350453d8-d6ab-49a0-9627-152fd04da80a
W10-175,piece-to-piece,INSERT,SP15-457-21,,1,ROD26.987,400W,df0a6f77-c648-4438-9327-3d548b0bb088
W10-175,piece-to-piece,GROUT_TUBE,GT75-1219,75Ø x 1219 GROUT TUBE,1,ROD76,Zero_Density,675587cb-9536-4f13-81e7-fce0a4e34c56
W10-175,piece-to-piece,GROUT_TUBE,GT75-1219,75Ø x 1219 GROUT TUBE,1,ROD76,Zero_Density,079466ed-5aa0-46a2-9791-4f9cd19a67a8
W10-175,piece-to-piece,GROUT_TUBE,GT75-1219,75Ø x 1219 GROUT TUBE,1,ROD76,Zero_Density,e04d1039-72f8-4520-ac96-49e241dc1fe1
W10-175,piece-to-piece,GROUT_TUBE,GT75-1219,75Ø x 1219 GROUT TUBE,1,ROD76,Zero_Density,f0f0ec81-87fc-4851-b56d-75ae5c84d55d
W10-175,piece-to-piece,GROUT_TUBE,GT75-1219,75Ø x 1219 GROUT TUBE,1,ROD76,Zero_Density,e5b9b815-44d7-4571-8564-08b24ed35cc8
W10-175,piece-to-piece,GROUT_TUBE,GT75-1219,75Ø x 1219 GROUT TUBE,1,ROD76,Zero_Density,c3733152-17c4-4bf3-ab9a-f8cb6b9808fe
W10-175,piece-to-piece,GROUT_TUBE,GT75-1219,75Ø x 1219 GROUT TUBE,1,ROD76,Zero_Density,cc7dab33-d463-47e2-8322-8bdd768ceb30
W10-175,piece-to-piece,GROUT_TUBE,GT75-1219,75Ø x 1219 GROUT TUBE,1,ROD76,Zero_Density,f04ff3a4-3f06-4a08-a140-09875cb3be1c
W10-175,piece-to-piece,GROUT_TUBE,GT100-1219-11,100Øx1219 GROUT TUBE,1,ROD102,Zero_Density,67bd676c-4270-4ec2-81c5-3d609f71bda2
W10-175,piece-to-piece,GROUT_TUBE,GT100-1219-21,,1,ROD110,Zero_Density,9ddcd247-be94-433c-a173-d32a322386ff
W10-175,piece-to-piece,GROUT_TUBE,GT100-1219-31,,1,ROD76,Zero_Density,ca1644cd-93e0-460e-a4b4-7e2c8e02b3af
W10-175,piece-to-piece,INSERT,SP25-1067-11,SP25Mx1067 WILLIAMS S,1,ROD25.4,A706-GR.60,5a2b201e-7b76-4945-abcb-f4e34d0a62f8
W10-175,piece-to-piece,EMBED,SP25-1067-31,,1,PD66.675*15.875,A706-GR.60,49aaf9af-309a-42d7-89d4-acf04146727d
W10-175,piece-to-piece,EMBED,SP25-1067-21,,1,ROD41.275,A706-GR.60,32d69256-74ee-44c2-a47d-88eea7a7e978
W10-175,piece-to-piece,INSERT,SP25-1067-11,SP25Mx1067 WILLIAMS S,1,ROD25.4,A706-GR.60,5d63a7f3-2815-4434-ac1a-1f0a4159b386
W10-175,piece-to-piece,EMBED,SP25-1067-31,,1,PD66.675*15.875,A706-GR.60,2dac7736-7386-469f-aafe-aaf559801a0c
W10-175,piece-to-piece,EMBED,SP25-1067-21,,1,ROD41.275,A706-GR.60,131ebc4d-b1cd-4711-9aa2-f50f68f768ed
W10-175,piece-to-piece,INSERT,SP25-1067-11,SP25Mx1067 WILLIAMS S,1,ROD25.4,A706-GR.60,7a58a071-0ee5-4f91-ad36-72f8fd84ce67
W10-175,piece-to-piece,EMBED,SP25-1067-31,,1,PD66.675*15.875,A706-GR.60,4793e89f-3b8a-49da-99ce-49d345a87d9b
W10-175,piece-to-piece,EMBED,SP25-1067-21,,1,ROD41.275,A706-GR.60,9ca41416-723f-4f59-ad47-6fe126c34ee6
W10-175,piece-to-piece,INSERT,SP25-1067-11,SP25Mx1067 WILLIAMS S,1,ROD25.4,A706-GR.60,1b50a2bd-43db-4e2a-ab3c-027e417a624a
W10-175,piece-to-piece,EMBED,SP25-1067-31,,1,PD66.675*15.875,A706-GR.60,6ce01931-e37b-4542-bae6-ad29542f1c49
W10-175,piece-to-piece,EMBED,SP25-1067-21,,1,ROD41.275,A706-GR.60,7375fb4c-a128-4ae3-afa9-48594529c2d2
W10-175,piece-to-piece,INSERT,SP25-1067-11,SP25Mx1067 WILLIAMS S,1,ROD25.4,A706-GR.60,090ba467-c863-477f-b900-39fda30e505f
W10-175,piece-to-piece,EMBED,SP25-1067-31,,1,PD66.675*15.875,A706-GR.60,6de4841a-5aaf-43bf-91db-5f566a73fc30
W10-175,piece-to-piece,EMBED,SP25-1067-21,,1,ROD41.275,A706-GR.60,87c2d066-1a08-4760-8cfa-ffbcb0a2dd1c
W10-175,piece-to-piece,INSERT,SP25-1067-11,SP25Mx1067 WILLIAMS S,1,ROD25.4,A706-GR.60,24f016e0-61ad-417a-b89c-8ca65c0622f3
W10-175,piece-to-piece,EMBED,SP25-1067-31,,1,PD66.675*15.875,A706-GR.60,0a01e45e-793a-4a5a-b366-db36f5c57fba
W10-175,piece-to-piece,EMBED,SP25-1067-21,,1,ROD41.275,A706-GR.60,b212a1a3-9d99-4bb8-a385-bf991a73eccb
W10-175,piece-to-piece,INSERT,SP25-1067-11,SP25Mx1067 WILLIAMS S,1,ROD25.4,A706-GR.60,93d3555a-23aa-4a7b-a4e4-01c83bf0f130
W10-175,piece-to-piece,EMBED,SP25-1067-31,,1,PD66.675*15.875,A706-GR.60,aa229e8d-f684-4120-b3e7-b193868cfeb3
W10-175,piece-to-piece,EMBED,SP25-1067-21,,1,ROD41.275,A706-GR.60,5ee19314-3d25-4f69-b6ba-9c395a7934d5
W10-175,piece-to-piece,INSERT,SP25-1067-11,SP25Mx1067 WILLIAMS S,1,ROD25.4,A706-GR.60,5f73714e-9fe3-4d01-9687-7b3bce1c6f91
W10-175,piece-to-piece,EMBED,SP25-1067-31,,1,PD66.675*15.875,A706-GR.60,f90d481b-5979-4d7d-ab22-e136affa11f1
W10-175,piece-to-piece,EMBED,SP25-1067-21,,1,ROD41.275,A706-GR.60,536a0bc0-0b2e-4b0c-92ef-3afd60768569
W10-175,piece-to-piece,INSERT,SP30-1219-11,30Mx1219 WILLIAMS SPL,1,ROD30.16,A706-GR.60,157b2433-7572-42f2-80bd-909a1aab07ae
W10-175,piece-to-piece,EMBED,SP30-1219-31,,1,PD71.438*19.05,A706-GR.60,ca1cc0d4-4932-465b-a275-53bcd6ebd259
W10-175,piece-to-piece,EMBED,SP30-1219-21,,1,ROD44.45,A706-GR.60,36b7f02d-6634-4fe6-a99e-0aca38e2a307
W10-175,piece-to-piece,GROUT_TUBE,GT76-254,76Øx254mm G.TUBE,1,ROD76.2,Zero_Density,4cd1d32b-db62-4b7b-a2a9-a491c1ca264a
W10-175,piece-to-piece,GROUT_TUBE,GT76-254,76Øx254mm G.TUBE,1,ROD76.2,Zero_Density,5a0e132a-0433-4813-a5b5-3b7ef308cb11
W10-175,piece-to-piece,GROUT_TUBE,GT76-254,76Øx254mm G.TUBE,1,ROD76.2,Zero_Density,fc378025-e240-4912-86da-b83766044832
W10-175,piece-to-piece,GROUT_TUBE,GT76-254,76Øx254mm G.TUBE,1,ROD76.2,Zero_Density,0ef3aa14-038e-41fa-a6c5-a6f1c3628f7a
W10-175,piece-to-piece,GROUT_TUBE,GT76-254,76Øx254mm G.TUBE,1,ROD76.2,Zero_Density,e9c4bc85-4db1-4cbb-b448-8c0a1184c236
W10-175,piece-to-piece,GROUT_TUBE,GT76-254,76Øx254mm G.TUBE,1,ROD76.2,Zero_Density,21135b00-f7d9-4107-9973-63ff4b53a8f8
W10-175,piece-to-piece,CONDUIT,CNDT37,19MM CONDUIT,1,ROD19,Zero_Density,5efd40dc-159b-4a08-a9d5-f4e8e6f86199
W10-175,piece-to-piece,PLATE,EB-S-PL1,Single Plastic Electr,1,160*50.8,Zero_Density,b440b481-a866-4e35-98d4-04d4f91fb8ed
W10-175,piece-to-piece,EMBED,P-602-11,13PL. W/STUD,1,PL101.6*12.7,A572-GR.50,fe26089a-4ff6-4306-8c03-ab1aa538c4fe
W10-175,piece-to-piece,EMBED,P-602-21,,1,STUD_1/2-DIA,A108-C1010-1020,99c712a7-70e8-4023-a474-6d483fe067af
W10-175,piece-to-piece,INSERT,P-300-11,19Ø INSERT (NC),1,ROD23.813,A36,dfe96c5a-b763-466e-8f77-0def8b234c8c
W10-175,piece-to-piece,EMBED,P-300-21,,1,ROD6.35,A36,f3dac0b4-db99-4b5e-b4de-8f77e3fbec52
W10-175,piece-to-piece,INSERT,P-300-11,19Ø INSERT (NC),1,ROD23.813,A36,ffe11c22-42d0-463a-aa6d-3e430b3ea894
W10-175,piece-to-piece,EMBED,P-300-21,,1,ROD6.35,A36,6d8d7b67-129f-4701-8c31-477807a033c7
W10-175,piece-to-piece,ANCHOR,P-205-11,12000LB FORGED ANCHOR,1,PL15.88,A36,92e4fd36-13d1-4655-a7de-fcae240e0e63
W10-175,piece-to-piece,EMBED,P-205-21,,1,PL76.2*12.7,A36,0dca3bcf-1c42-4f41-81de-b0ef07bc9dd4
W10-175,piece-to-piece,EMBED,P-205-31,,1,SPHERE47.625,A36,501a5975-a13d-4b2b-b83b-0ea739c5a90a
W10-175,piece-to-piece,EMBED,P-205-32,,1,PL54,Steel_Undefined,cda46740-ace7-448d-b321-9f6d208dbcfd
W10-175,piece-to-piece,ANCHOR,P-205-11,12000LB FORGED ANCHOR,1,PL15.88,A36,e48ceb52-5cef-4586-a334-6c34bc896b38
W10-175,piece-to-piece,EMBED,P-205-21,,1,PL76.2*12.7,A36,5c712ffd-6247-4570-899b-63fe339159eb
W10-175,piece-to-piece,EMBED,P-205-31,,1,SPHERE47.625,A36,cbfdaded-f8cb-48f7-b4f5-4b27c8f86c9b
W10-175,piece-to-piece,EMBED,P-205-32,,1,PL54,Steel_Undefined,3fff613f-a864-4ac9-a323-ab1a5544b9f0
W10-175,piece-to-piece,ANCHOR,P-205-11,12000LB FORGED ANCHOR,1,PL15.88,A36,1736981f-ffdf-411f-b6d1-ee858eba8d6b
W10-175,piece-to-piece,EMBED,P-205-21,,1,PL76.2*12.7,A36,bc8f9467-b5b5-499a-b3e3-4c9f0e40bd64
W10-175,piece-to-piece,EMBED,P-205-31,,1,SPHERE47.625,A36,80192d9b-11b0-41ec-a8e6-0ff6bdbffbf8
W10-175,piece-to-piece,EMBED,P-205-32,,1,PL54,Steel_Undefined,deaf2fd0-dd77-42da-8a4d-10c8294b27b8
W10-175,piece-to-piece,ANCHOR,P-205-11,12000LB FORGED ANCHOR,1,PL15.88,A36,e2b6cf5a-977c-4932-9ba4-2ef83016012b
W10-175,piece-to-piece,EMBED,P-205-21,,1,PL76.2*12.7,A36,f2fb4003-a041-4166-90d1-6b19853cf7f8
W10-175,piece-to-piece,EMBED,P-205-31,,1,SPHERE47.625,A36,65c12227-ce40-4598-9b05-91aecdfff46a
W10-175,piece-to-piece,EMBED,P-205-32,,1,PL54,Steel_Undefined,cfb09bc6-c80e-4d1b-a92a-18a9081c61de
