2026-09-03T18:30:46 CloseActiveDrawing (RunMacros start)
2026-09-03T18:30:46 bundled macros src=C:\Users\ASUS\Desktop\2d_tekla\bin\Debug\net48\LocalMacros dest=D:\design_\Paisley\Paisley_Exam\Paisley_Exam\macros\modeling
2026-09-03T18:30:46 already in model: SP_M.ASSEMBLY_standard.cs
2026-09-03T18:30:46 already in model: SP_M.BM_SET_11x17.cs
2026-09-03T18:30:46 already in model: SP_M.CU_PG1_11X17.cs
2026-09-03T18:30:46 already in model: SP_M.CU_PG2_11X17.cs
2026-09-03T18:30:46 already in model: SP_M.CU_PG3_11X17.cs
2026-09-03T18:30:46 already in model: SP_M.GA_EXP_GA_STD.cs
2026-09-03T18:30:46 already in model: SP_M.SINGLE_standard.cs
2026-09-03T18:30:46 === session mode=smoke mark=W10-67 ===
2026-09-03T18:30:46 model=Paisley_Exam.db1 path=D:\design_\Paisley\Paisley_Exam\Paisley_Exam
2026-09-03T18:30:46 macros.log=C:\Users\ASUS\Desktop\2d_tekla\Export\CivilDrawings\new with macros\macros.log
2026-09-03T18:30:46 if AKIT dies inside Tekla, check C:\Users\ASUS\AppData\Local\Trimble\TeklaStructures\2026.0\logs and the Tekla session log
2026-09-03T18:30:46 session drawings before macros=84
2026-09-03T18:30:59 WALL=1 COLUMN=0 BEAM=0 mark=W10-67 (precast only; hollowcore/insulation/formliner skipped)
2026-09-03T18:30:59 smoke hardware CU batch 1/1 n=1
2026-09-03T18:30:59 CloseActiveDrawing (before smoke hardware CU batch 1)
2026-09-03T18:30:59 Select n=1 ok=True
2026-09-03T18:30:59 CommitChanges after select
2026-09-03T18:31:00 RunMacro SP_M.CU_PG1_11X17.cs (smoke hardware CU batch 1, n=1, marks=W10-67, drawingsBefore=84)
2026-09-03T18:31:00 trying SP_M.CU_PG1_11X17.cs
2026-09-03T18:31:29 RunMacro bool=True path=SP_M.CU_PG1_11X17.cs
2026-09-03T18:31:29 started SP_M.CU_PG1_11X17.cs
2026-09-03T18:31:29 wait SP_M.CU_PG1_11X17.cs t=0s IsMacroRunning=False drawings=85 (need > 84)
2026-09-03T18:31:31 CloseActiveDrawing (new sheet from SP_M.CU_PG1_11X17.cs)
2026-09-03T18:31:31 drawing-count delta 84 → 85 after 0s
2026-09-03T18:31:31 CloseActiveDrawing (after SP_M.CU_PG1_11X17.cs)
2026-09-03T18:31:31 drawings 84 → 85 after SP_M.CU_PG1_11X17.cs fallbackInsert=no
2026-09-03T18:31:31 smoke rebar placing CU batch 1/1 n=1
2026-09-03T18:31:31 CloseActiveDrawing (before smoke rebar placing CU batch 1)
2026-09-03T18:31:31 Select n=1 ok=True
2026-09-03T18:31:31 CommitChanges after select
2026-09-03T18:31:31 RunMacro SP_M.CU_PG2_11X17.cs (smoke rebar placing CU batch 1, n=1, marks=W10-67, drawingsBefore=85)
2026-09-03T18:31:31 trying SP_M.CU_PG2_11X17.cs
2026-09-03T18:31:46 RunMacro bool=True path=SP_M.CU_PG2_11X17.cs
2026-09-03T18:31:46 started SP_M.CU_PG2_11X17.cs
2026-09-03T18:31:46 wait SP_M.CU_PG2_11X17.cs t=0s IsMacroRunning=False drawings=86 (need > 85)
2026-09-03T18:31:48 CloseActiveDrawing (new sheet from SP_M.CU_PG2_11X17.cs)
2026-09-03T18:31:48 drawing-count delta 85 → 86 after 0s
2026-09-03T18:31:48 CloseActiveDrawing (after SP_M.CU_PG2_11X17.cs)
2026-09-03T18:31:48 drawings 85 → 86 after SP_M.CU_PG2_11X17.cs fallbackInsert=no
2026-09-03T18:31:48 smoke rebar table CU batch 1/1 n=1
2026-09-03T18:31:48 CloseActiveDrawing (before smoke rebar table CU batch 1)
2026-09-03T18:31:48 Select n=1 ok=True
2026-09-03T18:31:48 CommitChanges after select
2026-09-03T18:31:48 RunMacro SP_M.CU_PG3_11X17.cs (smoke rebar table CU batch 1, n=1, marks=W10-67, drawingsBefore=86)
2026-09-03T18:31:48 trying SP_M.CU_PG3_11X17.cs
2026-09-03T18:31:51 RunMacro bool=True path=SP_M.CU_PG3_11X17.cs
2026-09-03T18:31:51 started SP_M.CU_PG3_11X17.cs
2026-09-03T18:31:51 wait SP_M.CU_PG3_11X17.cs t=0s IsMacroRunning=False drawings=87 (need > 86)
2026-09-03T18:31:53 CloseActiveDrawing (new sheet from SP_M.CU_PG3_11X17.cs)
2026-09-03T18:31:53 drawing-count delta 86 → 87 after 0s
2026-09-03T18:31:53 CloseActiveDrawing (after SP_M.CU_PG3_11X17.cs)
2026-09-03T18:31:53 drawings 86 → 87 after SP_M.CU_PG3_11X17.cs fallbackInsert=no
2026-09-03T18:31:53 smoke: skipped beams and floor GA
2026-09-03T18:31:53 session drawings 84 → 87 after smoke macros
2026-09-07T18:50:32 Tekla selection objects=0
2026-09-07T18:50:32 selected assemblies=0 marks=
2026-09-10T16:23:29 CloseActiveDrawing (RunMacros start)
2026-09-10T16:23:31 bundled macros src=C:\Users\ASUS\Desktop\2d_tekla\bin\Debug\net48\LocalMacros dest=D:\design_\Paisley\Paisley_Exam\Paisley_Exam\macros\modeling
2026-09-10T16:23:31 already in model: SP_M.ASSEMBLY_standard.cs
2026-09-10T16:23:31 already in model: SP_M.BM_SET_11x17.cs
2026-09-10T16:23:31 already in model: SP_M.CU_PG1_11X17.cs
2026-09-10T16:23:31 already in model: SP_M.CU_PG2_11X17.cs
2026-09-10T16:23:31 already in model: SP_M.CU_PG3_11X17.cs
2026-09-10T16:23:31 already in model: SP_M.GA_EXP_GA_STD.cs
2026-09-10T16:23:31 already in model: SP_M.SINGLE_standard.cs
2026-09-10T16:23:31 === session mode=smoke mark=W10-175 ===
2026-09-10T16:23:31 model=Paisley_Exam.db1 path=D:\design_\Paisley\Paisley_Exam\Paisley_Exam
2026-09-10T16:23:31 macros.log=C:\Users\ASUS\Desktop\2d_tekla\Export\CivilDrawings\new with macros\macros.log
2026-09-10T16:23:31 if AKIT dies inside Tekla, check C:\Users\ASUS\AppData\Local\Trimble\TeklaStructures\2026.0\logs and the Tekla session log
2026-09-10T16:23:31 session drawings before macros=99
2026-09-10T16:24:20 WALL=1 COLUMN=0 BEAM=0 mark=W10-175 (precast only; hollowcore/insulation/formliner skipped)
2026-09-10T16:24:20 smoke hardware CU batch 1/1 n=1
2026-09-10T16:24:20 CloseActiveDrawing (before smoke hardware CU batch 1)
2026-09-10T16:24:21 Select n=1 ok=True
2026-09-10T16:24:21 CommitChanges after select
2026-09-10T16:24:24 RunMacro SP_M.CU_PG1_11X17.cs (smoke hardware CU batch 1, n=1, marks=W10-175, drawingsBefore=99)
2026-09-10T16:24:24 trying SP_M.CU_PG1_11X17.cs
2026-09-10T16:24:38 RunMacro bool=True path=SP_M.CU_PG1_11X17.cs
2026-09-10T16:24:38 started SP_M.CU_PG1_11X17.cs
2026-09-10T16:24:38 wait SP_M.CU_PG1_11X17.cs t=0s IsMacroRunning=False drawings=99 (need > 99)
2026-09-10T16:24:53 wait SP_M.CU_PG1_11X17.cs t=15s IsMacroRunning=False drawings=99 (need > 99)
2026-09-10T16:24:57 script ended with no drawing-count increase after 20s idle (SP_M.CU_PG1_11X17.cs)
2026-09-10T16:24:57 timeout waiting for drawing-count increase on SP_M.CU_PG1_11X17.cs after 19s drawings=99
2026-09-10T16:24:57 CloseActiveDrawing (after SP_M.CU_PG1_11X17.cs)
2026-09-10T16:24:57 drawings 99 → 99 after SP_M.CU_PG1_11X17.cs fallbackInsert=no
2026-09-10T16:24:57 FAIL [smoke hardware CU batch 1 0 new sheets] System.InvalidOperationException: RunMacro started but 0 new sheets for SP_M.CU_PG1_11X17.cs (AKIT template likely loaded; CreateCastUnitDrawing did not commit). marks=W10-175
2026-09-10T16:24:57    at System.Environment.GetStackTrace(Exception e, Boolean needFileInfo)
   at System.Environment.get_StackTrace()
   at TeklaExtractor.Services.LocalDrawingMacroRunner.Fail(String context, Exception ex) in C:\Users\ASUS\Desktop\2d_tekla\Services\LocalDrawingMacroRunner.cs:line 809
   at TeklaExtractor.Services.LocalDrawingMacroRunner.RunMacroOnSelection(List`1 parts, String macroFile, String label) in C:\Users\ASUS\Desktop\2d_tekla\Services\LocalDrawingMacroRunner.cs:line 357
   at TeklaExtractor.Services.LocalDrawingMacroRunner.RunMacroInBatches(List`1 parts, String macroFile, String label) in C:\Users\ASUS\Desktop\2d_tekla\Services\LocalDrawingMacroRunner.cs:line 311
   at TeklaExtractor.Services.LocalDrawingMacroRunner.RunMacros(String markFilter, Boolean smoke, Boolean selectedOnly) in C:\Users\ASUS\Desktop\2d_tekla\Services\LocalDrawingMacroRunner.cs:line 92
   at TeklaExtractor.Services.CivilDrawingBatchExtractor.Run() in C:\Users\ASUS\Desktop\2d_tekla\Services\CivilDrawingBatchExtractor.cs:line 109
   at TeklaExtractor.Program.RunCivilDrawings(Model tekla, String baseDir, String[] args) in C:\Users\ASUS\Desktop\2d_tekla\Program.cs:line 239
   at TeklaExtractor.Program.Main(String[] args) in C:\Users\ASUS\Desktop\2d_tekla\Program.cs:line 134
2026-09-10T16:24:58 smoke rebar placing CU batch 1/1 n=1
2026-09-10T16:24:58 CloseActiveDrawing (before smoke rebar placing CU batch 1)
2026-09-10T16:24:58 Select n=1 ok=True
2026-09-10T16:24:58 CommitChanges after select
2026-09-10T16:24:58 RunMacro SP_M.CU_PG2_11X17.cs (smoke rebar placing CU batch 1, n=1, marks=W10-175, drawingsBefore=99)
2026-09-10T16:24:58 trying SP_M.CU_PG2_11X17.cs
2026-09-10T16:25:32 RunMacro bool=True path=SP_M.CU_PG2_11X17.cs
2026-09-10T16:25:32 started SP_M.CU_PG2_11X17.cs
2026-09-10T16:25:32 wait SP_M.CU_PG2_11X17.cs t=0s IsMacroRunning=False drawings=100 (need > 99)
2026-09-10T16:25:34 CloseActiveDrawing (new sheet from SP_M.CU_PG2_11X17.cs)
2026-09-10T16:25:34 drawing-count delta 99 → 100 after 0s
2026-09-10T16:25:34 CloseActiveDrawing (after SP_M.CU_PG2_11X17.cs)
2026-09-10T16:25:34 drawings 99 → 100 after SP_M.CU_PG2_11X17.cs fallbackInsert=no
2026-09-10T16:25:34 smoke rebar table CU batch 1/1 n=1
2026-09-10T16:25:34 CloseActiveDrawing (before smoke rebar table CU batch 1)
2026-09-10T16:25:34 Select n=1 ok=True
2026-09-10T16:25:34 CommitChanges after select
2026-09-10T16:25:34 RunMacro SP_M.CU_PG3_11X17.cs (smoke rebar table CU batch 1, n=1, marks=W10-175, drawingsBefore=100)
2026-09-10T16:25:34 trying SP_M.CU_PG3_11X17.cs
2026-09-10T16:25:38 RunMacro bool=True path=SP_M.CU_PG3_11X17.cs
2026-09-10T16:25:38 started SP_M.CU_PG3_11X17.cs
2026-09-10T16:25:38 wait SP_M.CU_PG3_11X17.cs t=0s IsMacroRunning=False drawings=101 (need > 100)
2026-09-10T16:25:39 CloseActiveDrawing (new sheet from SP_M.CU_PG3_11X17.cs)
2026-09-10T16:25:39 drawing-count delta 100 → 101 after 0s
2026-09-10T16:25:39 CloseActiveDrawing (after SP_M.CU_PG3_11X17.cs)
2026-09-10T16:25:39 drawings 100 → 101 after SP_M.CU_PG3_11X17.cs fallbackInsert=no
2026-09-10T16:25:39 smoke: skipped beams and floor GA
2026-09-10T16:25:39 session drawings 99 → 101 after smoke macros
2026-09-10T17:10:05 Tekla selection objects=0
2026-09-10T17:10:05 selected assemblies=0 marks=
2026-09-11T18:03:45 CloseActiveDrawing (RunMacros start)
2026-09-11T18:03:45 bundled macros src=C:\Users\ASUS\Desktop\2d_tekla\bin\Debug\net48\LocalMacros dest=D:\design_\Paisley\Paisley_Exam\Paisley_Exam\macros\modeling
2026-09-11T18:03:45 already in model: SP_M.ASSEMBLY_standard.cs
2026-09-11T18:03:45 already in model: SP_M.BM_SET_11x17.cs
2026-09-11T18:03:45 already in model: SP_M.CU_PG1_11X17.cs
2026-09-11T18:03:45 already in model: SP_M.CU_PG2_11X17.cs
2026-09-11T18:03:45 already in model: SP_M.CU_PG3_11X17.cs
2026-09-11T18:03:45 already in model: SP_M.GA_EXP_GA_STD.cs
2026-09-11T18:03:45 already in model: SP_M.SINGLE_standard.cs
2026-09-11T18:03:45 === session mode=smoke mark=W10-175 ===
2026-09-11T18:03:45 model=Paisley_Exam.db1 path=D:\design_\Paisley\Paisley_Exam\Paisley_Exam
2026-09-11T18:03:45 macros.log=C:\Users\ASUS\Desktop\2d_tekla\Export\CivilDrawings\new with macros\macros.log
2026-09-11T18:03:45 if AKIT dies inside Tekla, check C:\Users\ASUS\AppData\Local\Trimble\TeklaStructures\2026.0\logs and the Tekla session log
2026-09-11T18:03:45 session drawings before macros=99
2026-09-11T18:04:12 WALL=1 COLUMN=0 BEAM=0 mark=W10-175 (precast only; hollowcore/insulation/formliner skipped)
2026-09-11T18:04:12 smoke hardware CU batch 1/1 n=1
2026-09-11T18:04:12 CloseActiveDrawing (before smoke hardware CU batch 1)
2026-09-11T18:04:13 Select n=1 ok=True
2026-09-11T18:04:13 CommitChanges after select
2026-09-11T18:04:13 RunMacro SP_M.CU_PG1_11X17.cs (smoke hardware CU batch 1, n=1, marks=W10-175, drawingsBefore=99)
2026-09-11T18:04:13 trying SP_M.CU_PG1_11X17.cs
2026-09-11T18:04:15 RunMacro bool=True path=SP_M.CU_PG1_11X17.cs
2026-09-11T18:04:15 started SP_M.CU_PG1_11X17.cs
2026-09-11T18:04:16 wait SP_M.CU_PG1_11X17.cs t=0s IsMacroRunning=False drawings=99 (need > 99)
2026-09-11T18:04:31 wait SP_M.CU_PG1_11X17.cs t=15s IsMacroRunning=False drawings=99 (need > 99)
2026-09-11T18:04:35 script ended with no drawing-count increase after 20s idle (SP_M.CU_PG1_11X17.cs)
2026-09-11T18:04:35 timeout waiting for drawing-count increase on SP_M.CU_PG1_11X17.cs after 19s drawings=99
2026-09-11T18:04:35 CloseActiveDrawing (after SP_M.CU_PG1_11X17.cs)
2026-09-11T18:04:35 drawings 99 → 99 after SP_M.CU_PG1_11X17.cs fallbackInsert=no
2026-09-11T18:04:35 FAIL [smoke hardware CU batch 1 0 new sheets] System.InvalidOperationException: RunMacro started but 0 new sheets for SP_M.CU_PG1_11X17.cs (AKIT template likely loaded; CreateCastUnitDrawing did not commit). marks=W10-175
2026-09-11T18:04:35    at System.Environment.GetStackTrace(Exception e, Boolean needFileInfo)
   at System.Environment.get_StackTrace()
   at TeklaExtractor.Services.LocalDrawingMacroRunner.Fail(String context, Exception ex) in C:\Users\ASUS\Desktop\2d_tekla\Services\LocalDrawingMacroRunner.cs:line 809
   at TeklaExtractor.Services.LocalDrawingMacroRunner.RunMacroOnSelection(List`1 parts, String macroFile, String label) in C:\Users\ASUS\Desktop\2d_tekla\Services\LocalDrawingMacroRunner.cs:line 357
   at TeklaExtractor.Services.LocalDrawingMacroRunner.RunMacroInBatches(List`1 parts, String macroFile, String label) in C:\Users\ASUS\Desktop\2d_tekla\Services\LocalDrawingMacroRunner.cs:line 311
   at TeklaExtractor.Services.LocalDrawingMacroRunner.RunMacros(String markFilter, Boolean smoke, Boolean selectedOnly) in C:\Users\ASUS\Desktop\2d_tekla\Services\LocalDrawingMacroRunner.cs:line 92
   at TeklaExtractor.Services.CivilDrawingBatchExtractor.Run() in C:\Users\ASUS\Desktop\2d_tekla\Services\CivilDrawingBatchExtractor.cs:line 114
   at TeklaExtractor.Program.RunCivilDrawings(Model tekla, String baseDir, String[] args) in C:\Users\ASUS\Desktop\2d_tekla\Program.cs:line 244
   at TeklaExtractor.Program.Main(String[] args) in C:\Users\ASUS\Desktop\2d_tekla\Program.cs:line 134
2026-09-11T18:04:35 smoke rebar placing CU batch 1/1 n=1
2026-09-11T18:04:35 CloseActiveDrawing (before smoke rebar placing CU batch 1)
2026-09-11T18:04:35 Select n=1 ok=True
2026-09-11T18:04:35 CommitChanges after select
2026-09-11T18:04:35 RunMacro SP_M.CU_PG2_11X17.cs (smoke rebar placing CU batch 1, n=1, marks=W10-175, drawingsBefore=99)
2026-09-11T18:04:35 trying SP_M.CU_PG2_11X17.cs
2026-09-11T18:05:02 RunMacro bool=True path=SP_M.CU_PG2_11X17.cs
2026-09-11T18:05:02 started SP_M.CU_PG2_11X17.cs
2026-09-11T18:05:02 wait SP_M.CU_PG2_11X17.cs t=0s IsMacroRunning=False drawings=100 (need > 99)
2026-09-11T18:05:03 CloseActiveDrawing (new sheet from SP_M.CU_PG2_11X17.cs)
2026-09-11T18:05:03 drawing-count delta 99 → 100 after 0s
2026-09-11T18:05:03 CloseActiveDrawing (after SP_M.CU_PG2_11X17.cs)
2026-09-11T18:05:03 drawings 99 → 100 after SP_M.CU_PG2_11X17.cs fallbackInsert=no
2026-09-11T18:05:03 smoke rebar table CU batch 1/1 n=1
2026-09-11T18:05:04 CloseActiveDrawing (before smoke rebar table CU batch 1)
2026-09-11T18:05:04 Select n=1 ok=True
2026-09-11T18:05:04 CommitChanges after select
2026-09-11T18:05:04 RunMacro SP_M.CU_PG3_11X17.cs (smoke rebar table CU batch 1, n=1, marks=W10-175, drawingsBefore=100)
2026-09-11T18:05:04 trying SP_M.CU_PG3_11X17.cs
2026-09-11T18:05:08 RunMacro bool=True path=SP_M.CU_PG3_11X17.cs
2026-09-11T18:05:08 started SP_M.CU_PG3_11X17.cs
2026-09-11T18:05:08 wait SP_M.CU_PG3_11X17.cs t=0s IsMacroRunning=False drawings=101 (need > 100)
2026-09-11T18:05:09 CloseActiveDrawing (new sheet from SP_M.CU_PG3_11X17.cs)
2026-09-11T18:05:09 drawing-count delta 100 → 101 after 0s
2026-09-11T18:05:09 CloseActiveDrawing (after SP_M.CU_PG3_11X17.cs)
2026-09-11T18:05:09 drawings 100 → 101 after SP_M.CU_PG3_11X17.cs fallbackInsert=no
2026-09-11T18:05:09 smoke: skipped beams and floor GA
2026-09-11T18:05:09 session drawings 99 → 101 after smoke macros
2026-09-11T18:19:32 Tekla selection objects=1
2026-09-11T18:19:32 selected assemblies=1 marks=W10-175
2026-09-11T18:19:32 CloseActiveDrawing (RunMacros start)
2026-09-11T18:19:32 bundled macros src=C:\Users\ASUS\Desktop\2d_tekla\bin\Debug\net48\LocalMacros dest=D:\design_\Paisley\Paisley_Exam\Paisley_Exam\macros\modeling
2026-09-11T18:19:32 already in model: SP_M.ASSEMBLY_standard.cs
2026-09-11T18:19:32 already in model: SP_M.BM_SET_11x17.cs
2026-09-11T18:19:32 already in model: SP_M.CU_PG1_11X17.cs
2026-09-11T18:19:32 already in model: SP_M.CU_PG2_11X17.cs
2026-09-11T18:19:32 already in model: SP_M.CU_PG3_11X17.cs
2026-09-11T18:19:32 already in model: SP_M.GA_EXP_GA_STD.cs
2026-09-11T18:19:32 already in model: SP_M.SINGLE_standard.cs
2026-09-11T18:19:32 === session mode=selected ===
2026-09-11T18:19:32 model=Paisley_Exam.db1 path=D:\design_\Paisley\Paisley_Exam\Paisley_Exam
2026-09-11T18:19:32 macros.log=C:\Users\ASUS\Desktop\2d_tekla\Export\CivilDrawings\new with macros\macros.log
2026-09-11T18:19:32 if AKIT dies inside Tekla, check C:\Users\ASUS\AppData\Local\Trimble\TeklaStructures\2026.0\logs and the Tekla session log
2026-09-11T18:19:32 session drawings before macros=101
2026-09-11T18:19:32 Tekla selection objects=1
2026-09-11T18:19:32 selected assemblies=1 marks=W10-175
2026-09-11T18:19:32 WALL=1 COLUMN=0 BEAM=0 selected=yes (precast only; hollowcore/insulation/formliner skipped)
2026-09-11T18:19:32 hardware CU batch 1/1 n=1
2026-09-11T18:19:32 CloseActiveDrawing (before hardware CU batch 1)
2026-09-11T18:19:32 Select n=1 ok=True
2026-09-11T18:19:33 CommitChanges after select
2026-09-11T18:19:33 RunMacro SP_M.CU_PG1_11X17.cs (hardware CU batch 1, n=1, marks=W10-175, drawingsBefore=101)
2026-09-11T18:19:33 trying SP_M.CU_PG1_11X17.cs
2026-09-11T18:19:36 RunMacro bool=True path=SP_M.CU_PG1_11X17.cs
2026-09-11T18:19:36 started SP_M.CU_PG1_11X17.cs
2026-09-11T18:19:36 wait SP_M.CU_PG1_11X17.cs t=0s IsMacroRunning=False drawings=101 (need > 101)
2026-09-11T18:19:51 wait SP_M.CU_PG1_11X17.cs t=15s IsMacroRunning=False drawings=101 (need > 101)
2026-09-11T18:19:55 script ended with no drawing-count increase after 20s idle (SP_M.CU_PG1_11X17.cs)
2026-09-11T18:19:55 timeout waiting for drawing-count increase on SP_M.CU_PG1_11X17.cs after 19s drawings=101
2026-09-11T18:19:55 CloseActiveDrawing (after SP_M.CU_PG1_11X17.cs)
2026-09-11T18:19:55 drawings 101 → 101 after SP_M.CU_PG1_11X17.cs fallbackInsert=no
2026-09-11T18:19:55 FAIL [hardware CU batch 1 0 new sheets] System.InvalidOperationException: RunMacro started but 0 new sheets for SP_M.CU_PG1_11X17.cs (AKIT template likely loaded; CreateCastUnitDrawing did not commit). marks=W10-175
2026-09-11T18:19:55    at System.Environment.GetStackTrace(Exception e, Boolean needFileInfo)
   at System.Environment.get_StackTrace()
   at TeklaExtractor.Services.LocalDrawingMacroRunner.Fail(String context, Exception ex) in C:\Users\ASUS\Desktop\2d_tekla\Services\LocalDrawingMacroRunner.cs:line 809
   at TeklaExtractor.Services.LocalDrawingMacroRunner.RunMacroOnSelection(List`1 parts, String macroFile, String label) in C:\Users\ASUS\Desktop\2d_tekla\Services\LocalDrawingMacroRunner.cs:line 357
   at TeklaExtractor.Services.LocalDrawingMacroRunner.RunMacroInBatches(List`1 parts, String macroFile, String label) in C:\Users\ASUS\Desktop\2d_tekla\Services\LocalDrawingMacroRunner.cs:line 311
   at TeklaExtractor.Services.LocalDrawingMacroRunner.RunMacros(String markFilter, Boolean smoke, Boolean selectedOnly) in C:\Users\ASUS\Desktop\2d_tekla\Services\LocalDrawingMacroRunner.cs:line 101
   at TeklaExtractor.Services.CivilDrawingBatchExtractor.Run() in C:\Users\ASUS\Desktop\2d_tekla\Services\CivilDrawingBatchExtractor.cs:line 114
   at TeklaExtractor.Program.RunCivilDrawings(Model tekla, String baseDir, String[] args) in C:\Users\ASUS\Desktop\2d_tekla\Program.cs:line 244
   at TeklaExtractor.Program.Main(String[] args) in C:\Users\ASUS\Desktop\2d_tekla\Program.cs:line 134
2026-09-11T18:19:55 rebar placing CU batch 1/1 n=1
2026-09-11T18:19:55 CloseActiveDrawing (before rebar placing CU batch 1)
2026-09-11T18:19:56 Select n=1 ok=True
2026-09-11T18:19:56 CommitChanges after select
2026-09-11T18:19:56 RunMacro SP_M.CU_PG2_11X17.cs (rebar placing CU batch 1, n=1, marks=W10-175, drawingsBefore=101)
2026-09-11T18:19:56 trying SP_M.CU_PG2_11X17.cs
2026-09-11T18:20:03 RunMacro bool=True path=SP_M.CU_PG2_11X17.cs
2026-09-11T18:20:03 started SP_M.CU_PG2_11X17.cs
2026-09-11T18:20:03 wait SP_M.CU_PG2_11X17.cs t=0s IsMacroRunning=False drawings=101 (need > 101)
2026-09-11T18:20:18 wait SP_M.CU_PG2_11X17.cs t=15s IsMacroRunning=False drawings=101 (need > 101)
2026-09-11T18:20:22 script ended with no drawing-count increase after 20s idle (SP_M.CU_PG2_11X17.cs)
2026-09-11T18:20:22 timeout waiting for drawing-count increase on SP_M.CU_PG2_11X17.cs after 19s drawings=101
2026-09-11T18:20:22 CloseActiveDrawing (after SP_M.CU_PG2_11X17.cs)
2026-09-11T18:20:22 drawings 101 → 101 after SP_M.CU_PG2_11X17.cs fallbackInsert=no
2026-09-11T18:20:22 FAIL [rebar placing CU batch 1 0 new sheets] System.InvalidOperationException: RunMacro started but 0 new sheets for SP_M.CU_PG2_11X17.cs (AKIT template likely loaded; CreateCastUnitDrawing did not commit). marks=W10-175
2026-09-11T18:20:22    at System.Environment.GetStackTrace(Exception e, Boolean needFileInfo)
   at System.Environment.get_StackTrace()
   at TeklaExtractor.Services.LocalDrawingMacroRunner.Fail(String context, Exception ex) in C:\Users\ASUS\Desktop\2d_tekla\Services\LocalDrawingMacroRunner.cs:line 809
   at TeklaExtractor.Services.LocalDrawingMacroRunner.RunMacroOnSelection(List`1 parts, String macroFile, String label) in C:\Users\ASUS\Desktop\2d_tekla\Services\LocalDrawingMacroRunner.cs:line 357
   at TeklaExtractor.Services.LocalDrawingMacroRunner.RunMacroInBatches(List`1 parts, String macroFile, String label) in C:\Users\ASUS\Desktop\2d_tekla\Services\LocalDrawingMacroRunner.cs:line 311
   at TeklaExtractor.Services.LocalDrawingMacroRunner.RunMacros(String markFilter, Boolean smoke, Boolean selectedOnly) in C:\Users\ASUS\Desktop\2d_tekla\Services\LocalDrawingMacroRunner.cs:line 102
   at TeklaExtractor.Services.CivilDrawingBatchExtractor.Run() in C:\Users\ASUS\Desktop\2d_tekla\Services\CivilDrawingBatchExtractor.cs:line 114
   at TeklaExtractor.Program.RunCivilDrawings(Model tekla, String baseDir, String[] args) in C:\Users\ASUS\Desktop\2d_tekla\Program.cs:line 244
   at TeklaExtractor.Program.Main(String[] args) in C:\Users\ASUS\Desktop\2d_tekla\Program.cs:line 134
2026-09-11T18:20:23 rebar table CU batch 1/1 n=1
2026-09-11T18:20:23 CloseActiveDrawing (before rebar table CU batch 1)
2026-09-11T18:20:23 Select n=1 ok=True
2026-09-11T18:20:23 CommitChanges after select
2026-09-11T18:20:23 RunMacro SP_M.CU_PG3_11X17.cs (rebar table CU batch 1, n=1, marks=W10-175, drawingsBefore=101)
2026-09-11T18:20:23 trying SP_M.CU_PG3_11X17.cs
2026-09-11T18:20:26 RunMacro bool=True path=SP_M.CU_PG3_11X17.cs
2026-09-11T18:20:26 started SP_M.CU_PG3_11X17.cs
2026-09-11T18:20:26 wait SP_M.CU_PG3_11X17.cs t=0s IsMacroRunning=False drawings=101 (need > 101)
2026-09-11T18:20:42 wait SP_M.CU_PG3_11X17.cs t=15s IsMacroRunning=False drawings=101 (need > 101)
2026-09-11T18:20:46 script ended with no drawing-count increase after 20s idle (SP_M.CU_PG3_11X17.cs)
2026-09-11T18:20:46 timeout waiting for drawing-count increase on SP_M.CU_PG3_11X17.cs after 19s drawings=101
2026-09-11T18:20:46 CloseActiveDrawing (after SP_M.CU_PG3_11X17.cs)
2026-09-11T18:20:46 drawings 101 → 101 after SP_M.CU_PG3_11X17.cs fallbackInsert=no
2026-09-11T18:20:46 FAIL [rebar table CU batch 1 0 new sheets] System.InvalidOperationException: RunMacro started but 0 new sheets for SP_M.CU_PG3_11X17.cs (AKIT template likely loaded; CreateCastUnitDrawing did not commit). marks=W10-175
2026-09-11T18:20:46    at System.Environment.GetStackTrace(Exception e, Boolean needFileInfo)
   at System.Environment.get_StackTrace()
   at TeklaExtractor.Services.LocalDrawingMacroRunner.Fail(String context, Exception ex) in C:\Users\ASUS\Desktop\2d_tekla\Services\LocalDrawingMacroRunner.cs:line 809
   at TeklaExtractor.Services.LocalDrawingMacroRunner.RunMacroOnSelection(List`1 parts, String macroFile, String label) in C:\Users\ASUS\Desktop\2d_tekla\Services\LocalDrawingMacroRunner.cs:line 357
   at TeklaExtractor.Services.LocalDrawingMacroRunner.RunMacroInBatches(List`1 parts, String macroFile, String label) in C:\Users\ASUS\Desktop\2d_tekla\Services\LocalDrawingMacroRunner.cs:line 311
   at TeklaExtractor.Services.LocalDrawingMacroRunner.RunMacros(String markFilter, Boolean smoke, Boolean selectedOnly) in C:\Users\ASUS\Desktop\2d_tekla\Services\LocalDrawingMacroRunner.cs:line 103
   at TeklaExtractor.Services.CivilDrawingBatchExtractor.Run() in C:\Users\ASUS\Desktop\2d_tekla\Services\CivilDrawingBatchExtractor.cs:line 114
   at TeklaExtractor.Program.RunCivilDrawings(Model tekla, String baseDir, String[] args) in C:\Users\ASUS\Desktop\2d_tekla\Program.cs:line 244
   at TeklaExtractor.Program.Main(String[] args) in C:\Users\ASUS\Desktop\2d_tekla\Program.cs:line 134
2026-09-11T18:20:46 skip beam hardware+placing+table+fabricator — no parts
2026-09-11T18:20:46 selected: skipped floor GA
2026-09-11T18:20:46 session drawings 101 → 101 after macros
2026-09-15T17:51:54 CloseActiveDrawing (RunMacros start)
2026-09-15T17:51:54 bundled macros src=C:\Users\ASUS\Desktop\2d_tekla\bin\Debug\net48\LocalMacros dest=D:\design_\Paisley\Paisley_Exam\Paisley_Exam\macros\modeling
2026-09-15T17:51:54 already in model: SP_M.ASSEMBLY_standard.cs
2026-09-15T17:51:54 already in model: SP_M.BM_SET_11x17.cs
2026-09-15T17:51:54 already in model: SP_M.CU_PG1_11X17.cs
2026-09-15T17:51:54 already in model: SP_M.CU_PG2_11X17.cs
2026-09-15T17:51:54 already in model: SP_M.CU_PG3_11X17.cs
2026-09-15T17:51:54 already in model: SP_M.GA_EXP_GA_STD.cs
2026-09-15T17:51:54 already in model: SP_M.SINGLE_standard.cs
2026-09-15T17:51:54 === session mode=smoke mark=W10-78 ===
2026-09-15T17:51:54 model=Paisley_Exam.db1 path=D:\design_\Paisley\Paisley_Exam\Paisley_Exam
2026-09-15T17:51:54 macros.log=C:\Users\ASUS\Desktop\2d_tekla\Export\CivilDrawings\new with macros\macros.log
2026-09-15T17:51:54 if AKIT dies inside Tekla, check C:\Users\ASUS\AppData\Local\Trimble\TeklaStructures\2026.0\logs and the Tekla session log
2026-09-15T17:51:54 session drawings before macros=101
2026-09-15T17:52:18 WALL=1 COLUMN=0 BEAM=0 mark=W10-78 (precast only; hollowcore/insulation/formliner skipped)
2026-09-15T17:52:18 smoke hardware CU batch 1/1 n=1
2026-09-15T17:52:18 CloseActiveDrawing (before smoke hardware CU batch 1)
2026-09-15T17:52:18 Select n=1 ok=True
2026-09-15T17:52:18 CommitChanges after select
2026-09-15T17:52:18 RunMacro SP_M.CU_PG1_11X17.cs (smoke hardware CU batch 1, n=1, marks=W10-78, drawingsBefore=101)
2026-09-15T17:52:18 trying SP_M.CU_PG1_11X17.cs
2026-09-15T17:52:28 RunMacro bool=True path=SP_M.CU_PG1_11X17.cs
2026-09-15T17:52:28 started SP_M.CU_PG1_11X17.cs
2026-09-15T17:52:28 wait SP_M.CU_PG1_11X17.cs t=0s IsMacroRunning=False drawings=102 (need > 101)
2026-09-15T17:52:29 CloseActiveDrawing (new sheet from SP_M.CU_PG1_11X17.cs)
2026-09-15T17:52:29 drawing-count delta 101 → 102 after 0s
2026-09-15T17:52:29 CloseActiveDrawing (after SP_M.CU_PG1_11X17.cs)
2026-09-15T17:52:29 drawings 101 → 102 after SP_M.CU_PG1_11X17.cs fallbackInsert=no
2026-09-15T17:52:29 smoke rebar placing CU batch 1/1 n=1
2026-09-15T17:52:29 CloseActiveDrawing (before smoke rebar placing CU batch 1)
2026-09-15T17:52:29 Select n=1 ok=True
2026-09-15T17:52:29 CommitChanges after select
2026-09-15T17:52:30 RunMacro SP_M.CU_PG2_11X17.cs (smoke rebar placing CU batch 1, n=1, marks=W10-78, drawingsBefore=102)
2026-09-15T17:52:30 trying SP_M.CU_PG2_11X17.cs
2026-09-15T17:52:46 RunMacro bool=True path=SP_M.CU_PG2_11X17.cs
2026-09-15T17:52:46 started SP_M.CU_PG2_11X17.cs
2026-09-15T17:52:46 wait SP_M.CU_PG2_11X17.cs t=0s IsMacroRunning=False drawings=103 (need > 102)
2026-09-15T17:52:52 CloseActiveDrawing (new sheet from SP_M.CU_PG2_11X17.cs)
2026-09-15T17:52:52 drawing-count delta 102 → 103 after 0s
2026-09-15T17:52:52 CloseActiveDrawing (after SP_M.CU_PG2_11X17.cs)
2026-09-15T17:52:52 drawings 102 → 103 after SP_M.CU_PG2_11X17.cs fallbackInsert=no
2026-09-15T17:52:52 smoke rebar table CU batch 1/1 n=1
2026-09-15T17:52:52 CloseActiveDrawing (before smoke rebar table CU batch 1)
2026-09-15T17:52:52 Select n=1 ok=True
2026-09-15T17:52:53 CommitChanges after select
2026-09-15T17:52:53 RunMacro SP_M.CU_PG3_11X17.cs (smoke rebar table CU batch 1, n=1, marks=W10-78, drawingsBefore=103)
2026-09-15T17:52:53 trying SP_M.CU_PG3_11X17.cs
2026-09-15T17:52:56 RunMacro bool=True path=SP_M.CU_PG3_11X17.cs
2026-09-15T17:52:56 started SP_M.CU_PG3_11X17.cs
2026-09-15T17:52:56 wait SP_M.CU_PG3_11X17.cs t=0s IsMacroRunning=False drawings=104 (need > 103)
2026-09-15T17:52:58 CloseActiveDrawing (new sheet from SP_M.CU_PG3_11X17.cs)
2026-09-15T17:52:58 drawing-count delta 103 → 104 after 0s
2026-09-15T17:52:58 CloseActiveDrawing (after SP_M.CU_PG3_11X17.cs)
2026-09-15T17:52:58 drawings 103 → 104 after SP_M.CU_PG3_11X17.cs fallbackInsert=no
2026-09-15T17:52:58 smoke: skipped beams and floor GA
2026-09-15T17:52:58 session drawings 101 → 104 after smoke macros
2026-09-18T16:44:20 Tekla selection objects=0
2026-09-18T16:44:20 selected assemblies=0 marks=
2026-09-18T18:20:52 CloseActiveDrawing (RunMacros start)
2026-09-18T18:20:52 bundled macros src=C:\Users\ASUS\Desktop\2d_tekla\bin\Debug\net48\LocalMacros dest=D:\design_\Paisley\Paisley_Exam\Paisley_Exam\macros\modeling
2026-09-18T18:20:52 already in model: AutoCompressAndEdit11x17.cs
2026-09-18T18:20:52 already in model: SP_M.ASSEMBLY_standard.cs
2026-09-18T18:20:52 already in model: SP_M.BM_SET_11x17.cs
2026-09-18T18:20:52 already in model: SP_M.CU_PG1_11X17.cs
2026-09-18T18:20:52 already in model: SP_M.CU_PG2_11X17.cs
2026-09-18T18:20:52 already in model: SP_M.CU_PG3_11X17.cs
2026-09-18T18:20:52 already in model: SP_M.GA_EXP_GA_STD.cs
2026-09-18T18:20:52 already in model: SP_M.SINGLE_standard.cs
2026-09-18T18:20:52 === session mode=smoke mark=W10-34 ===
2026-09-18T18:20:52 model=Paisley_Exam.db1 path=D:\design_\Paisley\Paisley_Exam\Paisley_Exam
2026-09-18T18:20:52 macros.log=C:\Users\ASUS\Desktop\2d_tekla\Export\CivilDrawings\new with macros\macros.log
2026-09-18T18:20:52 if AKIT dies inside Tekla, check C:\Users\ASUS\AppData\Local\Trimble\TeklaStructures\2026.0\logs and the Tekla session log
2026-09-18T18:20:52 session drawings before macros=99
2026-09-18T18:21:39 WALL=1 COLUMN=0 BEAM=0 mark=W10-34 (precast only; hollowcore/insulation/formliner skipped)
2026-09-18T18:21:39 smoke hardware CU batch 1/1 n=1
2026-09-18T18:21:39 CloseActiveDrawing (before smoke hardware CU batch 1)
2026-09-18T18:21:40 Select n=1 ok=True
2026-09-18T18:21:40 CommitChanges after select
2026-09-18T18:21:40 RunMacro SP_M.CU_PG1_11X17.cs (smoke hardware CU batch 1, n=1, marks=W10-34, drawingsBefore=99)
2026-09-18T18:21:40 trying SP_M.CU_PG1_11X17.cs
2026-09-18T18:21:54 RunMacro bool=True path=SP_M.CU_PG1_11X17.cs
2026-09-18T18:21:54 started SP_M.CU_PG1_11X17.cs
2026-09-18T18:21:54 wait SP_M.CU_PG1_11X17.cs t=0s IsMacroRunning=False drawings=99 (need > 99)
2026-09-18T18:22:10 wait SP_M.CU_PG1_11X17.cs t=15s IsMacroRunning=False drawings=99 (need > 99)
2026-09-18T18:22:14 script ended with no drawing-count increase after 20s idle (SP_M.CU_PG1_11X17.cs)
2026-09-18T18:22:14 timeout waiting for drawing-count increase on SP_M.CU_PG1_11X17.cs after 19s drawings=99
2026-09-18T18:22:14 CloseActiveDrawing (after SP_M.CU_PG1_11X17.cs)
2026-09-18T18:22:14 drawings 99 → 99 after SP_M.CU_PG1_11X17.cs fallbackInsert=no
2026-09-18T18:22:14 FAIL [smoke hardware CU batch 1 0 new sheets] System.InvalidOperationException: RunMacro started but 0 new sheets for SP_M.CU_PG1_11X17.cs (AKIT template likely loaded; CreateCastUnitDrawing did not commit). marks=W10-34
2026-09-18T18:22:14    at System.Environment.GetStackTrace(Exception e, Boolean needFileInfo)
   at System.Environment.get_StackTrace()
   at TeklaExtractor.Services.LocalDrawingMacroRunner.Fail(String context, Exception ex) in C:\Users\ASUS\Desktop\2d_tekla\Services\LocalDrawingMacroRunner.cs:line 809
   at TeklaExtractor.Services.LocalDrawingMacroRunner.RunMacroOnSelection(List`1 parts, String macroFile, String label) in C:\Users\ASUS\Desktop\2d_tekla\Services\LocalDrawingMacroRunner.cs:line 357
   at TeklaExtractor.Services.LocalDrawingMacroRunner.RunMacroInBatches(List`1 parts, String macroFile, String label) in C:\Users\ASUS\Desktop\2d_tekla\Services\LocalDrawingMacroRunner.cs:line 311
   at TeklaExtractor.Services.LocalDrawingMacroRunner.RunMacros(String markFilter, Boolean smoke, Boolean selectedOnly) in C:\Users\ASUS\Desktop\2d_tekla\Services\LocalDrawingMacroRunner.cs:line 92
   at TeklaExtractor.Services.CivilDrawingBatchExtractor.Run() in C:\Users\ASUS\Desktop\2d_tekla\Services\CivilDrawingBatchExtractor.cs:line 114
   at TeklaExtractor.Program.RunCivilDrawings(Model tekla, String baseDir, String[] args) in C:\Users\ASUS\Desktop\2d_tekla\Program.cs:line 265
   at TeklaExtractor.Program.Main(String[] args) in C:\Users\ASUS\Desktop\2d_tekla\Program.cs:line 155
2026-09-18T18:22:14 smoke rebar placing CU batch 1/1 n=1
2026-09-18T18:22:14 CloseActiveDrawing (before smoke rebar placing CU batch 1)
2026-09-18T18:22:14 Select n=1 ok=True
2026-09-18T18:22:14 CommitChanges after select
2026-09-18T18:22:15 RunMacro SP_M.CU_PG2_11X17.cs (smoke rebar placing CU batch 1, n=1, marks=W10-34, drawingsBefore=99)
2026-09-18T18:22:15 trying SP_M.CU_PG2_11X17.cs
2026-09-18T18:23:04 RunMacro bool=True path=SP_M.CU_PG2_11X17.cs
2026-09-18T18:23:04 started SP_M.CU_PG2_11X17.cs
2026-09-18T18:23:04 wait SP_M.CU_PG2_11X17.cs t=0s IsMacroRunning=False drawings=100 (need > 99)
2026-09-18T18:23:06 CloseActiveDrawing (new sheet from SP_M.CU_PG2_11X17.cs)
2026-09-18T18:23:06 drawing-count delta 99 → 100 after 0s
2026-09-18T18:23:06 CloseActiveDrawing (after SP_M.CU_PG2_11X17.cs)
2026-09-18T18:23:06 drawings 99 → 100 after SP_M.CU_PG2_11X17.cs fallbackInsert=no
2026-09-18T18:23:06 smoke rebar table CU batch 1/1 n=1
2026-09-18T18:23:06 CloseActiveDrawing (before smoke rebar table CU batch 1)
2026-09-18T18:23:06 Select n=1 ok=True
2026-09-18T18:23:06 CommitChanges after select
2026-09-18T18:23:07 RunMacro SP_M.CU_PG3_11X17.cs (smoke rebar table CU batch 1, n=1, marks=W10-34, drawingsBefore=100)
2026-09-18T18:23:07 trying SP_M.CU_PG3_11X17.cs
2026-09-18T18:23:12 RunMacro bool=True path=SP_M.CU_PG3_11X17.cs
2026-09-18T18:23:12 started SP_M.CU_PG3_11X17.cs
2026-09-18T18:23:12 wait SP_M.CU_PG3_11X17.cs t=0s IsMacroRunning=False drawings=101 (need > 100)
2026-09-18T18:23:13 CloseActiveDrawing (new sheet from SP_M.CU_PG3_11X17.cs)
2026-09-18T18:23:13 drawing-count delta 100 → 101 after 0s
2026-09-18T18:23:13 CloseActiveDrawing (after SP_M.CU_PG3_11X17.cs)
2026-09-18T18:23:13 drawings 100 → 101 after SP_M.CU_PG3_11X17.cs fallbackInsert=no
2026-09-18T18:23:13 smoke: skipped beams and floor GA
2026-09-18T18:23:13 session drawings 99 → 101 after smoke macros
2026-09-18T18:40:37 CloseActiveDrawing (RunMacros start)
2026-09-18T18:40:37 bundled macros src=C:\Users\ASUS\Desktop\2d_tekla\bin\Debug\net48\LocalMacros dest=D:\design_\Paisley\Paisley_Exam\Paisley_Exam\macros\modeling
2026-09-18T18:40:37 already in model: AutoCompressAndEdit11x17.cs
2026-09-18T18:40:37 already in model: SP_M.ASSEMBLY_standard.cs
2026-09-18T18:40:37 already in model: SP_M.BM_SET_11x17.cs
2026-09-18T18:40:37 already in model: SP_M.CU_PG1_11X17.cs
2026-09-18T18:40:37 already in model: SP_M.CU_PG2_11X17.cs
2026-09-18T18:40:37 already in model: SP_M.CU_PG3_11X17.cs
2026-09-18T18:40:37 already in model: SP_M.GA_EXP_GA_STD.cs
2026-09-18T18:40:37 already in model: SP_M.SINGLE_standard.cs
2026-09-18T18:40:37 === session mode=smoke mark=W10-132 ===
2026-09-18T18:40:37 model=Paisley_Exam.db1 path=D:\design_\Paisley\Paisley_Exam\Paisley_Exam
2026-09-18T18:40:37 macros.log=C:\Users\ASUS\Desktop\2d_tekla\Export\CivilDrawings\new with macros\macros.log
2026-09-18T18:40:37 if AKIT dies inside Tekla, check C:\Users\ASUS\AppData\Local\Trimble\TeklaStructures\2026.0\logs and the Tekla session log
2026-09-18T18:40:37 session drawings before macros=100
2026-09-18T18:41:53 WALL=1 COLUMN=0 BEAM=0 mark=W10-132 (precast only; hollowcore/insulation/formliner skipped)
2026-09-18T18:41:53 smoke hardware CU batch 1/1 n=1
2026-09-18T18:41:53 CloseActiveDrawing (before smoke hardware CU batch 1)
2026-09-18T18:41:54 Select n=1 ok=True
2026-09-18T18:41:54 CommitChanges after select
2026-09-18T18:41:54 RunMacro SP_M.CU_PG1_11X17.cs (smoke hardware CU batch 1, n=1, marks=W10-132, drawingsBefore=100)
2026-09-18T18:41:54 trying SP_M.CU_PG1_11X17.cs
2026-09-18T18:42:39 RunMacro bool=True path=SP_M.CU_PG1_11X17.cs
2026-09-18T18:42:39 started SP_M.CU_PG1_11X17.cs
2026-09-18T18:42:39 wait SP_M.CU_PG1_11X17.cs t=0s IsMacroRunning=False drawings=101 (need > 100)
2026-09-18T18:42:41 CloseActiveDrawing (new sheet from SP_M.CU_PG1_11X17.cs)
2026-09-18T18:42:41 drawing-count delta 100 → 101 after 0s
2026-09-18T18:42:41 CloseActiveDrawing (after SP_M.CU_PG1_11X17.cs)
2026-09-18T18:42:41 drawings 100 → 101 after SP_M.CU_PG1_11X17.cs fallbackInsert=no
2026-09-18T18:42:41 smoke rebar placing CU batch 1/1 n=1
2026-09-18T18:42:41 CloseActiveDrawing (before smoke rebar placing CU batch 1)
2026-09-18T18:42:41 Select n=1 ok=True
2026-09-18T18:42:41 CommitChanges after select
2026-09-18T18:42:42 RunMacro SP_M.CU_PG2_11X17.cs (smoke rebar placing CU batch 1, n=1, marks=W10-132, drawingsBefore=101)
2026-09-18T18:42:42 trying SP_M.CU_PG2_11X17.cs
2026-09-18T18:43:40 RunMacro bool=True path=SP_M.CU_PG2_11X17.cs
2026-09-18T18:43:40 started SP_M.CU_PG2_11X17.cs
2026-09-18T18:43:40 wait SP_M.CU_PG2_11X17.cs t=0s IsMacroRunning=False drawings=102 (need > 101)
2026-09-18T18:43:42 CloseActiveDrawing (new sheet from SP_M.CU_PG2_11X17.cs)
2026-09-18T18:43:42 drawing-count delta 101 → 102 after 0s
2026-09-18T18:43:42 CloseActiveDrawing (after SP_M.CU_PG2_11X17.cs)
2026-09-18T18:43:42 drawings 101 → 102 after SP_M.CU_PG2_11X17.cs fallbackInsert=no
2026-09-18T18:43:42 smoke rebar table CU batch 1/1 n=1
2026-09-18T18:43:42 CloseActiveDrawing (before smoke rebar table CU batch 1)
2026-09-18T18:43:42 Select n=1 ok=True
2026-09-18T18:43:42 CommitChanges after select
2026-09-18T18:43:43 RunMacro SP_M.CU_PG3_11X17.cs (smoke rebar table CU batch 1, n=1, marks=W10-132, drawingsBefore=102)
2026-09-18T18:43:43 trying SP_M.CU_PG3_11X17.cs
2026-09-18T18:43:50 RunMacro bool=True path=SP_M.CU_PG3_11X17.cs
2026-09-18T18:43:50 started SP_M.CU_PG3_11X17.cs
2026-09-18T18:43:50 wait SP_M.CU_PG3_11X17.cs t=0s IsMacroRunning=False drawings=103 (need > 102)
2026-09-18T18:43:52 CloseActiveDrawing (new sheet from SP_M.CU_PG3_11X17.cs)
2026-09-18T18:43:52 drawing-count delta 102 → 103 after 0s
2026-09-18T18:43:52 CloseActiveDrawing (after SP_M.CU_PG3_11X17.cs)
2026-09-18T18:43:52 drawings 102 → 103 after SP_M.CU_PG3_11X17.cs fallbackInsert=no
2026-09-18T18:43:52 smoke: skipped beams and floor GA
2026-09-18T18:43:52 session drawings 100 → 103 after smoke macros
2026-09-21T16:47:33 CloseActiveDrawing (RunMacros start)
2026-09-21T16:47:33 bundled macros src=C:\Users\ASUS\Desktop\2d_tekla\bin\Debug\net48\LocalMacros dest=D:\design_\Paisley\Paisley_Exam\Paisley_Exam\macros\modeling
2026-09-21T16:47:33 already in model: AutoCompressAndEdit11x17.cs
2026-09-21T16:47:33 already in model: SP_M.ASSEMBLY_standard.cs
2026-09-21T16:47:33 already in model: SP_M.BM_SET_11x17.cs
2026-09-21T16:47:33 already in model: SP_M.CU_PG1_11X17.cs
2026-09-21T16:47:33 already in model: SP_M.CU_PG2_11X17.cs
2026-09-21T16:47:33 already in model: SP_M.CU_PG3_11X17.cs
2026-09-21T16:47:33 already in model: SP_M.GA_EXP_GA_STD.cs
2026-09-21T16:47:33 already in model: SP_M.SINGLE_standard.cs
2026-09-21T16:47:33 === session mode=smoke mark=P6-1 ===
2026-09-21T16:47:33 model=Paisley_Exam.db1 path=D:\design_\Paisley\Paisley_Exam\Paisley_Exam
2026-09-21T16:47:33 macros.log=C:\Users\ASUS\Desktop\2d_tekla\Export\CivilDrawings\new with macros\macros.log
2026-09-21T16:47:33 if AKIT dies inside Tekla, check C:\Users\ASUS\AppData\Local\Trimble\TeklaStructures\2026.0\logs and the Tekla session log
2026-09-21T16:47:33 session drawings before macros=99
2026-09-21T16:47:56 WALL=1 COLUMN=0 BEAM=0 mark=P6-1 (precast only; hollowcore/insulation/formliner skipped)
2026-09-21T16:47:56 smoke hardware CU batch 1/1 n=1
2026-09-21T16:47:56 CloseActiveDrawing (before smoke hardware CU batch 1)
2026-09-21T16:47:56 Select n=1 ok=True
2026-09-21T16:47:56 CommitChanges after select
2026-09-21T16:47:57 RunMacro SP_M.CU_PG1_11X17.cs (smoke hardware CU batch 1, n=1, marks=P6-1, drawingsBefore=99)
2026-09-21T16:47:57 trying SP_M.CU_PG1_11X17.cs
2026-09-21T16:48:01 RunMacro bool=True path=SP_M.CU_PG1_11X17.cs
2026-09-21T16:48:01 started SP_M.CU_PG1_11X17.cs
2026-09-21T16:48:01 wait SP_M.CU_PG1_11X17.cs t=0s IsMacroRunning=False drawings=99 (need > 99)
2026-09-21T16:48:17 wait SP_M.CU_PG1_11X17.cs t=15s IsMacroRunning=False drawings=99 (need > 99)
2026-09-21T16:48:21 script ended with no drawing-count increase after 20s idle (SP_M.CU_PG1_11X17.cs)
2026-09-21T16:48:21 timeout waiting for drawing-count increase on SP_M.CU_PG1_11X17.cs after 19s drawings=99
2026-09-21T16:48:21 CloseActiveDrawing (after SP_M.CU_PG1_11X17.cs)
2026-09-21T16:48:21 drawings 99 → 99 after SP_M.CU_PG1_11X17.cs fallbackInsert=no
2026-09-21T16:48:21 FAIL [smoke hardware CU batch 1 0 new sheets] System.InvalidOperationException: RunMacro started but 0 new sheets for SP_M.CU_PG1_11X17.cs (AKIT template likely loaded; CreateCastUnitDrawing did not commit). marks=P6-1
2026-09-21T16:48:21    at System.Environment.GetStackTrace(Exception e, Boolean needFileInfo)
   at System.Environment.get_StackTrace()
   at TeklaExtractor.Services.LocalDrawingMacroRunner.Fail(String context, Exception ex) in C:\Users\ASUS\Desktop\2d_tekla\Services\LocalDrawingMacroRunner.cs:line 809
   at TeklaExtractor.Services.LocalDrawingMacroRunner.RunMacroOnSelection(List`1 parts, String macroFile, String label) in C:\Users\ASUS\Desktop\2d_tekla\Services\LocalDrawingMacroRunner.cs:line 357
   at TeklaExtractor.Services.LocalDrawingMacroRunner.RunMacroInBatches(List`1 parts, String macroFile, String label) in C:\Users\ASUS\Desktop\2d_tekla\Services\LocalDrawingMacroRunner.cs:line 311
   at TeklaExtractor.Services.LocalDrawingMacroRunner.RunMacros(String markFilter, Boolean smoke, Boolean selectedOnly) in C:\Users\ASUS\Desktop\2d_tekla\Services\LocalDrawingMacroRunner.cs:line 92
   at TeklaExtractor.Services.CivilDrawingBatchExtractor.Run() in C:\Users\ASUS\Desktop\2d_tekla\Services\CivilDrawingBatchExtractor.cs:line 114
   at TeklaExtractor.Program.RunCivilDrawings(Model tekla, String baseDir, String[] args) in C:\Users\ASUS\Desktop\2d_tekla\Program.cs:line 265
   at TeklaExtractor.Program.Main(String[] args) in C:\Users\ASUS\Desktop\2d_tekla\Program.cs:line 155
2026-09-21T16:48:21 smoke rebar placing CU batch 1/1 n=1
2026-09-21T16:48:21 CloseActiveDrawing (before smoke rebar placing CU batch 1)
2026-09-21T16:48:21 Select n=1 ok=True
2026-09-21T16:48:21 CommitChanges after select
2026-09-21T16:48:22 RunMacro SP_M.CU_PG2_11X17.cs (smoke rebar placing CU batch 1, n=1, marks=P6-1, drawingsBefore=99)
2026-09-21T16:48:22 trying SP_M.CU_PG2_11X17.cs
2026-09-21T16:48:31 RunMacro bool=True path=SP_M.CU_PG2_11X17.cs
2026-09-21T16:48:31 started SP_M.CU_PG2_11X17.cs
2026-09-21T16:48:31 wait SP_M.CU_PG2_11X17.cs t=0s IsMacroRunning=False drawings=100 (need > 99)
2026-09-21T16:48:32 CloseActiveDrawing (new sheet from SP_M.CU_PG2_11X17.cs)
2026-09-21T16:48:32 drawing-count delta 99 → 100 after 0s
2026-09-21T16:48:32 CloseActiveDrawing (after SP_M.CU_PG2_11X17.cs)
2026-09-21T16:48:33 drawings 99 → 100 after SP_M.CU_PG2_11X17.cs fallbackInsert=no
2026-09-21T16:48:33 smoke rebar table CU batch 1/1 n=1
2026-09-21T16:48:33 CloseActiveDrawing (before smoke rebar table CU batch 1)
2026-09-21T16:48:33 Select n=1 ok=True
2026-09-21T16:48:33 CommitChanges after select
2026-09-21T16:48:33 RunMacro SP_M.CU_PG3_11X17.cs (smoke rebar table CU batch 1, n=1, marks=P6-1, drawingsBefore=100)
2026-09-21T16:48:33 trying SP_M.CU_PG3_11X17.cs
2026-09-21T16:48:34 RunMacro bool=True path=SP_M.CU_PG3_11X17.cs
2026-09-21T16:48:34 started SP_M.CU_PG3_11X17.cs
2026-09-21T16:48:34 wait SP_M.CU_PG3_11X17.cs t=0s IsMacroRunning=False drawings=101 (need > 100)
2026-09-21T16:48:36 CloseActiveDrawing (new sheet from SP_M.CU_PG3_11X17.cs)
2026-09-21T16:48:36 drawing-count delta 100 → 101 after 0s
2026-09-21T16:48:36 CloseActiveDrawing (after SP_M.CU_PG3_11X17.cs)
2026-09-21T16:48:36 drawings 100 → 101 after SP_M.CU_PG3_11X17.cs fallbackInsert=no
2026-09-21T16:48:36 smoke: skipped beams and floor GA
2026-09-21T16:48:36 session drawings 99 → 101 after smoke macros
2026-09-21T16:56:50 CloseActiveDrawing (RunMacros start)
2026-09-21T16:56:50 bundled macros src=C:\Users\ASUS\Desktop\2d_tekla\bin\Debug\net48\LocalMacros dest=D:\design_\Paisley\Paisley_Exam\Paisley_Exam\macros\modeling
2026-09-21T16:56:50 already in model: AutoCompressAndEdit11x17.cs
2026-09-21T16:56:50 already in model: SP_M.ASSEMBLY_standard.cs
2026-09-21T16:56:50 already in model: SP_M.BM_SET_11x17.cs
2026-09-21T16:56:50 already in model: SP_M.CU_PG1_11X17.cs
2026-09-21T16:56:50 already in model: SP_M.CU_PG2_11X17.cs
2026-09-21T16:56:50 already in model: SP_M.CU_PG3_11X17.cs
2026-09-21T16:56:50 already in model: SP_M.GA_EXP_GA_STD.cs
2026-09-21T16:56:50 already in model: SP_M.SINGLE_standard.cs
2026-09-21T16:56:50 === session mode=smoke mark=W10-175 ===
2026-09-21T16:56:50 model=Paisley_Exam.db1 path=D:\design_\Paisley\Paisley_Exam\Paisley_Exam
2026-09-21T16:56:50 macros.log=C:\Users\ASUS\Desktop\2d_tekla\Export\CivilDrawings\new with macros\macros.log
2026-09-21T16:56:50 if AKIT dies inside Tekla, check C:\Users\ASUS\AppData\Local\Trimble\TeklaStructures\2026.0\logs and the Tekla session log
2026-09-21T16:56:50 session drawings before macros=101
2026-09-21T16:57:12 WALL=1 COLUMN=0 BEAM=0 mark=W10-175 (precast only; hollowcore/insulation/formliner skipped)
2026-09-21T16:57:12 smoke hardware CU batch 1/1 n=1
2026-09-21T16:57:12 CloseActiveDrawing (before smoke hardware CU batch 1)
2026-09-21T16:57:12 Select n=1 ok=True
2026-09-21T16:57:12 CommitChanges after select
2026-09-21T16:57:13 RunMacro SP_M.CU_PG1_11X17.cs (smoke hardware CU batch 1, n=1, marks=W10-175, drawingsBefore=101)
2026-09-21T16:57:13 trying SP_M.CU_PG1_11X17.cs
2026-09-21T16:57:15 RunMacro bool=True path=SP_M.CU_PG1_11X17.cs
2026-09-21T16:57:15 started SP_M.CU_PG1_11X17.cs
2026-09-21T16:57:15 wait SP_M.CU_PG1_11X17.cs t=0s IsMacroRunning=False drawings=101 (need > 101)
2026-09-21T16:57:30 wait SP_M.CU_PG1_11X17.cs t=15s IsMacroRunning=False drawings=101 (need > 101)
2026-09-21T16:57:34 script ended with no drawing-count increase after 20s idle (SP_M.CU_PG1_11X17.cs)
2026-09-21T16:57:34 timeout waiting for drawing-count increase on SP_M.CU_PG1_11X17.cs after 19s drawings=101
2026-09-21T16:57:34 CloseActiveDrawing (after SP_M.CU_PG1_11X17.cs)
2026-09-21T16:57:35 drawings 101 → 101 after SP_M.CU_PG1_11X17.cs fallbackInsert=no
2026-09-21T16:57:35 FAIL [smoke hardware CU batch 1 0 new sheets] System.InvalidOperationException: RunMacro started but 0 new sheets for SP_M.CU_PG1_11X17.cs (AKIT template likely loaded; CreateCastUnitDrawing did not commit). marks=W10-175
2026-09-21T16:57:35    at System.Environment.GetStackTrace(Exception e, Boolean needFileInfo)
   at System.Environment.get_StackTrace()
   at TeklaExtractor.Services.LocalDrawingMacroRunner.Fail(String context, Exception ex) in C:\Users\ASUS\Desktop\2d_tekla\Services\LocalDrawingMacroRunner.cs:line 809
   at TeklaExtractor.Services.LocalDrawingMacroRunner.RunMacroOnSelection(List`1 parts, String macroFile, String label) in C:\Users\ASUS\Desktop\2d_tekla\Services\LocalDrawingMacroRunner.cs:line 357
   at TeklaExtractor.Services.LocalDrawingMacroRunner.RunMacroInBatches(List`1 parts, String macroFile, String label) in C:\Users\ASUS\Desktop\2d_tekla\Services\LocalDrawingMacroRunner.cs:line 311
   at TeklaExtractor.Services.LocalDrawingMacroRunner.RunMacros(String markFilter, Boolean smoke, Boolean selectedOnly) in C:\Users\ASUS\Desktop\2d_tekla\Services\LocalDrawingMacroRunner.cs:line 92
   at TeklaExtractor.Services.CivilDrawingBatchExtractor.Run() in C:\Users\ASUS\Desktop\2d_tekla\Services\CivilDrawingBatchExtractor.cs:line 114
   at TeklaExtractor.Program.RunCivilDrawings(Model tekla, String baseDir, String[] args) in C:\Users\ASUS\Desktop\2d_tekla\Program.cs:line 265
   at TeklaExtractor.Program.Main(String[] args) in C:\Users\ASUS\Desktop\2d_tekla\Program.cs:line 155
2026-09-21T16:57:35 smoke rebar placing CU batch 1/1 n=1
2026-09-21T16:57:35 CloseActiveDrawing (before smoke rebar placing CU batch 1)
2026-09-21T16:57:35 Select n=1 ok=True
2026-09-21T16:57:35 CommitChanges after select
2026-09-21T16:57:35 RunMacro SP_M.CU_PG2_11X17.cs (smoke rebar placing CU batch 1, n=1, marks=W10-175, drawingsBefore=101)
2026-09-21T16:57:35 trying SP_M.CU_PG2_11X17.cs
2026-09-21T16:57:55 RunMacro bool=True path=SP_M.CU_PG2_11X17.cs
2026-09-21T16:57:55 started SP_M.CU_PG2_11X17.cs
2026-09-21T16:57:55 wait SP_M.CU_PG2_11X17.cs t=0s IsMacroRunning=False drawings=102 (need > 101)
2026-09-21T16:57:56 CloseActiveDrawing (new sheet from SP_M.CU_PG2_11X17.cs)
2026-09-21T16:57:56 drawing-count delta 101 → 102 after 0s
2026-09-21T16:57:56 CloseActiveDrawing (after SP_M.CU_PG2_11X17.cs)
2026-09-21T16:57:56 drawings 101 → 102 after SP_M.CU_PG2_11X17.cs fallbackInsert=no
2026-09-21T16:57:57 smoke rebar table CU batch 1/1 n=1
2026-09-21T16:57:57 CloseActiveDrawing (before smoke rebar table CU batch 1)
2026-09-21T16:57:57 Select n=1 ok=True
2026-09-21T16:57:57 CommitChanges after select
2026-09-21T16:57:57 RunMacro SP_M.CU_PG3_11X17.cs (smoke rebar table CU batch 1, n=1, marks=W10-175, drawingsBefore=102)
2026-09-21T16:57:57 trying SP_M.CU_PG3_11X17.cs
2026-09-21T16:58:00 RunMacro bool=True path=SP_M.CU_PG3_11X17.cs
2026-09-21T16:58:00 started SP_M.CU_PG3_11X17.cs
2026-09-21T16:58:00 wait SP_M.CU_PG3_11X17.cs t=0s IsMacroRunning=False drawings=103 (need > 102)
2026-09-21T16:58:02 CloseActiveDrawing (new sheet from SP_M.CU_PG3_11X17.cs)
2026-09-21T16:58:02 drawing-count delta 102 → 103 after 0s
2026-09-21T16:58:02 CloseActiveDrawing (after SP_M.CU_PG3_11X17.cs)
2026-09-21T16:58:02 drawings 102 → 103 after SP_M.CU_PG3_11X17.cs fallbackInsert=no
2026-09-21T16:58:02 smoke: skipped beams and floor GA
2026-09-21T16:58:02 session drawings 101 → 103 after smoke macros
2026-09-21T17:02:43 CloseActiveDrawing (RunMacros start)
2026-09-21T17:02:43 bundled macros src=C:\Users\ASUS\Desktop\2d_tekla\bin\Debug\net48\LocalMacros dest=D:\design_\Paisley\Paisley_Exam\Paisley_Exam\macros\modeling
2026-09-21T17:02:43 already in model: AutoCompressAndEdit11x17.cs
2026-09-21T17:02:43 already in model: SP_M.ASSEMBLY_standard.cs
2026-09-21T17:02:43 already in model: SP_M.BM_SET_11x17.cs
2026-09-21T17:02:43 already in model: SP_M.CU_PG1_11X17.cs
2026-09-21T17:02:43 already in model: SP_M.CU_PG2_11X17.cs
2026-09-21T17:02:43 already in model: SP_M.CU_PG3_11X17.cs
2026-09-21T17:02:43 already in model: SP_M.GA_EXP_GA_STD.cs
2026-09-21T17:02:43 already in model: SP_M.SINGLE_standard.cs
2026-09-21T17:02:43 === session mode=smoke mark=.\.cursor\W10-175 ===
2026-09-21T17:02:43 model=Paisley_Exam.db1 path=D:\design_\Paisley\Paisley_Exam\Paisley_Exam
2026-09-21T17:02:43 macros.log=C:\Users\ASUS\Desktop\2d_tekla\Export\CivilDrawings\new with macros\macros.log
2026-09-21T17:02:43 if AKIT dies inside Tekla, check C:\Users\ASUS\AppData\Local\Trimble\TeklaStructures\2026.0\logs and the Tekla session log
2026-09-21T17:02:43 session drawings before macros=103
2026-09-21T17:03:34 WALL=0 COLUMN=0 BEAM=0 mark=.\.cursor\W10-175 (precast only; hollowcore/insulation/formliner skipped)
2026-09-21T17:03:34 FAIL smoke: no WALL matching .\.cursor\W10-175
2026-09-21T17:08:01 CloseActiveDrawing (RunMacros start)
2026-09-21T17:08:01 bundled macros src=C:\Users\ASUS\Desktop\2d_tekla\bin\Debug\net48\LocalMacros dest=D:\design_\Paisley\Paisley_Exam\Paisley_Exam\macros\modeling
2026-09-21T17:08:01 already in model: AutoCompressAndEdit11x17.cs
2026-09-21T17:08:01 already in model: SP_M.ASSEMBLY_standard.cs
2026-09-21T17:08:01 already in model: SP_M.BM_SET_11x17.cs
2026-09-21T17:08:01 already in model: SP_M.CU_PG1_11X17.cs
2026-09-21T17:08:01 already in model: SP_M.CU_PG2_11X17.cs
2026-09-21T17:08:01 already in model: SP_M.CU_PG3_11X17.cs
2026-09-21T17:08:01 already in model: SP_M.GA_EXP_GA_STD.cs
2026-09-21T17:08:01 already in model: SP_M.SINGLE_standard.cs
2026-09-21T17:08:01 === session mode=smoke mark=W10-175 ===
2026-09-21T17:08:01 model=Paisley_Exam.db1 path=D:\design_\Paisley\Paisley_Exam\Paisley_Exam
2026-09-21T17:08:01 macros.log=C:\Users\ASUS\Desktop\2d_tekla\Export\CivilDrawings\new with macros\macros.log
2026-09-21T17:08:01 if AKIT dies inside Tekla, check C:\Users\ASUS\AppData\Local\Trimble\TeklaStructures\2026.0\logs and the Tekla session log
2026-09-21T17:08:01 session drawings before macros=100
2026-09-21T17:08:41 WALL=1 COLUMN=0 BEAM=0 mark=W10-175 (precast only; hollowcore/insulation/formliner skipped)
2026-09-21T17:08:41 smoke hardware CU batch 1/1 n=1
2026-09-21T17:08:41 CloseActiveDrawing (before smoke hardware CU batch 1)
2026-09-21T17:08:42 Select n=1 ok=True
2026-09-21T17:08:42 CommitChanges after select
2026-09-21T17:08:42 RunMacro SP_M.CU_PG1_11X17.cs (smoke hardware CU batch 1, n=1, marks=W10-175, drawingsBefore=100)
2026-09-21T17:08:42 trying SP_M.CU_PG1_11X17.cs
2026-09-21T17:08:46 RunMacro bool=True path=SP_M.CU_PG1_11X17.cs
2026-09-21T17:08:46 started SP_M.CU_PG1_11X17.cs
2026-09-21T17:08:46 wait SP_M.CU_PG1_11X17.cs t=0s IsMacroRunning=False drawings=101 (need > 100)
2026-09-21T17:08:48 CloseActiveDrawing (new sheet from SP_M.CU_PG1_11X17.cs)
2026-09-21T17:08:48 drawing-count delta 100 → 101 after 0s
2026-09-21T17:08:48 CloseActiveDrawing (after SP_M.CU_PG1_11X17.cs)
2026-09-21T17:08:48 drawings 100 → 101 after SP_M.CU_PG1_11X17.cs fallbackInsert=no
2026-09-21T17:08:48 smoke rebar placing CU batch 1/1 n=1
2026-09-21T17:08:48 CloseActiveDrawing (before smoke rebar placing CU batch 1)
2026-09-21T17:08:48 Select n=1 ok=True
2026-09-21T17:08:48 CommitChanges after select
2026-09-21T17:08:48 RunMacro SP_M.CU_PG2_11X17.cs (smoke rebar placing CU batch 1, n=1, marks=W10-175, drawingsBefore=101)
2026-09-21T17:08:48 trying SP_M.CU_PG2_11X17.cs
2026-09-21T17:08:55 RunMacro bool=True path=SP_M.CU_PG2_11X17.cs
2026-09-21T17:08:55 started SP_M.CU_PG2_11X17.cs
2026-09-21T17:08:55 wait SP_M.CU_PG2_11X17.cs t=0s IsMacroRunning=False drawings=102 (need > 101)
2026-09-21T17:08:56 CloseActiveDrawing (new sheet from SP_M.CU_PG2_11X17.cs)
2026-09-21T17:08:56 drawing-count delta 101 → 102 after 0s
2026-09-21T17:08:56 CloseActiveDrawing (after SP_M.CU_PG2_11X17.cs)
2026-09-21T17:08:56 drawings 101 → 102 after SP_M.CU_PG2_11X17.cs fallbackInsert=no
2026-09-21T17:08:56 smoke rebar table CU batch 1/1 n=1
2026-09-21T17:08:56 CloseActiveDrawing (before smoke rebar table CU batch 1)
2026-09-21T17:08:56 Select n=1 ok=True
2026-09-21T17:08:56 CommitChanges after select
2026-09-21T17:08:57 RunMacro SP_M.CU_PG3_11X17.cs (smoke rebar table CU batch 1, n=1, marks=W10-175, drawingsBefore=102)
2026-09-21T17:08:57 trying SP_M.CU_PG3_11X17.cs
2026-09-21T17:09:00 RunMacro bool=True path=SP_M.CU_PG3_11X17.cs
2026-09-21T17:09:00 started SP_M.CU_PG3_11X17.cs
2026-09-21T17:09:00 wait SP_M.CU_PG3_11X17.cs t=0s IsMacroRunning=False drawings=103 (need > 102)
2026-09-21T17:09:02 CloseActiveDrawing (new sheet from SP_M.CU_PG3_11X17.cs)
2026-09-21T17:09:02 drawing-count delta 102 → 103 after 0s
2026-09-21T17:09:02 CloseActiveDrawing (after SP_M.CU_PG3_11X17.cs)
2026-09-21T17:09:02 drawings 102 → 103 after SP_M.CU_PG3_11X17.cs fallbackInsert=no
2026-09-21T17:09:02 smoke: skipped beams and floor GA
2026-09-21T17:09:02 session drawings 100 → 103 after smoke macros
2026-09-22T10:47:08 Tekla selection objects=0
2026-09-22T10:47:08 selected assemblies=0 marks=
2026-09-22T11:23:19 CloseActiveDrawing (RunMacros start)
2026-09-22T11:23:19 bundled macros src=C:\Users\ASUS\Desktop\2d_tekla\bin\Debug\net48\LocalMacros dest=D:\design_\Paisley\Paisley_Exam\Paisley_Exam\macros\modeling
2026-09-22T11:23:19 already in model: AutoCompressAndEdit11x17.cs
2026-09-22T11:23:19 already in model: SP_M.ASSEMBLY_standard.cs
2026-09-22T11:23:19 already in model: SP_M.BM_SET_11x17.cs
2026-09-22T11:23:19 already in model: SP_M.CU_PG1_11X17.cs
2026-09-22T11:23:19 already in model: SP_M.CU_PG2_11X17.cs
2026-09-22T11:23:19 already in model: SP_M.CU_PG3_11X17.cs
2026-09-22T11:23:19 already in model: SP_M.GA_EXP_GA_STD.cs
2026-09-22T11:23:19 already in model: SP_M.SINGLE_standard.cs
2026-09-22T11:23:19 === session mode=smoke mark=w10-43 ===
2026-09-22T11:23:19 model=Paisley_Exam.db1 path=D:\design_\Paisley\Paisley_Exam\Paisley_Exam
2026-09-22T11:23:19 macros.log=C:\Users\ASUS\Desktop\2d_tekla\Export\CivilDrawings\new with macros\macros.log
2026-09-22T11:23:19 if AKIT dies inside Tekla, check C:\Users\ASUS\AppData\Local\Trimble\TeklaStructures\2026.0\logs and the Tekla session log
2026-09-22T11:23:19 session drawings before macros=99
2026-09-22T11:23:38 WALL=1 COLUMN=0 BEAM=0 mark=w10-43 (precast only; hollowcore/insulation/formliner skipped)
2026-09-22T11:23:38 smoke hardware CU batch 1/1 n=1
2026-09-22T11:23:38 CloseActiveDrawing (before smoke hardware CU batch 1)
2026-09-22T11:23:39 Select n=1 ok=True
2026-09-22T11:23:39 CommitChanges after select
2026-09-22T11:23:39 RunMacro SP_M.CU_PG1_11X17.cs (smoke hardware CU batch 1, n=1, marks=W10-43, drawingsBefore=99)
2026-09-22T11:23:39 trying SP_M.CU_PG1_11X17.cs
2026-09-22T11:24:00 RunMacro bool=True path=SP_M.CU_PG1_11X17.cs
2026-09-22T11:24:00 started SP_M.CU_PG1_11X17.cs
2026-09-22T11:24:00 wait SP_M.CU_PG1_11X17.cs t=0s IsMacroRunning=False drawings=100 (need > 99)
2026-09-22T11:24:01 CloseActiveDrawing (new sheet from SP_M.CU_PG1_11X17.cs)
2026-09-22T11:24:01 drawing-count delta 99 → 100 after 0s
2026-09-22T11:24:01 CloseActiveDrawing (after SP_M.CU_PG1_11X17.cs)
2026-09-22T11:24:01 drawings 99 → 100 after SP_M.CU_PG1_11X17.cs fallbackInsert=no
2026-09-22T11:24:01 smoke rebar placing CU batch 1/1 n=1
2026-09-22T11:24:01 CloseActiveDrawing (before smoke rebar placing CU batch 1)
2026-09-22T11:24:01 Select n=1 ok=True
2026-09-22T11:24:01 CommitChanges after select
2026-09-22T11:24:02 RunMacro SP_M.CU_PG2_11X17.cs (smoke rebar placing CU batch 1, n=1, marks=W10-43, drawingsBefore=100)
2026-09-22T11:24:02 trying SP_M.CU_PG2_11X17.cs
2026-09-22T11:24:12 RunMacro bool=True path=SP_M.CU_PG2_11X17.cs
2026-09-22T11:24:12 started SP_M.CU_PG2_11X17.cs
2026-09-22T11:24:12 wait SP_M.CU_PG2_11X17.cs t=0s IsMacroRunning=False drawings=101 (need > 100)
2026-09-22T11:24:14 CloseActiveDrawing (new sheet from SP_M.CU_PG2_11X17.cs)
2026-09-22T11:24:14 drawing-count delta 100 → 101 after 0s
2026-09-22T11:24:14 CloseActiveDrawing (after SP_M.CU_PG2_11X17.cs)
2026-09-22T11:24:14 drawings 100 → 101 after SP_M.CU_PG2_11X17.cs fallbackInsert=no
2026-09-22T11:24:14 smoke rebar table CU batch 1/1 n=1
2026-09-22T11:24:14 CloseActiveDrawing (before smoke rebar table CU batch 1)
2026-09-22T11:24:14 Select n=1 ok=True
2026-09-22T11:24:14 CommitChanges after select
2026-09-22T11:24:14 RunMacro SP_M.CU_PG3_11X17.cs (smoke rebar table CU batch 1, n=1, marks=W10-43, drawingsBefore=101)
2026-09-22T11:24:14 trying SP_M.CU_PG3_11X17.cs
2026-09-22T11:24:18 RunMacro bool=True path=SP_M.CU_PG3_11X17.cs
2026-09-22T11:24:18 started SP_M.CU_PG3_11X17.cs
2026-09-22T11:24:18 wait SP_M.CU_PG3_11X17.cs t=0s IsMacroRunning=False drawings=102 (need > 101)
2026-09-22T11:24:19 CloseActiveDrawing (new sheet from SP_M.CU_PG3_11X17.cs)
2026-09-22T11:24:19 drawing-count delta 101 → 102 after 0s
2026-09-22T11:24:19 CloseActiveDrawing (after SP_M.CU_PG3_11X17.cs)
2026-09-22T11:24:19 drawings 101 → 102 after SP_M.CU_PG3_11X17.cs fallbackInsert=no
2026-09-22T11:24:19 smoke: skipped beams and floor GA
2026-09-22T11:24:19 session drawings 99 → 102 after smoke macros
2026-09-22T11:27:21 CloseActiveDrawing (RunMacros start)
2026-09-22T11:27:21 bundled macros src=C:\Users\ASUS\Desktop\2d_tekla\bin\Debug\net48\LocalMacros dest=D:\design_\Paisley\Paisley_Exam\Paisley_Exam\macros\modeling
2026-09-22T11:27:21 already in model: AutoCompressAndEdit11x17.cs
2026-09-22T11:27:21 already in model: SP_M.ASSEMBLY_standard.cs
2026-09-22T11:27:21 already in model: SP_M.BM_SET_11x17.cs
2026-09-22T11:27:21 already in model: SP_M.CU_PG1_11X17.cs
2026-09-22T11:27:21 already in model: SP_M.CU_PG2_11X17.cs
2026-09-22T11:27:21 already in model: SP_M.CU_PG3_11X17.cs
2026-09-22T11:27:21 already in model: SP_M.GA_EXP_GA_STD.cs
2026-09-22T11:27:21 already in model: SP_M.SINGLE_standard.cs
2026-09-22T11:27:21 === session mode=smoke mark=W10-48 ===
2026-09-22T11:27:21 model=Paisley_Exam.db1 path=D:\design_\Paisley\Paisley_Exam\Paisley_Exam
2026-09-22T11:27:21 macros.log=C:\Users\ASUS\Desktop\2d_tekla\Export\CivilDrawings\new with macros\macros.log
2026-09-22T11:27:21 if AKIT dies inside Tekla, check C:\Users\ASUS\AppData\Local\Trimble\TeklaStructures\2026.0\logs and the Tekla session log
2026-09-22T11:27:21 session drawings before macros=102
2026-09-22T11:28:21 WALL=1 COLUMN=0 BEAM=0 mark=W10-48 (precast only; hollowcore/insulation/formliner skipped)
2026-09-22T11:28:21 smoke hardware CU batch 1/1 n=1
2026-09-22T11:28:21 CloseActiveDrawing (before smoke hardware CU batch 1)
2026-09-22T11:28:21 Select n=1 ok=True
2026-09-22T11:28:21 CommitChanges after select
2026-09-22T11:28:22 RunMacro SP_M.CU_PG1_11X17.cs (smoke hardware CU batch 1, n=1, marks=W10-48, drawingsBefore=102)
2026-09-22T11:28:22 trying SP_M.CU_PG1_11X17.cs
2026-09-22T11:28:24 RunMacro bool=True path=SP_M.CU_PG1_11X17.cs
2026-09-22T11:28:24 started SP_M.CU_PG1_11X17.cs
2026-09-22T11:28:24 wait SP_M.CU_PG1_11X17.cs t=0s IsMacroRunning=False drawings=102 (need > 102)
2026-09-22T11:28:39 wait SP_M.CU_PG1_11X17.cs t=15s IsMacroRunning=False drawings=102 (need > 102)
2026-09-22T11:28:43 script ended with no drawing-count increase after 20s idle (SP_M.CU_PG1_11X17.cs)
2026-09-22T11:28:43 timeout waiting for drawing-count increase on SP_M.CU_PG1_11X17.cs after 19s drawings=102
2026-09-22T11:28:43 CloseActiveDrawing (after SP_M.CU_PG1_11X17.cs)
2026-09-22T11:28:43 drawings 102 → 102 after SP_M.CU_PG1_11X17.cs fallbackInsert=no
2026-09-22T11:28:43 FAIL [smoke hardware CU batch 1 0 new sheets] System.InvalidOperationException: RunMacro started but 0 new sheets for SP_M.CU_PG1_11X17.cs (AKIT template likely loaded; CreateCastUnitDrawing did not commit). marks=W10-48
2026-09-22T11:28:43    at System.Environment.GetStackTrace(Exception e, Boolean needFileInfo)
   at System.Environment.get_StackTrace()
   at TeklaExtractor.Services.LocalDrawingMacroRunner.Fail(String context, Exception ex) in C:\Users\ASUS\Desktop\2d_tekla\Services\LocalDrawingMacroRunner.cs:line 809
   at TeklaExtractor.Services.LocalDrawingMacroRunner.RunMacroOnSelection(List`1 parts, String macroFile, String label) in C:\Users\ASUS\Desktop\2d_tekla\Services\LocalDrawingMacroRunner.cs:line 357
   at TeklaExtractor.Services.LocalDrawingMacroRunner.RunMacroInBatches(List`1 parts, String macroFile, String label) in C:\Users\ASUS\Desktop\2d_tekla\Services\LocalDrawingMacroRunner.cs:line 311
   at TeklaExtractor.Services.LocalDrawingMacroRunner.RunMacros(String markFilter, Boolean smoke, Boolean selectedOnly) in C:\Users\ASUS\Desktop\2d_tekla\Services\LocalDrawingMacroRunner.cs:line 92
   at TeklaExtractor.Services.CivilDrawingBatchExtractor.Run() in C:\Users\ASUS\Desktop\2d_tekla\Services\CivilDrawingBatchExtractor.cs:line 114
   at TeklaExtractor.Program.RunCivilDrawings(Model tekla, String baseDir, String[] args) in C:\Users\ASUS\Desktop\2d_tekla\Program.cs:line 265
   at TeklaExtractor.Program.Main(String[] args) in C:\Users\ASUS\Desktop\2d_tekla\Program.cs:line 155
2026-09-22T11:28:44 smoke rebar placing CU batch 1/1 n=1
2026-09-22T11:28:44 CloseActiveDrawing (before smoke rebar placing CU batch 1)
2026-09-22T11:28:44 Select n=1 ok=True
2026-09-22T11:28:44 CommitChanges after select
2026-09-22T11:28:44 RunMacro SP_M.CU_PG2_11X17.cs (smoke rebar placing CU batch 1, n=1, marks=W10-48, drawingsBefore=102)
2026-09-22T11:28:44 trying SP_M.CU_PG2_11X17.cs
2026-09-22T11:29:10 RunMacro bool=True path=SP_M.CU_PG2_11X17.cs
2026-09-22T11:29:10 started SP_M.CU_PG2_11X17.cs
2026-09-22T11:29:10 wait SP_M.CU_PG2_11X17.cs t=0s IsMacroRunning=False drawings=103 (need > 102)
2026-09-22T11:29:12 CloseActiveDrawing (new sheet from SP_M.CU_PG2_11X17.cs)
2026-09-22T11:29:12 drawing-count delta 102 → 103 after 0s
2026-09-22T11:29:12 CloseActiveDrawing (after SP_M.CU_PG2_11X17.cs)
2026-09-22T11:29:12 drawings 102 → 103 after SP_M.CU_PG2_11X17.cs fallbackInsert=no
2026-09-22T11:29:12 smoke rebar table CU batch 1/1 n=1
2026-09-22T11:29:12 CloseActiveDrawing (before smoke rebar table CU batch 1)
2026-09-22T11:29:12 Select n=1 ok=True
2026-09-22T11:29:12 CommitChanges after select
2026-09-22T11:29:12 RunMacro SP_M.CU_PG3_11X17.cs (smoke rebar table CU batch 1, n=1, marks=W10-48, drawingsBefore=103)
2026-09-22T11:29:12 trying SP_M.CU_PG3_11X17.cs
2026-09-22T11:29:15 RunMacro bool=True path=SP_M.CU_PG3_11X17.cs
2026-09-22T11:29:15 started SP_M.CU_PG3_11X17.cs
2026-09-22T11:29:15 wait SP_M.CU_PG3_11X17.cs t=0s IsMacroRunning=False drawings=104 (need > 103)
2026-09-22T11:29:17 CloseActiveDrawing (new sheet from SP_M.CU_PG3_11X17.cs)
2026-09-22T11:29:17 drawing-count delta 103 → 104 after 0s
2026-09-22T11:29:17 CloseActiveDrawing (after SP_M.CU_PG3_11X17.cs)
2026-09-22T11:29:17 drawings 103 → 104 after SP_M.CU_PG3_11X17.cs fallbackInsert=no
2026-09-22T11:29:17 smoke: skipped beams and floor GA
2026-09-22T11:29:17 session drawings 102 → 104 after smoke macros
2026-09-22T11:34:12 CloseActiveDrawing (RunMacros start)
2026-09-22T11:34:12 bundled macros src=C:\Users\ASUS\Desktop\2d_tekla\bin\Debug\net48\LocalMacros dest=D:\design_\Paisley\Paisley_Exam\Paisley_Exam\macros\modeling
2026-09-22T11:34:12 already in model: AutoCompressAndEdit11x17.cs
2026-09-22T11:34:12 already in model: SP_M.ASSEMBLY_standard.cs
2026-09-22T11:34:12 already in model: SP_M.BM_SET_11x17.cs
2026-09-22T11:34:12 already in model: SP_M.CU_PG1_11X17.cs
2026-09-22T11:34:12 already in model: SP_M.CU_PG2_11X17.cs
2026-09-22T11:34:12 already in model: SP_M.CU_PG3_11X17.cs
2026-09-22T11:34:12 already in model: SP_M.GA_EXP_GA_STD.cs
2026-09-22T11:34:12 already in model: SP_M.SINGLE_standard.cs
2026-09-22T11:34:12 === session mode=smoke mark=W10-78 ===
2026-09-22T11:34:12 model=Paisley_Exam.db1 path=D:\design_\Paisley\Paisley_Exam\Paisley_Exam
2026-09-22T11:34:12 macros.log=C:\Users\ASUS\Desktop\2d_tekla\Export\CivilDrawings\new with macros\macros.log
2026-09-22T11:34:12 if AKIT dies inside Tekla, check C:\Users\ASUS\AppData\Local\Trimble\TeklaStructures\2026.0\logs and the Tekla session log
2026-09-22T11:34:12 session drawings before macros=104
2026-09-22T11:35:00 WALL=1 COLUMN=0 BEAM=0 mark=W10-78 (precast only; hollowcore/insulation/formliner skipped)
2026-09-22T11:35:00 smoke hardware CU batch 1/1 n=1
2026-09-22T11:35:00 CloseActiveDrawing (before smoke hardware CU batch 1)
2026-09-22T11:35:01 Select n=1 ok=True
2026-09-22T11:35:01 CommitChanges after select
2026-09-22T11:35:01 RunMacro SP_M.CU_PG1_11X17.cs (smoke hardware CU batch 1, n=1, marks=W10-78, drawingsBefore=104)
2026-09-22T11:35:01 trying SP_M.CU_PG1_11X17.cs
2026-09-22T11:35:09 RunMacro bool=True path=SP_M.CU_PG1_11X17.cs
2026-09-22T11:35:09 started SP_M.CU_PG1_11X17.cs
2026-09-22T11:35:09 wait SP_M.CU_PG1_11X17.cs t=0s IsMacroRunning=False drawings=105 (need > 104)
2026-09-22T11:35:11 CloseActiveDrawing (new sheet from SP_M.CU_PG1_11X17.cs)
2026-09-22T11:35:11 drawing-count delta 104 → 105 after 0s
2026-09-22T11:35:11 CloseActiveDrawing (after SP_M.CU_PG1_11X17.cs)
2026-09-22T11:35:11 drawings 104 → 105 after SP_M.CU_PG1_11X17.cs fallbackInsert=no
2026-09-22T11:35:11 smoke rebar placing CU batch 1/1 n=1
2026-09-22T11:35:11 CloseActiveDrawing (before smoke rebar placing CU batch 1)
2026-09-22T11:35:11 Select n=1 ok=True
2026-09-22T11:35:11 CommitChanges after select
2026-09-22T11:35:11 RunMacro SP_M.CU_PG2_11X17.cs (smoke rebar placing CU batch 1, n=1, marks=W10-78, drawingsBefore=105)
2026-09-22T11:35:11 trying SP_M.CU_PG2_11X17.cs
2026-09-22T11:35:27 RunMacro bool=True path=SP_M.CU_PG2_11X17.cs
2026-09-22T11:35:27 started SP_M.CU_PG2_11X17.cs
2026-09-22T11:35:27 wait SP_M.CU_PG2_11X17.cs t=0s IsMacroRunning=False drawings=106 (need > 105)
2026-09-22T11:35:28 CloseActiveDrawing (new sheet from SP_M.CU_PG2_11X17.cs)
2026-09-22T11:35:28 drawing-count delta 105 → 106 after 0s
2026-09-22T11:35:28 CloseActiveDrawing (after SP_M.CU_PG2_11X17.cs)
2026-09-22T11:35:28 drawings 105 → 106 after SP_M.CU_PG2_11X17.cs fallbackInsert=no
2026-09-22T11:35:28 smoke rebar table CU batch 1/1 n=1
2026-09-22T11:35:28 CloseActiveDrawing (before smoke rebar table CU batch 1)
2026-09-22T11:35:28 Select n=1 ok=True
2026-09-22T11:35:28 CommitChanges after select
2026-09-22T11:35:29 RunMacro SP_M.CU_PG3_11X17.cs (smoke rebar table CU batch 1, n=1, marks=W10-78, drawingsBefore=106)
2026-09-22T11:35:29 trying SP_M.CU_PG3_11X17.cs
2026-09-22T11:35:32 RunMacro bool=True path=SP_M.CU_PG3_11X17.cs
2026-09-22T11:35:32 started SP_M.CU_PG3_11X17.cs
2026-09-22T11:35:32 wait SP_M.CU_PG3_11X17.cs t=0s IsMacroRunning=False drawings=107 (need > 106)
2026-09-22T11:35:33 CloseActiveDrawing (new sheet from SP_M.CU_PG3_11X17.cs)
2026-09-22T11:35:33 drawing-count delta 106 → 107 after 0s
2026-09-22T11:35:33 CloseActiveDrawing (after SP_M.CU_PG3_11X17.cs)
2026-09-22T11:35:33 drawings 106 → 107 after SP_M.CU_PG3_11X17.cs fallbackInsert=no
2026-09-22T11:35:33 smoke: skipped beams and floor GA
2026-09-22T11:35:33 session drawings 104 → 107 after smoke macros
2026-09-22T11:39:05 CloseActiveDrawing (RunMacros start)
2026-09-22T11:39:05 bundled macros src=C:\Users\ASUS\Desktop\2d_tekla\bin\Debug\net48\LocalMacros dest=D:\design_\Paisley\Paisley_Exam\Paisley_Exam\macros\modeling
2026-09-22T11:39:05 already in model: AutoCompressAndEdit11x17.cs
2026-09-22T11:39:05 already in model: SP_M.ASSEMBLY_standard.cs
2026-09-22T11:39:05 already in model: SP_M.BM_SET_11x17.cs
2026-09-22T11:39:05 already in model: SP_M.CU_PG1_11X17.cs
2026-09-22T11:39:05 already in model: SP_M.CU_PG2_11X17.cs
2026-09-22T11:39:05 already in model: SP_M.CU_PG3_11X17.cs
2026-09-22T11:39:05 already in model: SP_M.GA_EXP_GA_STD.cs
2026-09-22T11:39:05 already in model: SP_M.SINGLE_standard.cs
2026-09-22T11:39:05 === session mode=smoke mark=W10-45 ===
2026-09-22T11:39:05 model=Paisley_Exam.db1 path=D:\design_\Paisley\Paisley_Exam\Paisley_Exam
2026-09-22T11:39:05 macros.log=C:\Users\ASUS\Desktop\2d_tekla\Export\CivilDrawings\new with macros\macros.log
2026-09-22T11:39:05 if AKIT dies inside Tekla, check C:\Users\ASUS\AppData\Local\Trimble\TeklaStructures\2026.0\logs and the Tekla session log
2026-09-22T11:39:05 session drawings before macros=107
2026-09-22T11:39:32 WALL=1 COLUMN=0 BEAM=0 mark=W10-45 (precast only; hollowcore/insulation/formliner skipped)
2026-09-22T11:39:33 smoke hardware CU batch 1/1 n=1
2026-09-22T11:39:33 CloseActiveDrawing (before smoke hardware CU batch 1)
2026-09-22T11:39:33 Select n=1 ok=True
2026-09-22T11:39:33 CommitChanges after select
2026-09-22T11:39:33 RunMacro SP_M.CU_PG1_11X17.cs (smoke hardware CU batch 1, n=1, marks=W10-45, drawingsBefore=107)
2026-09-22T11:39:33 trying SP_M.CU_PG1_11X17.cs
2026-09-22T11:39:35 RunMacro bool=True path=SP_M.CU_PG1_11X17.cs
2026-09-22T11:39:35 started SP_M.CU_PG1_11X17.cs
2026-09-22T11:39:36 wait SP_M.CU_PG1_11X17.cs t=0s IsMacroRunning=False drawings=107 (need > 107)
2026-09-22T11:39:51 wait SP_M.CU_PG1_11X17.cs t=15s IsMacroRunning=False drawings=107 (need > 107)
2026-09-22T11:39:55 script ended with no drawing-count increase after 20s idle (SP_M.CU_PG1_11X17.cs)
2026-09-22T11:39:55 timeout waiting for drawing-count increase on SP_M.CU_PG1_11X17.cs after 19s drawings=107
2026-09-22T11:39:55 CloseActiveDrawing (after SP_M.CU_PG1_11X17.cs)
2026-09-22T11:39:55 drawings 107 → 107 after SP_M.CU_PG1_11X17.cs fallbackInsert=no
2026-09-22T11:39:55 FAIL [smoke hardware CU batch 1 0 new sheets] System.InvalidOperationException: RunMacro started but 0 new sheets for SP_M.CU_PG1_11X17.cs (AKIT template likely loaded; CreateCastUnitDrawing did not commit). marks=W10-45
2026-09-22T11:39:55    at System.Environment.GetStackTrace(Exception e, Boolean needFileInfo)
   at System.Environment.get_StackTrace()
   at TeklaExtractor.Services.LocalDrawingMacroRunner.Fail(String context, Exception ex) in C:\Users\ASUS\Desktop\2d_tekla\Services\LocalDrawingMacroRunner.cs:line 809
   at TeklaExtractor.Services.LocalDrawingMacroRunner.RunMacroOnSelection(List`1 parts, String macroFile, String label) in C:\Users\ASUS\Desktop\2d_tekla\Services\LocalDrawingMacroRunner.cs:line 357
   at TeklaExtractor.Services.LocalDrawingMacroRunner.RunMacroInBatches(List`1 parts, String macroFile, String label) in C:\Users\ASUS\Desktop\2d_tekla\Services\LocalDrawingMacroRunner.cs:line 311
   at TeklaExtractor.Services.LocalDrawingMacroRunner.RunMacros(String markFilter, Boolean smoke, Boolean selectedOnly) in C:\Users\ASUS\Desktop\2d_tekla\Services\LocalDrawingMacroRunner.cs:line 92
   at TeklaExtractor.Services.CivilDrawingBatchExtractor.Run() in C:\Users\ASUS\Desktop\2d_tekla\Services\CivilDrawingBatchExtractor.cs:line 114
   at TeklaExtractor.Program.RunCivilDrawings(Model tekla, String baseDir, String[] args) in C:\Users\ASUS\Desktop\2d_tekla\Program.cs:line 265
   at TeklaExtractor.Program.Main(String[] args) in C:\Users\ASUS\Desktop\2d_tekla\Program.cs:line 155
2026-09-22T11:39:55 smoke rebar placing CU batch 1/1 n=1
2026-09-22T11:39:55 CloseActiveDrawing (before smoke rebar placing CU batch 1)
2026-09-22T11:39:55 Select n=1 ok=True
2026-09-22T11:39:55 CommitChanges after select
2026-09-22T11:39:56 RunMacro SP_M.CU_PG2_11X17.cs (smoke rebar placing CU batch 1, n=1, marks=W10-45, drawingsBefore=107)
2026-09-22T11:39:56 trying SP_M.CU_PG2_11X17.cs
2026-09-22T11:40:17 RunMacro bool=True path=SP_M.CU_PG2_11X17.cs
2026-09-22T11:40:17 started SP_M.CU_PG2_11X17.cs
2026-09-22T11:40:17 wait SP_M.CU_PG2_11X17.cs t=0s IsMacroRunning=False drawings=108 (need > 107)
2026-09-22T11:40:19 CloseActiveDrawing (new sheet from SP_M.CU_PG2_11X17.cs)
2026-09-22T11:40:19 drawing-count delta 107 → 108 after 0s
2026-09-22T11:40:19 CloseActiveDrawing (after SP_M.CU_PG2_11X17.cs)
2026-09-22T11:40:19 drawings 107 → 108 after SP_M.CU_PG2_11X17.cs fallbackInsert=no
2026-09-22T11:40:19 smoke rebar table CU batch 1/1 n=1
2026-09-22T11:40:19 CloseActiveDrawing (before smoke rebar table CU batch 1)
2026-09-22T11:40:19 Select n=1 ok=True
2026-09-22T11:40:19 CommitChanges after select
2026-09-22T11:40:19 RunMacro SP_M.CU_PG3_11X17.cs (smoke rebar table CU batch 1, n=1, marks=W10-45, drawingsBefore=108)
2026-09-22T11:40:19 trying SP_M.CU_PG3_11X17.cs
2026-09-22T11:40:23 RunMacro bool=True path=SP_M.CU_PG3_11X17.cs
2026-09-22T11:40:23 started SP_M.CU_PG3_11X17.cs
2026-09-22T11:40:23 wait SP_M.CU_PG3_11X17.cs t=0s IsMacroRunning=False drawings=109 (need > 108)
2026-09-22T11:40:24 CloseActiveDrawing (new sheet from SP_M.CU_PG3_11X17.cs)
2026-09-22T11:40:24 drawing-count delta 108 → 109 after 0s
2026-09-22T11:40:24 CloseActiveDrawing (after SP_M.CU_PG3_11X17.cs)
2026-09-22T11:40:24 drawings 108 → 109 after SP_M.CU_PG3_11X17.cs fallbackInsert=no
2026-09-22T11:40:24 smoke: skipped beams and floor GA
2026-09-22T11:40:24 session drawings 107 → 109 after smoke macros
2026-09-22T11:44:15 CloseActiveDrawing (RunMacros start)
2026-09-22T11:44:15 bundled macros src=C:\Users\ASUS\Desktop\2d_tekla\bin\Debug\net48\LocalMacros dest=D:\design_\Paisley\Paisley_Exam\Paisley_Exam\macros\modeling
2026-09-22T11:44:15 already in model: AutoCompressAndEdit11x17.cs
2026-09-22T11:44:15 already in model: SP_M.ASSEMBLY_standard.cs
2026-09-22T11:44:15 already in model: SP_M.BM_SET_11x17.cs
2026-09-22T11:44:15 already in model: SP_M.CU_PG1_11X17.cs
2026-09-22T11:44:15 already in model: SP_M.CU_PG2_11X17.cs
2026-09-22T11:44:15 already in model: SP_M.CU_PG3_11X17.cs
2026-09-22T11:44:15 already in model: SP_M.GA_EXP_GA_STD.cs
2026-09-22T11:44:15 already in model: SP_M.SINGLE_standard.cs
2026-09-22T11:44:15 === session mode=smoke mark=W10-59 ===
2026-09-22T11:44:15 model=Paisley_Exam.db1 path=D:\design_\Paisley\Paisley_Exam\Paisley_Exam
2026-09-22T11:44:15 macros.log=C:\Users\ASUS\Desktop\2d_tekla\Export\CivilDrawings\new with macros\macros.log
2026-09-22T11:44:15 if AKIT dies inside Tekla, check C:\Users\ASUS\AppData\Local\Trimble\TeklaStructures\2026.0\logs and the Tekla session log
2026-09-22T11:44:15 session drawings before macros=109
2026-09-22T11:45:04 WALL=1 COLUMN=0 BEAM=0 mark=W10-59 (precast only; hollowcore/insulation/formliner skipped)
2026-09-22T11:45:04 smoke hardware CU batch 1/1 n=1
2026-09-22T11:45:04 CloseActiveDrawing (before smoke hardware CU batch 1)
2026-09-22T11:45:04 Select n=1 ok=True
2026-09-22T11:45:04 CommitChanges after select
2026-09-22T11:45:04 RunMacro SP_M.CU_PG1_11X17.cs (smoke hardware CU batch 1, n=1, marks=W10-59, drawingsBefore=109)
2026-09-22T11:45:04 trying SP_M.CU_PG1_11X17.cs
2026-09-22T11:45:07 RunMacro bool=True path=SP_M.CU_PG1_11X17.cs
2026-09-22T11:45:07 started SP_M.CU_PG1_11X17.cs
2026-09-22T11:45:07 wait SP_M.CU_PG1_11X17.cs t=0s IsMacroRunning=False drawings=109 (need > 109)
2026-09-22T11:45:22 wait SP_M.CU_PG1_11X17.cs t=15s IsMacroRunning=False drawings=109 (need > 109)
2026-09-22T11:45:26 script ended with no drawing-count increase after 20s idle (SP_M.CU_PG1_11X17.cs)
2026-09-22T11:45:26 timeout waiting for drawing-count increase on SP_M.CU_PG1_11X17.cs after 19s drawings=109
2026-09-22T11:45:26 CloseActiveDrawing (after SP_M.CU_PG1_11X17.cs)
2026-09-22T11:45:26 drawings 109 → 109 after SP_M.CU_PG1_11X17.cs fallbackInsert=no
2026-09-22T11:45:26 FAIL [smoke hardware CU batch 1 0 new sheets] System.InvalidOperationException: RunMacro started but 0 new sheets for SP_M.CU_PG1_11X17.cs (AKIT template likely loaded; CreateCastUnitDrawing did not commit). marks=W10-59
2026-09-22T11:45:26    at System.Environment.GetStackTrace(Exception e, Boolean needFileInfo)
   at System.Environment.get_StackTrace()
   at TeklaExtractor.Services.LocalDrawingMacroRunner.Fail(String context, Exception ex) in C:\Users\ASUS\Desktop\2d_tekla\Services\LocalDrawingMacroRunner.cs:line 809
   at TeklaExtractor.Services.LocalDrawingMacroRunner.RunMacroOnSelection(List`1 parts, String macroFile, String label) in C:\Users\ASUS\Desktop\2d_tekla\Services\LocalDrawingMacroRunner.cs:line 357
   at TeklaExtractor.Services.LocalDrawingMacroRunner.RunMacroInBatches(List`1 parts, String macroFile, String label) in C:\Users\ASUS\Desktop\2d_tekla\Services\LocalDrawingMacroRunner.cs:line 311
   at TeklaExtractor.Services.LocalDrawingMacroRunner.RunMacros(String markFilter, Boolean smoke, Boolean selectedOnly) in C:\Users\ASUS\Desktop\2d_tekla\Services\LocalDrawingMacroRunner.cs:line 92
   at TeklaExtractor.Services.CivilDrawingBatchExtractor.Run() in C:\Users\ASUS\Desktop\2d_tekla\Services\CivilDrawingBatchExtractor.cs:line 114
   at TeklaExtractor.Program.RunCivilDrawings(Model tekla, String baseDir, String[] args) in C:\Users\ASUS\Desktop\2d_tekla\Program.cs:line 265
   at TeklaExtractor.Program.Main(String[] args) in C:\Users\ASUS\Desktop\2d_tekla\Program.cs:line 155
2026-09-22T11:45:26 smoke rebar placing CU batch 1/1 n=1
2026-09-22T11:45:26 CloseActiveDrawing (before smoke rebar placing CU batch 1)
2026-09-22T11:45:27 Select n=1 ok=True
2026-09-22T11:45:27 CommitChanges after select
2026-09-22T11:45:27 RunMacro SP_M.CU_PG2_11X17.cs (smoke rebar placing CU batch 1, n=1, marks=W10-59, drawingsBefore=109)
2026-09-22T11:45:27 trying SP_M.CU_PG2_11X17.cs
2026-09-22T11:45:48 RunMacro bool=True path=SP_M.CU_PG2_11X17.cs
2026-09-22T11:45:48 started SP_M.CU_PG2_11X17.cs
2026-09-22T11:45:48 wait SP_M.CU_PG2_11X17.cs t=0s IsMacroRunning=False drawings=110 (need > 109)
2026-09-22T11:45:50 CloseActiveDrawing (new sheet from SP_M.CU_PG2_11X17.cs)
2026-09-22T11:45:50 drawing-count delta 109 → 110 after 0s
2026-09-22T11:45:50 CloseActiveDrawing (after SP_M.CU_PG2_11X17.cs)
2026-09-22T11:45:50 drawings 109 → 110 after SP_M.CU_PG2_11X17.cs fallbackInsert=no
2026-09-22T11:45:50 smoke rebar table CU batch 1/1 n=1
2026-09-22T11:45:50 CloseActiveDrawing (before smoke rebar table CU batch 1)
2026-09-22T11:45:50 Select n=1 ok=True
2026-09-22T11:45:50 CommitChanges after select
2026-09-22T11:45:50 RunMacro SP_M.CU_PG3_11X17.cs (smoke rebar table CU batch 1, n=1, marks=W10-59, drawingsBefore=110)
2026-09-22T11:45:50 trying SP_M.CU_PG3_11X17.cs
2026-09-22T11:45:54 RunMacro bool=True path=SP_M.CU_PG3_11X17.cs
2026-09-22T11:45:54 started SP_M.CU_PG3_11X17.cs
2026-09-22T11:45:54 wait SP_M.CU_PG3_11X17.cs t=0s IsMacroRunning=False drawings=111 (need > 110)
2026-09-22T11:45:55 CloseActiveDrawing (new sheet from SP_M.CU_PG3_11X17.cs)
2026-09-22T11:45:55 drawing-count delta 110 → 111 after 0s
2026-09-22T11:45:55 CloseActiveDrawing (after SP_M.CU_PG3_11X17.cs)
2026-09-22T11:45:55 drawings 110 → 111 after SP_M.CU_PG3_11X17.cs fallbackInsert=no
2026-09-22T11:45:55 smoke: skipped beams and floor GA
2026-09-22T11:45:55 session drawings 109 → 111 after smoke macros
2026-09-22T11:49:56 CloseActiveDrawing (RunMacros start)
2026-09-22T11:49:56 bundled macros src=C:\Users\ASUS\Desktop\2d_tekla\bin\Debug\net48\LocalMacros dest=D:\design_\Paisley\Paisley_Exam\Paisley_Exam\macros\modeling
2026-09-22T11:49:56 already in model: AutoCompressAndEdit11x17.cs
2026-09-22T11:49:56 already in model: SP_M.ASSEMBLY_standard.cs
2026-09-22T11:49:56 already in model: SP_M.BM_SET_11x17.cs
2026-09-22T11:49:56 already in model: SP_M.CU_PG1_11X17.cs
2026-09-22T11:49:56 already in model: SP_M.CU_PG2_11X17.cs
2026-09-22T11:49:56 already in model: SP_M.CU_PG3_11X17.cs
2026-09-22T11:49:56 already in model: SP_M.GA_EXP_GA_STD.cs
2026-09-22T11:49:56 already in model: SP_M.SINGLE_standard.cs
2026-09-22T11:49:56 === session mode=smoke mark=W10-71 ===
2026-09-22T11:49:56 model=Paisley_Exam.db1 path=D:\design_\Paisley\Paisley_Exam\Paisley_Exam
2026-09-22T11:49:56 macros.log=C:\Users\ASUS\Desktop\2d_tekla\Export\CivilDrawings\new with macros\macros.log
2026-09-22T11:49:56 if AKIT dies inside Tekla, check C:\Users\ASUS\AppData\Local\Trimble\TeklaStructures\2026.0\logs and the Tekla session log
2026-09-22T11:49:56 session drawings before macros=111
2026-09-22T11:50:31 WALL=1 COLUMN=0 BEAM=0 mark=W10-71 (precast only; hollowcore/insulation/formliner skipped)
2026-09-22T11:50:31 smoke hardware CU batch 1/1 n=1
2026-09-22T11:50:31 CloseActiveDrawing (before smoke hardware CU batch 1)
2026-09-22T11:50:31 Select n=1 ok=True
2026-09-22T11:50:31 CommitChanges after select
2026-09-22T11:50:32 RunMacro SP_M.CU_PG1_11X17.cs (smoke hardware CU batch 1, n=1, marks=W10-71, drawingsBefore=111)
2026-09-22T11:50:32 trying SP_M.CU_PG1_11X17.cs
2026-09-22T11:50:34 RunMacro bool=True path=SP_M.CU_PG1_11X17.cs
2026-09-22T11:50:34 started SP_M.CU_PG1_11X17.cs
2026-09-22T11:50:34 wait SP_M.CU_PG1_11X17.cs t=0s IsMacroRunning=False drawings=111 (need > 111)
2026-09-22T11:50:49 wait SP_M.CU_PG1_11X17.cs t=15s IsMacroRunning=False drawings=111 (need > 111)
2026-09-22T11:50:53 script ended with no drawing-count increase after 20s idle (SP_M.CU_PG1_11X17.cs)
2026-09-22T11:50:53 timeout waiting for drawing-count increase on SP_M.CU_PG1_11X17.cs after 19s drawings=111
2026-09-22T11:50:53 CloseActiveDrawing (after SP_M.CU_PG1_11X17.cs)
2026-09-22T11:50:53 drawings 111 → 111 after SP_M.CU_PG1_11X17.cs fallbackInsert=no
2026-09-22T11:50:53 FAIL [smoke hardware CU batch 1 0 new sheets] System.InvalidOperationException: RunMacro started but 0 new sheets for SP_M.CU_PG1_11X17.cs (AKIT template likely loaded; CreateCastUnitDrawing did not commit). marks=W10-71
2026-09-22T11:50:53    at System.Environment.GetStackTrace(Exception e, Boolean needFileInfo)
   at System.Environment.get_StackTrace()
   at TeklaExtractor.Services.LocalDrawingMacroRunner.Fail(String context, Exception ex) in C:\Users\ASUS\Desktop\2d_tekla\Services\LocalDrawingMacroRunner.cs:line 809
   at TeklaExtractor.Services.LocalDrawingMacroRunner.RunMacroOnSelection(List`1 parts, String macroFile, String label) in C:\Users\ASUS\Desktop\2d_tekla\Services\LocalDrawingMacroRunner.cs:line 357
   at TeklaExtractor.Services.LocalDrawingMacroRunner.RunMacroInBatches(List`1 parts, String macroFile, String label) in C:\Users\ASUS\Desktop\2d_tekla\Services\LocalDrawingMacroRunner.cs:line 311
   at TeklaExtractor.Services.LocalDrawingMacroRunner.RunMacros(String markFilter, Boolean smoke, Boolean selectedOnly) in C:\Users\ASUS\Desktop\2d_tekla\Services\LocalDrawingMacroRunner.cs:line 92
   at TeklaExtractor.Services.CivilDrawingBatchExtractor.Run() in C:\Users\ASUS\Desktop\2d_tekla\Services\CivilDrawingBatchExtractor.cs:line 114
   at TeklaExtractor.Program.RunCivilDrawings(Model tekla, String baseDir, String[] args) in C:\Users\ASUS\Desktop\2d_tekla\Program.cs:line 265
   at TeklaExtractor.Program.Main(String[] args) in C:\Users\ASUS\Desktop\2d_tekla\Program.cs:line 155
2026-09-22T11:50:53 smoke rebar placing CU batch 1/1 n=1
2026-09-22T11:50:53 CloseActiveDrawing (before smoke rebar placing CU batch 1)
2026-09-22T11:50:54 Select n=1 ok=True
2026-09-22T11:50:54 CommitChanges after select
2026-09-22T11:50:54 RunMacro SP_M.CU_PG2_11X17.cs (smoke rebar placing CU batch 1, n=1, marks=W10-71, drawingsBefore=111)
2026-09-22T11:50:54 trying SP_M.CU_PG2_11X17.cs
2026-09-22T11:51:13 RunMacro bool=True path=SP_M.CU_PG2_11X17.cs
2026-09-22T11:51:13 started SP_M.CU_PG2_11X17.cs
2026-09-22T11:51:20 wait SP_M.CU_PG2_11X17.cs t=0s IsMacroRunning=False drawings=112 (need > 111)
2026-09-22T11:51:21 CloseActiveDrawing (new sheet from SP_M.CU_PG2_11X17.cs)
2026-09-22T11:51:21 drawing-count delta 111 → 112 after 0s
2026-09-22T11:51:21 CloseActiveDrawing (after SP_M.CU_PG2_11X17.cs)
2026-09-22T11:51:21 drawings 111 → 112 after SP_M.CU_PG2_11X17.cs fallbackInsert=no
2026-09-22T11:51:21 smoke rebar table CU batch 1/1 n=1
2026-09-22T11:51:21 CloseActiveDrawing (before smoke rebar table CU batch 1)
2026-09-22T11:51:21 Select n=1 ok=True
2026-09-22T11:51:21 CommitChanges after select
2026-09-22T11:51:22 RunMacro SP_M.CU_PG3_11X17.cs (smoke rebar table CU batch 1, n=1, marks=W10-71, drawingsBefore=112)
2026-09-22T11:51:22 trying SP_M.CU_PG3_11X17.cs
2026-09-22T11:51:25 RunMacro bool=True path=SP_M.CU_PG3_11X17.cs
2026-09-22T11:51:25 started SP_M.CU_PG3_11X17.cs
2026-09-22T11:51:25 wait SP_M.CU_PG3_11X17.cs t=0s IsMacroRunning=False drawings=113 (need > 112)
2026-09-22T11:51:27 CloseActiveDrawing (new sheet from SP_M.CU_PG3_11X17.cs)
2026-09-22T11:51:27 drawing-count delta 112 → 113 after 0s
2026-09-22T11:51:27 CloseActiveDrawing (after SP_M.CU_PG3_11X17.cs)
2026-09-22T11:51:27 drawings 112 → 113 after SP_M.CU_PG3_11X17.cs fallbackInsert=no
2026-09-22T11:51:27 smoke: skipped beams and floor GA
2026-09-22T11:51:27 session drawings 111 → 113 after smoke macros
2026-09-22T11:55:38 CloseActiveDrawing (RunMacros start)
2026-09-22T11:55:38 bundled macros src=C:\Users\ASUS\Desktop\2d_tekla\bin\Debug\net48\LocalMacros dest=D:\design_\Paisley\Paisley_Exam\Paisley_Exam\macros\modeling
2026-09-22T11:55:38 already in model: AutoCompressAndEdit11x17.cs
2026-09-22T11:55:38 already in model: SP_M.ASSEMBLY_standard.cs
2026-09-22T11:55:38 already in model: SP_M.BM_SET_11x17.cs
2026-09-22T11:55:38 already in model: SP_M.CU_PG1_11X17.cs
2026-09-22T11:55:38 already in model: SP_M.CU_PG2_11X17.cs
2026-09-22T11:55:38 already in model: SP_M.CU_PG3_11X17.cs
2026-09-22T11:55:38 already in model: SP_M.GA_EXP_GA_STD.cs
2026-09-22T11:55:38 already in model: SP_M.SINGLE_standard.cs
2026-09-22T11:55:38 === session mode=smoke mark=W10-73 ===
2026-09-22T11:55:38 model=Paisley_Exam.db1 path=D:\design_\Paisley\Paisley_Exam\Paisley_Exam
2026-09-22T11:55:38 macros.log=C:\Users\ASUS\Desktop\2d_tekla\Export\CivilDrawings\new with macros\macros.log
2026-09-22T11:55:38 if AKIT dies inside Tekla, check C:\Users\ASUS\AppData\Local\Trimble\TeklaStructures\2026.0\logs and the Tekla session log
2026-09-22T11:55:38 session drawings before macros=113
2026-09-22T11:56:15 WALL=1 COLUMN=0 BEAM=0 mark=W10-73 (precast only; hollowcore/insulation/formliner skipped)
2026-09-22T11:56:15 smoke hardware CU batch 1/1 n=1
2026-09-22T11:56:15 CloseActiveDrawing (before smoke hardware CU batch 1)
2026-09-22T11:56:15 Select n=1 ok=True
2026-09-22T11:56:15 CommitChanges after select
2026-09-22T11:56:16 RunMacro SP_M.CU_PG1_11X17.cs (smoke hardware CU batch 1, n=1, marks=W10-73, drawingsBefore=113)
2026-09-22T11:56:16 trying SP_M.CU_PG1_11X17.cs
2026-09-22T11:56:17 RunMacro bool=True path=SP_M.CU_PG1_11X17.cs
2026-09-22T11:56:17 started SP_M.CU_PG1_11X17.cs
2026-09-22T11:56:17 wait SP_M.CU_PG1_11X17.cs t=0s IsMacroRunning=False drawings=113 (need > 113)
2026-09-22T11:56:32 wait SP_M.CU_PG1_11X17.cs t=15s IsMacroRunning=False drawings=113 (need > 113)
2026-09-22T11:56:37 script ended with no drawing-count increase after 20s idle (SP_M.CU_PG1_11X17.cs)
2026-09-22T11:56:37 timeout waiting for drawing-count increase on SP_M.CU_PG1_11X17.cs after 19s drawings=113
2026-09-22T11:56:37 CloseActiveDrawing (after SP_M.CU_PG1_11X17.cs)
2026-09-22T11:56:37 drawings 113 → 113 after SP_M.CU_PG1_11X17.cs fallbackInsert=no
2026-09-22T11:56:37 FAIL [smoke hardware CU batch 1 0 new sheets] System.InvalidOperationException: RunMacro started but 0 new sheets for SP_M.CU_PG1_11X17.cs (AKIT template likely loaded; CreateCastUnitDrawing did not commit). marks=W10-73
2026-09-22T11:56:37    at System.Environment.GetStackTrace(Exception e, Boolean needFileInfo)
   at System.Environment.get_StackTrace()
   at TeklaExtractor.Services.LocalDrawingMacroRunner.Fail(String context, Exception ex) in C:\Users\ASUS\Desktop\2d_tekla\Services\LocalDrawingMacroRunner.cs:line 809
   at TeklaExtractor.Services.LocalDrawingMacroRunner.RunMacroOnSelection(List`1 parts, String macroFile, String label) in C:\Users\ASUS\Desktop\2d_tekla\Services\LocalDrawingMacroRunner.cs:line 357
   at TeklaExtractor.Services.LocalDrawingMacroRunner.RunMacroInBatches(List`1 parts, String macroFile, String label) in C:\Users\ASUS\Desktop\2d_tekla\Services\LocalDrawingMacroRunner.cs:line 311
   at TeklaExtractor.Services.LocalDrawingMacroRunner.RunMacros(String markFilter, Boolean smoke, Boolean selectedOnly) in C:\Users\ASUS\Desktop\2d_tekla\Services\LocalDrawingMacroRunner.cs:line 92
   at TeklaExtractor.Services.CivilDrawingBatchExtractor.Run() in C:\Users\ASUS\Desktop\2d_tekla\Services\CivilDrawingBatchExtractor.cs:line 114
   at TeklaExtractor.Program.RunCivilDrawings(Model tekla, String baseDir, String[] args) in C:\Users\ASUS\Desktop\2d_tekla\Program.cs:line 265
   at TeklaExtractor.Program.Main(String[] args) in C:\Users\ASUS\Desktop\2d_tekla\Program.cs:line 155
2026-09-22T11:56:37 smoke rebar placing CU batch 1/1 n=1
2026-09-22T11:56:37 CloseActiveDrawing (before smoke rebar placing CU batch 1)
2026-09-22T11:56:37 Select n=1 ok=True
2026-09-22T11:56:37 CommitChanges after select
2026-09-22T11:56:38 RunMacro SP_M.CU_PG2_11X17.cs (smoke rebar placing CU batch 1, n=1, marks=W10-73, drawingsBefore=113)
2026-09-22T11:56:38 trying SP_M.CU_PG2_11X17.cs
2026-09-22T11:56:45 RunMacro bool=True path=SP_M.CU_PG2_11X17.cs
2026-09-22T11:56:45 started SP_M.CU_PG2_11X17.cs
2026-09-22T11:56:45 wait SP_M.CU_PG2_11X17.cs t=0s IsMacroRunning=False drawings=114 (need > 113)
2026-09-22T11:56:46 CloseActiveDrawing (new sheet from SP_M.CU_PG2_11X17.cs)
2026-09-22T11:56:46 drawing-count delta 113 → 114 after 0s
2026-09-22T11:56:46 CloseActiveDrawing (after SP_M.CU_PG2_11X17.cs)
2026-09-22T11:56:46 drawings 113 → 114 after SP_M.CU_PG2_11X17.cs fallbackInsert=no
2026-09-22T11:56:46 smoke rebar table CU batch 1/1 n=1
2026-09-22T11:56:46 CloseActiveDrawing (before smoke rebar table CU batch 1)
2026-09-22T11:56:46 Select n=1 ok=True
2026-09-22T11:56:46 CommitChanges after select
2026-09-22T11:56:47 RunMacro SP_M.CU_PG3_11X17.cs (smoke rebar table CU batch 1, n=1, marks=W10-73, drawingsBefore=114)
2026-09-22T11:56:47 trying SP_M.CU_PG3_11X17.cs
2026-09-22T11:56:50 RunMacro bool=True path=SP_M.CU_PG3_11X17.cs
2026-09-22T11:56:50 started SP_M.CU_PG3_11X17.cs
2026-09-22T11:56:50 wait SP_M.CU_PG3_11X17.cs t=0s IsMacroRunning=False drawings=115 (need > 114)
2026-09-22T11:56:51 CloseActiveDrawing (new sheet from SP_M.CU_PG3_11X17.cs)
2026-09-22T11:56:51 drawing-count delta 114 → 115 after 0s
2026-09-22T11:56:51 CloseActiveDrawing (after SP_M.CU_PG3_11X17.cs)
2026-09-22T11:56:51 drawings 114 → 115 after SP_M.CU_PG3_11X17.cs fallbackInsert=no
2026-09-22T11:56:51 smoke: skipped beams and floor GA
2026-09-22T11:56:51 session drawings 113 → 115 after smoke macros
2026-09-22T12:03:12 CloseActiveDrawing (RunMacros start)
2026-09-22T12:03:12 bundled macros src=C:\Users\ASUS\Desktop\2d_tekla\bin\Debug\net48\LocalMacros dest=D:\design_\Paisley\Paisley_Exam\Paisley_Exam\macros\modeling
2026-09-22T12:03:12 already in model: AutoCompressAndEdit11x17.cs
2026-09-22T12:03:12 already in model: SP_M.ASSEMBLY_standard.cs
2026-09-22T12:03:12 already in model: SP_M.BM_SET_11x17.cs
2026-09-22T12:03:12 already in model: SP_M.CU_PG1_11X17.cs
2026-09-22T12:03:12 already in model: SP_M.CU_PG2_11X17.cs
2026-09-22T12:03:12 already in model: SP_M.CU_PG3_11X17.cs
2026-09-22T12:03:12 already in model: SP_M.GA_EXP_GA_STD.cs
2026-09-22T12:03:12 already in model: SP_M.SINGLE_standard.cs
2026-09-22T12:03:12 === session mode=smoke mark=W10-175 ===
2026-09-22T12:03:12 model=Paisley_Exam.db1 path=D:\design_\Paisley\Paisley_Exam\Paisley_Exam
2026-09-22T12:03:12 macros.log=C:\Users\ASUS\Desktop\2d_tekla\Export\CivilDrawings\new with macros\macros.log
2026-09-22T12:03:12 if AKIT dies inside Tekla, check C:\Users\ASUS\AppData\Local\Trimble\TeklaStructures\2026.0\logs and the Tekla session log
2026-09-22T12:03:12 session drawings before macros=0
2026-09-22T12:03:29 WALL=1 COLUMN=0 BEAM=0 mark=W10-175 (precast only; hollowcore/insulation/formliner skipped)
2026-09-22T12:03:29 smoke hardware CU batch 1/1 n=1
2026-09-22T12:03:29 CloseActiveDrawing (before smoke hardware CU batch 1)
2026-09-22T12:03:30 Select n=1 ok=True
2026-09-22T12:03:30 CommitChanges after select
2026-09-22T12:03:30 RunMacro SP_M.CU_PG1_11X17.cs (smoke hardware CU batch 1, n=1, marks=W10-175, drawingsBefore=0)
2026-09-22T12:03:30 trying SP_M.CU_PG1_11X17.cs
2026-09-22T12:03:55 RunMacro bool=True path=SP_M.CU_PG1_11X17.cs
2026-09-22T12:03:55 started SP_M.CU_PG1_11X17.cs
2026-09-22T12:03:55 wait SP_M.CU_PG1_11X17.cs t=0s IsMacroRunning=False drawings=1 (need > 0)
2026-09-22T12:03:56 CloseActiveDrawing (new sheet from SP_M.CU_PG1_11X17.cs)
2026-09-22T12:03:56 drawing-count delta 0 → 1 after 0s
2026-09-22T12:03:56 CloseActiveDrawing (after SP_M.CU_PG1_11X17.cs)
2026-09-22T12:03:56 drawings 0 → 1 after SP_M.CU_PG1_11X17.cs fallbackInsert=no
2026-09-22T12:03:56 smoke rebar placing CU batch 1/1 n=1
2026-09-22T12:03:56 CloseActiveDrawing (before smoke rebar placing CU batch 1)
2026-09-22T12:03:56 Select n=1 ok=True
2026-09-22T12:03:56 CommitChanges after select
2026-09-22T12:03:57 RunMacro SP_M.CU_PG2_11X17.cs (smoke rebar placing CU batch 1, n=1, marks=W10-175, drawingsBefore=1)
2026-09-22T12:03:57 trying SP_M.CU_PG2_11X17.cs
2026-09-22T12:04:04 RunMacro bool=True path=SP_M.CU_PG2_11X17.cs
2026-09-22T12:04:04 started SP_M.CU_PG2_11X17.cs
2026-09-22T12:04:04 wait SP_M.CU_PG2_11X17.cs t=0s IsMacroRunning=False drawings=2 (need > 1)
2026-09-22T12:04:05 CloseActiveDrawing (new sheet from SP_M.CU_PG2_11X17.cs)
2026-09-22T12:04:05 drawing-count delta 1 → 2 after 0s
2026-09-22T12:04:05 CloseActiveDrawing (after SP_M.CU_PG2_11X17.cs)
2026-09-22T12:04:05 drawings 1 → 2 after SP_M.CU_PG2_11X17.cs fallbackInsert=no
2026-09-22T12:04:05 smoke rebar table CU batch 1/1 n=1
2026-09-22T12:04:05 CloseActiveDrawing (before smoke rebar table CU batch 1)
2026-09-22T12:04:05 Select n=1 ok=True
2026-09-22T12:04:05 CommitChanges after select
2026-09-22T12:04:06 RunMacro SP_M.CU_PG3_11X17.cs (smoke rebar table CU batch 1, n=1, marks=W10-175, drawingsBefore=2)
2026-09-22T12:04:06 trying SP_M.CU_PG3_11X17.cs
2026-09-22T12:04:07 RunMacro bool=True path=SP_M.CU_PG3_11X17.cs
2026-09-22T12:04:07 started SP_M.CU_PG3_11X17.cs
2026-09-22T12:04:07 wait SP_M.CU_PG3_11X17.cs t=0s IsMacroRunning=False drawings=3 (need > 2)
2026-09-22T12:04:08 CloseActiveDrawing (new sheet from SP_M.CU_PG3_11X17.cs)
2026-09-22T12:04:08 drawing-count delta 2 → 3 after 0s
2026-09-22T12:04:08 CloseActiveDrawing (after SP_M.CU_PG3_11X17.cs)
2026-09-22T12:04:08 drawings 2 → 3 after SP_M.CU_PG3_11X17.cs fallbackInsert=no
2026-09-22T12:04:08 smoke: skipped beams and floor GA
2026-09-22T12:04:08 session drawings 0 → 3 after smoke macros
2026-09-22T12:06:19 CloseActiveDrawing (RunMacros start)
2026-09-22T12:06:19 bundled macros src=C:\Users\ASUS\Desktop\2d_tekla\bin\Debug\net48\LocalMacros dest=D:\design_\Paisley\Paisley_Exam\Paisley_Exam\macros\modeling
2026-09-22T12:06:19 already in model: AutoCompressAndEdit11x17.cs
2026-09-22T12:06:19 already in model: SP_M.ASSEMBLY_standard.cs
2026-09-22T12:06:19 already in model: SP_M.BM_SET_11x17.cs
2026-09-22T12:06:19 already in model: SP_M.CU_PG1_11X17.cs
2026-09-22T12:06:19 already in model: SP_M.CU_PG2_11X17.cs
2026-09-22T12:06:19 already in model: SP_M.CU_PG3_11X17.cs
2026-09-22T12:06:19 already in model: SP_M.GA_EXP_GA_STD.cs
2026-09-22T12:06:19 already in model: SP_M.SINGLE_standard.cs
2026-09-22T12:06:19 === session mode=smoke mark=W10-67 ===
2026-09-22T12:06:19 model=Paisley_Exam.db1 path=D:\design_\Paisley\Paisley_Exam\Paisley_Exam
2026-09-22T12:06:19 macros.log=C:\Users\ASUS\Desktop\2d_tekla\Export\CivilDrawings\new with macros\macros.log
2026-09-22T12:06:19 if AKIT dies inside Tekla, check C:\Users\ASUS\AppData\Local\Trimble\TeklaStructures\2026.0\logs and the Tekla session log
2026-09-22T12:06:19 session drawings before macros=3
2026-09-22T12:06:38 WALL=1 COLUMN=0 BEAM=0 mark=W10-67 (precast only; hollowcore/insulation/formliner skipped)
2026-09-22T12:06:38 smoke hardware CU batch 1/1 n=1
2026-09-22T12:06:38 CloseActiveDrawing (before smoke hardware CU batch 1)
2026-09-22T12:06:39 Select n=1 ok=True
2026-09-22T12:06:39 CommitChanges after select
2026-09-22T12:06:39 RunMacro SP_M.CU_PG1_11X17.cs (smoke hardware CU batch 1, n=1, marks=W10-67, drawingsBefore=3)
2026-09-22T12:06:39 trying SP_M.CU_PG1_11X17.cs
2026-09-22T12:06:50 RunMacro bool=True path=SP_M.CU_PG1_11X17.cs
2026-09-22T12:06:50 started SP_M.CU_PG1_11X17.cs
2026-09-22T12:06:51 wait SP_M.CU_PG1_11X17.cs t=0s IsMacroRunning=False drawings=4 (need > 3)
2026-09-22T12:06:52 CloseActiveDrawing (new sheet from SP_M.CU_PG1_11X17.cs)
2026-09-22T12:06:52 drawing-count delta 3 → 4 after 0s
2026-09-22T12:06:52 CloseActiveDrawing (after SP_M.CU_PG1_11X17.cs)
2026-09-22T12:06:52 drawings 3 → 4 after SP_M.CU_PG1_11X17.cs fallbackInsert=no
2026-09-22T12:06:52 smoke rebar placing CU batch 1/1 n=1
2026-09-22T12:06:52 CloseActiveDrawing (before smoke rebar placing CU batch 1)
2026-09-22T12:06:52 Select n=1 ok=True
2026-09-22T12:06:52 CommitChanges after select
2026-09-22T12:06:53 RunMacro SP_M.CU_PG2_11X17.cs (smoke rebar placing CU batch 1, n=1, marks=W10-67, drawingsBefore=4)
2026-09-22T12:06:53 trying SP_M.CU_PG2_11X17.cs
2026-09-22T12:07:12 RunMacro bool=True path=SP_M.CU_PG2_11X17.cs
2026-09-22T12:07:12 started SP_M.CU_PG2_11X17.cs
2026-09-22T12:07:12 wait SP_M.CU_PG2_11X17.cs t=0s IsMacroRunning=False drawings=5 (need > 4)
2026-09-22T12:07:14 CloseActiveDrawing (new sheet from SP_M.CU_PG2_11X17.cs)
2026-09-22T12:07:14 drawing-count delta 4 → 5 after 0s
2026-09-22T12:07:14 CloseActiveDrawing (after SP_M.CU_PG2_11X17.cs)
2026-09-22T12:07:14 drawings 4 → 5 after SP_M.CU_PG2_11X17.cs fallbackInsert=no
2026-09-22T12:07:14 smoke rebar table CU batch 1/1 n=1
2026-09-22T12:07:14 CloseActiveDrawing (before smoke rebar table CU batch 1)
2026-09-22T12:07:14 Select n=1 ok=True
2026-09-22T12:07:14 CommitChanges after select
2026-09-22T12:07:15 RunMacro SP_M.CU_PG3_11X17.cs (smoke rebar table CU batch 1, n=1, marks=W10-67, drawingsBefore=5)
2026-09-22T12:07:15 trying SP_M.CU_PG3_11X17.cs
2026-09-22T12:07:18 RunMacro bool=True path=SP_M.CU_PG3_11X17.cs
2026-09-22T12:07:18 started SP_M.CU_PG3_11X17.cs
2026-09-22T12:07:18 wait SP_M.CU_PG3_11X17.cs t=0s IsMacroRunning=False drawings=6 (need > 5)
2026-09-22T12:07:19 CloseActiveDrawing (new sheet from SP_M.CU_PG3_11X17.cs)
2026-09-22T12:07:19 drawing-count delta 5 → 6 after 0s
2026-09-22T12:07:19 CloseActiveDrawing (after SP_M.CU_PG3_11X17.cs)
2026-09-22T12:07:20 drawings 5 → 6 after SP_M.CU_PG3_11X17.cs fallbackInsert=no
2026-09-22T12:07:20 smoke: skipped beams and floor GA
2026-09-22T12:07:20 session drawings 3 → 6 after smoke macros
2026-09-22T12:11:00 CloseActiveDrawing (RunMacros start)
2026-09-22T12:11:00 bundled macros src=C:\Users\ASUS\Desktop\2d_tekla\bin\Debug\net48\LocalMacros dest=D:\design_\Paisley\Paisley_Exam\Paisley_Exam\macros\modeling
2026-09-22T12:11:00 already in model: AutoCompressAndEdit11x17.cs
2026-09-22T12:11:00 already in model: SP_M.ASSEMBLY_standard.cs
2026-09-22T12:11:00 already in model: SP_M.BM_SET_11x17.cs
2026-09-22T12:11:00 already in model: SP_M.CU_PG1_11X17.cs
2026-09-22T12:11:00 already in model: SP_M.CU_PG2_11X17.cs
2026-09-22T12:11:00 already in model: SP_M.CU_PG3_11X17.cs
2026-09-22T12:11:00 already in model: SP_M.GA_EXP_GA_STD.cs
2026-09-22T12:11:00 already in model: SP_M.SINGLE_standard.cs
2026-09-22T12:11:00 === session mode=smoke mark=W10-43 ===
2026-09-22T12:11:00 model=Paisley_Exam.db1 path=D:\design_\Paisley\Paisley_Exam\Paisley_Exam
2026-09-22T12:11:00 macros.log=C:\Users\ASUS\Desktop\2d_tekla\Export\CivilDrawings\new with macros\macros.log
2026-09-22T12:11:00 if AKIT dies inside Tekla, check C:\Users\ASUS\AppData\Local\Trimble\TeklaStructures\2026.0\logs and the Tekla session log
2026-09-22T12:11:00 session drawings before macros=6
2026-09-22T12:11:21 WALL=1 COLUMN=0 BEAM=0 mark=W10-43 (precast only; hollowcore/insulation/formliner skipped)
2026-09-22T12:11:21 smoke hardware CU batch 1/1 n=1
2026-09-22T12:11:21 CloseActiveDrawing (before smoke hardware CU batch 1)
2026-09-22T12:11:21 Select n=1 ok=True
2026-09-22T12:11:21 CommitChanges after select
2026-09-22T12:11:21 RunMacro SP_M.CU_PG1_11X17.cs (smoke hardware CU batch 1, n=1, marks=W10-43, drawingsBefore=6)
2026-09-22T12:11:21 trying SP_M.CU_PG1_11X17.cs
2026-09-22T12:11:29 RunMacro bool=True path=SP_M.CU_PG1_11X17.cs
2026-09-22T12:11:29 started SP_M.CU_PG1_11X17.cs
2026-09-22T12:11:30 wait SP_M.CU_PG1_11X17.cs t=0s IsMacroRunning=False drawings=7 (need > 6)
2026-09-22T12:11:31 CloseActiveDrawing (new sheet from SP_M.CU_PG1_11X17.cs)
2026-09-22T12:11:31 drawing-count delta 6 → 7 after 0s
2026-09-22T12:11:31 CloseActiveDrawing (after SP_M.CU_PG1_11X17.cs)
2026-09-22T12:11:31 drawings 6 → 7 after SP_M.CU_PG1_11X17.cs fallbackInsert=no
2026-09-22T12:11:31 smoke rebar placing CU batch 1/1 n=1
2026-09-22T12:11:31 CloseActiveDrawing (before smoke rebar placing CU batch 1)
2026-09-22T12:11:31 Select n=1 ok=True
2026-09-22T12:11:31 CommitChanges after select
2026-09-22T12:11:32 RunMacro SP_M.CU_PG2_11X17.cs (smoke rebar placing CU batch 1, n=1, marks=W10-43, drawingsBefore=7)
2026-09-22T12:11:32 trying SP_M.CU_PG2_11X17.cs
2026-09-22T12:11:41 RunMacro bool=True path=SP_M.CU_PG2_11X17.cs
2026-09-22T12:11:41 started SP_M.CU_PG2_11X17.cs
2026-09-22T12:11:41 wait SP_M.CU_PG2_11X17.cs t=0s IsMacroRunning=False drawings=8 (need > 7)
2026-09-22T12:11:43 CloseActiveDrawing (new sheet from SP_M.CU_PG2_11X17.cs)
2026-09-22T12:11:43 drawing-count delta 7 → 8 after 0s
2026-09-22T12:11:43 CloseActiveDrawing (after SP_M.CU_PG2_11X17.cs)
2026-09-22T12:11:43 drawings 7 → 8 after SP_M.CU_PG2_11X17.cs fallbackInsert=no
2026-09-22T12:11:43 smoke rebar table CU batch 1/1 n=1
2026-09-22T12:11:43 CloseActiveDrawing (before smoke rebar table CU batch 1)
2026-09-22T12:11:43 Select n=1 ok=True
2026-09-22T12:11:43 CommitChanges after select
2026-09-22T12:11:43 RunMacro SP_M.CU_PG3_11X17.cs (smoke rebar table CU batch 1, n=1, marks=W10-43, drawingsBefore=8)
2026-09-22T12:11:43 trying SP_M.CU_PG3_11X17.cs
2026-09-22T12:11:47 RunMacro bool=True path=SP_M.CU_PG3_11X17.cs
2026-09-22T12:11:47 started SP_M.CU_PG3_11X17.cs
2026-09-22T12:11:47 wait SP_M.CU_PG3_11X17.cs t=0s IsMacroRunning=False drawings=9 (need > 8)
2026-09-22T12:11:48 CloseActiveDrawing (new sheet from SP_M.CU_PG3_11X17.cs)
2026-09-22T12:11:48 drawing-count delta 8 → 9 after 0s
2026-09-22T12:11:48 CloseActiveDrawing (after SP_M.CU_PG3_11X17.cs)
2026-09-22T12:11:48 drawings 8 → 9 after SP_M.CU_PG3_11X17.cs fallbackInsert=no
2026-09-22T12:11:48 smoke: skipped beams and floor GA
2026-09-22T12:11:48 session drawings 6 → 9 after smoke macros
2026-09-22T12:14:06 CloseActiveDrawing (RunMacros start)
2026-09-22T12:14:06 bundled macros src=C:\Users\ASUS\Desktop\2d_tekla\bin\Debug\net48\LocalMacros dest=D:\design_\Paisley\Paisley_Exam\Paisley_Exam\macros\modeling
2026-09-22T12:14:06 already in model: AutoCompressAndEdit11x17.cs
2026-09-22T12:14:06 already in model: SP_M.ASSEMBLY_standard.cs
2026-09-22T12:14:06 already in model: SP_M.BM_SET_11x17.cs
2026-09-22T12:14:06 already in model: SP_M.CU_PG1_11X17.cs
2026-09-22T12:14:06 already in model: SP_M.CU_PG2_11X17.cs
2026-09-22T12:14:06 already in model: SP_M.CU_PG3_11X17.cs
2026-09-22T12:14:06 already in model: SP_M.GA_EXP_GA_STD.cs
2026-09-22T12:14:06 already in model: SP_M.SINGLE_standard.cs
2026-09-22T12:14:06 === session mode=smoke mark=W10-48 ===
2026-09-22T12:14:06 model=Paisley_Exam.db1 path=D:\design_\Paisley\Paisley_Exam\Paisley_Exam
2026-09-22T12:14:06 macros.log=C:\Users\ASUS\Desktop\2d_tekla\Export\CivilDrawings\new with macros\macros.log
2026-09-22T12:14:06 if AKIT dies inside Tekla, check C:\Users\ASUS\AppData\Local\Trimble\TeklaStructures\2026.0\logs and the Tekla session log
2026-09-22T12:14:06 session drawings before macros=9
2026-09-22T12:14:25 WALL=1 COLUMN=0 BEAM=0 mark=W10-48 (precast only; hollowcore/insulation/formliner skipped)
2026-09-22T12:14:25 smoke hardware CU batch 1/1 n=1
2026-09-22T12:14:25 CloseActiveDrawing (before smoke hardware CU batch 1)
2026-09-22T12:14:25 Select n=1 ok=True
2026-09-22T12:14:25 CommitChanges after select
2026-09-22T12:14:25 RunMacro SP_M.CU_PG1_11X17.cs (smoke hardware CU batch 1, n=1, marks=W10-48, drawingsBefore=9)
2026-09-22T12:14:25 trying SP_M.CU_PG1_11X17.cs
2026-09-22T12:14:37 RunMacro bool=True path=SP_M.CU_PG1_11X17.cs
2026-09-22T12:14:37 started SP_M.CU_PG1_11X17.cs
2026-09-22T12:14:37 wait SP_M.CU_PG1_11X17.cs t=0s IsMacroRunning=False drawings=10 (need > 9)
2026-09-22T12:14:38 CloseActiveDrawing (new sheet from SP_M.CU_PG1_11X17.cs)
2026-09-22T12:14:38 drawing-count delta 9 → 10 after 0s
2026-09-22T12:14:38 CloseActiveDrawing (after SP_M.CU_PG1_11X17.cs)
2026-09-22T12:14:38 drawings 9 → 10 after SP_M.CU_PG1_11X17.cs fallbackInsert=no
2026-09-22T12:14:38 smoke rebar placing CU batch 1/1 n=1
2026-09-22T12:14:38 CloseActiveDrawing (before smoke rebar placing CU batch 1)
2026-09-22T12:14:39 Select n=1 ok=True
2026-09-22T12:14:39 CommitChanges after select
2026-09-22T12:14:39 RunMacro SP_M.CU_PG2_11X17.cs (smoke rebar placing CU batch 1, n=1, marks=W10-48, drawingsBefore=10)
2026-09-22T12:14:39 trying SP_M.CU_PG2_11X17.cs
2026-09-22T12:15:00 RunMacro bool=True path=SP_M.CU_PG2_11X17.cs
2026-09-22T12:15:00 started SP_M.CU_PG2_11X17.cs
2026-09-22T12:15:01 wait SP_M.CU_PG2_11X17.cs t=0s IsMacroRunning=False drawings=11 (need > 10)
2026-09-22T12:15:02 CloseActiveDrawing (new sheet from SP_M.CU_PG2_11X17.cs)
2026-09-22T12:15:02 drawing-count delta 10 → 11 after 0s
2026-09-22T12:15:02 CloseActiveDrawing (after SP_M.CU_PG2_11X17.cs)
2026-09-22T12:15:02 drawings 10 → 11 after SP_M.CU_PG2_11X17.cs fallbackInsert=no
2026-09-22T12:15:02 smoke rebar table CU batch 1/1 n=1
2026-09-22T12:15:02 CloseActiveDrawing (before smoke rebar table CU batch 1)
2026-09-22T12:15:02 Select n=1 ok=True
2026-09-22T12:15:02 CommitChanges after select
2026-09-22T12:15:03 RunMacro SP_M.CU_PG3_11X17.cs (smoke rebar table CU batch 1, n=1, marks=W10-48, drawingsBefore=11)
2026-09-22T12:15:03 trying SP_M.CU_PG3_11X17.cs
2026-09-22T12:15:06 RunMacro bool=True path=SP_M.CU_PG3_11X17.cs
2026-09-22T12:15:06 started SP_M.CU_PG3_11X17.cs
2026-09-22T12:15:06 wait SP_M.CU_PG3_11X17.cs t=0s IsMacroRunning=False drawings=12 (need > 11)
2026-09-22T12:15:08 CloseActiveDrawing (new sheet from SP_M.CU_PG3_11X17.cs)
2026-09-22T12:15:08 drawing-count delta 11 → 12 after 0s
2026-09-22T12:15:08 CloseActiveDrawing (after SP_M.CU_PG3_11X17.cs)
2026-09-22T12:15:08 drawings 11 → 12 after SP_M.CU_PG3_11X17.cs fallbackInsert=no
2026-09-22T12:15:08 smoke: skipped beams and floor GA
2026-09-22T12:15:08 session drawings 9 → 12 after smoke macros
2026-09-22T12:17:37 CloseActiveDrawing (RunMacros start)
2026-09-22T12:17:37 bundled macros src=C:\Users\ASUS\Desktop\2d_tekla\bin\Debug\net48\LocalMacros dest=D:\design_\Paisley\Paisley_Exam\Paisley_Exam\macros\modeling
2026-09-22T12:17:37 already in model: AutoCompressAndEdit11x17.cs
2026-09-22T12:17:37 already in model: SP_M.ASSEMBLY_standard.cs
2026-09-22T12:17:37 already in model: SP_M.BM_SET_11x17.cs
2026-09-22T12:17:37 already in model: SP_M.CU_PG1_11X17.cs
2026-09-22T12:17:37 already in model: SP_M.CU_PG2_11X17.cs
2026-09-22T12:17:37 already in model: SP_M.CU_PG3_11X17.cs
2026-09-22T12:17:37 already in model: SP_M.GA_EXP_GA_STD.cs
2026-09-22T12:17:37 already in model: SP_M.SINGLE_standard.cs
2026-09-22T12:17:37 === session mode=smoke mark=W10-78 ===
2026-09-22T12:17:37 model=Paisley_Exam.db1 path=D:\design_\Paisley\Paisley_Exam\Paisley_Exam
2026-09-22T12:17:37 macros.log=C:\Users\ASUS\Desktop\2d_tekla\Export\CivilDrawings\new with macros\macros.log
2026-09-22T12:17:37 if AKIT dies inside Tekla, check C:\Users\ASUS\AppData\Local\Trimble\TeklaStructures\2026.0\logs and the Tekla session log
2026-09-22T12:17:37 session drawings before macros=12
2026-09-22T12:17:54 WALL=1 COLUMN=0 BEAM=0 mark=W10-78 (precast only; hollowcore/insulation/formliner skipped)
2026-09-22T12:17:54 smoke hardware CU batch 1/1 n=1
2026-09-22T12:17:54 CloseActiveDrawing (before smoke hardware CU batch 1)
2026-09-22T12:17:54 Select n=1 ok=True
2026-09-22T12:17:54 CommitChanges after select
2026-09-22T12:17:54 RunMacro SP_M.CU_PG1_11X17.cs (smoke hardware CU batch 1, n=1, marks=W10-78, drawingsBefore=12)
2026-09-22T12:17:54 trying SP_M.CU_PG1_11X17.cs
2026-09-22T12:18:03 RunMacro bool=True path=SP_M.CU_PG1_11X17.cs
2026-09-22T12:18:03 started SP_M.CU_PG1_11X17.cs
2026-09-22T12:18:03 wait SP_M.CU_PG1_11X17.cs t=0s IsMacroRunning=False drawings=13 (need > 12)
2026-09-22T12:18:04 CloseActiveDrawing (new sheet from SP_M.CU_PG1_11X17.cs)
2026-09-22T12:18:04 drawing-count delta 12 → 13 after 0s
2026-09-22T12:18:04 CloseActiveDrawing (after SP_M.CU_PG1_11X17.cs)
2026-09-22T12:18:04 drawings 12 → 13 after SP_M.CU_PG1_11X17.cs fallbackInsert=no
2026-09-22T12:18:05 smoke rebar placing CU batch 1/1 n=1
2026-09-22T12:18:05 CloseActiveDrawing (before smoke rebar placing CU batch 1)
2026-09-22T12:18:05 Select n=1 ok=True
2026-09-22T12:18:05 CommitChanges after select
2026-09-22T12:18:05 RunMacro SP_M.CU_PG2_11X17.cs (smoke rebar placing CU batch 1, n=1, marks=W10-78, drawingsBefore=13)
2026-09-22T12:18:05 trying SP_M.CU_PG2_11X17.cs
2026-09-22T12:18:20 RunMacro bool=True path=SP_M.CU_PG2_11X17.cs
2026-09-22T12:18:20 started SP_M.CU_PG2_11X17.cs
2026-09-22T12:18:20 wait SP_M.CU_PG2_11X17.cs t=0s IsMacroRunning=False drawings=14 (need > 13)
2026-09-22T12:18:22 CloseActiveDrawing (new sheet from SP_M.CU_PG2_11X17.cs)
2026-09-22T12:18:22 drawing-count delta 13 → 14 after 0s
2026-09-22T12:18:22 CloseActiveDrawing (after SP_M.CU_PG2_11X17.cs)
2026-09-22T12:18:22 drawings 13 → 14 after SP_M.CU_PG2_11X17.cs fallbackInsert=no
2026-09-22T12:18:22 smoke rebar table CU batch 1/1 n=1
2026-09-22T12:18:22 CloseActiveDrawing (before smoke rebar table CU batch 1)
2026-09-22T12:18:22 Select n=1 ok=True
2026-09-22T12:18:22 CommitChanges after select
2026-09-22T12:18:22 RunMacro SP_M.CU_PG3_11X17.cs (smoke rebar table CU batch 1, n=1, marks=W10-78, drawingsBefore=14)
2026-09-22T12:18:22 trying SP_M.CU_PG3_11X17.cs
2026-09-22T12:18:31 RunMacro bool=True path=SP_M.CU_PG3_11X17.cs
2026-09-22T12:18:31 started SP_M.CU_PG3_11X17.cs
2026-09-22T12:18:31 wait SP_M.CU_PG3_11X17.cs t=0s IsMacroRunning=False drawings=15 (need > 14)
2026-09-22T12:18:33 CloseActiveDrawing (new sheet from SP_M.CU_PG3_11X17.cs)
2026-09-22T12:18:33 drawing-count delta 14 → 15 after 0s
2026-09-22T12:18:33 CloseActiveDrawing (after SP_M.CU_PG3_11X17.cs)
2026-09-22T12:18:33 drawings 14 → 15 after SP_M.CU_PG3_11X17.cs fallbackInsert=no
2026-09-22T12:18:33 smoke: skipped beams and floor GA
2026-09-22T12:18:33 session drawings 12 → 15 after smoke macros
2026-09-22T12:21:00 CloseActiveDrawing (RunMacros start)
2026-09-22T12:21:00 bundled macros src=C:\Users\ASUS\Desktop\2d_tekla\bin\Debug\net48\LocalMacros dest=D:\design_\Paisley\Paisley_Exam\Paisley_Exam\macros\modeling
2026-09-22T12:21:00 already in model: AutoCompressAndEdit11x17.cs
2026-09-22T12:21:00 already in model: SP_M.ASSEMBLY_standard.cs
2026-09-22T12:21:00 already in model: SP_M.BM_SET_11x17.cs
2026-09-22T12:21:00 already in model: SP_M.CU_PG1_11X17.cs
2026-09-22T12:21:00 already in model: SP_M.CU_PG2_11X17.cs
2026-09-22T12:21:00 already in model: SP_M.CU_PG3_11X17.cs
2026-09-22T12:21:00 already in model: SP_M.GA_EXP_GA_STD.cs
2026-09-22T12:21:00 already in model: SP_M.SINGLE_standard.cs
2026-09-22T12:21:00 === session mode=smoke mark=W10-45 ===
2026-09-22T12:21:00 model=Paisley_Exam.db1 path=D:\design_\Paisley\Paisley_Exam\Paisley_Exam
2026-09-22T12:21:00 macros.log=C:\Users\ASUS\Desktop\2d_tekla\Export\CivilDrawings\new with macros\macros.log
2026-09-22T12:21:00 if AKIT dies inside Tekla, check C:\Users\ASUS\AppData\Local\Trimble\TeklaStructures\2026.0\logs and the Tekla session log
2026-09-22T12:21:00 session drawings before macros=15
2026-09-22T12:21:21 WALL=1 COLUMN=0 BEAM=0 mark=W10-45 (precast only; hollowcore/insulation/formliner skipped)
2026-09-22T12:21:21 smoke hardware CU batch 1/1 n=1
2026-09-22T12:21:21 CloseActiveDrawing (before smoke hardware CU batch 1)
2026-09-22T12:21:21 Select n=1 ok=True
2026-09-22T12:21:21 CommitChanges after select
2026-09-22T12:21:22 RunMacro SP_M.CU_PG1_11X17.cs (smoke hardware CU batch 1, n=1, marks=W10-45, drawingsBefore=15)
2026-09-22T12:21:22 trying SP_M.CU_PG1_11X17.cs
2026-09-22T12:21:34 RunMacro bool=True path=SP_M.CU_PG1_11X17.cs
2026-09-22T12:21:34 started SP_M.CU_PG1_11X17.cs
2026-09-22T12:21:34 wait SP_M.CU_PG1_11X17.cs t=0s IsMacroRunning=False drawings=16 (need > 15)
2026-09-22T12:21:35 CloseActiveDrawing (new sheet from SP_M.CU_PG1_11X17.cs)
2026-09-22T12:21:35 drawing-count delta 15 → 16 after 0s
2026-09-22T12:21:35 CloseActiveDrawing (after SP_M.CU_PG1_11X17.cs)
2026-09-22T12:21:35 drawings 15 → 16 after SP_M.CU_PG1_11X17.cs fallbackInsert=no
2026-09-22T12:21:35 smoke rebar placing CU batch 1/1 n=1
2026-09-22T12:21:35 CloseActiveDrawing (before smoke rebar placing CU batch 1)
2026-09-22T12:21:35 Select n=1 ok=True
2026-09-22T12:21:35 CommitChanges after select
2026-09-22T12:21:36 RunMacro SP_M.CU_PG2_11X17.cs (smoke rebar placing CU batch 1, n=1, marks=W10-45, drawingsBefore=16)
2026-09-22T12:21:36 trying SP_M.CU_PG2_11X17.cs
2026-09-22T12:21:57 RunMacro bool=True path=SP_M.CU_PG2_11X17.cs
2026-09-22T12:21:57 started SP_M.CU_PG2_11X17.cs
2026-09-22T12:21:57 wait SP_M.CU_PG2_11X17.cs t=0s IsMacroRunning=False drawings=17 (need > 16)
2026-09-22T12:21:59 CloseActiveDrawing (new sheet from SP_M.CU_PG2_11X17.cs)
2026-09-22T12:21:59 drawing-count delta 16 → 17 after 0s
2026-09-22T12:21:59 CloseActiveDrawing (after SP_M.CU_PG2_11X17.cs)
2026-09-22T12:21:59 drawings 16 → 17 after SP_M.CU_PG2_11X17.cs fallbackInsert=no
2026-09-22T12:21:59 smoke rebar table CU batch 1/1 n=1
2026-09-22T12:21:59 CloseActiveDrawing (before smoke rebar table CU batch 1)
2026-09-22T12:21:59 Select n=1 ok=True
2026-09-22T12:21:59 CommitChanges after select
2026-09-22T12:22:00 RunMacro SP_M.CU_PG3_11X17.cs (smoke rebar table CU batch 1, n=1, marks=W10-45, drawingsBefore=17)
2026-09-22T12:22:00 trying SP_M.CU_PG3_11X17.cs
2026-09-22T12:22:03 RunMacro bool=True path=SP_M.CU_PG3_11X17.cs
2026-09-22T12:22:03 started SP_M.CU_PG3_11X17.cs
2026-09-22T12:22:03 wait SP_M.CU_PG3_11X17.cs t=0s IsMacroRunning=False drawings=18 (need > 17)
2026-09-22T12:22:04 CloseActiveDrawing (new sheet from SP_M.CU_PG3_11X17.cs)
2026-09-22T12:22:04 drawing-count delta 17 → 18 after 0s
2026-09-22T12:22:04 CloseActiveDrawing (after SP_M.CU_PG3_11X17.cs)
2026-09-22T12:22:04 drawings 17 → 18 after SP_M.CU_PG3_11X17.cs fallbackInsert=no
2026-09-22T12:22:04 smoke: skipped beams and floor GA
2026-09-22T12:22:04 session drawings 15 → 18 after smoke macros
2026-09-22T12:24:50 CloseActiveDrawing (RunMacros start)
2026-09-22T12:24:50 bundled macros src=C:\Users\ASUS\Desktop\2d_tekla\bin\Debug\net48\LocalMacros dest=D:\design_\Paisley\Paisley_Exam\Paisley_Exam\macros\modeling
2026-09-22T12:24:50 already in model: AutoCompressAndEdit11x17.cs
2026-09-22T12:24:50 already in model: SP_M.ASSEMBLY_standard.cs
2026-09-22T12:24:50 already in model: SP_M.BM_SET_11x17.cs
2026-09-22T12:24:50 already in model: SP_M.CU_PG1_11X17.cs
2026-09-22T12:24:50 already in model: SP_M.CU_PG2_11X17.cs
2026-09-22T12:24:50 already in model: SP_M.CU_PG3_11X17.cs
2026-09-22T12:24:50 already in model: SP_M.GA_EXP_GA_STD.cs
2026-09-22T12:24:50 already in model: SP_M.SINGLE_standard.cs
2026-09-22T12:24:50 === session mode=smoke mark=W10-59 ===
2026-09-22T12:24:50 model=Paisley_Exam.db1 path=D:\design_\Paisley\Paisley_Exam\Paisley_Exam
2026-09-22T12:24:50 macros.log=C:\Users\ASUS\Desktop\2d_tekla\Export\CivilDrawings\new with macros\macros.log
2026-09-22T12:24:50 if AKIT dies inside Tekla, check C:\Users\ASUS\AppData\Local\Trimble\TeklaStructures\2026.0\logs and the Tekla session log
2026-09-22T12:24:50 session drawings before macros=18
2026-09-22T12:25:12 WALL=1 COLUMN=0 BEAM=0 mark=W10-59 (precast only; hollowcore/insulation/formliner skipped)
2026-09-22T12:25:12 smoke hardware CU batch 1/1 n=1
2026-09-22T12:25:12 CloseActiveDrawing (before smoke hardware CU batch 1)
2026-09-22T12:25:12 Select n=1 ok=True
2026-09-22T12:25:12 CommitChanges after select
2026-09-22T12:25:13 RunMacro SP_M.CU_PG1_11X17.cs (smoke hardware CU batch 1, n=1, marks=W10-59, drawingsBefore=18)
2026-09-22T12:25:13 trying SP_M.CU_PG1_11X17.cs
2026-09-22T12:25:25 RunMacro bool=True path=SP_M.CU_PG1_11X17.cs
2026-09-22T12:25:25 started SP_M.CU_PG1_11X17.cs
2026-09-22T12:25:25 wait SP_M.CU_PG1_11X17.cs t=0s IsMacroRunning=False drawings=19 (need > 18)
2026-09-22T12:25:27 CloseActiveDrawing (new sheet from SP_M.CU_PG1_11X17.cs)
2026-09-22T12:25:27 drawing-count delta 18 → 19 after 0s
2026-09-22T12:25:27 CloseActiveDrawing (after SP_M.CU_PG1_11X17.cs)
2026-09-22T12:25:27 drawings 18 → 19 after SP_M.CU_PG1_11X17.cs fallbackInsert=no
2026-09-22T12:25:27 smoke rebar placing CU batch 1/1 n=1
2026-09-22T12:25:27 CloseActiveDrawing (before smoke rebar placing CU batch 1)
2026-09-22T12:25:27 Select n=1 ok=True
2026-09-22T12:25:27 CommitChanges after select
2026-09-22T12:25:27 RunMacro SP_M.CU_PG2_11X17.cs (smoke rebar placing CU batch 1, n=1, marks=W10-59, drawingsBefore=19)
2026-09-22T12:25:27 trying SP_M.CU_PG2_11X17.cs
2026-09-22T12:25:49 RunMacro bool=True path=SP_M.CU_PG2_11X17.cs
2026-09-22T12:25:49 started SP_M.CU_PG2_11X17.cs
2026-09-22T12:25:49 wait SP_M.CU_PG2_11X17.cs t=0s IsMacroRunning=False drawings=20 (need > 19)
2026-09-22T12:25:50 CloseActiveDrawing (new sheet from SP_M.CU_PG2_11X17.cs)
2026-09-22T12:25:50 drawing-count delta 19 → 20 after 0s
2026-09-22T12:25:50 CloseActiveDrawing (after SP_M.CU_PG2_11X17.cs)
2026-09-22T12:25:50 drawings 19 → 20 after SP_M.CU_PG2_11X17.cs fallbackInsert=no
2026-09-22T12:25:50 smoke rebar table CU batch 1/1 n=1
2026-09-22T12:25:50 CloseActiveDrawing (before smoke rebar table CU batch 1)
2026-09-22T12:25:50 Select n=1 ok=True
2026-09-22T12:25:50 CommitChanges after select
2026-09-22T12:25:51 RunMacro SP_M.CU_PG3_11X17.cs (smoke rebar table CU batch 1, n=1, marks=W10-59, drawingsBefore=20)
2026-09-22T12:25:51 trying SP_M.CU_PG3_11X17.cs
2026-09-22T12:25:54 RunMacro bool=True path=SP_M.CU_PG3_11X17.cs
2026-09-22T12:25:54 started SP_M.CU_PG3_11X17.cs
2026-09-22T12:25:54 wait SP_M.CU_PG3_11X17.cs t=0s IsMacroRunning=False drawings=21 (need > 20)
2026-09-22T12:25:56 CloseActiveDrawing (new sheet from SP_M.CU_PG3_11X17.cs)
2026-09-22T12:25:56 drawing-count delta 20 → 21 after 0s
2026-09-22T12:25:56 CloseActiveDrawing (after SP_M.CU_PG3_11X17.cs)
2026-09-22T12:25:56 drawings 20 → 21 after SP_M.CU_PG3_11X17.cs fallbackInsert=no
2026-09-22T12:25:56 smoke: skipped beams and floor GA
2026-09-22T12:25:56 session drawings 18 → 21 after smoke macros
2026-09-22T12:28:47 CloseActiveDrawing (RunMacros start)
2026-09-22T12:28:47 bundled macros src=C:\Users\ASUS\Desktop\2d_tekla\bin\Debug\net48\LocalMacros dest=D:\design_\Paisley\Paisley_Exam\Paisley_Exam\macros\modeling
2026-09-22T12:28:47 already in model: AutoCompressAndEdit11x17.cs
2026-09-22T12:28:47 already in model: SP_M.ASSEMBLY_standard.cs
2026-09-22T12:28:47 already in model: SP_M.BM_SET_11x17.cs
2026-09-22T12:28:47 already in model: SP_M.CU_PG1_11X17.cs
2026-09-22T12:28:47 already in model: SP_M.CU_PG2_11X17.cs
2026-09-22T12:28:47 already in model: SP_M.CU_PG3_11X17.cs
2026-09-22T12:28:47 already in model: SP_M.GA_EXP_GA_STD.cs
2026-09-22T12:28:47 already in model: SP_M.SINGLE_standard.cs
2026-09-22T12:28:47 === session mode=smoke mark=W10-71 ===
2026-09-22T12:28:47 model=Paisley_Exam.db1 path=D:\design_\Paisley\Paisley_Exam\Paisley_Exam
2026-09-22T12:28:47 macros.log=C:\Users\ASUS\Desktop\2d_tekla\Export\CivilDrawings\new with macros\macros.log
2026-09-22T12:28:47 if AKIT dies inside Tekla, check C:\Users\ASUS\AppData\Local\Trimble\TeklaStructures\2026.0\logs and the Tekla session log
2026-09-22T12:28:47 session drawings before macros=21
2026-09-22T12:29:05 WALL=1 COLUMN=0 BEAM=0 mark=W10-71 (precast only; hollowcore/insulation/formliner skipped)
2026-09-22T12:29:05 smoke hardware CU batch 1/1 n=1
2026-09-22T12:29:05 CloseActiveDrawing (before smoke hardware CU batch 1)
2026-09-22T12:29:05 Select n=1 ok=True
2026-09-22T12:29:05 CommitChanges after select
2026-09-22T12:29:05 RunMacro SP_M.CU_PG1_11X17.cs (smoke hardware CU batch 1, n=1, marks=W10-71, drawingsBefore=21)
2026-09-22T12:29:06 trying SP_M.CU_PG1_11X17.cs
2026-09-22T12:29:18 RunMacro bool=True path=SP_M.CU_PG1_11X17.cs
2026-09-22T12:29:18 started SP_M.CU_PG1_11X17.cs
2026-09-22T12:29:18 wait SP_M.CU_PG1_11X17.cs t=0s IsMacroRunning=False drawings=22 (need > 21)
2026-09-22T12:29:19 CloseActiveDrawing (new sheet from SP_M.CU_PG1_11X17.cs)
2026-09-22T12:29:19 drawing-count delta 21 → 22 after 0s
2026-09-22T12:29:19 CloseActiveDrawing (after SP_M.CU_PG1_11X17.cs)
2026-09-22T12:29:19 drawings 21 → 22 after SP_M.CU_PG1_11X17.cs fallbackInsert=no
2026-09-22T12:29:20 smoke rebar placing CU batch 1/1 n=1
2026-09-22T12:29:20 CloseActiveDrawing (before smoke rebar placing CU batch 1)
2026-09-22T12:29:20 Select n=1 ok=True
2026-09-22T12:29:20 CommitChanges after select
2026-09-22T12:29:20 RunMacro SP_M.CU_PG2_11X17.cs (smoke rebar placing CU batch 1, n=1, marks=W10-71, drawingsBefore=22)
2026-09-22T12:29:20 trying SP_M.CU_PG2_11X17.cs
2026-09-22T12:29:27 RunMacro bool=True path=SP_M.CU_PG2_11X17.cs
2026-09-22T12:29:27 started SP_M.CU_PG2_11X17.cs
2026-09-22T12:29:27 wait SP_M.CU_PG2_11X17.cs t=0s IsMacroRunning=False drawings=23 (need > 22)
2026-09-22T12:29:28 CloseActiveDrawing (new sheet from SP_M.CU_PG2_11X17.cs)
2026-09-22T12:29:28 drawing-count delta 22 → 23 after 0s
2026-09-22T12:29:28 CloseActiveDrawing (after SP_M.CU_PG2_11X17.cs)
2026-09-22T12:29:28 drawings 22 → 23 after SP_M.CU_PG2_11X17.cs fallbackInsert=no
2026-09-22T12:29:28 smoke rebar table CU batch 1/1 n=1
2026-09-22T12:29:28 CloseActiveDrawing (before smoke rebar table CU batch 1)
2026-09-22T12:29:28 Select n=1 ok=True
2026-09-22T12:29:28 CommitChanges after select
2026-09-22T12:29:29 RunMacro SP_M.CU_PG3_11X17.cs (smoke rebar table CU batch 1, n=1, marks=W10-71, drawingsBefore=23)
2026-09-22T12:29:29 trying SP_M.CU_PG3_11X17.cs
2026-09-22T12:29:30 RunMacro bool=True path=SP_M.CU_PG3_11X17.cs
2026-09-22T12:29:30 started SP_M.CU_PG3_11X17.cs
2026-09-22T12:29:30 wait SP_M.CU_PG3_11X17.cs t=0s IsMacroRunning=False drawings=24 (need > 23)
2026-09-22T12:29:31 CloseActiveDrawing (new sheet from SP_M.CU_PG3_11X17.cs)
2026-09-22T12:29:31 drawing-count delta 23 → 24 after 0s
2026-09-22T12:29:31 CloseActiveDrawing (after SP_M.CU_PG3_11X17.cs)
2026-09-22T12:29:32 drawings 23 → 24 after SP_M.CU_PG3_11X17.cs fallbackInsert=no
2026-09-22T12:29:32 smoke: skipped beams and floor GA
2026-09-22T12:29:32 session drawings 21 → 24 after smoke macros
2026-09-22T12:32:02 CloseActiveDrawing (RunMacros start)
2026-09-22T12:32:02 bundled macros src=C:\Users\ASUS\Desktop\2d_tekla\bin\Debug\net48\LocalMacros dest=D:\design_\Paisley\Paisley_Exam\Paisley_Exam\macros\modeling
2026-09-22T12:32:02 already in model: AutoCompressAndEdit11x17.cs
2026-09-22T12:32:02 already in model: SP_M.ASSEMBLY_standard.cs
2026-09-22T12:32:02 already in model: SP_M.BM_SET_11x17.cs
2026-09-22T12:32:02 already in model: SP_M.CU_PG1_11X17.cs
2026-09-22T12:32:02 already in model: SP_M.CU_PG2_11X17.cs
2026-09-22T12:32:02 already in model: SP_M.CU_PG3_11X17.cs
2026-09-22T12:32:02 already in model: SP_M.GA_EXP_GA_STD.cs
2026-09-22T12:32:02 already in model: SP_M.SINGLE_standard.cs
2026-09-22T12:32:02 === session mode=smoke mark=W10-73 ===
2026-09-22T12:32:02 model=Paisley_Exam.db1 path=D:\design_\Paisley\Paisley_Exam\Paisley_Exam
2026-09-22T12:32:02 macros.log=C:\Users\ASUS\Desktop\2d_tekla\Export\CivilDrawings\new with macros\macros.log
2026-09-22T12:32:02 if AKIT dies inside Tekla, check C:\Users\ASUS\AppData\Local\Trimble\TeklaStructures\2026.0\logs and the Tekla session log
2026-09-22T12:32:02 session drawings before macros=24
2026-09-22T12:32:20 WALL=1 COLUMN=0 BEAM=0 mark=W10-73 (precast only; hollowcore/insulation/formliner skipped)
2026-09-22T12:32:20 smoke hardware CU batch 1/1 n=1
2026-09-22T12:32:20 CloseActiveDrawing (before smoke hardware CU batch 1)
2026-09-22T12:32:20 Select n=1 ok=True
2026-09-22T12:32:20 CommitChanges after select
2026-09-22T12:32:21 RunMacro SP_M.CU_PG1_11X17.cs (smoke hardware CU batch 1, n=1, marks=W10-73, drawingsBefore=24)
2026-09-22T12:32:21 trying SP_M.CU_PG1_11X17.cs
2026-09-22T12:32:33 RunMacro bool=True path=SP_M.CU_PG1_11X17.cs
2026-09-22T12:32:33 started SP_M.CU_PG1_11X17.cs
2026-09-22T12:32:33 wait SP_M.CU_PG1_11X17.cs t=0s IsMacroRunning=False drawings=25 (need > 24)
2026-09-22T12:32:35 CloseActiveDrawing (new sheet from SP_M.CU_PG1_11X17.cs)
2026-09-22T12:32:35 drawing-count delta 24 → 25 after 0s
2026-09-22T12:32:35 CloseActiveDrawing (after SP_M.CU_PG1_11X17.cs)
2026-09-22T12:32:35 drawings 24 → 25 after SP_M.CU_PG1_11X17.cs fallbackInsert=no
2026-09-22T12:32:35 smoke rebar placing CU batch 1/1 n=1
2026-09-22T12:32:35 CloseActiveDrawing (before smoke rebar placing CU batch 1)
2026-09-22T12:32:35 Select n=1 ok=True
2026-09-22T12:32:35 CommitChanges after select
2026-09-22T12:32:35 RunMacro SP_M.CU_PG2_11X17.cs (smoke rebar placing CU batch 1, n=1, marks=W10-73, drawingsBefore=25)
2026-09-22T12:32:35 trying SP_M.CU_PG2_11X17.cs
2026-09-22T12:32:58 RunMacro bool=True path=SP_M.CU_PG2_11X17.cs
2026-09-22T12:32:58 started SP_M.CU_PG2_11X17.cs
2026-09-22T12:32:58 wait SP_M.CU_PG2_11X17.cs t=0s IsMacroRunning=False drawings=26 (need > 25)
2026-09-22T12:32:59 CloseActiveDrawing (new sheet from SP_M.CU_PG2_11X17.cs)
2026-09-22T12:32:59 drawing-count delta 25 → 26 after 0s
2026-09-22T12:32:59 CloseActiveDrawing (after SP_M.CU_PG2_11X17.cs)
2026-09-22T12:32:59 drawings 25 → 26 after SP_M.CU_PG2_11X17.cs fallbackInsert=no
2026-09-22T12:32:59 smoke rebar table CU batch 1/1 n=1
2026-09-22T12:32:59 CloseActiveDrawing (before smoke rebar table CU batch 1)
2026-09-22T12:32:59 Select n=1 ok=True
2026-09-22T12:32:59 CommitChanges after select
2026-09-22T12:33:00 RunMacro SP_M.CU_PG3_11X17.cs (smoke rebar table CU batch 1, n=1, marks=W10-73, drawingsBefore=26)
2026-09-22T12:33:00 trying SP_M.CU_PG3_11X17.cs
2026-09-22T12:33:03 RunMacro bool=True path=SP_M.CU_PG3_11X17.cs
2026-09-22T12:33:03 started SP_M.CU_PG3_11X17.cs
2026-09-22T12:33:03 wait SP_M.CU_PG3_11X17.cs t=0s IsMacroRunning=False drawings=27 (need > 26)
2026-09-22T12:33:05 CloseActiveDrawing (new sheet from SP_M.CU_PG3_11X17.cs)
2026-09-22T12:33:05 drawing-count delta 26 → 27 after 0s
2026-09-22T12:33:05 CloseActiveDrawing (after SP_M.CU_PG3_11X17.cs)
2026-09-22T12:33:05 drawings 26 → 27 after SP_M.CU_PG3_11X17.cs fallbackInsert=no
2026-09-22T12:33:05 smoke: skipped beams and floor GA
2026-09-22T12:33:05 session drawings 24 → 27 after smoke macros
2026-09-22T12:35:20 CloseActiveDrawing (RunMacros start)
2026-09-22T12:35:20 bundled macros src=C:\Users\ASUS\Desktop\2d_tekla\bin\Debug\net48\LocalMacros dest=D:\design_\Paisley\Paisley_Exam\Paisley_Exam\macros\modeling
2026-09-22T12:35:20 already in model: AutoCompressAndEdit11x17.cs
2026-09-22T12:35:20 already in model: SP_M.ASSEMBLY_standard.cs
2026-09-22T12:35:20 already in model: SP_M.BM_SET_11x17.cs
2026-09-22T12:35:20 already in model: SP_M.CU_PG1_11X17.cs
2026-09-22T12:35:20 already in model: SP_M.CU_PG2_11X17.cs
2026-09-22T12:35:20 already in model: SP_M.CU_PG3_11X17.cs
2026-09-22T12:35:20 already in model: SP_M.GA_EXP_GA_STD.cs
2026-09-22T12:35:20 already in model: SP_M.SINGLE_standard.cs
2026-09-22T12:35:20 === session mode=smoke mark=W10-26 ===
2026-09-22T12:35:20 model=Paisley_Exam.db1 path=D:\design_\Paisley\Paisley_Exam\Paisley_Exam
2026-09-22T12:35:20 macros.log=C:\Users\ASUS\Desktop\2d_tekla\Export\CivilDrawings\new with macros\macros.log
2026-09-22T12:35:20 if AKIT dies inside Tekla, check C:\Users\ASUS\AppData\Local\Trimble\TeklaStructures\2026.0\logs and the Tekla session log
2026-09-22T12:35:20 session drawings before macros=27
2026-09-22T12:35:46 WALL=1 COLUMN=0 BEAM=0 mark=W10-26 (precast only; hollowcore/insulation/formliner skipped)
2026-09-22T12:35:47 smoke hardware CU batch 1/1 n=1
2026-09-22T12:35:47 CloseActiveDrawing (before smoke hardware CU batch 1)
2026-09-22T12:35:47 Select n=1 ok=True
2026-09-22T12:35:47 CommitChanges after select
2026-09-22T12:35:47 RunMacro SP_M.CU_PG1_11X17.cs (smoke hardware CU batch 1, n=1, marks=W10-26, drawingsBefore=27)
2026-09-22T12:35:47 trying SP_M.CU_PG1_11X17.cs
2026-09-22T12:36:01 RunMacro bool=True path=SP_M.CU_PG1_11X17.cs
2026-09-22T12:36:01 started SP_M.CU_PG1_11X17.cs
2026-09-22T12:36:01 wait SP_M.CU_PG1_11X17.cs t=0s IsMacroRunning=False drawings=28 (need > 27)
2026-09-22T12:36:03 CloseActiveDrawing (new sheet from SP_M.CU_PG1_11X17.cs)
2026-09-22T12:36:03 drawing-count delta 27 → 28 after 0s
2026-09-22T12:36:03 CloseActiveDrawing (after SP_M.CU_PG1_11X17.cs)
2026-09-22T12:36:03 drawings 27 → 28 after SP_M.CU_PG1_11X17.cs fallbackInsert=no
2026-09-22T12:36:03 smoke rebar placing CU batch 1/1 n=1
2026-09-22T12:36:03 CloseActiveDrawing (before smoke rebar placing CU batch 1)
2026-09-22T12:36:03 Select n=1 ok=True
2026-09-22T12:36:03 CommitChanges after select
2026-09-22T12:36:03 RunMacro SP_M.CU_PG2_11X17.cs (smoke rebar placing CU batch 1, n=1, marks=W10-26, drawingsBefore=28)
2026-09-22T12:36:03 trying SP_M.CU_PG2_11X17.cs
2026-09-22T12:36:16 RunMacro bool=True path=SP_M.CU_PG2_11X17.cs
2026-09-22T12:36:16 started SP_M.CU_PG2_11X17.cs
2026-09-22T12:36:16 wait SP_M.CU_PG2_11X17.cs t=0s IsMacroRunning=False drawings=29 (need > 28)
2026-09-22T12:36:18 CloseActiveDrawing (new sheet from SP_M.CU_PG2_11X17.cs)
2026-09-22T12:36:18 drawing-count delta 28 → 29 after 0s
2026-09-22T12:36:18 CloseActiveDrawing (after SP_M.CU_PG2_11X17.cs)
2026-09-22T12:36:18 drawings 28 → 29 after SP_M.CU_PG2_11X17.cs fallbackInsert=no
2026-09-22T12:36:18 smoke rebar table CU batch 1/1 n=1
2026-09-22T12:36:18 CloseActiveDrawing (before smoke rebar table CU batch 1)
2026-09-22T12:36:18 Select n=1 ok=True
2026-09-22T12:36:18 CommitChanges after select
2026-09-22T12:36:18 RunMacro SP_M.CU_PG3_11X17.cs (smoke rebar table CU batch 1, n=1, marks=W10-26, drawingsBefore=29)
2026-09-22T12:36:18 trying SP_M.CU_PG3_11X17.cs
2026-09-22T12:36:29 RunMacro bool=True path=SP_M.CU_PG3_11X17.cs
2026-09-22T12:36:29 started SP_M.CU_PG3_11X17.cs
2026-09-22T12:36:29 wait SP_M.CU_PG3_11X17.cs t=0s IsMacroRunning=False drawings=30 (need > 29)
2026-09-22T12:36:31 CloseActiveDrawing (new sheet from SP_M.CU_PG3_11X17.cs)
2026-09-22T12:36:31 drawing-count delta 29 → 30 after 0s
2026-09-22T12:36:31 CloseActiveDrawing (after SP_M.CU_PG3_11X17.cs)
2026-09-22T12:36:31 drawings 29 → 30 after SP_M.CU_PG3_11X17.cs fallbackInsert=no
2026-09-22T12:36:31 smoke: skipped beams and floor GA
2026-09-22T12:36:31 session drawings 27 → 30 after smoke macros
2026-09-22T12:38:55 CloseActiveDrawing (RunMacros start)
2026-09-22T12:38:55 bundled macros src=C:\Users\ASUS\Desktop\2d_tekla\bin\Debug\net48\LocalMacros dest=D:\design_\Paisley\Paisley_Exam\Paisley_Exam\macros\modeling
2026-09-22T12:38:55 already in model: AutoCompressAndEdit11x17.cs
2026-09-22T12:38:55 already in model: SP_M.ASSEMBLY_standard.cs
2026-09-22T12:38:55 already in model: SP_M.BM_SET_11x17.cs
2026-09-22T12:38:55 already in model: SP_M.CU_PG1_11X17.cs
2026-09-22T12:38:55 already in model: SP_M.CU_PG2_11X17.cs
2026-09-22T12:38:55 already in model: SP_M.CU_PG3_11X17.cs
2026-09-22T12:38:55 already in model: SP_M.GA_EXP_GA_STD.cs
2026-09-22T12:38:55 already in model: SP_M.SINGLE_standard.cs
2026-09-22T12:38:55 === session mode=smoke mark=W10-50 ===
2026-09-22T12:38:55 model=Paisley_Exam.db1 path=D:\design_\Paisley\Paisley_Exam\Paisley_Exam
2026-09-22T12:38:55 macros.log=C:\Users\ASUS\Desktop\2d_tekla\Export\CivilDrawings\new with macros\macros.log
2026-09-22T12:38:55 if AKIT dies inside Tekla, check C:\Users\ASUS\AppData\Local\Trimble\TeklaStructures\2026.0\logs and the Tekla session log
2026-09-22T12:38:55 session drawings before macros=30
2026-09-22T12:39:15 WALL=1 COLUMN=0 BEAM=0 mark=W10-50 (precast only; hollowcore/insulation/formliner skipped)
2026-09-22T12:39:15 smoke hardware CU batch 1/1 n=1
2026-09-22T12:39:15 CloseActiveDrawing (before smoke hardware CU batch 1)
2026-09-22T12:39:15 Select n=1 ok=True
2026-09-22T12:39:15 CommitChanges after select
2026-09-22T12:39:15 RunMacro SP_M.CU_PG1_11X17.cs (smoke hardware CU batch 1, n=1, marks=W10-50, drawingsBefore=30)
2026-09-22T12:39:15 trying SP_M.CU_PG1_11X17.cs
2026-09-22T12:39:27 RunMacro bool=True path=SP_M.CU_PG1_11X17.cs
2026-09-22T12:39:27 started SP_M.CU_PG1_11X17.cs
2026-09-22T12:39:27 wait SP_M.CU_PG1_11X17.cs t=0s IsMacroRunning=False drawings=31 (need > 30)
2026-09-22T12:39:28 CloseActiveDrawing (new sheet from SP_M.CU_PG1_11X17.cs)
2026-09-22T12:39:28 drawing-count delta 30 → 31 after 0s
2026-09-22T12:39:28 CloseActiveDrawing (after SP_M.CU_PG1_11X17.cs)
2026-09-22T12:39:28 drawings 30 → 31 after SP_M.CU_PG1_11X17.cs fallbackInsert=no
2026-09-22T12:39:28 smoke rebar placing CU batch 1/1 n=1
2026-09-22T12:39:28 CloseActiveDrawing (before smoke rebar placing CU batch 1)
2026-09-22T12:39:28 Select n=1 ok=True
2026-09-22T12:39:28 CommitChanges after select
2026-09-22T12:39:29 RunMacro SP_M.CU_PG2_11X17.cs (smoke rebar placing CU batch 1, n=1, marks=W10-50, drawingsBefore=31)
2026-09-22T12:39:29 trying SP_M.CU_PG2_11X17.cs
2026-09-22T12:39:52 RunMacro bool=True path=SP_M.CU_PG2_11X17.cs
2026-09-22T12:39:52 started SP_M.CU_PG2_11X17.cs
2026-09-22T12:39:52 wait SP_M.CU_PG2_11X17.cs t=0s IsMacroRunning=False drawings=32 (need > 31)
2026-09-22T12:39:53 CloseActiveDrawing (new sheet from SP_M.CU_PG2_11X17.cs)
2026-09-22T12:39:53 drawing-count delta 31 → 32 after 0s
2026-09-22T12:39:53 CloseActiveDrawing (after SP_M.CU_PG2_11X17.cs)
2026-09-22T12:39:53 drawings 31 → 32 after SP_M.CU_PG2_11X17.cs fallbackInsert=no
2026-09-22T12:39:53 smoke rebar table CU batch 1/1 n=1
2026-09-22T12:39:53 CloseActiveDrawing (before smoke rebar table CU batch 1)
2026-09-22T12:39:53 Select n=1 ok=True
2026-09-22T12:39:54 CommitChanges after select
2026-09-22T12:39:54 RunMacro SP_M.CU_PG3_11X17.cs (smoke rebar table CU batch 1, n=1, marks=W10-50, drawingsBefore=32)
2026-09-22T12:39:54 trying SP_M.CU_PG3_11X17.cs
2026-09-22T12:39:57 RunMacro bool=True path=SP_M.CU_PG3_11X17.cs
2026-09-22T12:39:57 started SP_M.CU_PG3_11X17.cs
2026-09-22T12:39:57 wait SP_M.CU_PG3_11X17.cs t=0s IsMacroRunning=False drawings=33 (need > 32)
2026-09-22T12:39:59 CloseActiveDrawing (new sheet from SP_M.CU_PG3_11X17.cs)
2026-09-22T12:39:59 drawing-count delta 32 → 33 after 0s
2026-09-22T12:39:59 CloseActiveDrawing (after SP_M.CU_PG3_11X17.cs)
2026-09-22T12:39:59 drawings 32 → 33 after SP_M.CU_PG3_11X17.cs fallbackInsert=no
2026-09-22T12:39:59 smoke: skipped beams and floor GA
2026-09-22T12:39:59 session drawings 30 → 33 after smoke macros
2026-09-22T12:42:19 CloseActiveDrawing (RunMacros start)
2026-09-22T12:42:19 bundled macros src=C:\Users\ASUS\Desktop\2d_tekla\bin\Debug\net48\LocalMacros dest=D:\design_\Paisley\Paisley_Exam\Paisley_Exam\macros\modeling
2026-09-22T12:42:19 already in model: AutoCompressAndEdit11x17.cs
2026-09-22T12:42:19 already in model: SP_M.ASSEMBLY_standard.cs
2026-09-22T12:42:19 already in model: SP_M.BM_SET_11x17.cs
2026-09-22T12:42:19 already in model: SP_M.CU_PG1_11X17.cs
2026-09-22T12:42:19 already in model: SP_M.CU_PG2_11X17.cs
2026-09-22T12:42:19 already in model: SP_M.CU_PG3_11X17.cs
2026-09-22T12:42:19 already in model: SP_M.GA_EXP_GA_STD.cs
2026-09-22T12:42:19 already in model: SP_M.SINGLE_standard.cs
2026-09-22T12:42:19 === session mode=smoke mark=W10-68 ===
2026-09-22T12:42:19 model=Paisley_Exam.db1 path=D:\design_\Paisley\Paisley_Exam\Paisley_Exam
2026-09-22T12:42:19 macros.log=C:\Users\ASUS\Desktop\2d_tekla\Export\CivilDrawings\new with macros\macros.log
2026-09-22T12:42:19 if AKIT dies inside Tekla, check C:\Users\ASUS\AppData\Local\Trimble\TeklaStructures\2026.0\logs and the Tekla session log
2026-09-22T12:42:19 session drawings before macros=33
2026-09-22T12:42:40 WALL=1 COLUMN=0 BEAM=0 mark=W10-68 (precast only; hollowcore/insulation/formliner skipped)
2026-09-22T12:42:40 smoke hardware CU batch 1/1 n=1
2026-09-22T12:42:40 CloseActiveDrawing (before smoke hardware CU batch 1)
2026-09-22T12:42:40 Select n=1 ok=True
2026-09-22T12:42:40 CommitChanges after select
2026-09-22T12:42:41 RunMacro SP_M.CU_PG1_11X17.cs (smoke hardware CU batch 1, n=1, marks=W10-68, drawingsBefore=33)
2026-09-22T12:42:41 trying SP_M.CU_PG1_11X17.cs
2026-09-22T12:42:55 RunMacro bool=True path=SP_M.CU_PG1_11X17.cs
2026-09-22T12:42:55 started SP_M.CU_PG1_11X17.cs
2026-09-22T12:42:55 wait SP_M.CU_PG1_11X17.cs t=0s IsMacroRunning=False drawings=34 (need > 33)
2026-09-22T12:42:56 CloseActiveDrawing (new sheet from SP_M.CU_PG1_11X17.cs)
2026-09-22T12:42:56 drawing-count delta 33 → 34 after 0s
2026-09-22T12:42:56 CloseActiveDrawing (after SP_M.CU_PG1_11X17.cs)
2026-09-22T12:42:56 drawings 33 → 34 after SP_M.CU_PG1_11X17.cs fallbackInsert=no
2026-09-22T12:42:56 smoke rebar placing CU batch 1/1 n=1
2026-09-22T12:42:56 CloseActiveDrawing (before smoke rebar placing CU batch 1)
2026-09-22T12:42:57 Select n=1 ok=True
2026-09-22T12:42:57 CommitChanges after select
2026-09-22T12:42:57 RunMacro SP_M.CU_PG2_11X17.cs (smoke rebar placing CU batch 1, n=1, marks=W10-68, drawingsBefore=34)
2026-09-22T12:42:57 trying SP_M.CU_PG2_11X17.cs
2026-09-22T12:43:20 RunMacro bool=True path=SP_M.CU_PG2_11X17.cs
2026-09-22T12:43:20 started SP_M.CU_PG2_11X17.cs
2026-09-22T12:43:20 wait SP_M.CU_PG2_11X17.cs t=0s IsMacroRunning=False drawings=35 (need > 34)
2026-09-22T12:43:21 CloseActiveDrawing (new sheet from SP_M.CU_PG2_11X17.cs)
2026-09-22T12:43:21 drawing-count delta 34 → 35 after 0s
2026-09-22T12:43:21 CloseActiveDrawing (after SP_M.CU_PG2_11X17.cs)
2026-09-22T12:43:21 drawings 34 → 35 after SP_M.CU_PG2_11X17.cs fallbackInsert=no
2026-09-22T12:43:21 smoke rebar table CU batch 1/1 n=1
2026-09-22T12:43:21 CloseActiveDrawing (before smoke rebar table CU batch 1)
2026-09-22T12:43:22 Select n=1 ok=True
2026-09-22T12:43:22 CommitChanges after select
2026-09-22T12:43:22 RunMacro SP_M.CU_PG3_11X17.cs (smoke rebar table CU batch 1, n=1, marks=W10-68, drawingsBefore=35)
2026-09-22T12:43:22 trying SP_M.CU_PG3_11X17.cs
2026-09-22T12:43:26 RunMacro bool=True path=SP_M.CU_PG3_11X17.cs
2026-09-22T12:43:26 started SP_M.CU_PG3_11X17.cs
2026-09-22T12:43:26 wait SP_M.CU_PG3_11X17.cs t=0s IsMacroRunning=False drawings=36 (need > 35)
2026-09-22T12:43:27 CloseActiveDrawing (new sheet from SP_M.CU_PG3_11X17.cs)
2026-09-22T12:43:27 drawing-count delta 35 → 36 after 0s
2026-09-22T12:43:27 CloseActiveDrawing (after SP_M.CU_PG3_11X17.cs)
2026-09-22T12:43:27 drawings 35 → 36 after SP_M.CU_PG3_11X17.cs fallbackInsert=no
2026-09-22T12:43:27 smoke: skipped beams and floor GA
2026-09-22T12:43:27 session drawings 33 → 36 after smoke macros
2026-09-30T16:46:41 CloseActiveDrawing (RunMacros start)
2026-09-30T16:46:41 bundled macros src=C:\Users\ASUS\Desktop\2d_tekla\bin\Release\net48\LocalMacros dest=D:\design_\Paisley\Paisley_Exam\Paisley_Exam\macros\modeling
2026-09-30T16:46:41 already in model: AutoCompressAndEdit11x17.cs
2026-09-30T16:46:41 already in model: SP_M.ASSEMBLY_standard.cs
2026-09-30T16:46:41 already in model: SP_M.BM_SET_11x17.cs
2026-09-30T16:46:41 already in model: SP_M.CU_PG1_11X17.cs
2026-09-30T16:46:41 already in model: SP_M.CU_PG2_11X17.cs
2026-09-30T16:46:41 already in model: SP_M.CU_PG3_11X17.cs
2026-09-30T16:46:41 already in model: SP_M.GA_EXP_GA_STD.cs
2026-09-30T16:46:41 already in model: SP_M.SINGLE_standard.cs
2026-09-30T16:46:41 === session mode=smoke mark=W10-175 ===
2026-09-30T16:46:41 model=Paisley_Exam.db1 path=D:\design_\Paisley\Paisley_Exam\Paisley_Exam
2026-09-30T16:46:41 macros.log=C:\Users\ASUS\Desktop\2d_tekla\Export\CivilDrawings\new with macros\macros.log
2026-09-30T16:46:41 if AKIT dies inside Tekla, check C:\Users\ASUS\AppData\Local\Trimble\TeklaStructures\2026.0\logs and the Tekla session log
2026-09-30T16:46:41 session drawings before macros=98
2026-09-30T16:47:44 WALL=1 COLUMN=0 BEAM=0 mark=W10-175 (precast only; hollowcore/insulation/formliner skipped)
2026-09-30T16:47:44 smoke hardware CU batch 1/1 n=1
2026-09-30T16:47:44 CloseActiveDrawing (before smoke hardware CU batch 1)
2026-09-30T16:47:45 Select n=1 ok=True
2026-09-30T16:47:45 CommitChanges after select
2026-09-30T16:47:46 RunMacro SP_M.CU_PG1_11X17.cs (smoke hardware CU batch 1, n=1, marks=W10-175, drawingsBefore=98)
2026-09-30T16:47:46 trying SP_M.CU_PG1_11X17.cs
2026-09-30T16:48:07 RunMacro bool=True path=SP_M.CU_PG1_11X17.cs
2026-09-30T16:48:07 started SP_M.CU_PG1_11X17.cs
2026-09-30T16:48:07 wait SP_M.CU_PG1_11X17.cs t=0s IsMacroRunning=False drawings=99 (need > 98)
2026-09-30T16:48:09 CloseActiveDrawing (new sheet from SP_M.CU_PG1_11X17.cs)
2026-09-30T16:48:09 drawing-count delta 98 → 99 after 0s
2026-09-30T16:48:09 CloseActiveDrawing (after SP_M.CU_PG1_11X17.cs)
2026-09-30T16:48:09 drawings 98 → 99 after SP_M.CU_PG1_11X17.cs fallbackInsert=no
2026-09-30T16:48:09 CloseActiveDrawing (between batches)
2026-09-30T16:48:09 smoke rebar placing CU batch 1/1 n=1
2026-09-30T16:48:09 CloseActiveDrawing (before smoke rebar placing CU batch 1)
2026-09-30T16:48:09 Select n=1 ok=True
2026-09-30T16:48:09 CommitChanges after select
2026-09-30T16:48:09 RunMacro SP_M.CU_PG2_11X17.cs (smoke rebar placing CU batch 1, n=1, marks=W10-175, drawingsBefore=99)
2026-09-30T16:48:09 trying SP_M.CU_PG2_11X17.cs
2026-09-30T16:48:24 RunMacro bool=True path=SP_M.CU_PG2_11X17.cs
2026-09-30T16:48:24 started SP_M.CU_PG2_11X17.cs
2026-09-30T16:48:24 wait SP_M.CU_PG2_11X17.cs t=0s IsMacroRunning=False drawings=100 (need > 99)
2026-09-30T16:48:25 CloseActiveDrawing (new sheet from SP_M.CU_PG2_11X17.cs)
2026-09-30T16:48:25 drawing-count delta 99 → 100 after 0s
2026-09-30T16:48:25 CloseActiveDrawing (after SP_M.CU_PG2_11X17.cs)
2026-09-30T16:48:25 drawings 99 → 100 after SP_M.CU_PG2_11X17.cs fallbackInsert=no
2026-09-30T16:48:25 CloseActiveDrawing (between batches)
2026-09-30T16:48:25 smoke rebar table CU batch 1/1 n=1
2026-09-30T16:48:25 CloseActiveDrawing (before smoke rebar table CU batch 1)
2026-09-30T16:48:25 Select n=1 ok=True
2026-09-30T16:48:25 CommitChanges after select
2026-09-30T16:48:26 RunMacro SP_M.CU_PG3_11X17.cs (smoke rebar table CU batch 1, n=1, marks=W10-175, drawingsBefore=100)
2026-09-30T16:48:26 trying SP_M.CU_PG3_11X17.cs
2026-09-30T16:48:28 RunMacro bool=True path=SP_M.CU_PG3_11X17.cs
2026-09-30T16:48:28 started SP_M.CU_PG3_11X17.cs
2026-09-30T16:48:28 wait SP_M.CU_PG3_11X17.cs t=0s IsMacroRunning=False drawings=101 (need > 100)
2026-09-30T16:48:30 CloseActiveDrawing (new sheet from SP_M.CU_PG3_11X17.cs)
2026-09-30T16:48:30 drawing-count delta 100 → 101 after 0s
2026-09-30T16:48:30 CloseActiveDrawing (after SP_M.CU_PG3_11X17.cs)
2026-09-30T16:48:30 drawings 100 → 101 after SP_M.CU_PG3_11X17.cs fallbackInsert=no
2026-09-30T16:48:30 CloseActiveDrawing (between batches)
2026-09-30T16:48:30 smoke: skipped beams and floor GA
2026-09-30T16:48:30 session drawings 98 → 101 after smoke macros
2026-09-30T18:25:00 CloseActiveDrawing (RunMacros start)
2026-09-30T18:25:00 bundled macros src=C:\Users\ASUS\Desktop\2d_tekla\bin\Release\net48\LocalMacros dest=D:\design_\Paisley\Paisley_Exam\Paisley_Exam\macros\modeling
2026-09-30T18:25:00 already in model: AutoCompressAndEdit11x17.cs
2026-09-30T18:25:00 already in model: SP_M.ASSEMBLY_standard.cs
2026-09-30T18:25:00 already in model: SP_M.BM_SET_11x17.cs
2026-09-30T18:25:00 already in model: SP_M.CU_PG1_11X17.cs
2026-09-30T18:25:00 already in model: SP_M.CU_PG2_11X17.cs
2026-09-30T18:25:00 already in model: SP_M.CU_PG3_11X17.cs
2026-09-30T18:25:00 already in model: SP_M.GA_EXP_GA_STD.cs
2026-09-30T18:25:00 already in model: SP_M.SINGLE_standard.cs
2026-09-30T18:25:00 === session mode=smoke mark=W10-175 ===
2026-09-30T18:25:00 model=Paisley_Exam.db1 path=D:\design_\Paisley\Paisley_Exam\Paisley_Exam
2026-09-30T18:25:00 macros.log=C:\Users\ASUS\Desktop\2d_tekla\Export\CivilDrawings\new with macros\macros.log
2026-09-30T18:25:00 if AKIT dies inside Tekla, check C:\Users\ASUS\AppData\Local\Trimble\TeklaStructures\2026.0\logs and the Tekla session log
2026-09-30T18:25:00 session drawings before macros=98
2026-09-30T18:25:23 WALL=1 COLUMN=0 BEAM=0 mark=W10-175 (precast only; hollowcore/insulation/formliner skipped)
2026-09-30T18:25:23 smoke hardware CU batch 1/1 n=1
2026-09-30T18:25:23 CloseActiveDrawing (before smoke hardware CU batch 1)
2026-09-30T18:25:23 Select n=1 ok=True
2026-09-30T18:25:23 CommitChanges after select
2026-09-30T18:25:24 RunMacro SP_M.CU_PG1_11X17.cs (smoke hardware CU batch 1, n=1, marks=W10-175, drawingsBefore=98)
2026-09-30T18:25:24 trying SP_M.CU_PG1_11X17.cs
2026-09-30T18:25:32 RunMacro bool=True path=SP_M.CU_PG1_11X17.cs
2026-09-30T18:25:32 started SP_M.CU_PG1_11X17.cs
2026-09-30T18:25:32 wait SP_M.CU_PG1_11X17.cs t=0s IsMacroRunning=False drawings=99 (need > 98)
2026-09-30T18:25:34 CloseActiveDrawing (new sheet from SP_M.CU_PG1_11X17.cs)
2026-09-30T18:25:34 drawing-count delta 98 → 99 after 0s
2026-09-30T18:25:34 CloseActiveDrawing (after SP_M.CU_PG1_11X17.cs)
2026-09-30T18:25:34 drawings 98 → 99 after SP_M.CU_PG1_11X17.cs fallbackInsert=no
2026-09-30T18:25:34 CloseActiveDrawing (between batches)
2026-09-30T18:25:34 smoke rebar placing CU batch 1/1 n=1
2026-09-30T18:25:34 CloseActiveDrawing (before smoke rebar placing CU batch 1)
2026-09-30T18:25:34 Select n=1 ok=True
2026-09-30T18:25:34 CommitChanges after select
2026-09-30T18:25:34 RunMacro SP_M.CU_PG2_11X17.cs (smoke rebar placing CU batch 1, n=1, marks=W10-175, drawingsBefore=99)
2026-09-30T18:25:34 trying SP_M.CU_PG2_11X17.cs
2026-09-30T18:25:44 RunMacro bool=True path=SP_M.CU_PG2_11X17.cs
2026-09-30T18:25:44 started SP_M.CU_PG2_11X17.cs
2026-09-30T18:25:44 wait SP_M.CU_PG2_11X17.cs t=0s IsMacroRunning=False drawings=100 (need > 99)
2026-09-30T18:25:46 CloseActiveDrawing (new sheet from SP_M.CU_PG2_11X17.cs)
2026-09-30T18:25:46 drawing-count delta 99 → 100 after 0s
2026-09-30T18:25:46 CloseActiveDrawing (after SP_M.CU_PG2_11X17.cs)
2026-09-30T18:25:46 drawings 99 → 100 after SP_M.CU_PG2_11X17.cs fallbackInsert=no
2026-09-30T18:25:46 CloseActiveDrawing (between batches)
2026-09-30T18:25:46 smoke rebar table CU batch 1/1 n=1
2026-09-30T18:25:46 CloseActiveDrawing (before smoke rebar table CU batch 1)
2026-09-30T18:25:46 Select n=1 ok=True
2026-09-30T18:25:46 CommitChanges after select
2026-09-30T18:25:46 RunMacro SP_M.CU_PG3_11X17.cs (smoke rebar table CU batch 1, n=1, marks=W10-175, drawingsBefore=100)
2026-09-30T18:25:46 trying SP_M.CU_PG3_11X17.cs
2026-09-30T18:25:48 RunMacro bool=True path=SP_M.CU_PG3_11X17.cs
2026-09-30T18:25:48 started SP_M.CU_PG3_11X17.cs
2026-09-30T18:25:48 wait SP_M.CU_PG3_11X17.cs t=0s IsMacroRunning=False drawings=101 (need > 100)
2026-09-30T18:25:50 CloseActiveDrawing (new sheet from SP_M.CU_PG3_11X17.cs)
2026-09-30T18:25:50 drawing-count delta 100 → 101 after 0s
2026-09-30T18:25:50 CloseActiveDrawing (after SP_M.CU_PG3_11X17.cs)
2026-09-30T18:25:50 drawings 100 → 101 after SP_M.CU_PG3_11X17.cs fallbackInsert=no
2026-09-30T18:25:50 CloseActiveDrawing (between batches)
2026-09-30T18:25:50 smoke: skipped beams and floor GA
2026-09-30T18:25:50 session drawings 98 → 101 after smoke macros
2026-09-30T18:46:58 CloseActiveDrawing (RunMacros start)
2026-09-30T18:46:58 bundled macros src=C:\Users\ASUS\Desktop\2d_tekla\bin\Release\net48\LocalMacros dest=D:\design_\Paisley\Paisley_Exam\Paisley_Exam\macros\modeling
2026-09-30T18:46:58 already in model: AutoCompressAndEdit11x17.cs
2026-09-30T18:46:58 already in model: SP_M.ASSEMBLY_standard.cs
2026-09-30T18:46:58 already in model: SP_M.BM_SET_11x17.cs
2026-09-30T18:46:58 already in model: SP_M.CU_PG1_11X17.cs
2026-09-30T18:46:58 already in model: SP_M.CU_PG2_11X17.cs
2026-09-30T18:46:58 already in model: SP_M.CU_PG3_11X17.cs
2026-09-30T18:46:58 already in model: SP_M.GA_EXP_GA_STD.cs
2026-09-30T18:46:58 already in model: SP_M.SINGLE_standard.cs
2026-09-30T18:46:58 === session mode=smoke mark=W10-175 ===
2026-09-30T18:46:58 model=Paisley_Exam.db1 path=D:\design_\Paisley\Paisley_Exam\Paisley_Exam
2026-09-30T18:46:58 macros.log=C:\Users\ASUS\Desktop\2d_tekla\Export\CivilDrawings\new with macros\macros.log
2026-09-30T18:46:58 if AKIT dies inside Tekla, check C:\Users\ASUS\AppData\Local\Trimble\TeklaStructures\2026.0\logs and the Tekla session log
2026-09-30T18:46:58 session drawings before macros=98
2026-09-30T18:47:35 WALL=1 COLUMN=0 BEAM=0 mark=W10-175 (precast only; hollowcore/insulation/formliner skipped)
2026-09-30T18:47:35 smoke hardware CU batch 1/1 n=1
2026-09-30T18:47:35 CloseActiveDrawing (before smoke hardware CU batch 1)
2026-09-30T18:47:36 Select n=1 ok=True
2026-09-30T18:47:36 CommitChanges after select
2026-09-30T18:47:38 RunMacro SP_M.CU_PG1_11X17.cs (smoke hardware CU batch 1, n=1, marks=W10-175, drawingsBefore=98)
2026-09-30T18:47:38 trying SP_M.CU_PG1_11X17.cs
2026-09-30T18:47:47 RunMacro bool=True path=SP_M.CU_PG1_11X17.cs
2026-09-30T18:47:47 started SP_M.CU_PG1_11X17.cs
2026-09-30T18:47:47 wait SP_M.CU_PG1_11X17.cs t=0s IsMacroRunning=False drawings=99 (need > 98)
2026-09-30T18:47:49 CloseActiveDrawing (new sheet from SP_M.CU_PG1_11X17.cs)
2026-09-30T18:47:49 drawing-count delta 98 → 99 after 0s
2026-09-30T18:47:49 CloseActiveDrawing (after SP_M.CU_PG1_11X17.cs)
2026-09-30T18:47:49 drawings 98 → 99 after SP_M.CU_PG1_11X17.cs fallbackInsert=no
2026-09-30T18:47:49 CloseActiveDrawing (between batches)
2026-09-30T18:47:49 smoke rebar placing CU batch 1/1 n=1
2026-09-30T18:47:49 CloseActiveDrawing (before smoke rebar placing CU batch 1)
2026-09-30T18:47:49 Select n=1 ok=True
2026-09-30T18:47:49 CommitChanges after select
2026-09-30T18:47:49 RunMacro SP_M.CU_PG2_11X17.cs (smoke rebar placing CU batch 1, n=1, marks=W10-175, drawingsBefore=99)
2026-09-30T18:47:49 trying SP_M.CU_PG2_11X17.cs
2026-09-30T18:48:00 RunMacro bool=True path=SP_M.CU_PG2_11X17.cs
2026-09-30T18:48:00 started SP_M.CU_PG2_11X17.cs
2026-09-30T18:48:00 wait SP_M.CU_PG2_11X17.cs t=0s IsMacroRunning=False drawings=100 (need > 99)
2026-09-30T18:48:01 CloseActiveDrawing (new sheet from SP_M.CU_PG2_11X17.cs)
2026-09-30T18:48:01 drawing-count delta 99 → 100 after 0s
2026-09-30T18:48:01 CloseActiveDrawing (after SP_M.CU_PG2_11X17.cs)
2026-09-30T18:48:01 drawings 99 → 100 after SP_M.CU_PG2_11X17.cs fallbackInsert=no
2026-09-30T18:48:01 CloseActiveDrawing (between batches)
2026-09-30T18:48:01 smoke rebar table CU batch 1/1 n=1
2026-09-30T18:48:01 CloseActiveDrawing (before smoke rebar table CU batch 1)
2026-09-30T18:48:01 Select n=1 ok=True
2026-09-30T18:48:01 CommitChanges after select
2026-09-30T18:48:02 RunMacro SP_M.CU_PG3_11X17.cs (smoke rebar table CU batch 1, n=1, marks=W10-175, drawingsBefore=100)
2026-09-30T18:48:02 trying SP_M.CU_PG3_11X17.cs
2026-09-30T18:48:04 RunMacro bool=True path=SP_M.CU_PG3_11X17.cs
2026-09-30T18:48:04 started SP_M.CU_PG3_11X17.cs
2026-09-30T18:48:04 wait SP_M.CU_PG3_11X17.cs t=0s IsMacroRunning=False drawings=101 (need > 100)
2026-09-30T18:48:05 CloseActiveDrawing (new sheet from SP_M.CU_PG3_11X17.cs)
2026-09-30T18:48:05 drawing-count delta 100 → 101 after 0s
2026-09-30T18:48:05 CloseActiveDrawing (after SP_M.CU_PG3_11X17.cs)
2026-09-30T18:48:05 drawings 100 → 101 after SP_M.CU_PG3_11X17.cs fallbackInsert=no
2026-09-30T18:48:05 CloseActiveDrawing (between batches)
2026-09-30T18:48:05 smoke: skipped beams and floor GA
2026-09-30T18:48:05 session drawings 98 → 101 after smoke macros
2026-09-30T19:07:12 CloseActiveDrawing (RunMacros start)
2026-09-30T19:07:12 bundled macros src=C:\Users\ASUS\Desktop\2d_tekla\bin\Release\net48\LocalMacros dest=D:\design_\Paisley\Paisley_Exam\Paisley_Exam\macros\modeling
2026-09-30T19:07:12 already in model: AutoCompressAndEdit11x17.cs
2026-09-30T19:07:12 already in model: SP_M.ASSEMBLY_standard.cs
2026-09-30T19:07:12 already in model: SP_M.BM_SET_11x17.cs
2026-09-30T19:07:12 already in model: SP_M.CU_PG1_11X17.cs
2026-09-30T19:07:12 already in model: SP_M.CU_PG2_11X17.cs
2026-09-30T19:07:12 already in model: SP_M.CU_PG3_11X17.cs
2026-09-30T19:07:12 already in model: SP_M.GA_EXP_GA_STD.cs
2026-09-30T19:07:12 already in model: SP_M.SINGLE_standard.cs
2026-09-30T19:07:12 === session mode=smoke mark=W10-175 ===
2026-09-30T19:07:12 model=Paisley_Exam.db1 path=D:\design_\Paisley\Paisley_Exam\Paisley_Exam
2026-09-30T19:07:12 macros.log=C:\Users\ASUS\Desktop\2d_tekla\Export\CivilDrawings\new with macros\macros.log
2026-09-30T19:07:12 if AKIT dies inside Tekla, check C:\Users\ASUS\AppData\Local\Trimble\TeklaStructures\2026.0\logs and the Tekla session log
2026-09-30T19:07:12 session drawings before macros=98
2026-09-30T19:07:49 WALL=1 COLUMN=0 BEAM=0 mark=W10-175 (precast only; hollowcore/insulation/formliner skipped)
2026-09-30T19:07:49 smoke hardware CU batch 1/1 n=1
2026-09-30T19:07:49 CloseActiveDrawing (before smoke hardware CU batch 1)
2026-09-30T19:07:49 Select n=1 ok=True
2026-09-30T19:07:49 CommitChanges after select
2026-09-30T19:07:50 RunMacro SP_M.CU_PG1_11X17.cs (smoke hardware CU batch 1, n=1, marks=W10-175, drawingsBefore=98)
2026-09-30T19:07:50 trying SP_M.CU_PG1_11X17.cs
2026-09-30T19:08:03 RunMacro bool=True path=SP_M.CU_PG1_11X17.cs
2026-09-30T19:08:03 started SP_M.CU_PG1_11X17.cs
2026-09-30T19:08:03 wait SP_M.CU_PG1_11X17.cs t=0s IsMacroRunning=False drawings=99 (need > 98)
2026-09-30T19:08:04 CloseActiveDrawing (new sheet from SP_M.CU_PG1_11X17.cs)
2026-09-30T19:08:04 drawing-count delta 98 → 99 after 0s
2026-09-30T19:08:04 CloseActiveDrawing (after SP_M.CU_PG1_11X17.cs)
2026-09-30T19:08:04 drawings 98 → 99 after SP_M.CU_PG1_11X17.cs fallbackInsert=no
2026-09-30T19:08:04 CloseActiveDrawing (between batches)
2026-09-30T19:08:04 smoke rebar placing CU batch 1/1 n=1
2026-09-30T19:08:04 CloseActiveDrawing (before smoke rebar placing CU batch 1)
2026-09-30T19:08:04 Select n=1 ok=True
2026-09-30T19:08:04 CommitChanges after select
2026-09-30T19:08:05 RunMacro SP_M.CU_PG2_11X17.cs (smoke rebar placing CU batch 1, n=1, marks=W10-175, drawingsBefore=99)
2026-09-30T19:08:05 trying SP_M.CU_PG2_11X17.cs
2026-09-30T19:08:15 RunMacro bool=True path=SP_M.CU_PG2_11X17.cs
2026-09-30T19:08:15 started SP_M.CU_PG2_11X17.cs
2026-09-30T19:08:15 wait SP_M.CU_PG2_11X17.cs t=0s IsMacroRunning=False drawings=100 (need > 99)
2026-09-30T19:08:17 CloseActiveDrawing (new sheet from SP_M.CU_PG2_11X17.cs)
2026-09-30T19:08:17 drawing-count delta 99 → 100 after 0s
2026-09-30T19:08:17 CloseActiveDrawing (after SP_M.CU_PG2_11X17.cs)
2026-09-30T19:08:17 drawings 99 → 100 after SP_M.CU_PG2_11X17.cs fallbackInsert=no
2026-09-30T19:08:17 CloseActiveDrawing (between batches)
2026-09-30T19:08:17 smoke rebar table CU batch 1/1 n=1
2026-09-30T19:08:17 CloseActiveDrawing (before smoke rebar table CU batch 1)
2026-09-30T19:08:17 Select n=1 ok=True
2026-09-30T19:08:17 CommitChanges after select
2026-09-30T19:08:17 RunMacro SP_M.CU_PG3_11X17.cs (smoke rebar table CU batch 1, n=1, marks=W10-175, drawingsBefore=100)
2026-09-30T19:08:17 trying SP_M.CU_PG3_11X17.cs
2026-09-30T19:08:19 RunMacro bool=True path=SP_M.CU_PG3_11X17.cs
2026-09-30T19:08:19 started SP_M.CU_PG3_11X17.cs
2026-09-30T19:08:19 wait SP_M.CU_PG3_11X17.cs t=0s IsMacroRunning=False drawings=101 (need > 100)
2026-09-30T19:08:21 CloseActiveDrawing (new sheet from SP_M.CU_PG3_11X17.cs)
2026-09-30T19:08:21 drawing-count delta 100 → 101 after 0s
2026-09-30T19:08:21 CloseActiveDrawing (after SP_M.CU_PG3_11X17.cs)
2026-09-30T19:08:21 drawings 100 → 101 after SP_M.CU_PG3_11X17.cs fallbackInsert=no
2026-09-30T19:08:21 CloseActiveDrawing (between batches)
2026-09-30T19:08:21 smoke: skipped beams and floor GA
2026-09-30T19:08:21 session drawings 98 → 101 after smoke macros
2026-09-30T19:20:02 CloseActiveDrawing (RunMacros start)
2026-09-30T19:20:02 bundled macros src=C:\Users\ASUS\Desktop\2d_tekla\bin\Release\net48\LocalMacros dest=D:\design_\Paisley\Paisley_Exam\Paisley_Exam\macros\modeling
2026-09-30T19:20:02 already in model: AutoCompressAndEdit11x17.cs
2026-09-30T19:20:02 already in model: SP_M.ASSEMBLY_standard.cs
2026-09-30T19:20:02 already in model: SP_M.BM_SET_11x17.cs
2026-09-30T19:20:02 already in model: SP_M.CU_PG1_11X17.cs
2026-09-30T19:20:02 already in model: SP_M.CU_PG2_11X17.cs
2026-09-30T19:20:02 already in model: SP_M.CU_PG3_11X17.cs
2026-09-30T19:20:02 already in model: SP_M.GA_EXP_GA_STD.cs
2026-09-30T19:20:02 already in model: SP_M.SINGLE_standard.cs
2026-09-30T19:20:02 === session mode=smoke mark=W10-175 ===
2026-09-30T19:20:02 model=Paisley_Exam.db1 path=D:\design_\Paisley\Paisley_Exam\Paisley_Exam
2026-09-30T19:20:02 macros.log=C:\Users\ASUS\Desktop\2d_tekla\Export\CivilDrawings\new with macros\macros.log
2026-09-30T19:20:02 if AKIT dies inside Tekla, check C:\Users\ASUS\AppData\Local\Trimble\TeklaStructures\2026.0\logs and the Tekla session log
2026-09-30T19:20:02 session drawings before macros=98
2026-09-30T19:20:14 WALL=1 COLUMN=0 BEAM=0 mark=W10-175 (precast only; hollowcore/insulation/formliner skipped)
2026-09-30T19:20:14 smoke hardware CU batch 1/1 n=1
2026-09-30T19:20:14 CloseActiveDrawing (before smoke hardware CU batch 1)
2026-09-30T19:20:14 Select n=1 ok=True
2026-09-30T19:20:14 CommitChanges after select
2026-09-30T19:20:15 RunMacro SP_M.CU_PG1_11X17.cs (smoke hardware CU batch 1, n=1, marks=W10-175, drawingsBefore=98)
2026-09-30T19:20:15 trying SP_M.CU_PG1_11X17.cs
2026-09-30T19:20:25 RunMacro bool=True path=SP_M.CU_PG1_11X17.cs
2026-09-30T19:20:25 started SP_M.CU_PG1_11X17.cs
2026-09-30T19:20:25 wait SP_M.CU_PG1_11X17.cs t=0s IsMacroRunning=False drawings=99 (need > 98)
2026-09-30T19:20:26 CloseActiveDrawing (new sheet from SP_M.CU_PG1_11X17.cs)
2026-09-30T19:20:26 drawing-count delta 98 → 99 after 0s
2026-09-30T19:20:26 CloseActiveDrawing (after SP_M.CU_PG1_11X17.cs)
2026-09-30T19:20:26 drawings 98 → 99 after SP_M.CU_PG1_11X17.cs fallbackInsert=no
2026-09-30T19:20:26 CloseActiveDrawing (between batches)
2026-09-30T19:20:26 smoke rebar placing CU batch 1/1 n=1
2026-09-30T19:20:26 CloseActiveDrawing (before smoke rebar placing CU batch 1)
2026-09-30T19:20:26 Select n=1 ok=True
2026-09-30T19:20:26 CommitChanges after select
2026-09-30T19:20:27 RunMacro SP_M.CU_PG2_11X17.cs (smoke rebar placing CU batch 1, n=1, marks=W10-175, drawingsBefore=99)
2026-09-30T19:20:27 trying SP_M.CU_PG2_11X17.cs
2026-09-30T19:20:38 RunMacro bool=True path=SP_M.CU_PG2_11X17.cs
2026-09-30T19:20:38 started SP_M.CU_PG2_11X17.cs
2026-09-30T19:20:38 wait SP_M.CU_PG2_11X17.cs t=0s IsMacroRunning=False drawings=100 (need > 99)
2026-09-30T19:20:40 CloseActiveDrawing (new sheet from SP_M.CU_PG2_11X17.cs)
2026-09-30T19:20:40 drawing-count delta 99 → 100 after 0s
2026-09-30T19:20:40 CloseActiveDrawing (after SP_M.CU_PG2_11X17.cs)
2026-09-30T19:20:40 drawings 99 → 100 after SP_M.CU_PG2_11X17.cs fallbackInsert=no
2026-09-30T19:20:40 CloseActiveDrawing (between batches)
2026-09-30T19:20:40 smoke rebar table CU batch 1/1 n=1
2026-09-30T19:20:40 CloseActiveDrawing (before smoke rebar table CU batch 1)
2026-09-30T19:20:40 Select n=1 ok=True
2026-09-30T19:20:40 CommitChanges after select
2026-09-30T19:20:40 RunMacro SP_M.CU_PG3_11X17.cs (smoke rebar table CU batch 1, n=1, marks=W10-175, drawingsBefore=100)
2026-09-30T19:20:40 trying SP_M.CU_PG3_11X17.cs
2026-09-30T19:20:42 RunMacro bool=True path=SP_M.CU_PG3_11X17.cs
2026-09-30T19:20:42 started SP_M.CU_PG3_11X17.cs
2026-09-30T19:20:43 wait SP_M.CU_PG3_11X17.cs t=0s IsMacroRunning=False drawings=101 (need > 100)
2026-09-30T19:20:44 CloseActiveDrawing (new sheet from SP_M.CU_PG3_11X17.cs)
2026-09-30T19:20:44 drawing-count delta 100 → 101 after 0s
2026-09-30T19:20:44 CloseActiveDrawing (after SP_M.CU_PG3_11X17.cs)
2026-09-30T19:20:44 drawings 100 → 101 after SP_M.CU_PG3_11X17.cs fallbackInsert=no
2026-09-30T19:20:44 CloseActiveDrawing (between batches)
2026-09-30T19:20:44 smoke: skipped beams and floor GA
2026-09-30T19:20:44 session drawings 98 → 101 after smoke macros
2026-09-30T20:19:04 CloseActiveDrawing (RunMacros start)
2026-09-30T20:19:04 bundled macros src=C:\Users\ASUS\Desktop\2d_tekla\bin\Release\net48\LocalMacros dest=D:\design_\Paisley\Paisley_Exam\Paisley_Exam\macros\modeling
2026-09-30T20:19:04 already in model: AutoCompressAndEdit11x17.cs
2026-09-30T20:19:04 already in model: SP_M.ASSEMBLY_standard.cs
2026-09-30T20:19:04 already in model: SP_M.BM_SET_11x17.cs
2026-09-30T20:19:04 already in model: SP_M.CU_PG1_11X17.cs
2026-09-30T20:19:04 already in model: SP_M.CU_PG2_11X17.cs
2026-09-30T20:19:04 already in model: SP_M.CU_PG3_11X17.cs
2026-09-30T20:19:04 already in model: SP_M.GA_EXP_GA_STD.cs
2026-09-30T20:19:04 already in model: SP_M.SINGLE_standard.cs
2026-09-30T20:19:04 === session mode=smoke mark=W10-175 ===
2026-09-30T20:19:04 model=Paisley_Exam.db1 path=D:\design_\Paisley\Paisley_Exam\Paisley_Exam
2026-09-30T20:19:04 macros.log=C:\Users\ASUS\Desktop\2d_tekla\Export\CivilDrawings\new with macros\macros.log
2026-09-30T20:19:04 if AKIT dies inside Tekla, check C:\Users\ASUS\AppData\Local\Trimble\TeklaStructures\2026.0\logs and the Tekla session log
2026-09-30T20:19:04 session drawings before macros=98
2026-09-30T20:19:12 WALL=1 COLUMN=0 BEAM=0 mark=W10-175 (precast only; hollowcore/insulation/formliner skipped)
2026-09-30T20:19:12 smoke hardware CU batch 1/1 n=1
2026-09-30T20:19:12 CloseActiveDrawing (before smoke hardware CU batch 1)
2026-09-30T20:19:12 Select n=1 ok=True
2026-09-30T20:19:12 CommitChanges after select
2026-09-30T20:19:13 RunMacro SP_M.CU_PG1_11X17.cs (smoke hardware CU batch 1, n=1, marks=W10-175, drawingsBefore=98)
2026-09-30T20:19:13 trying SP_M.CU_PG1_11X17.cs
2026-09-30T20:19:25 RunMacro bool=True path=SP_M.CU_PG1_11X17.cs
2026-09-30T20:19:25 started SP_M.CU_PG1_11X17.cs
2026-09-30T20:19:25 wait SP_M.CU_PG1_11X17.cs t=0s IsMacroRunning=False drawings=99 (need > 98)
2026-09-30T20:19:27 CloseActiveDrawing (new sheet from SP_M.CU_PG1_11X17.cs)
2026-09-30T20:19:27 drawing-count delta 98 → 99 after 0s
2026-09-30T20:19:27 CloseActiveDrawing (after SP_M.CU_PG1_11X17.cs)
2026-09-30T20:19:27 drawings 98 → 99 after SP_M.CU_PG1_11X17.cs fallbackInsert=no
2026-09-30T20:19:27 CloseActiveDrawing (between batches)
2026-09-30T20:19:27 smoke rebar placing CU batch 1/1 n=1
2026-09-30T20:19:27 CloseActiveDrawing (before smoke rebar placing CU batch 1)
2026-09-30T20:19:27 Select n=1 ok=True
2026-09-30T20:19:27 CommitChanges after select
2026-09-30T20:19:27 RunMacro SP_M.CU_PG2_11X17.cs (smoke rebar placing CU batch 1, n=1, marks=W10-175, drawingsBefore=99)
2026-09-30T20:19:27 trying SP_M.CU_PG2_11X17.cs
2026-09-30T20:19:35 RunMacro bool=True path=SP_M.CU_PG2_11X17.cs
2026-09-30T20:19:35 started SP_M.CU_PG2_11X17.cs
2026-09-30T20:19:35 wait SP_M.CU_PG2_11X17.cs t=0s IsMacroRunning=False drawings=100 (need > 99)
2026-09-30T20:19:37 CloseActiveDrawing (new sheet from SP_M.CU_PG2_11X17.cs)
2026-09-30T20:19:37 drawing-count delta 99 → 100 after 0s
2026-09-30T20:19:37 CloseActiveDrawing (after SP_M.CU_PG2_11X17.cs)
2026-09-30T20:19:37 drawings 99 → 100 after SP_M.CU_PG2_11X17.cs fallbackInsert=no
2026-09-30T20:19:37 CloseActiveDrawing (between batches)
2026-09-30T20:19:37 smoke rebar table CU batch 1/1 n=1
2026-09-30T20:19:37 CloseActiveDrawing (before smoke rebar table CU batch 1)
2026-09-30T20:19:37 Select n=1 ok=True
2026-09-30T20:19:37 CommitChanges after select
2026-09-30T20:19:37 RunMacro SP_M.CU_PG3_11X17.cs (smoke rebar table CU batch 1, n=1, marks=W10-175, drawingsBefore=100)
2026-09-30T20:19:37 trying SP_M.CU_PG3_11X17.cs
2026-09-30T20:19:39 RunMacro bool=True path=SP_M.CU_PG3_11X17.cs
2026-09-30T20:19:39 started SP_M.CU_PG3_11X17.cs
2026-09-30T20:19:39 wait SP_M.CU_PG3_11X17.cs t=0s IsMacroRunning=False drawings=101 (need > 100)
2026-09-30T20:19:41 CloseActiveDrawing (new sheet from SP_M.CU_PG3_11X17.cs)
2026-09-30T20:19:41 drawing-count delta 100 → 101 after 0s
2026-09-30T20:19:41 CloseActiveDrawing (after SP_M.CU_PG3_11X17.cs)
2026-09-30T20:19:41 drawings 100 → 101 after SP_M.CU_PG3_11X17.cs fallbackInsert=no
2026-09-30T20:19:41 CloseActiveDrawing (between batches)
2026-09-30T20:19:41 smoke: skipped beams and floor GA
2026-09-30T20:19:41 session drawings 98 → 101 after smoke macros
2026-09-30T23:51:45 CloseActiveDrawing (RunMacros start)
2026-09-30T23:51:45 bundled macros src=C:\Users\ASUS\Desktop\2d_tekla\bin\Release\net48\LocalMacros dest=D:\design_\Paisley\Paisley_Exam\Paisley_Exam\macros\modeling
2026-09-30T23:51:45 already in model: AutoCompressAndEdit11x17.cs
2026-09-30T23:51:45 already in model: SP_M.ASSEMBLY_standard.cs
2026-09-30T23:51:45 already in model: SP_M.BM_SET_11x17.cs
2026-09-30T23:51:45 already in model: SP_M.CU_PG1_11X17.cs
2026-09-30T23:51:45 already in model: SP_M.CU_PG2_11X17.cs
2026-09-30T23:51:45 already in model: SP_M.CU_PG3_11X17.cs
2026-09-30T23:51:45 already in model: SP_M.GA_EXP_GA_STD.cs
2026-09-30T23:51:45 already in model: SP_M.SINGLE_standard.cs
2026-09-30T23:51:45 === session mode=smoke mark=W10-175 ===
2026-09-30T23:51:45 model=Paisley_Exam.db1 path=D:\design_\Paisley\Paisley_Exam\Paisley_Exam
2026-09-30T23:51:45 macros.log=C:\Users\ASUS\Desktop\2d_tekla\Export\CivilDrawings\new with macros\macros.log
2026-09-30T23:51:45 if AKIT dies inside Tekla, check C:\Users\ASUS\AppData\Local\Trimble\TeklaStructures\2026.0\logs and the Tekla session log
2026-09-30T23:51:45 session drawings before macros=98
2026-09-30T23:52:10 WALL=1 COLUMN=0 BEAM=0 mark=W10-175 (precast only; hollowcore/insulation/formliner skipped)
2026-09-30T23:52:11 smoke hardware CU batch 1/1 n=1
2026-09-30T23:52:11 CloseActiveDrawing (before smoke hardware CU batch 1)
2026-09-30T23:52:11 Select n=1 ok=True
2026-09-30T23:52:11 CommitChanges after select
2026-09-30T23:52:11 RunMacro SP_M.CU_PG1_11X17.cs (smoke hardware CU batch 1, n=1, marks=W10-175, drawingsBefore=98)
2026-09-30T23:52:11 trying SP_M.CU_PG1_11X17.cs
2026-09-30T23:52:17 RunMacro bool=True path=SP_M.CU_PG1_11X17.cs
2026-09-30T23:52:17 started SP_M.CU_PG1_11X17.cs
2026-09-30T23:52:17 wait SP_M.CU_PG1_11X17.cs t=0s IsMacroRunning=False drawings=99 (need > 98)
2026-09-30T23:52:19 CloseActiveDrawing (new sheet from SP_M.CU_PG1_11X17.cs)
2026-09-30T23:52:19 drawing-count delta 98 → 99 after 0s
2026-09-30T23:52:19 CloseActiveDrawing (after SP_M.CU_PG1_11X17.cs)
2026-09-30T23:52:19 drawings 98 → 99 after SP_M.CU_PG1_11X17.cs fallbackInsert=no
2026-09-30T23:52:19 CloseActiveDrawing (between batches)
2026-09-30T23:52:19 smoke rebar placing CU batch 1/1 n=1
2026-09-30T23:52:19 CloseActiveDrawing (before smoke rebar placing CU batch 1)
2026-09-30T23:52:19 Select n=1 ok=True
2026-09-30T23:52:19 CommitChanges after select
2026-09-30T23:52:19 RunMacro SP_M.CU_PG2_11X17.cs (smoke rebar placing CU batch 1, n=1, marks=W10-175, drawingsBefore=99)
2026-09-30T23:52:19 trying SP_M.CU_PG2_11X17.cs
2026-09-30T23:52:26 RunMacro bool=True path=SP_M.CU_PG2_11X17.cs
2026-09-30T23:52:26 started SP_M.CU_PG2_11X17.cs
2026-09-30T23:52:26 wait SP_M.CU_PG2_11X17.cs t=0s IsMacroRunning=False drawings=100 (need > 99)
2026-09-30T23:52:27 CloseActiveDrawing (new sheet from SP_M.CU_PG2_11X17.cs)
2026-09-30T23:52:27 drawing-count delta 99 → 100 after 0s
2026-09-30T23:52:27 CloseActiveDrawing (after SP_M.CU_PG2_11X17.cs)
2026-09-30T23:52:27 drawings 99 → 100 after SP_M.CU_PG2_11X17.cs fallbackInsert=no
2026-09-30T23:52:27 CloseActiveDrawing (between batches)
2026-09-30T23:52:27 smoke rebar table CU batch 1/1 n=1
2026-09-30T23:52:27 CloseActiveDrawing (before smoke rebar table CU batch 1)
2026-09-30T23:52:27 Select n=1 ok=True
2026-09-30T23:52:28 CommitChanges after select
2026-09-30T23:52:28 RunMacro SP_M.CU_PG3_11X17.cs (smoke rebar table CU batch 1, n=1, marks=W10-175, drawingsBefore=100)
2026-09-30T23:52:28 trying SP_M.CU_PG3_11X17.cs
2026-09-30T23:52:29 RunMacro bool=True path=SP_M.CU_PG3_11X17.cs
2026-09-30T23:52:29 started SP_M.CU_PG3_11X17.cs
2026-09-30T23:52:29 wait SP_M.CU_PG3_11X17.cs t=0s IsMacroRunning=False drawings=101 (need > 100)
2026-09-30T23:52:31 CloseActiveDrawing (new sheet from SP_M.CU_PG3_11X17.cs)
2026-09-30T23:52:31 drawing-count delta 100 → 101 after 0s
2026-09-30T23:52:31 CloseActiveDrawing (after SP_M.CU_PG3_11X17.cs)
2026-09-30T23:52:31 drawings 100 → 101 after SP_M.CU_PG3_11X17.cs fallbackInsert=no
2026-09-30T23:52:31 CloseActiveDrawing (between batches)
2026-09-30T23:52:31 smoke: skipped beams and floor GA
2026-09-30T23:52:31 session drawings 98 → 101 after smoke macros
2026-10-01T00:03:55 CloseActiveDrawing (RunMacros start)
2026-10-01T00:03:55 bundled macros src=C:\Users\ASUS\Desktop\2d_tekla\bin\Release\net48\LocalMacros dest=D:\design_\Paisley\Paisley_Exam\Paisley_Exam\macros\modeling
2026-10-01T00:03:55 already in model: AutoCompressAndEdit11x17.cs
2026-10-01T00:03:55 already in model: SP_M.ASSEMBLY_standard.cs
2026-10-01T00:03:55 already in model: SP_M.BM_SET_11x17.cs
2026-10-01T00:03:55 already in model: SP_M.CU_PG1_11X17.cs
2026-10-01T00:03:55 already in model: SP_M.CU_PG2_11X17.cs
2026-10-01T00:03:55 already in model: SP_M.CU_PG3_11X17.cs
2026-10-01T00:03:55 already in model: SP_M.GA_EXP_GA_STD.cs
2026-10-01T00:03:55 already in model: SP_M.SINGLE_standard.cs
2026-10-01T00:03:55 === session mode=smoke mark=W10-175 ===
2026-10-01T00:03:55 model=Paisley_Exam.db1 path=D:\design_\Paisley\Paisley_Exam\Paisley_Exam
2026-10-01T00:03:55 macros.log=C:\Users\ASUS\Desktop\2d_tekla\Export\CivilDrawings\new with macros\macros.log
2026-10-01T00:03:55 if AKIT dies inside Tekla, check C:\Users\ASUS\AppData\Local\Trimble\TeklaStructures\2026.0\logs and the Tekla session log
2026-10-01T00:03:55 session drawings before macros=98
2026-10-01T00:04:04 WALL=1 COLUMN=0 BEAM=0 mark=W10-175 (precast only; hollowcore/insulation/formliner skipped)
2026-10-01T00:04:04 smoke hardware CU batch 1/1 n=1
2026-10-01T00:04:04 CloseActiveDrawing (before smoke hardware CU batch 1)
2026-10-01T00:04:04 Select n=1 ok=True
2026-10-01T00:04:04 CommitChanges after select
2026-10-01T00:04:05 RunMacro SP_M.CU_PG1_11X17.cs (smoke hardware CU batch 1, n=1, marks=W10-175, drawingsBefore=98)
2026-10-01T00:04:05 trying SP_M.CU_PG1_11X17.cs
2026-10-01T00:04:11 RunMacro bool=True path=SP_M.CU_PG1_11X17.cs
2026-10-01T00:04:11 started SP_M.CU_PG1_11X17.cs
2026-10-01T00:04:11 wait SP_M.CU_PG1_11X17.cs t=0s IsMacroRunning=False drawings=99 (need > 98)
2026-10-01T00:04:12 CloseActiveDrawing (new sheet from SP_M.CU_PG1_11X17.cs)
2026-10-01T00:04:12 drawing-count delta 98 → 99 after 0s
2026-10-01T00:04:12 CloseActiveDrawing (after SP_M.CU_PG1_11X17.cs)
2026-10-01T00:04:12 drawings 98 → 99 after SP_M.CU_PG1_11X17.cs fallbackInsert=no
2026-10-01T00:04:12 CloseActiveDrawing (between batches)
2026-10-01T00:04:12 smoke rebar placing CU batch 1/1 n=1
2026-10-01T00:04:12 CloseActiveDrawing (before smoke rebar placing CU batch 1)
2026-10-01T00:04:12 Select n=1 ok=True
2026-10-01T00:04:12 CommitChanges after select
2026-10-01T00:04:13 RunMacro SP_M.CU_PG2_11X17.cs (smoke rebar placing CU batch 1, n=1, marks=W10-175, drawingsBefore=99)
2026-10-01T00:04:13 trying SP_M.CU_PG2_11X17.cs
2026-10-01T00:04:20 RunMacro bool=True path=SP_M.CU_PG2_11X17.cs
2026-10-01T00:04:20 started SP_M.CU_PG2_11X17.cs
2026-10-01T00:04:20 wait SP_M.CU_PG2_11X17.cs t=0s IsMacroRunning=False drawings=100 (need > 99)
2026-10-01T00:04:21 CloseActiveDrawing (new sheet from SP_M.CU_PG2_11X17.cs)
2026-10-01T00:04:21 drawing-count delta 99 → 100 after 0s
2026-10-01T00:04:21 CloseActiveDrawing (after SP_M.CU_PG2_11X17.cs)
2026-10-01T00:04:21 drawings 99 → 100 after SP_M.CU_PG2_11X17.cs fallbackInsert=no
2026-10-01T00:04:21 CloseActiveDrawing (between batches)
2026-10-01T00:04:21 smoke rebar table CU batch 1/1 n=1
2026-10-01T00:04:21 CloseActiveDrawing (before smoke rebar table CU batch 1)
2026-10-01T00:04:21 Select n=1 ok=True
2026-10-01T00:04:21 CommitChanges after select
2026-10-01T00:04:22 RunMacro SP_M.CU_PG3_11X17.cs (smoke rebar table CU batch 1, n=1, marks=W10-175, drawingsBefore=100)
2026-10-01T00:04:22 trying SP_M.CU_PG3_11X17.cs
2026-10-01T00:04:23 RunMacro bool=True path=SP_M.CU_PG3_11X17.cs
2026-10-01T00:04:23 started SP_M.CU_PG3_11X17.cs
2026-10-01T00:04:23 wait SP_M.CU_PG3_11X17.cs t=0s IsMacroRunning=False drawings=101 (need > 100)
2026-10-01T00:04:24 CloseActiveDrawing (new sheet from SP_M.CU_PG3_11X17.cs)
2026-10-01T00:04:24 drawing-count delta 100 → 101 after 0s
2026-10-01T00:04:24 CloseActiveDrawing (after SP_M.CU_PG3_11X17.cs)
2026-10-01T00:04:24 drawings 100 → 101 after SP_M.CU_PG3_11X17.cs fallbackInsert=no
2026-10-01T00:04:24 CloseActiveDrawing (between batches)
2026-10-01T00:04:24 smoke: skipped beams and floor GA
2026-10-01T00:04:24 session drawings 98 → 101 after smoke macros
2026-10-01T00:22:06 CloseActiveDrawing (RunMacros start)
2026-10-01T00:22:06 bundled macros src=C:\Users\ASUS\Desktop\2d_tekla\bin\Release\net48\LocalMacros dest=D:\design_\Paisley\Paisley_Exam\Paisley_Exam\macros\modeling
2026-10-01T00:22:06 already in model: AutoCompressAndEdit11x17.cs
2026-10-01T00:22:06 already in model: SP_M.ASSEMBLY_standard.cs
2026-10-01T00:22:06 already in model: SP_M.BM_SET_11x17.cs
2026-10-01T00:22:06 already in model: SP_M.CU_PG1_11X17.cs
2026-10-01T00:22:06 already in model: SP_M.CU_PG2_11X17.cs
2026-10-01T00:22:06 already in model: SP_M.CU_PG3_11X17.cs
2026-10-01T00:22:06 already in model: SP_M.GA_EXP_GA_STD.cs
2026-10-01T00:22:06 already in model: SP_M.SINGLE_standard.cs
2026-10-01T00:22:06 === session mode=smoke mark=W10-175 ===
2026-10-01T00:22:06 model=Paisley_Exam.db1 path=D:\design_\Paisley\Paisley_Exam\Paisley_Exam
2026-10-01T00:22:06 macros.log=C:\Users\ASUS\Desktop\2d_tekla\Export\CivilDrawings\new with macros\macros.log
2026-10-01T00:22:06 if AKIT dies inside Tekla, check C:\Users\ASUS\AppData\Local\Trimble\TeklaStructures\2026.0\logs and the Tekla session log
2026-10-01T00:22:06 session drawings before macros=98
2026-10-01T00:22:16 WALL=1 COLUMN=0 BEAM=0 mark=W10-175 (precast only; hollowcore/insulation/formliner skipped)
2026-10-01T00:22:16 smoke hardware CU batch 1/1 n=1
2026-10-01T00:22:16 CloseActiveDrawing (before smoke hardware CU batch 1)
2026-10-01T00:22:16 Select n=1 ok=True
2026-10-01T00:22:16 CommitChanges after select
2026-10-01T00:22:16 RunMacro SP_M.CU_PG1_11X17.cs (smoke hardware CU batch 1, n=1, marks=W10-175, drawingsBefore=98)
2026-10-01T00:22:16 trying SP_M.CU_PG1_11X17.cs
2026-10-01T00:22:22 RunMacro bool=True path=SP_M.CU_PG1_11X17.cs
2026-10-01T00:22:22 started SP_M.CU_PG1_11X17.cs
2026-10-01T00:22:22 wait SP_M.CU_PG1_11X17.cs t=0s IsMacroRunning=False drawings=99 (need > 98)
2026-10-01T00:22:24 CloseActiveDrawing (new sheet from SP_M.CU_PG1_11X17.cs)
2026-10-01T00:22:24 drawing-count delta 98 → 99 after 0s
2026-10-01T00:22:24 CloseActiveDrawing (after SP_M.CU_PG1_11X17.cs)
2026-10-01T00:22:24 drawings 98 → 99 after SP_M.CU_PG1_11X17.cs fallbackInsert=no
2026-10-01T00:22:24 CloseActiveDrawing (between batches)
2026-10-01T00:22:24 smoke rebar placing CU batch 1/1 n=1
2026-10-01T00:22:24 CloseActiveDrawing (before smoke rebar placing CU batch 1)
2026-10-01T00:22:24 Select n=1 ok=True
2026-10-01T00:22:24 CommitChanges after select
2026-10-01T00:22:24 RunMacro SP_M.CU_PG2_11X17.cs (smoke rebar placing CU batch 1, n=1, marks=W10-175, drawingsBefore=99)
2026-10-01T00:22:24 trying SP_M.CU_PG2_11X17.cs
2026-10-01T00:22:33 RunMacro bool=True path=SP_M.CU_PG2_11X17.cs
2026-10-01T00:22:33 started SP_M.CU_PG2_11X17.cs
2026-10-01T00:22:33 wait SP_M.CU_PG2_11X17.cs t=0s IsMacroRunning=False drawings=100 (need > 99)
2026-10-01T00:22:35 CloseActiveDrawing (new sheet from SP_M.CU_PG2_11X17.cs)
2026-10-01T00:22:35 drawing-count delta 99 → 100 after 0s
2026-10-01T00:22:35 CloseActiveDrawing (after SP_M.CU_PG2_11X17.cs)
2026-10-01T00:22:35 drawings 99 → 100 after SP_M.CU_PG2_11X17.cs fallbackInsert=no
2026-10-01T00:22:35 CloseActiveDrawing (between batches)
2026-10-01T00:22:35 smoke rebar table CU batch 1/1 n=1
2026-10-01T00:22:35 CloseActiveDrawing (before smoke rebar table CU batch 1)
2026-10-01T00:22:35 Select n=1 ok=True
2026-10-01T00:22:35 CommitChanges after select
2026-10-01T00:22:35 RunMacro SP_M.CU_PG3_11X17.cs (smoke rebar table CU batch 1, n=1, marks=W10-175, drawingsBefore=100)
2026-10-01T00:22:35 trying SP_M.CU_PG3_11X17.cs
2026-10-01T00:22:37 RunMacro bool=True path=SP_M.CU_PG3_11X17.cs
2026-10-01T00:22:37 started SP_M.CU_PG3_11X17.cs
2026-10-01T00:22:37 wait SP_M.CU_PG3_11X17.cs t=0s IsMacroRunning=False drawings=101 (need > 100)
2026-10-01T00:22:38 CloseActiveDrawing (new sheet from SP_M.CU_PG3_11X17.cs)
2026-10-01T00:22:38 drawing-count delta 100 → 101 after 0s
2026-10-01T00:22:38 CloseActiveDrawing (after SP_M.CU_PG3_11X17.cs)
2026-10-01T00:22:38 drawings 100 → 101 after SP_M.CU_PG3_11X17.cs fallbackInsert=no
2026-10-01T00:22:38 CloseActiveDrawing (between batches)
2026-10-01T00:22:38 smoke: skipped beams and floor GA
2026-10-01T00:22:38 session drawings 98 → 101 after smoke macros
2026-10-01T00:28:33 CloseActiveDrawing (RunMacros start)
2026-10-01T00:28:33 bundled macros src=C:\Users\ASUS\Desktop\2d_tekla\bin\Release\net48\LocalMacros dest=D:\design_\Paisley\Paisley_Exam\Paisley_Exam\macros\modeling
2026-10-01T00:28:33 already in model: AutoCompressAndEdit11x17.cs
2026-10-01T00:28:33 already in model: SP_M.ASSEMBLY_standard.cs
2026-10-01T00:28:33 already in model: SP_M.BM_SET_11x17.cs
2026-10-01T00:28:33 already in model: SP_M.CU_PG1_11X17.cs
2026-10-01T00:28:33 already in model: SP_M.CU_PG2_11X17.cs
2026-10-01T00:28:33 already in model: SP_M.CU_PG3_11X17.cs
2026-10-01T00:28:33 already in model: SP_M.GA_EXP_GA_STD.cs
2026-10-01T00:28:33 already in model: SP_M.SINGLE_standard.cs
2026-10-01T00:28:33 === session mode=smoke mark=W10-175 ===
2026-10-01T00:28:33 model=Paisley_Exam.db1 path=D:\design_\Paisley\Paisley_Exam\Paisley_Exam
2026-10-01T00:28:33 macros.log=C:\Users\ASUS\Desktop\2d_tekla\Export\CivilDrawings\new with macros\macros.log
2026-10-01T00:28:33 if AKIT dies inside Tekla, check C:\Users\ASUS\AppData\Local\Trimble\TeklaStructures\2026.0\logs and the Tekla session log
2026-10-01T00:28:33 session drawings before macros=98
2026-10-01T00:28:42 WALL=1 COLUMN=0 BEAM=0 mark=W10-175 (precast only; hollowcore/insulation/formliner skipped)
2026-10-01T00:28:42 smoke hardware CU batch 1/1 n=1
2026-10-01T00:28:42 CloseActiveDrawing (before smoke hardware CU batch 1)
2026-10-01T00:28:42 Select n=1 ok=True
2026-10-01T00:28:42 CommitChanges after select
2026-10-01T00:28:42 RunMacro SP_M.CU_PG1_11X17.cs (smoke hardware CU batch 1, n=1, marks=W10-175, drawingsBefore=98)
2026-10-01T00:28:42 trying SP_M.CU_PG1_11X17.cs
2026-10-01T00:28:46 RunMacro bool=True path=SP_M.CU_PG1_11X17.cs
2026-10-01T00:28:46 started SP_M.CU_PG1_11X17.cs
2026-10-01T00:28:46 wait SP_M.CU_PG1_11X17.cs t=0s IsMacroRunning=False drawings=99 (need > 98)
2026-10-01T00:28:48 CloseActiveDrawing (new sheet from SP_M.CU_PG1_11X17.cs)
2026-10-01T00:28:48 drawing-count delta 98 → 99 after 0s
2026-10-01T00:28:48 CloseActiveDrawing (after SP_M.CU_PG1_11X17.cs)
2026-10-01T00:28:48 drawings 98 → 99 after SP_M.CU_PG1_11X17.cs fallbackInsert=no
2026-10-01T00:28:48 CloseActiveDrawing (between batches)
2026-10-01T00:28:48 smoke rebar placing CU batch 1/1 n=1
2026-10-01T00:28:48 CloseActiveDrawing (before smoke rebar placing CU batch 1)
2026-10-01T00:28:48 Select n=1 ok=True
2026-10-01T00:28:48 CommitChanges after select
2026-10-01T00:28:48 RunMacro SP_M.CU_PG2_11X17.cs (smoke rebar placing CU batch 1, n=1, marks=W10-175, drawingsBefore=99)
2026-10-01T00:28:48 trying SP_M.CU_PG2_11X17.cs
2026-10-01T00:28:55 RunMacro bool=True path=SP_M.CU_PG2_11X17.cs
2026-10-01T00:28:55 started SP_M.CU_PG2_11X17.cs
2026-10-01T00:28:55 wait SP_M.CU_PG2_11X17.cs t=0s IsMacroRunning=False drawings=100 (need > 99)
2026-10-01T00:28:57 CloseActiveDrawing (new sheet from SP_M.CU_PG2_11X17.cs)
2026-10-01T00:28:57 drawing-count delta 99 → 100 after 0s
2026-10-01T00:28:57 CloseActiveDrawing (after SP_M.CU_PG2_11X17.cs)
2026-10-01T00:28:57 drawings 99 → 100 after SP_M.CU_PG2_11X17.cs fallbackInsert=no
2026-10-01T00:28:57 CloseActiveDrawing (between batches)
2026-10-01T00:28:57 smoke rebar table CU batch 1/1 n=1
2026-10-01T00:28:57 CloseActiveDrawing (before smoke rebar table CU batch 1)
2026-10-01T00:28:57 Select n=1 ok=True
2026-10-01T00:28:57 CommitChanges after select
2026-10-01T00:28:57 RunMacro SP_M.CU_PG3_11X17.cs (smoke rebar table CU batch 1, n=1, marks=W10-175, drawingsBefore=100)
2026-10-01T00:28:57 trying SP_M.CU_PG3_11X17.cs
2026-10-01T00:28:59 RunMacro bool=True path=SP_M.CU_PG3_11X17.cs
2026-10-01T00:28:59 started SP_M.CU_PG3_11X17.cs
2026-10-01T00:28:59 wait SP_M.CU_PG3_11X17.cs t=0s IsMacroRunning=False drawings=101 (need > 100)
2026-10-01T00:29:00 CloseActiveDrawing (new sheet from SP_M.CU_PG3_11X17.cs)
2026-10-01T00:29:00 drawing-count delta 100 → 101 after 0s
2026-10-01T00:29:00 CloseActiveDrawing (after SP_M.CU_PG3_11X17.cs)
2026-10-01T00:29:00 drawings 100 → 101 after SP_M.CU_PG3_11X17.cs fallbackInsert=no
2026-10-01T00:29:00 CloseActiveDrawing (between batches)
2026-10-01T00:29:00 smoke: skipped beams and floor GA
2026-10-01T00:29:00 session drawings 98 → 101 after smoke macros
2026-10-01T00:42:50 CloseActiveDrawing (RunMacros start)
2026-10-01T00:42:50 bundled macros src=C:\Users\ASUS\Desktop\2d_tekla\bin\Release\net48\LocalMacros dest=D:\design_\Paisley\Paisley_Exam\Paisley_Exam\macros\modeling
2026-10-01T00:42:50 already in model: AutoCompressAndEdit11x17.cs
2026-10-01T00:42:50 already in model: SP_M.ASSEMBLY_standard.cs
2026-10-01T00:42:50 already in model: SP_M.BM_SET_11x17.cs
2026-10-01T00:42:50 already in model: SP_M.CU_PG1_11X17.cs
2026-10-01T00:42:50 already in model: SP_M.CU_PG2_11X17.cs
2026-10-01T00:42:50 already in model: SP_M.CU_PG3_11X17.cs
2026-10-01T00:42:50 already in model: SP_M.GA_EXP_GA_STD.cs
2026-10-01T00:42:50 already in model: SP_M.SINGLE_standard.cs
2026-10-01T00:42:50 === session mode=smoke mark=W10-175 ===
2026-10-01T00:42:50 model=Paisley_Exam.db1 path=D:\design_\Paisley\Paisley_Exam\Paisley_Exam
2026-10-01T00:42:50 macros.log=C:\Users\ASUS\Desktop\2d_tekla\Export\CivilDrawings\new with macros\macros.log
2026-10-01T00:42:50 if AKIT dies inside Tekla, check C:\Users\ASUS\AppData\Local\Trimble\TeklaStructures\2026.0\logs and the Tekla session log
2026-10-01T00:42:50 session drawings before macros=98
2026-10-01T00:43:00 WALL=1 COLUMN=0 BEAM=0 mark=W10-175 (precast only; hollowcore/insulation/formliner skipped)
2026-10-01T00:43:00 smoke hardware CU batch 1/1 n=1
2026-10-01T00:43:00 CloseActiveDrawing (before smoke hardware CU batch 1)
2026-10-01T00:43:00 Select n=1 ok=True
2026-10-01T00:43:00 CommitChanges after select
2026-10-01T00:43:00 RunMacro SP_M.CU_PG1_11X17.cs (smoke hardware CU batch 1, n=1, marks=W10-175, drawingsBefore=98)
2026-10-01T00:43:00 trying SP_M.CU_PG1_11X17.cs
2026-10-01T00:43:04 RunMacro bool=True path=SP_M.CU_PG1_11X17.cs
2026-10-01T00:43:04 started SP_M.CU_PG1_11X17.cs
2026-10-01T00:43:04 wait SP_M.CU_PG1_11X17.cs t=0s IsMacroRunning=False drawings=99 (need > 98)
2026-10-01T00:43:06 CloseActiveDrawing (new sheet from SP_M.CU_PG1_11X17.cs)
2026-10-01T00:43:06 drawing-count delta 98 → 99 after 0s
2026-10-01T00:43:06 CloseActiveDrawing (after SP_M.CU_PG1_11X17.cs)
2026-10-01T00:43:06 drawings 98 → 99 after SP_M.CU_PG1_11X17.cs fallbackInsert=no
2026-10-01T00:43:06 CloseActiveDrawing (between batches)
2026-10-01T00:43:06 smoke rebar placing CU batch 1/1 n=1
2026-10-01T00:43:06 CloseActiveDrawing (before smoke rebar placing CU batch 1)
2026-10-01T00:43:06 Select n=1 ok=True
2026-10-01T00:43:06 CommitChanges after select
2026-10-01T00:43:06 RunMacro SP_M.CU_PG2_11X17.cs (smoke rebar placing CU batch 1, n=1, marks=W10-175, drawingsBefore=99)
2026-10-01T00:43:06 trying SP_M.CU_PG2_11X17.cs
2026-10-01T00:43:13 RunMacro bool=True path=SP_M.CU_PG2_11X17.cs
2026-10-01T00:43:13 started SP_M.CU_PG2_11X17.cs
2026-10-01T00:43:13 wait SP_M.CU_PG2_11X17.cs t=0s IsMacroRunning=False drawings=100 (need > 99)
2026-10-01T00:43:15 CloseActiveDrawing (new sheet from SP_M.CU_PG2_11X17.cs)
2026-10-01T00:43:15 drawing-count delta 99 → 100 after 0s
2026-10-01T00:43:15 CloseActiveDrawing (after SP_M.CU_PG2_11X17.cs)
2026-10-01T00:43:15 drawings 99 → 100 after SP_M.CU_PG2_11X17.cs fallbackInsert=no
2026-10-01T00:43:15 CloseActiveDrawing (between batches)
2026-10-01T00:43:15 smoke rebar table CU batch 1/1 n=1
2026-10-01T00:43:15 CloseActiveDrawing (before smoke rebar table CU batch 1)
2026-10-01T00:43:15 Select n=1 ok=True
2026-10-01T00:43:15 CommitChanges after select
2026-10-01T00:43:15 RunMacro SP_M.CU_PG3_11X17.cs (smoke rebar table CU batch 1, n=1, marks=W10-175, drawingsBefore=100)
2026-10-01T00:43:15 trying SP_M.CU_PG3_11X17.cs
2026-10-01T00:43:17 RunMacro bool=True path=SP_M.CU_PG3_11X17.cs
2026-10-01T00:43:17 started SP_M.CU_PG3_11X17.cs
2026-10-01T00:43:17 wait SP_M.CU_PG3_11X17.cs t=0s IsMacroRunning=False drawings=101 (need > 100)
2026-10-01T00:43:18 CloseActiveDrawing (new sheet from SP_M.CU_PG3_11X17.cs)
2026-10-01T00:43:18 drawing-count delta 100 → 101 after 0s
2026-10-01T00:43:18 CloseActiveDrawing (after SP_M.CU_PG3_11X17.cs)
2026-10-01T00:43:18 drawings 100 → 101 after SP_M.CU_PG3_11X17.cs fallbackInsert=no
2026-10-01T00:43:18 CloseActiveDrawing (between batches)
2026-10-01T00:43:18 smoke: skipped beams and floor GA
2026-10-01T00:43:18 session drawings 98 → 101 after smoke macros
2026-10-01T00:49:14 CloseActiveDrawing (RunMacros start)
2026-10-01T00:49:14 bundled macros src=C:\Users\ASUS\Desktop\2d_tekla\bin\Release\net48\LocalMacros dest=D:\design_\Paisley\Paisley_Exam\Paisley_Exam\macros\modeling
2026-10-01T00:49:14 already in model: AutoCompressAndEdit11x17.cs
2026-10-01T00:49:14 already in model: SP_M.ASSEMBLY_standard.cs
2026-10-01T00:49:14 already in model: SP_M.BM_SET_11x17.cs
2026-10-01T00:49:14 already in model: SP_M.CU_PG1_11X17.cs
2026-10-01T00:49:14 already in model: SP_M.CU_PG2_11X17.cs
2026-10-01T00:49:14 already in model: SP_M.CU_PG3_11X17.cs
2026-10-01T00:49:14 already in model: SP_M.GA_EXP_GA_STD.cs
2026-10-01T00:49:14 already in model: SP_M.SINGLE_standard.cs
2026-10-01T00:49:14 === session mode=smoke mark=W10-175 ===
2026-10-01T00:49:14 model=Paisley_Exam.db1 path=D:\design_\Paisley\Paisley_Exam\Paisley_Exam
2026-10-01T00:49:14 macros.log=C:\Users\ASUS\Desktop\2d_tekla\Export\CivilDrawings\new with macros\macros.log
2026-10-01T00:49:14 if AKIT dies inside Tekla, check C:\Users\ASUS\AppData\Local\Trimble\TeklaStructures\2026.0\logs and the Tekla session log
2026-10-01T00:49:14 session drawings before macros=98
2026-10-01T00:49:23 WALL=1 COLUMN=0 BEAM=0 mark=W10-175 (precast only; hollowcore/insulation/formliner skipped)
2026-10-01T00:49:23 smoke hardware CU batch 1/1 n=1
2026-10-01T00:49:23 CloseActiveDrawing (before smoke hardware CU batch 1)
2026-10-01T00:49:23 Select n=1 ok=True
2026-10-01T00:49:23 CommitChanges after select
2026-10-01T00:49:24 RunMacro SP_M.CU_PG1_11X17.cs (smoke hardware CU batch 1, n=1, marks=W10-175, drawingsBefore=98)
2026-10-01T00:49:24 trying SP_M.CU_PG1_11X17.cs
2026-10-01T00:49:28 RunMacro bool=True path=SP_M.CU_PG1_11X17.cs
2026-10-01T00:49:28 started SP_M.CU_PG1_11X17.cs
2026-10-01T00:49:28 wait SP_M.CU_PG1_11X17.cs t=0s IsMacroRunning=False drawings=99 (need > 98)
2026-10-01T00:49:29 CloseActiveDrawing (new sheet from SP_M.CU_PG1_11X17.cs)
2026-10-01T00:49:29 drawing-count delta 98 → 99 after 0s
2026-10-01T00:49:29 CloseActiveDrawing (after SP_M.CU_PG1_11X17.cs)
2026-10-01T00:49:29 drawings 98 → 99 after SP_M.CU_PG1_11X17.cs fallbackInsert=no
2026-10-01T00:49:29 CloseActiveDrawing (between batches)
2026-10-01T00:49:29 smoke rebar placing CU batch 1/1 n=1
2026-10-01T00:49:29 CloseActiveDrawing (before smoke rebar placing CU batch 1)
2026-10-01T00:49:29 Select n=1 ok=True
2026-10-01T00:49:29 CommitChanges after select
2026-10-01T00:49:30 RunMacro SP_M.CU_PG2_11X17.cs (smoke rebar placing CU batch 1, n=1, marks=W10-175, drawingsBefore=99)
2026-10-01T00:49:30 trying SP_M.CU_PG2_11X17.cs
2026-10-01T00:49:37 RunMacro bool=True path=SP_M.CU_PG2_11X17.cs
2026-10-01T00:49:37 started SP_M.CU_PG2_11X17.cs
2026-10-01T00:49:37 wait SP_M.CU_PG2_11X17.cs t=0s IsMacroRunning=False drawings=100 (need > 99)
2026-10-01T00:49:38 CloseActiveDrawing (new sheet from SP_M.CU_PG2_11X17.cs)
2026-10-01T00:49:38 drawing-count delta 99 → 100 after 0s
2026-10-01T00:49:38 CloseActiveDrawing (after SP_M.CU_PG2_11X17.cs)
2026-10-01T00:49:38 drawings 99 → 100 after SP_M.CU_PG2_11X17.cs fallbackInsert=no
2026-10-01T00:49:38 CloseActiveDrawing (between batches)
2026-10-01T00:49:38 smoke rebar table CU batch 1/1 n=1
2026-10-01T00:49:38 CloseActiveDrawing (before smoke rebar table CU batch 1)
2026-10-01T00:49:38 Select n=1 ok=True
2026-10-01T00:49:38 CommitChanges after select
2026-10-01T00:49:39 RunMacro SP_M.CU_PG3_11X17.cs (smoke rebar table CU batch 1, n=1, marks=W10-175, drawingsBefore=100)
2026-10-01T00:49:39 trying SP_M.CU_PG3_11X17.cs
2026-10-01T00:49:40 RunMacro bool=True path=SP_M.CU_PG3_11X17.cs
2026-10-01T00:49:40 started SP_M.CU_PG3_11X17.cs
2026-10-01T00:49:40 wait SP_M.CU_PG3_11X17.cs t=0s IsMacroRunning=False drawings=101 (need > 100)
2026-10-01T00:49:42 CloseActiveDrawing (new sheet from SP_M.CU_PG3_11X17.cs)
2026-10-01T00:49:42 drawing-count delta 100 → 101 after 0s
2026-10-01T00:49:42 CloseActiveDrawing (after SP_M.CU_PG3_11X17.cs)
2026-10-01T00:49:42 drawings 100 → 101 after SP_M.CU_PG3_11X17.cs fallbackInsert=no
2026-10-01T00:49:42 CloseActiveDrawing (between batches)
2026-10-01T00:49:42 smoke: skipped beams and floor GA
2026-10-01T00:49:42 session drawings 98 → 101 after smoke macros
2026-10-01T01:21:55 CloseActiveDrawing (RunMacros start)
2026-10-01T01:21:55 bundled macros src=C:\Users\ASUS\Desktop\2d_tekla\bin\Release\net48\LocalMacros dest=D:\design_\Paisley\Paisley_Exam\Paisley_Exam\macros\modeling
2026-10-01T01:21:55 synced AutoCompressAndEdit11x17.cs → D:\design_\Paisley\Paisley_Exam\Paisley_Exam\macros\modeling
2026-10-01T01:21:55 synced SP_M.ASSEMBLY_standard.cs → D:\design_\Paisley\Paisley_Exam\Paisley_Exam\macros\modeling
2026-10-01T01:21:55 synced SP_M.BM_SET_11x17.cs → D:\design_\Paisley\Paisley_Exam\Paisley_Exam\macros\modeling
2026-10-01T01:21:55 synced SP_M.CU_PG1_11X17.cs → D:\design_\Paisley\Paisley_Exam\Paisley_Exam\macros\modeling
2026-10-01T01:21:55 synced SP_M.CU_PG2_11X17.cs → D:\design_\Paisley\Paisley_Exam\Paisley_Exam\macros\modeling
2026-10-01T01:21:55 synced SP_M.CU_PG3_11X17.cs → D:\design_\Paisley\Paisley_Exam\Paisley_Exam\macros\modeling
2026-10-01T01:21:55 synced SP_M.GA_EXP_GA_STD.cs → D:\design_\Paisley\Paisley_Exam\Paisley_Exam\macros\modeling
2026-10-01T01:21:55 synced SP_M.SINGLE_standard.cs → D:\design_\Paisley\Paisley_Exam\Paisley_Exam\macros\modeling
2026-10-01T01:21:55 synced bundled macros → firm: D:\design_\METRIC_FIRM2021\macros\modeling
2026-10-01T01:21:55 === session mode=smoke mark=W10-175 ===
2026-10-01T01:21:55 model=Paisley_Exam.db1 path=D:\design_\Paisley\Paisley_Exam\Paisley_Exam
2026-10-01T01:21:55 macros.log=C:\Users\ASUS\Desktop\2d_tekla\Export\CivilDrawings\new with macros\macros.log
2026-10-01T01:21:55 if AKIT dies inside Tekla, check C:\Users\ASUS\AppData\Local\Trimble\TeklaStructures\2026.0\logs and the Tekla session log
2026-10-01T01:21:55 session drawings before macros=98
2026-10-01T01:22:56 WALL=1 COLUMN=0 BEAM=0 mark=W10-175 (precast only; hollowcore/insulation/formliner skipped)
2026-10-01T01:22:56 smoke hardware CU batch 1/1 n=1
2026-10-01T01:22:56 CloseActiveDrawing (before smoke hardware CU batch 1)
2026-10-01T01:22:56 Select n=1 ok=True
2026-10-01T01:22:56 CommitChanges after select
2026-10-01T01:22:57 RunMacro SP_M.CU_PG1_11X17.cs (smoke hardware CU batch 1, n=1, marks=W10-175, drawingsBefore=98)
2026-10-01T01:22:57 trying SP_M.CU_PG1_11X17.cs
2026-10-01T01:23:09 RunMacro bool=True path=SP_M.CU_PG1_11X17.cs
2026-10-01T01:23:09 started SP_M.CU_PG1_11X17.cs
2026-10-01T01:23:09 wait SP_M.CU_PG1_11X17.cs t=0s IsMacroRunning=False drawings=99 (need > 98)
2026-10-01T01:23:10 CloseActiveDrawing (new sheet from SP_M.CU_PG1_11X17.cs)
2026-10-01T01:23:10 drawing-count delta 98 → 99 after 0s
2026-10-01T01:23:10 CloseActiveDrawing (after SP_M.CU_PG1_11X17.cs)
2026-10-01T01:23:10 drawings 98 → 99 after SP_M.CU_PG1_11X17.cs fallbackInsert=no
2026-10-01T01:23:10 CloseActiveDrawing (between batches)
2026-10-01T01:23:10 smoke rebar placing CU batch 1/1 n=1
2026-10-01T01:23:10 CloseActiveDrawing (before smoke rebar placing CU batch 1)
2026-10-01T01:23:10 Select n=1 ok=True
2026-10-01T01:23:11 CommitChanges after select
2026-10-01T01:23:11 RunMacro SP_M.CU_PG2_11X17.cs (smoke rebar placing CU batch 1, n=1, marks=W10-175, drawingsBefore=99)
2026-10-01T01:23:11 trying SP_M.CU_PG2_11X17.cs
2026-10-01T01:23:18 RunMacro bool=True path=SP_M.CU_PG2_11X17.cs
2026-10-01T01:23:18 started SP_M.CU_PG2_11X17.cs
2026-10-01T01:23:18 wait SP_M.CU_PG2_11X17.cs t=0s IsMacroRunning=False drawings=100 (need > 99)
2026-10-01T01:23:20 CloseActiveDrawing (new sheet from SP_M.CU_PG2_11X17.cs)
2026-10-01T01:23:20 drawing-count delta 99 → 100 after 0s
2026-10-01T01:23:20 CloseActiveDrawing (after SP_M.CU_PG2_11X17.cs)
2026-10-01T01:23:20 drawings 99 → 100 after SP_M.CU_PG2_11X17.cs fallbackInsert=no
2026-10-01T01:23:20 CloseActiveDrawing (between batches)
2026-10-01T01:23:20 smoke rebar table CU batch 1/1 n=1
2026-10-01T01:23:20 CloseActiveDrawing (before smoke rebar table CU batch 1)
2026-10-01T01:23:20 Select n=1 ok=True
2026-10-01T01:23:20 CommitChanges after select
2026-10-01T01:23:20 RunMacro SP_M.CU_PG3_11X17.cs (smoke rebar table CU batch 1, n=1, marks=W10-175, drawingsBefore=100)
2026-10-01T01:23:20 trying SP_M.CU_PG3_11X17.cs
2026-10-01T01:23:22 RunMacro bool=True path=SP_M.CU_PG3_11X17.cs
2026-10-01T01:23:22 started SP_M.CU_PG3_11X17.cs
2026-10-01T01:23:22 wait SP_M.CU_PG3_11X17.cs t=0s IsMacroRunning=False drawings=101 (need > 100)
2026-10-01T01:23:23 CloseActiveDrawing (new sheet from SP_M.CU_PG3_11X17.cs)
2026-10-01T01:23:23 drawing-count delta 100 → 101 after 0s
2026-10-01T01:23:23 CloseActiveDrawing (after SP_M.CU_PG3_11X17.cs)
2026-10-01T01:23:23 drawings 100 → 101 after SP_M.CU_PG3_11X17.cs fallbackInsert=no
2026-10-01T01:23:23 CloseActiveDrawing (between batches)
2026-10-01T01:23:23 smoke: skipped beams and floor GA
2026-10-01T01:23:23 session drawings 98 → 101 after smoke macros
2026-10-01T11:50:04 CloseActiveDrawing (RunMacros start)
2026-10-01T11:50:04 bundled macros src=C:\Users\ASUS\Desktop\2d_tekla\bin\Release\net48\LocalMacros dest=D:\design_\Paisley\Paisley_Exam\Paisley_Exam\macros\modeling
2026-10-01T11:50:04 synced AutoCompressAndEdit11x17.cs → D:\design_\Paisley\Paisley_Exam\Paisley_Exam\macros\modeling
2026-10-01T11:50:04 synced SP_M.ASSEMBLY_standard.cs → D:\design_\Paisley\Paisley_Exam\Paisley_Exam\macros\modeling
2026-10-01T11:50:04 synced SP_M.BM_SET_11x17.cs → D:\design_\Paisley\Paisley_Exam\Paisley_Exam\macros\modeling
2026-10-01T11:50:04 synced SP_M.CU_PG1_11X17.cs → D:\design_\Paisley\Paisley_Exam\Paisley_Exam\macros\modeling
2026-10-01T11:50:04 synced SP_M.CU_PG2_11X17.cs → D:\design_\Paisley\Paisley_Exam\Paisley_Exam\macros\modeling
2026-10-01T11:50:04 synced SP_M.CU_PG3_11X17.cs → D:\design_\Paisley\Paisley_Exam\Paisley_Exam\macros\modeling
2026-10-01T11:50:04 synced SP_M.GA_EXP_GA_STD.cs → D:\design_\Paisley\Paisley_Exam\Paisley_Exam\macros\modeling
2026-10-01T11:50:04 synced SP_M.SINGLE_standard.cs → D:\design_\Paisley\Paisley_Exam\Paisley_Exam\macros\modeling
2026-10-01T11:50:04 synced bundled macros → firm: D:\design_\METRIC_FIRM2021\macros\modeling
2026-10-01T11:50:04 === session mode=smoke mark=W10-175 ===
2026-10-01T11:50:04 model=Paisley_Exam.db1 path=D:\design_\Paisley\Paisley_Exam\Paisley_Exam
2026-10-01T11:50:04 macros.log=C:\Users\ASUS\Desktop\2d_tekla\Export\CivilDrawings\new with macros\macros.log
2026-10-01T11:50:04 if AKIT dies inside Tekla, check C:\Users\ASUS\AppData\Local\Trimble\TeklaStructures\2026.0\logs and the Tekla session log
2026-10-01T11:50:04 session drawings before macros=99
2026-10-01T11:51:11 WALL=1 COLUMN=0 BEAM=0 mark=W10-175 (precast only; hollowcore/insulation/formliner skipped)
2026-10-01T11:51:11 smoke hardware CU batch 1/1 n=1
2026-10-01T11:51:11 CloseActiveDrawing (before smoke hardware CU batch 1)
2026-10-01T11:51:11 Select n=1 ok=True
2026-10-01T11:51:11 CommitChanges after select
2026-10-01T11:51:12 RunMacro SP_M.CU_PG1_11X17.cs (smoke hardware CU batch 1, n=1, marks=W10-175, drawingsBefore=99)
2026-10-01T11:51:12 trying SP_M.CU_PG1_11X17.cs
2026-10-01T11:51:19 RunMacro bool=True path=SP_M.CU_PG1_11X17.cs
2026-10-01T11:51:19 started SP_M.CU_PG1_11X17.cs
2026-10-01T11:51:19 wait SP_M.CU_PG1_11X17.cs t=0s IsMacroRunning=False drawings=100 (need > 99)
2026-10-01T11:51:20 CloseActiveDrawing (new sheet from SP_M.CU_PG1_11X17.cs)
2026-10-01T11:51:20 drawing-count delta 99 → 100 after 0s
2026-10-01T11:51:20 CloseActiveDrawing (after SP_M.CU_PG1_11X17.cs)
2026-10-01T11:51:20 drawings 99 → 100 after SP_M.CU_PG1_11X17.cs fallbackInsert=no
2026-10-01T11:51:20 CloseActiveDrawing (between batches)
2026-10-01T11:51:20 smoke rebar placing CU batch 1/1 n=1
2026-10-01T11:51:20 CloseActiveDrawing (before smoke rebar placing CU batch 1)
2026-10-01T11:51:20 Select n=1 ok=True
2026-10-01T11:51:20 CommitChanges after select
2026-10-01T11:51:21 RunMacro SP_M.CU_PG2_11X17.cs (smoke rebar placing CU batch 1, n=1, marks=W10-175, drawingsBefore=100)
2026-10-01T11:51:21 trying SP_M.CU_PG2_11X17.cs
2026-10-01T11:51:28 RunMacro bool=True path=SP_M.CU_PG2_11X17.cs
2026-10-01T11:51:28 started SP_M.CU_PG2_11X17.cs
2026-10-01T11:51:28 wait SP_M.CU_PG2_11X17.cs t=0s IsMacroRunning=False drawings=101 (need > 100)
2026-10-01T11:51:29 CloseActiveDrawing (new sheet from SP_M.CU_PG2_11X17.cs)
2026-10-01T11:51:29 drawing-count delta 100 → 101 after 0s
2026-10-01T11:51:29 CloseActiveDrawing (after SP_M.CU_PG2_11X17.cs)
2026-10-01T11:51:29 drawings 100 → 101 after SP_M.CU_PG2_11X17.cs fallbackInsert=no
2026-10-01T11:51:29 CloseActiveDrawing (between batches)
2026-10-01T11:51:29 smoke rebar table CU batch 1/1 n=1
2026-10-01T11:51:29 CloseActiveDrawing (before smoke rebar table CU batch 1)
2026-10-01T11:51:29 Select n=1 ok=True
2026-10-01T11:51:29 CommitChanges after select
2026-10-01T11:51:30 RunMacro SP_M.CU_PG3_11X17.cs (smoke rebar table CU batch 1, n=1, marks=W10-175, drawingsBefore=101)
2026-10-01T11:51:30 trying SP_M.CU_PG3_11X17.cs
2026-10-01T11:51:31 RunMacro bool=True path=SP_M.CU_PG3_11X17.cs
2026-10-01T11:51:31 started SP_M.CU_PG3_11X17.cs
2026-10-01T11:51:31 wait SP_M.CU_PG3_11X17.cs t=0s IsMacroRunning=False drawings=102 (need > 101)
2026-10-01T11:51:33 CloseActiveDrawing (new sheet from SP_M.CU_PG3_11X17.cs)
2026-10-01T11:51:33 drawing-count delta 101 → 102 after 0s
2026-10-01T11:51:33 CloseActiveDrawing (after SP_M.CU_PG3_11X17.cs)
2026-10-01T11:51:33 drawings 101 → 102 after SP_M.CU_PG3_11X17.cs fallbackInsert=no
2026-10-01T11:51:33 CloseActiveDrawing (between batches)
2026-10-01T11:51:33 smoke: skipped beams and floor GA
2026-10-01T11:51:33 session drawings 99 → 102 after smoke macros
2026-10-01T12:34:07 CloseActiveDrawing (RunMacros start)
2026-10-01T12:34:07 bundled macros src=C:\Users\ASUS\Desktop\2d_tekla\bin\Release\net48\LocalMacros dest=D:\design_\Paisley\Paisley_Exam\Paisley_Exam\macros\modeling
2026-10-01T12:34:07 synced AutoCompressAndEdit11x17.cs → D:\design_\Paisley\Paisley_Exam\Paisley_Exam\macros\modeling
2026-10-01T12:34:07 synced SP_M.ASSEMBLY_standard.cs → D:\design_\Paisley\Paisley_Exam\Paisley_Exam\macros\modeling
2026-10-01T12:34:07 synced SP_M.BM_SET_11x17.cs → D:\design_\Paisley\Paisley_Exam\Paisley_Exam\macros\modeling
2026-10-01T12:34:07 synced SP_M.CU_PG1_11X17.cs → D:\design_\Paisley\Paisley_Exam\Paisley_Exam\macros\modeling
2026-10-01T12:34:07 synced SP_M.CU_PG2_11X17.cs → D:\design_\Paisley\Paisley_Exam\Paisley_Exam\macros\modeling
2026-10-01T12:34:07 synced SP_M.CU_PG3_11X17.cs → D:\design_\Paisley\Paisley_Exam\Paisley_Exam\macros\modeling
2026-10-01T12:34:07 synced SP_M.GA_EXP_GA_STD.cs → D:\design_\Paisley\Paisley_Exam\Paisley_Exam\macros\modeling
2026-10-01T12:34:07 synced SP_M.SINGLE_standard.cs → D:\design_\Paisley\Paisley_Exam\Paisley_Exam\macros\modeling
2026-10-01T12:34:07 synced bundled macros → firm: D:\design_\METRIC_FIRM2021\macros\modeling
2026-10-01T12:34:07 === session mode=smoke mark=W10-175 ===
2026-10-01T12:34:07 model=Paisley_Exam.db1 path=D:\design_\Paisley\Paisley_Exam\Paisley_Exam
2026-10-01T12:34:07 macros.log=C:\Users\ASUS\Desktop\2d_tekla\Export\CivilDrawings\new with macros\macros.log
2026-10-01T12:34:07 if AKIT dies inside Tekla, check C:\Users\ASUS\AppData\Local\Trimble\TeklaStructures\2026.0\logs and the Tekla session log
2026-10-01T12:34:07 session drawings before macros=99
2026-10-01T12:34:53 WALL=1 COLUMN=0 BEAM=0 mark=W10-175 (precast only; hollowcore/insulation/formliner skipped)
2026-10-01T12:34:53 smoke hardware CU batch 1/1 n=1
2026-10-01T12:34:53 CloseActiveDrawing (before smoke hardware CU batch 1)
2026-10-01T12:34:53 Select n=1 ok=True
2026-10-01T12:34:53 CommitChanges after select
2026-10-01T12:34:54 RunMacro SP_M.CU_PG1_11X17.cs (smoke hardware CU batch 1, n=1, marks=W10-175, drawingsBefore=99)
2026-10-01T12:34:54 trying SP_M.CU_PG1_11X17.cs
2026-10-01T12:35:01 RunMacro bool=True path=SP_M.CU_PG1_11X17.cs
2026-10-01T12:35:01 started SP_M.CU_PG1_11X17.cs
2026-10-01T12:35:01 wait SP_M.CU_PG1_11X17.cs t=0s IsMacroRunning=False drawings=100 (need > 99)
2026-10-01T12:35:02 CloseActiveDrawing (new sheet from SP_M.CU_PG1_11X17.cs)
2026-10-01T12:35:02 drawing-count delta 99 → 100 after 0s
2026-10-01T12:35:02 CloseActiveDrawing (after SP_M.CU_PG1_11X17.cs)
2026-10-01T12:35:02 drawings 99 → 100 after SP_M.CU_PG1_11X17.cs fallbackInsert=no
2026-10-01T12:35:02 CloseActiveDrawing (between batches)
2026-10-01T12:35:02 smoke rebar placing CU batch 1/1 n=1
2026-10-01T12:35:02 CloseActiveDrawing (before smoke rebar placing CU batch 1)
2026-10-01T12:35:02 Select n=1 ok=True
2026-10-01T12:35:02 CommitChanges after select
2026-10-01T12:35:03 RunMacro SP_M.CU_PG2_11X17.cs (smoke rebar placing CU batch 1, n=1, marks=W10-175, drawingsBefore=100)
2026-10-01T12:35:03 trying SP_M.CU_PG2_11X17.cs
2026-10-01T12:35:13 RunMacro bool=True path=SP_M.CU_PG2_11X17.cs
2026-10-01T12:35:13 started SP_M.CU_PG2_11X17.cs
2026-10-01T12:35:13 wait SP_M.CU_PG2_11X17.cs t=0s IsMacroRunning=False drawings=101 (need > 100)
2026-10-01T12:35:14 CloseActiveDrawing (new sheet from SP_M.CU_PG2_11X17.cs)
2026-10-01T12:35:14 drawing-count delta 100 → 101 after 0s
2026-10-01T12:35:14 CloseActiveDrawing (after SP_M.CU_PG2_11X17.cs)
2026-10-01T12:35:14 drawings 100 → 101 after SP_M.CU_PG2_11X17.cs fallbackInsert=no
2026-10-01T12:35:14 CloseActiveDrawing (between batches)
2026-10-01T12:35:14 smoke rebar table CU batch 1/1 n=1
2026-10-01T12:35:14 CloseActiveDrawing (before smoke rebar table CU batch 1)
2026-10-01T12:35:14 Select n=1 ok=True
2026-10-01T12:35:14 CommitChanges after select
2026-10-01T12:35:15 RunMacro SP_M.CU_PG3_11X17.cs (smoke rebar table CU batch 1, n=1, marks=W10-175, drawingsBefore=101)
2026-10-01T12:35:15 trying SP_M.CU_PG3_11X17.cs
2026-10-01T12:35:16 RunMacro bool=True path=SP_M.CU_PG3_11X17.cs
2026-10-01T12:35:16 started SP_M.CU_PG3_11X17.cs
2026-10-01T12:35:16 wait SP_M.CU_PG3_11X17.cs t=0s IsMacroRunning=False drawings=102 (need > 101)
2026-10-01T12:35:18 CloseActiveDrawing (new sheet from SP_M.CU_PG3_11X17.cs)
2026-10-01T12:35:18 drawing-count delta 101 → 102 after 0s
2026-10-01T12:35:18 CloseActiveDrawing (after SP_M.CU_PG3_11X17.cs)
2026-10-01T12:35:18 drawings 101 → 102 after SP_M.CU_PG3_11X17.cs fallbackInsert=no
2026-10-01T12:35:18 CloseActiveDrawing (between batches)
2026-10-01T12:35:18 smoke: skipped beams and floor GA
2026-10-01T12:35:18 session drawings 99 → 102 after smoke macros
2026-10-01T12:43:53 CloseActiveDrawing (RunMacros start)
2026-10-01T12:43:53 bundled macros src=C:\Users\ASUS\Desktop\2d_tekla\bin\Release\net48\LocalMacros dest=D:\design_\Paisley\Paisley_Exam\Paisley_Exam\macros\modeling
2026-10-01T12:43:53 synced AutoCompressAndEdit11x17.cs → D:\design_\Paisley\Paisley_Exam\Paisley_Exam\macros\modeling
2026-10-01T12:43:53 synced SP_M.ASSEMBLY_standard.cs → D:\design_\Paisley\Paisley_Exam\Paisley_Exam\macros\modeling
2026-10-01T12:43:53 synced SP_M.BM_SET_11x17.cs → D:\design_\Paisley\Paisley_Exam\Paisley_Exam\macros\modeling
2026-10-01T12:43:53 synced SP_M.CU_PG1_11X17.cs → D:\design_\Paisley\Paisley_Exam\Paisley_Exam\macros\modeling
2026-10-01T12:43:53 synced SP_M.CU_PG2_11X17.cs → D:\design_\Paisley\Paisley_Exam\Paisley_Exam\macros\modeling
2026-10-01T12:43:53 synced SP_M.CU_PG3_11X17.cs → D:\design_\Paisley\Paisley_Exam\Paisley_Exam\macros\modeling
2026-10-01T12:43:53 synced SP_M.GA_EXP_GA_STD.cs → D:\design_\Paisley\Paisley_Exam\Paisley_Exam\macros\modeling
2026-10-01T12:43:53 synced SP_M.SINGLE_standard.cs → D:\design_\Paisley\Paisley_Exam\Paisley_Exam\macros\modeling
2026-10-01T12:43:53 synced bundled macros → firm: D:\design_\METRIC_FIRM2021\macros\modeling
2026-10-01T12:43:53 === session mode=smoke mark=W10-175 ===
2026-10-01T12:43:53 model=Paisley_Exam.db1 path=D:\design_\Paisley\Paisley_Exam\Paisley_Exam
2026-10-01T12:43:53 macros.log=C:\Users\ASUS\Desktop\2d_tekla\Export\CivilDrawings\new with macros\macros.log
2026-10-01T12:43:53 if AKIT dies inside Tekla, check C:\Users\ASUS\AppData\Local\Trimble\TeklaStructures\2026.0\logs and the Tekla session log
2026-10-01T12:43:53 session drawings before macros=99
2026-10-01T12:44:25 WALL=1 COLUMN=0 BEAM=0 mark=W10-175 (precast only; hollowcore/insulation/formliner skipped)
2026-10-01T12:44:25 smoke hardware CU batch 1/1 n=1
2026-10-01T12:44:25 CloseActiveDrawing (before smoke hardware CU batch 1)
2026-10-01T12:44:25 Select n=1 ok=True
2026-10-01T12:44:25 CommitChanges after select
2026-10-01T12:44:26 RunMacro SP_M.CU_PG1_11X17.cs (smoke hardware CU batch 1, n=1, marks=W10-175, drawingsBefore=99)
2026-10-01T12:44:26 trying SP_M.CU_PG1_11X17.cs
2026-10-01T12:44:30 RunMacro bool=True path=SP_M.CU_PG1_11X17.cs
2026-10-01T12:44:30 started SP_M.CU_PG1_11X17.cs
2026-10-01T12:44:30 wait SP_M.CU_PG1_11X17.cs t=0s IsMacroRunning=False drawings=100 (need > 99)
2026-10-01T12:44:32 CloseActiveDrawing (new sheet from SP_M.CU_PG1_11X17.cs)
2026-10-01T12:44:32 drawing-count delta 99 → 100 after 0s
2026-10-01T12:44:32 CloseActiveDrawing (after SP_M.CU_PG1_11X17.cs)
2026-10-01T12:44:32 drawings 99 → 100 after SP_M.CU_PG1_11X17.cs fallbackInsert=no
2026-10-01T12:44:32 CloseActiveDrawing (between batches)
2026-10-01T12:44:32 smoke rebar placing CU batch 1/1 n=1
2026-10-01T12:44:32 CloseActiveDrawing (before smoke rebar placing CU batch 1)
2026-10-01T12:44:32 Select n=1 ok=True
2026-10-01T12:44:32 CommitChanges after select
2026-10-01T12:44:32 RunMacro SP_M.CU_PG2_11X17.cs (smoke rebar placing CU batch 1, n=1, marks=W10-175, drawingsBefore=100)
2026-10-01T12:44:32 trying SP_M.CU_PG2_11X17.cs
2026-10-01T12:44:40 RunMacro bool=True path=SP_M.CU_PG2_11X17.cs
2026-10-01T12:44:40 started SP_M.CU_PG2_11X17.cs
2026-10-01T12:44:40 wait SP_M.CU_PG2_11X17.cs t=0s IsMacroRunning=False drawings=101 (need > 100)
2026-10-01T12:44:41 CloseActiveDrawing (new sheet from SP_M.CU_PG2_11X17.cs)
2026-10-01T12:44:41 drawing-count delta 100 → 101 after 0s
2026-10-01T12:44:41 CloseActiveDrawing (after SP_M.CU_PG2_11X17.cs)
2026-10-01T12:44:41 drawings 100 → 101 after SP_M.CU_PG2_11X17.cs fallbackInsert=no
2026-10-01T12:44:41 CloseActiveDrawing (between batches)
2026-10-01T12:44:41 smoke rebar table CU batch 1/1 n=1
2026-10-01T12:44:41 CloseActiveDrawing (before smoke rebar table CU batch 1)
2026-10-01T12:44:41 Select n=1 ok=True
2026-10-01T12:44:41 CommitChanges after select
2026-10-01T12:44:42 RunMacro SP_M.CU_PG3_11X17.cs (smoke rebar table CU batch 1, n=1, marks=W10-175, drawingsBefore=101)
2026-10-01T12:44:42 trying SP_M.CU_PG3_11X17.cs
2026-10-01T12:44:43 RunMacro bool=True path=SP_M.CU_PG3_11X17.cs
2026-10-01T12:44:43 started SP_M.CU_PG3_11X17.cs
2026-10-01T12:44:43 wait SP_M.CU_PG3_11X17.cs t=0s IsMacroRunning=False drawings=102 (need > 101)
2026-10-01T12:44:45 CloseActiveDrawing (new sheet from SP_M.CU_PG3_11X17.cs)
2026-10-01T12:44:45 drawing-count delta 101 → 102 after 0s
2026-10-01T12:44:45 CloseActiveDrawing (after SP_M.CU_PG3_11X17.cs)
2026-10-01T12:44:45 drawings 101 → 102 after SP_M.CU_PG3_11X17.cs fallbackInsert=no
2026-10-01T12:44:45 CloseActiveDrawing (between batches)
2026-10-01T12:44:45 smoke: skipped beams and floor GA
2026-10-01T12:44:45 session drawings 99 → 102 after smoke macros
2026-10-01T13:12:04 CloseActiveDrawing (RunMacros start)
2026-10-01T13:12:04 bundled macros src=C:\Users\ASUS\Desktop\2d_tekla\bin\Release\net48\LocalMacros dest=D:\design_\Paisley\Paisley_Exam\Paisley_Exam\macros\modeling
2026-10-01T13:12:04 synced AutoCompressAndEdit11x17.cs → D:\design_\Paisley\Paisley_Exam\Paisley_Exam\macros\modeling
2026-10-01T13:12:04 synced SP_M.ASSEMBLY_standard.cs → D:\design_\Paisley\Paisley_Exam\Paisley_Exam\macros\modeling
2026-10-01T13:12:04 synced SP_M.BM_SET_11x17.cs → D:\design_\Paisley\Paisley_Exam\Paisley_Exam\macros\modeling
2026-10-01T13:12:04 synced SP_M.CU_PG1_11X17.cs → D:\design_\Paisley\Paisley_Exam\Paisley_Exam\macros\modeling
2026-10-01T13:12:04 synced SP_M.CU_PG2_11X17.cs → D:\design_\Paisley\Paisley_Exam\Paisley_Exam\macros\modeling
2026-10-01T13:12:04 synced SP_M.CU_PG3_11X17.cs → D:\design_\Paisley\Paisley_Exam\Paisley_Exam\macros\modeling
2026-10-01T13:12:04 synced SP_M.GA_EXP_GA_STD.cs → D:\design_\Paisley\Paisley_Exam\Paisley_Exam\macros\modeling
2026-10-01T13:12:04 synced SP_M.SINGLE_standard.cs → D:\design_\Paisley\Paisley_Exam\Paisley_Exam\macros\modeling
2026-10-01T13:12:04 synced bundled macros → firm: D:\design_\METRIC_FIRM2021\macros\modeling
2026-10-01T13:12:04 === session mode=smoke mark=W10-175 ===
2026-10-01T13:12:04 model=Paisley_Exam.db1 path=D:\design_\Paisley\Paisley_Exam\Paisley_Exam
2026-10-01T13:12:04 macros.log=C:\Users\ASUS\Desktop\2d_tekla\Export\CivilDrawings\new with macros\macros.log
2026-10-01T13:12:04 if AKIT dies inside Tekla, check C:\Users\ASUS\AppData\Local\Trimble\TeklaStructures\2026.0\logs and the Tekla session log
2026-10-01T13:12:04 session drawings before macros=99
2026-10-01T13:12:51 WALL=1 COLUMN=0 BEAM=0 mark=W10-175 (precast only; hollowcore/insulation/formliner skipped)
2026-10-01T13:12:51 smoke hardware CU batch 1/1 n=1
2026-10-01T13:12:51 CloseActiveDrawing (before smoke hardware CU batch 1)
2026-10-01T13:12:51 Select n=1 ok=True
2026-10-01T13:12:51 CommitChanges after select
2026-10-01T13:12:51 RunMacro SP_M.CU_PG1_11X17.cs (smoke hardware CU batch 1, n=1, marks=W10-175, drawingsBefore=99)
2026-10-01T13:12:51 trying SP_M.CU_PG1_11X17.cs
2026-10-01T13:12:58 RunMacro bool=True path=SP_M.CU_PG1_11X17.cs
2026-10-01T13:12:58 started SP_M.CU_PG1_11X17.cs
2026-10-01T13:12:58 wait SP_M.CU_PG1_11X17.cs t=0s IsMacroRunning=False drawings=100 (need > 99)
2026-10-01T13:13:00 CloseActiveDrawing (new sheet from SP_M.CU_PG1_11X17.cs)
2026-10-01T13:13:00 drawing-count delta 99 → 100 after 0s
2026-10-01T13:13:00 CloseActiveDrawing (after SP_M.CU_PG1_11X17.cs)
2026-10-01T13:13:00 drawings 99 → 100 after SP_M.CU_PG1_11X17.cs fallbackInsert=no
2026-10-01T13:13:00 CloseActiveDrawing (between batches)
2026-10-01T13:13:00 smoke rebar placing CU batch 1/1 n=1
2026-10-01T13:13:00 CloseActiveDrawing (before smoke rebar placing CU batch 1)
2026-10-01T13:13:00 Select n=1 ok=True
2026-10-01T13:13:00 CommitChanges after select
2026-10-01T13:13:00 RunMacro SP_M.CU_PG2_11X17.cs (smoke rebar placing CU batch 1, n=1, marks=W10-175, drawingsBefore=100)
2026-10-01T13:13:00 trying SP_M.CU_PG2_11X17.cs
2026-10-01T13:13:08 RunMacro bool=True path=SP_M.CU_PG2_11X17.cs
2026-10-01T13:13:08 started SP_M.CU_PG2_11X17.cs
2026-10-01T13:13:08 wait SP_M.CU_PG2_11X17.cs t=0s IsMacroRunning=False drawings=101 (need > 100)
2026-10-01T13:13:10 CloseActiveDrawing (new sheet from SP_M.CU_PG2_11X17.cs)
2026-10-01T13:13:10 drawing-count delta 100 → 101 after 0s
2026-10-01T13:13:10 CloseActiveDrawing (after SP_M.CU_PG2_11X17.cs)
2026-10-01T13:13:10 drawings 100 → 101 after SP_M.CU_PG2_11X17.cs fallbackInsert=no
2026-10-01T13:13:10 CloseActiveDrawing (between batches)
2026-10-01T13:13:10 smoke rebar table CU batch 1/1 n=1
2026-10-01T13:13:10 CloseActiveDrawing (before smoke rebar table CU batch 1)
2026-10-01T13:13:10 Select n=1 ok=True
2026-10-01T13:13:10 CommitChanges after select
2026-10-01T13:13:10 RunMacro SP_M.CU_PG3_11X17.cs (smoke rebar table CU batch 1, n=1, marks=W10-175, drawingsBefore=101)
2026-10-01T13:13:10 trying SP_M.CU_PG3_11X17.cs
2026-10-01T13:13:12 RunMacro bool=True path=SP_M.CU_PG3_11X17.cs
2026-10-01T13:13:12 started SP_M.CU_PG3_11X17.cs
2026-10-01T13:13:12 wait SP_M.CU_PG3_11X17.cs t=0s IsMacroRunning=False drawings=102 (need > 101)
2026-10-01T13:13:13 CloseActiveDrawing (new sheet from SP_M.CU_PG3_11X17.cs)
2026-10-01T13:13:13 drawing-count delta 101 → 102 after 0s
2026-10-01T13:13:13 CloseActiveDrawing (after SP_M.CU_PG3_11X17.cs)
2026-10-01T13:13:13 drawings 101 → 102 after SP_M.CU_PG3_11X17.cs fallbackInsert=no
2026-10-01T13:13:13 CloseActiveDrawing (between batches)
2026-10-01T13:13:13 smoke: skipped beams and floor GA
2026-10-01T13:13:13 session drawings 99 → 102 after smoke macros
2026-10-01T13:18:09 CloseActiveDrawing (RunMacros start)
2026-10-01T13:18:09 bundled macros src=C:\Users\ASUS\Desktop\2d_tekla\bin\Release\net48\LocalMacros dest=D:\design_\Paisley\Paisley_Exam\Paisley_Exam\macros\modeling
2026-10-01T13:18:09 synced AutoCompressAndEdit11x17.cs → D:\design_\Paisley\Paisley_Exam\Paisley_Exam\macros\modeling
2026-10-01T13:18:09 synced SP_M.ASSEMBLY_standard.cs → D:\design_\Paisley\Paisley_Exam\Paisley_Exam\macros\modeling
2026-10-01T13:18:09 synced SP_M.BM_SET_11x17.cs → D:\design_\Paisley\Paisley_Exam\Paisley_Exam\macros\modeling
2026-10-01T13:18:09 synced SP_M.CU_PG1_11X17.cs → D:\design_\Paisley\Paisley_Exam\Paisley_Exam\macros\modeling
2026-10-01T13:18:09 synced SP_M.CU_PG2_11X17.cs → D:\design_\Paisley\Paisley_Exam\Paisley_Exam\macros\modeling
2026-10-01T13:18:09 synced SP_M.CU_PG3_11X17.cs → D:\design_\Paisley\Paisley_Exam\Paisley_Exam\macros\modeling
2026-10-01T13:18:09 synced SP_M.GA_EXP_GA_STD.cs → D:\design_\Paisley\Paisley_Exam\Paisley_Exam\macros\modeling
2026-10-01T13:18:09 synced SP_M.SINGLE_standard.cs → D:\design_\Paisley\Paisley_Exam\Paisley_Exam\macros\modeling
2026-10-01T13:18:09 synced bundled macros → firm: D:\design_\METRIC_FIRM2021\macros\modeling
2026-10-01T13:18:09 === session mode=smoke mark=W10-175 ===
2026-10-01T13:18:09 model=Paisley_Exam.db1 path=D:\design_\Paisley\Paisley_Exam\Paisley_Exam
2026-10-01T13:18:09 macros.log=C:\Users\ASUS\Desktop\2d_tekla\Export\CivilDrawings\new with macros\macros.log
2026-10-01T13:18:09 if AKIT dies inside Tekla, check C:\Users\ASUS\AppData\Local\Trimble\TeklaStructures\2026.0\logs and the Tekla session log
2026-10-01T13:18:09 session drawings before macros=99
2026-10-01T13:18:21 WALL=1 COLUMN=0 BEAM=0 mark=W10-175 (precast only; hollowcore/insulation/formliner skipped)
2026-10-01T13:18:21 smoke hardware CU batch 1/1 n=1
2026-10-01T13:18:21 CloseActiveDrawing (before smoke hardware CU batch 1)
2026-10-01T13:18:21 Select n=1 ok=True
2026-10-01T13:18:21 CommitChanges after select
2026-10-01T13:18:22 RunMacro SP_M.CU_PG1_11X17.cs (smoke hardware CU batch 1, n=1, marks=W10-175, drawingsBefore=99)
2026-10-01T13:18:22 trying SP_M.CU_PG1_11X17.cs
2026-10-01T13:18:26 RunMacro bool=True path=SP_M.CU_PG1_11X17.cs
2026-10-01T13:18:26 started SP_M.CU_PG1_11X17.cs
2026-10-01T13:18:26 wait SP_M.CU_PG1_11X17.cs t=0s IsMacroRunning=False drawings=100 (need > 99)
2026-10-01T13:18:28 CloseActiveDrawing (new sheet from SP_M.CU_PG1_11X17.cs)
2026-10-01T13:18:28 drawing-count delta 99 → 100 after 0s
2026-10-01T13:18:28 CloseActiveDrawing (after SP_M.CU_PG1_11X17.cs)
2026-10-01T13:18:28 drawings 99 → 100 after SP_M.CU_PG1_11X17.cs fallbackInsert=no
2026-10-01T13:18:28 CloseActiveDrawing (between batches)
2026-10-01T13:18:28 smoke rebar placing CU batch 1/1 n=1
2026-10-01T13:18:28 CloseActiveDrawing (before smoke rebar placing CU batch 1)
2026-10-01T13:18:28 Select n=1 ok=True
2026-10-01T13:18:28 CommitChanges after select
2026-10-01T13:18:28 RunMacro SP_M.CU_PG2_11X17.cs (smoke rebar placing CU batch 1, n=1, marks=W10-175, drawingsBefore=100)
2026-10-01T13:18:28 trying SP_M.CU_PG2_11X17.cs
2026-10-01T13:18:35 RunMacro bool=True path=SP_M.CU_PG2_11X17.cs
2026-10-01T13:18:35 started SP_M.CU_PG2_11X17.cs
2026-10-01T13:18:35 wait SP_M.CU_PG2_11X17.cs t=0s IsMacroRunning=False drawings=101 (need > 100)
2026-10-01T13:18:37 CloseActiveDrawing (new sheet from SP_M.CU_PG2_11X17.cs)
2026-10-01T13:18:37 drawing-count delta 100 → 101 after 0s
2026-10-01T13:18:37 CloseActiveDrawing (after SP_M.CU_PG2_11X17.cs)
2026-10-01T13:18:37 drawings 100 → 101 after SP_M.CU_PG2_11X17.cs fallbackInsert=no
2026-10-01T13:18:37 CloseActiveDrawing (between batches)
2026-10-01T13:18:37 smoke rebar table CU batch 1/1 n=1
2026-10-01T13:18:37 CloseActiveDrawing (before smoke rebar table CU batch 1)
2026-10-01T13:18:37 Select n=1 ok=True
2026-10-01T13:18:37 CommitChanges after select
2026-10-01T13:18:37 RunMacro SP_M.CU_PG3_11X17.cs (smoke rebar table CU batch 1, n=1, marks=W10-175, drawingsBefore=101)
2026-10-01T13:18:37 trying SP_M.CU_PG3_11X17.cs
2026-10-01T13:18:41 RunMacro bool=True path=SP_M.CU_PG3_11X17.cs
2026-10-01T13:18:41 started SP_M.CU_PG3_11X17.cs
2026-10-01T13:18:41 wait SP_M.CU_PG3_11X17.cs t=0s IsMacroRunning=False drawings=102 (need > 101)
2026-10-01T13:18:43 CloseActiveDrawing (new sheet from SP_M.CU_PG3_11X17.cs)
2026-10-01T13:18:43 drawing-count delta 101 → 102 after 0s
2026-10-01T13:18:43 CloseActiveDrawing (after SP_M.CU_PG3_11X17.cs)
2026-10-01T13:18:43 drawings 101 → 102 after SP_M.CU_PG3_11X17.cs fallbackInsert=no
2026-10-01T13:18:43 CloseActiveDrawing (between batches)
2026-10-01T13:18:43 smoke: skipped beams and floor GA
2026-10-01T13:18:43 session drawings 99 → 102 after smoke macros
2026-10-01T14:01:55 CloseActiveDrawing (RunMacros start)
2026-10-01T14:01:55 bundled macros src=C:\Users\ASUS\Desktop\2d_tekla\bin\Release\net48\LocalMacros dest=D:\design_\Paisley\Paisley_Exam\Paisley_Exam\macros\modeling
2026-10-01T14:01:55 synced AutoCompressAndEdit11x17.cs → D:\design_\Paisley\Paisley_Exam\Paisley_Exam\macros\modeling
2026-10-01T14:01:55 synced SP_M.ASSEMBLY_standard.cs → D:\design_\Paisley\Paisley_Exam\Paisley_Exam\macros\modeling
2026-10-01T14:01:55 synced SP_M.BM_SET_11x17.cs → D:\design_\Paisley\Paisley_Exam\Paisley_Exam\macros\modeling
2026-10-01T14:01:55 synced SP_M.CU_PG1_11X17.cs → D:\design_\Paisley\Paisley_Exam\Paisley_Exam\macros\modeling
2026-10-01T14:01:55 synced SP_M.CU_PG2_11X17.cs → D:\design_\Paisley\Paisley_Exam\Paisley_Exam\macros\modeling
2026-10-01T14:01:55 synced SP_M.CU_PG3_11X17.cs → D:\design_\Paisley\Paisley_Exam\Paisley_Exam\macros\modeling
2026-10-01T14:01:55 synced SP_M.GA_EXP_GA_STD.cs → D:\design_\Paisley\Paisley_Exam\Paisley_Exam\macros\modeling
2026-10-01T14:01:55 synced SP_M.SINGLE_standard.cs → D:\design_\Paisley\Paisley_Exam\Paisley_Exam\macros\modeling
2026-10-01T14:01:55 synced bundled macros → firm: D:\design_\METRIC_FIRM2021\macros\modeling
2026-10-01T14:01:55 === session mode=smoke mark=W10-175 ===
2026-10-01T14:01:55 model=Paisley_Exam.db1 path=D:\design_\Paisley\Paisley_Exam\Paisley_Exam
2026-10-01T14:01:55 macros.log=C:\Users\ASUS\Desktop\2d_tekla\Export\CivilDrawings\new with macros\macros.log
2026-10-01T14:01:55 if AKIT dies inside Tekla, check C:\Users\ASUS\AppData\Local\Trimble\TeklaStructures\2026.0\logs and the Tekla session log
2026-10-01T14:01:55 session drawings before macros=99
2026-10-01T14:02:31 WALL=1 COLUMN=0 BEAM=0 mark=W10-175 (precast only; hollowcore/insulation/formliner skipped)
2026-10-01T14:02:31 smoke hardware CU batch 1/1 n=1
2026-10-01T14:02:31 CloseActiveDrawing (before smoke hardware CU batch 1)
2026-10-01T14:02:32 Select n=1 ok=True
2026-10-01T14:02:32 CommitChanges after select
2026-10-01T14:02:32 RunMacro SP_M.CU_PG1_11X17.cs (smoke hardware CU batch 1, n=1, marks=W10-175, drawingsBefore=99)
2026-10-01T14:02:32 trying SP_M.CU_PG1_11X17.cs
2026-10-01T14:02:40 RunMacro bool=True path=SP_M.CU_PG1_11X17.cs
2026-10-01T14:02:40 started SP_M.CU_PG1_11X17.cs
2026-10-01T14:02:40 wait SP_M.CU_PG1_11X17.cs t=0s IsMacroRunning=False drawings=100 (need > 99)
2026-10-01T14:02:41 CloseActiveDrawing (new sheet from SP_M.CU_PG1_11X17.cs)
2026-10-01T14:02:41 drawing-count delta 99 → 100 after 0s
2026-10-01T14:02:41 CloseActiveDrawing (after SP_M.CU_PG1_11X17.cs)
2026-10-01T14:02:41 drawings 99 → 100 after SP_M.CU_PG1_11X17.cs fallbackInsert=no
2026-10-01T14:02:41 CloseActiveDrawing (between batches)
2026-10-01T14:02:41 smoke rebar placing CU batch 1/1 n=1
2026-10-01T14:02:41 CloseActiveDrawing (before smoke rebar placing CU batch 1)
2026-10-01T14:02:42 Select n=1 ok=True
2026-10-01T14:02:42 CommitChanges after select
2026-10-01T14:02:42 RunMacro SP_M.CU_PG2_11X17.cs (smoke rebar placing CU batch 1, n=1, marks=W10-175, drawingsBefore=100)
2026-10-01T14:02:42 trying SP_M.CU_PG2_11X17.cs
2026-10-01T14:02:49 RunMacro bool=True path=SP_M.CU_PG2_11X17.cs
2026-10-01T14:02:49 started SP_M.CU_PG2_11X17.cs
2026-10-01T14:02:49 wait SP_M.CU_PG2_11X17.cs t=0s IsMacroRunning=False drawings=101 (need > 100)
2026-10-01T14:02:51 CloseActiveDrawing (new sheet from SP_M.CU_PG2_11X17.cs)
2026-10-01T14:02:51 drawing-count delta 100 → 101 after 0s
2026-10-01T14:02:51 CloseActiveDrawing (after SP_M.CU_PG2_11X17.cs)
2026-10-01T14:02:51 drawings 100 → 101 after SP_M.CU_PG2_11X17.cs fallbackInsert=no
2026-10-01T14:02:51 CloseActiveDrawing (between batches)
2026-10-01T14:02:51 smoke rebar table CU batch 1/1 n=1
2026-10-01T14:02:51 CloseActiveDrawing (before smoke rebar table CU batch 1)
2026-10-01T14:02:51 Select n=1 ok=True
2026-10-01T14:02:51 CommitChanges after select
2026-10-01T14:02:51 RunMacro SP_M.CU_PG3_11X17.cs (smoke rebar table CU batch 1, n=1, marks=W10-175, drawingsBefore=101)
2026-10-01T14:02:51 trying SP_M.CU_PG3_11X17.cs
2026-10-01T14:02:53 RunMacro bool=True path=SP_M.CU_PG3_11X17.cs
2026-10-01T14:02:53 started SP_M.CU_PG3_11X17.cs
2026-10-01T14:02:53 wait SP_M.CU_PG3_11X17.cs t=0s IsMacroRunning=False drawings=102 (need > 101)
2026-10-01T14:02:54 CloseActiveDrawing (new sheet from SP_M.CU_PG3_11X17.cs)
2026-10-01T14:02:54 drawing-count delta 101 → 102 after 0s
2026-10-01T14:02:54 CloseActiveDrawing (after SP_M.CU_PG3_11X17.cs)
2026-10-01T14:02:54 drawings 101 → 102 after SP_M.CU_PG3_11X17.cs fallbackInsert=no
2026-10-01T14:02:54 CloseActiveDrawing (between batches)
2026-10-01T14:02:54 smoke: skipped beams and floor GA
2026-10-01T14:02:54 session drawings 99 → 102 after smoke macros
2026-10-01T14:58:17 CloseActiveDrawing (RunMacros start)
2026-10-01T14:58:17 bundled macros src=C:\Users\ASUS\Desktop\2d_tekla\bin\Release\net48\LocalMacros dest=D:\design_\Paisley\Paisley_Exam\Paisley_Exam\macros\modeling
2026-10-01T14:58:17 synced AutoCompressAndEdit11x17.cs → D:\design_\Paisley\Paisley_Exam\Paisley_Exam\macros\modeling
2026-10-01T14:58:17 synced SP_M.ASSEMBLY_standard.cs → D:\design_\Paisley\Paisley_Exam\Paisley_Exam\macros\modeling
2026-10-01T14:58:17 synced SP_M.BM_SET_11x17.cs → D:\design_\Paisley\Paisley_Exam\Paisley_Exam\macros\modeling
2026-10-01T14:58:17 synced SP_M.CU_PG1_11X17.cs → D:\design_\Paisley\Paisley_Exam\Paisley_Exam\macros\modeling
2026-10-01T14:58:17 synced SP_M.CU_PG2_11X17.cs → D:\design_\Paisley\Paisley_Exam\Paisley_Exam\macros\modeling
2026-10-01T14:58:17 synced SP_M.CU_PG3_11X17.cs → D:\design_\Paisley\Paisley_Exam\Paisley_Exam\macros\modeling
2026-10-01T14:58:17 synced SP_M.GA_EXP_GA_STD.cs → D:\design_\Paisley\Paisley_Exam\Paisley_Exam\macros\modeling
2026-10-01T14:58:17 synced SP_M.SINGLE_standard.cs → D:\design_\Paisley\Paisley_Exam\Paisley_Exam\macros\modeling
2026-10-01T14:58:17 synced bundled macros → firm: D:\design_\METRIC_FIRM2021\macros\modeling
2026-10-01T14:58:17 === session mode=smoke mark=W10-175 ===
2026-10-01T14:58:17 model=Paisley_Exam.db1 path=D:\design_\Paisley\Paisley_Exam\Paisley_Exam
2026-10-01T14:58:17 macros.log=C:\Users\ASUS\Desktop\2d_tekla\Export\CivilDrawings\new with macros\macros.log
2026-10-01T14:58:17 if AKIT dies inside Tekla, check C:\Users\ASUS\AppData\Local\Trimble\TeklaStructures\2026.0\logs and the Tekla session log
2026-10-01T14:58:17 session drawings before macros=99
2026-10-01T14:59:15 WALL=1 COLUMN=0 BEAM=0 mark=W10-175 (precast only; hollowcore/insulation/formliner skipped)
2026-10-01T14:59:15 smoke hardware CU batch 1/1 n=1
2026-10-01T14:59:15 CloseActiveDrawing (before smoke hardware CU batch 1)
2026-10-01T14:59:15 Select n=1 ok=True
2026-10-01T14:59:15 CommitChanges after select
2026-10-01T14:59:16 RunMacro SP_M.CU_PG1_11X17.cs (smoke hardware CU batch 1, n=1, marks=W10-175, drawingsBefore=99)
2026-10-01T14:59:16 trying SP_M.CU_PG1_11X17.cs
2026-10-01T14:59:33 RunMacro bool=True path=SP_M.CU_PG1_11X17.cs
2026-10-01T14:59:33 started SP_M.CU_PG1_11X17.cs
2026-10-01T14:59:33 wait SP_M.CU_PG1_11X17.cs t=0s IsMacroRunning=False drawings=100 (need > 99)
2026-10-01T14:59:35 CloseActiveDrawing (new sheet from SP_M.CU_PG1_11X17.cs)
2026-10-01T14:59:35 drawing-count delta 99 → 100 after 0s
2026-10-01T14:59:35 CloseActiveDrawing (after SP_M.CU_PG1_11X17.cs)
2026-10-01T14:59:35 drawings 99 → 100 after SP_M.CU_PG1_11X17.cs fallbackInsert=no
2026-10-01T14:59:35 CloseActiveDrawing (between batches)
2026-10-01T14:59:35 smoke rebar placing CU batch 1/1 n=1
2026-10-01T14:59:35 CloseActiveDrawing (before smoke rebar placing CU batch 1)
2026-10-01T14:59:35 Select n=1 ok=True
2026-10-01T14:59:35 CommitChanges after select
2026-10-01T14:59:35 RunMacro SP_M.CU_PG2_11X17.cs (smoke rebar placing CU batch 1, n=1, marks=W10-175, drawingsBefore=100)
2026-10-01T14:59:35 trying SP_M.CU_PG2_11X17.cs
2026-10-01T14:59:55 RunMacro bool=True path=SP_M.CU_PG2_11X17.cs
2026-10-01T14:59:55 started SP_M.CU_PG2_11X17.cs
2026-10-01T14:59:55 wait SP_M.CU_PG2_11X17.cs t=0s IsMacroRunning=False drawings=101 (need > 100)
2026-10-01T14:59:57 CloseActiveDrawing (new sheet from SP_M.CU_PG2_11X17.cs)
2026-10-01T14:59:57 drawing-count delta 100 → 101 after 0s
2026-10-01T14:59:57 CloseActiveDrawing (after SP_M.CU_PG2_11X17.cs)
2026-10-01T14:59:57 drawings 100 → 101 after SP_M.CU_PG2_11X17.cs fallbackInsert=no
2026-10-01T14:59:57 CloseActiveDrawing (between batches)
2026-10-01T14:59:57 smoke rebar table CU batch 1/1 n=1
2026-10-01T14:59:57 CloseActiveDrawing (before smoke rebar table CU batch 1)
2026-10-01T14:59:57 Select n=1 ok=True
2026-10-01T14:59:57 CommitChanges after select
2026-10-01T14:59:58 RunMacro SP_M.CU_PG3_11X17.cs (smoke rebar table CU batch 1, n=1, marks=W10-175, drawingsBefore=101)
2026-10-01T14:59:58 trying SP_M.CU_PG3_11X17.cs
2026-10-01T15:00:01 RunMacro bool=True path=SP_M.CU_PG3_11X17.cs
2026-10-01T15:00:01 started SP_M.CU_PG3_11X17.cs
2026-10-01T15:00:01 wait SP_M.CU_PG3_11X17.cs t=0s IsMacroRunning=False drawings=102 (need > 101)
2026-10-01T15:00:03 CloseActiveDrawing (new sheet from SP_M.CU_PG3_11X17.cs)
2026-10-01T15:00:03 drawing-count delta 101 → 102 after 0s
2026-10-01T15:00:03 CloseActiveDrawing (after SP_M.CU_PG3_11X17.cs)
2026-10-01T15:00:03 drawings 101 → 102 after SP_M.CU_PG3_11X17.cs fallbackInsert=no
2026-10-01T15:00:03 CloseActiveDrawing (between batches)
2026-10-01T15:00:03 smoke: skipped beams and floor GA
2026-10-01T15:00:03 session drawings 99 → 102 after smoke macros
2026-10-01T15:26:09 CloseActiveDrawing (RunMacros start)
2026-10-01T15:26:09 bundled macros src=C:\Users\ASUS\Desktop\2d_tekla\bin\Release\net48\LocalMacros dest=D:\design_\Paisley\Paisley_Exam\Paisley_Exam\macros\modeling
2026-10-01T15:26:09 synced AutoCompressAndEdit11x17.cs → D:\design_\Paisley\Paisley_Exam\Paisley_Exam\macros\modeling
2026-10-01T15:26:09 synced SP_M.ASSEMBLY_standard.cs → D:\design_\Paisley\Paisley_Exam\Paisley_Exam\macros\modeling
2026-10-01T15:26:09 synced SP_M.BM_SET_11x17.cs → D:\design_\Paisley\Paisley_Exam\Paisley_Exam\macros\modeling
2026-10-01T15:26:09 synced SP_M.CU_PG1_11X17.cs → D:\design_\Paisley\Paisley_Exam\Paisley_Exam\macros\modeling
2026-10-01T15:26:09 synced SP_M.CU_PG2_11X17.cs → D:\design_\Paisley\Paisley_Exam\Paisley_Exam\macros\modeling
2026-10-01T15:26:09 synced SP_M.CU_PG3_11X17.cs → D:\design_\Paisley\Paisley_Exam\Paisley_Exam\macros\modeling
2026-10-01T15:26:09 synced SP_M.GA_EXP_GA_STD.cs → D:\design_\Paisley\Paisley_Exam\Paisley_Exam\macros\modeling
2026-10-01T15:26:09 synced SP_M.SINGLE_standard.cs → D:\design_\Paisley\Paisley_Exam\Paisley_Exam\macros\modeling
2026-10-01T15:26:09 synced bundled macros → firm: D:\design_\METRIC_FIRM2021\macros\modeling
2026-10-01T15:26:09 === session mode=smoke mark=W10-175 ===
2026-10-01T15:26:09 model=Paisley_Exam.db1 path=D:\design_\Paisley\Paisley_Exam\Paisley_Exam
2026-10-01T15:26:09 macros.log=C:\Users\ASUS\Desktop\2d_tekla\Export\CivilDrawings\new with macros\macros.log
2026-10-01T15:26:09 if AKIT dies inside Tekla, check C:\Users\ASUS\AppData\Local\Trimble\TeklaStructures\2026.0\logs and the Tekla session log
2026-10-01T15:26:09 session drawings before macros=99
2026-10-01T15:26:23 WALL=1 COLUMN=0 BEAM=0 mark=W10-175 (precast only; hollowcore/insulation/formliner skipped)
2026-10-01T15:26:23 smoke hardware CU batch 1/1 n=1
2026-10-01T15:26:23 CloseActiveDrawing (before smoke hardware CU batch 1)
2026-10-01T15:26:23 Select n=1 ok=True
2026-10-01T15:26:23 CommitChanges after select
2026-10-01T15:26:23 RunMacro SP_M.CU_PG1_11X17.cs (smoke hardware CU batch 1, n=1, marks=W10-175, drawingsBefore=99)
2026-10-01T15:26:23 trying SP_M.CU_PG1_11X17.cs
2026-10-01T15:26:30 RunMacro bool=True path=SP_M.CU_PG1_11X17.cs
2026-10-01T15:26:30 started SP_M.CU_PG1_11X17.cs
2026-10-01T15:26:30 wait SP_M.CU_PG1_11X17.cs t=0s IsMacroRunning=False drawings=100 (need > 99)
2026-10-01T15:26:32 CloseActiveDrawing (new sheet from SP_M.CU_PG1_11X17.cs)
2026-10-01T15:26:32 drawing-count delta 99 → 100 after 0s
2026-10-01T15:26:32 CloseActiveDrawing (after SP_M.CU_PG1_11X17.cs)
2026-10-01T15:26:32 drawings 99 → 100 after SP_M.CU_PG1_11X17.cs fallbackInsert=no
2026-10-01T15:26:32 CloseActiveDrawing (between batches)
2026-10-01T15:26:32 smoke rebar placing CU batch 1/1 n=1
2026-10-01T15:26:32 CloseActiveDrawing (before smoke rebar placing CU batch 1)
2026-10-01T15:26:32 Select n=1 ok=True
2026-10-01T15:26:32 CommitChanges after select
2026-10-01T15:26:32 RunMacro SP_M.CU_PG2_11X17.cs (smoke rebar placing CU batch 1, n=1, marks=W10-175, drawingsBefore=100)
2026-10-01T15:26:32 trying SP_M.CU_PG2_11X17.cs
2026-10-01T15:26:42 RunMacro bool=True path=SP_M.CU_PG2_11X17.cs
2026-10-01T15:26:42 started SP_M.CU_PG2_11X17.cs
2026-10-01T15:26:42 wait SP_M.CU_PG2_11X17.cs t=0s IsMacroRunning=False drawings=101 (need > 100)
2026-10-01T15:26:44 CloseActiveDrawing (new sheet from SP_M.CU_PG2_11X17.cs)
2026-10-01T15:26:44 drawing-count delta 100 → 101 after 0s
2026-10-01T15:26:44 CloseActiveDrawing (after SP_M.CU_PG2_11X17.cs)
2026-10-01T15:26:44 drawings 100 → 101 after SP_M.CU_PG2_11X17.cs fallbackInsert=no
2026-10-01T15:26:44 CloseActiveDrawing (between batches)
2026-10-01T15:26:44 smoke rebar table CU batch 1/1 n=1
2026-10-01T15:26:44 CloseActiveDrawing (before smoke rebar table CU batch 1)
2026-10-01T15:26:44 Select n=1 ok=True
2026-10-01T15:26:44 CommitChanges after select
2026-10-01T15:26:44 RunMacro SP_M.CU_PG3_11X17.cs (smoke rebar table CU batch 1, n=1, marks=W10-175, drawingsBefore=101)
2026-10-01T15:26:44 trying SP_M.CU_PG3_11X17.cs
2026-10-01T15:26:46 RunMacro bool=True path=SP_M.CU_PG3_11X17.cs
2026-10-01T15:26:46 started SP_M.CU_PG3_11X17.cs
2026-10-01T15:26:46 wait SP_M.CU_PG3_11X17.cs t=0s IsMacroRunning=False drawings=102 (need > 101)
2026-10-01T15:26:47 CloseActiveDrawing (new sheet from SP_M.CU_PG3_11X17.cs)
2026-10-01T15:26:47 drawing-count delta 101 → 102 after 0s
2026-10-01T15:26:47 CloseActiveDrawing (after SP_M.CU_PG3_11X17.cs)
2026-10-01T15:26:47 drawings 101 → 102 after SP_M.CU_PG3_11X17.cs fallbackInsert=no
2026-10-01T15:26:47 CloseActiveDrawing (between batches)
2026-10-01T15:26:47 smoke: skipped beams and floor GA
2026-10-01T15:26:47 session drawings 99 → 102 after smoke macros
2026-10-01T15:33:33 CloseActiveDrawing (RunMacros start)
2026-10-01T15:33:33 bundled macros src=C:\Users\ASUS\Desktop\2d_tekla\bin\Release\net48\LocalMacros dest=D:\design_\Paisley\Paisley_Exam\Paisley_Exam\macros\modeling
2026-10-01T15:33:33 synced AutoCompressAndEdit11x17.cs → D:\design_\Paisley\Paisley_Exam\Paisley_Exam\macros\modeling
2026-10-01T15:33:33 synced SP_M.ASSEMBLY_standard.cs → D:\design_\Paisley\Paisley_Exam\Paisley_Exam\macros\modeling
2026-10-01T15:33:33 synced SP_M.BM_SET_11x17.cs → D:\design_\Paisley\Paisley_Exam\Paisley_Exam\macros\modeling
2026-10-01T15:33:33 synced SP_M.CU_PG1_11X17.cs → D:\design_\Paisley\Paisley_Exam\Paisley_Exam\macros\modeling
2026-10-01T15:33:33 synced SP_M.CU_PG2_11X17.cs → D:\design_\Paisley\Paisley_Exam\Paisley_Exam\macros\modeling
2026-10-01T15:33:33 synced SP_M.CU_PG3_11X17.cs → D:\design_\Paisley\Paisley_Exam\Paisley_Exam\macros\modeling
2026-10-01T15:33:33 synced SP_M.GA_EXP_GA_STD.cs → D:\design_\Paisley\Paisley_Exam\Paisley_Exam\macros\modeling
2026-10-01T15:33:33 synced SP_M.SINGLE_standard.cs → D:\design_\Paisley\Paisley_Exam\Paisley_Exam\macros\modeling
2026-10-01T15:33:33 synced bundled macros → firm: D:\design_\METRIC_FIRM2021\macros\modeling
2026-10-01T15:33:33 === session mode=smoke mark=W10-175 ===
2026-10-01T15:33:33 model=Paisley_Exam.db1 path=D:\design_\Paisley\Paisley_Exam\Paisley_Exam
2026-10-01T15:33:33 macros.log=C:\Users\ASUS\Desktop\2d_tekla\Export\CivilDrawings\new with macros\macros.log
2026-10-01T15:33:33 if AKIT dies inside Tekla, check C:\Users\ASUS\AppData\Local\Trimble\TeklaStructures\2026.0\logs and the Tekla session log
2026-10-01T15:33:33 session drawings before macros=99
2026-10-01T15:33:49 WALL=1 COLUMN=0 BEAM=0 mark=W10-175 (precast only; hollowcore/insulation/formliner skipped)
2026-10-01T15:33:49 smoke hardware CU batch 1/1 n=1
2026-10-01T15:33:49 CloseActiveDrawing (before smoke hardware CU batch 1)
2026-10-01T15:33:49 Select n=1 ok=True
2026-10-01T15:33:49 CommitChanges after select
2026-10-01T15:33:49 RunMacro SP_M.CU_PG1_11X17.cs (smoke hardware CU batch 1, n=1, marks=W10-175, drawingsBefore=99)
2026-10-01T15:33:49 trying SP_M.CU_PG1_11X17.cs
2026-10-01T15:33:54 RunMacro bool=True path=SP_M.CU_PG1_11X17.cs
2026-10-01T15:33:54 started SP_M.CU_PG1_11X17.cs
2026-10-01T15:33:54 wait SP_M.CU_PG1_11X17.cs t=0s IsMacroRunning=False drawings=100 (need > 99)
2026-10-01T15:33:56 CloseActiveDrawing (new sheet from SP_M.CU_PG1_11X17.cs)
2026-10-01T15:33:56 drawing-count delta 99 → 100 after 0s
2026-10-01T15:33:56 CloseActiveDrawing (after SP_M.CU_PG1_11X17.cs)
2026-10-01T15:33:56 drawings 99 → 100 after SP_M.CU_PG1_11X17.cs fallbackInsert=no
2026-10-01T15:33:56 CloseActiveDrawing (between batches)
2026-10-01T15:33:56 smoke rebar placing CU batch 1/1 n=1
2026-10-01T15:33:56 CloseActiveDrawing (before smoke rebar placing CU batch 1)
2026-10-01T15:33:56 Select n=1 ok=True
2026-10-01T15:33:56 CommitChanges after select
2026-10-01T15:33:56 RunMacro SP_M.CU_PG2_11X17.cs (smoke rebar placing CU batch 1, n=1, marks=W10-175, drawingsBefore=100)
2026-10-01T15:33:56 trying SP_M.CU_PG2_11X17.cs
2026-10-01T15:34:05 RunMacro bool=True path=SP_M.CU_PG2_11X17.cs
2026-10-01T15:34:05 started SP_M.CU_PG2_11X17.cs
2026-10-01T15:34:05 wait SP_M.CU_PG2_11X17.cs t=0s IsMacroRunning=False drawings=101 (need > 100)
2026-10-01T15:34:06 CloseActiveDrawing (new sheet from SP_M.CU_PG2_11X17.cs)
2026-10-01T15:34:06 drawing-count delta 100 → 101 after 0s
2026-10-01T15:34:06 CloseActiveDrawing (after SP_M.CU_PG2_11X17.cs)
2026-10-01T15:34:06 drawings 100 → 101 after SP_M.CU_PG2_11X17.cs fallbackInsert=no
2026-10-01T15:34:06 CloseActiveDrawing (between batches)
2026-10-01T15:34:06 smoke rebar table CU batch 1/1 n=1
2026-10-01T15:34:06 CloseActiveDrawing (before smoke rebar table CU batch 1)
2026-10-01T15:34:06 Select n=1 ok=True
2026-10-01T15:34:06 CommitChanges after select
2026-10-01T15:34:07 RunMacro SP_M.CU_PG3_11X17.cs (smoke rebar table CU batch 1, n=1, marks=W10-175, drawingsBefore=101)
2026-10-01T15:34:07 trying SP_M.CU_PG3_11X17.cs
2026-10-01T15:34:08 RunMacro bool=True path=SP_M.CU_PG3_11X17.cs
2026-10-01T15:34:08 started SP_M.CU_PG3_11X17.cs
2026-10-01T15:34:08 wait SP_M.CU_PG3_11X17.cs t=0s IsMacroRunning=False drawings=102 (need > 101)
2026-10-01T15:34:10 CloseActiveDrawing (new sheet from SP_M.CU_PG3_11X17.cs)
2026-10-01T15:34:10 drawing-count delta 101 → 102 after 0s
2026-10-01T15:34:10 CloseActiveDrawing (after SP_M.CU_PG3_11X17.cs)
2026-10-01T15:34:10 drawings 101 → 102 after SP_M.CU_PG3_11X17.cs fallbackInsert=no
2026-10-01T15:34:10 CloseActiveDrawing (between batches)
2026-10-01T15:34:10 smoke: skipped beams and floor GA
2026-10-01T15:34:10 session drawings 99 → 102 after smoke macros
2026-10-01T15:38:34 CloseActiveDrawing (RunMacros start)
2026-10-01T15:38:34 bundled macros src=C:\Users\ASUS\Desktop\2d_tekla\bin\Release\net48\LocalMacros dest=D:\design_\Paisley\Paisley_Exam\Paisley_Exam\macros\modeling
2026-10-01T15:38:34 synced AutoCompressAndEdit11x17.cs → D:\design_\Paisley\Paisley_Exam\Paisley_Exam\macros\modeling
2026-10-01T15:38:34 synced SP_M.ASSEMBLY_standard.cs → D:\design_\Paisley\Paisley_Exam\Paisley_Exam\macros\modeling
2026-10-01T15:38:34 synced SP_M.BM_SET_11x17.cs → D:\design_\Paisley\Paisley_Exam\Paisley_Exam\macros\modeling
2026-10-01T15:38:34 synced SP_M.CU_PG1_11X17.cs → D:\design_\Paisley\Paisley_Exam\Paisley_Exam\macros\modeling
2026-10-01T15:38:34 synced SP_M.CU_PG2_11X17.cs → D:\design_\Paisley\Paisley_Exam\Paisley_Exam\macros\modeling
2026-10-01T15:38:34 synced SP_M.CU_PG3_11X17.cs → D:\design_\Paisley\Paisley_Exam\Paisley_Exam\macros\modeling
2026-10-01T15:38:34 synced SP_M.GA_EXP_GA_STD.cs → D:\design_\Paisley\Paisley_Exam\Paisley_Exam\macros\modeling
2026-10-01T15:38:34 synced SP_M.SINGLE_standard.cs → D:\design_\Paisley\Paisley_Exam\Paisley_Exam\macros\modeling
2026-10-01T15:38:34 synced bundled macros → firm: D:\design_\METRIC_FIRM2021\macros\modeling
2026-10-01T15:38:34 === session mode=smoke mark=W10-175 ===
2026-10-01T15:38:34 model=Paisley_Exam.db1 path=D:\design_\Paisley\Paisley_Exam\Paisley_Exam
2026-10-01T15:38:34 macros.log=C:\Users\ASUS\Desktop\2d_tekla\Export\CivilDrawings\new with macros\macros.log
2026-10-01T15:38:34 if AKIT dies inside Tekla, check C:\Users\ASUS\AppData\Local\Trimble\TeklaStructures\2026.0\logs and the Tekla session log
2026-10-01T15:38:34 session drawings before macros=99
2026-10-01T15:38:47 WALL=1 COLUMN=0 BEAM=0 mark=W10-175 (precast only; hollowcore/insulation/formliner skipped)
2026-10-01T15:38:47 smoke hardware CU batch 1/1 n=1
2026-10-01T15:38:47 CloseActiveDrawing (before smoke hardware CU batch 1)
2026-10-01T15:38:47 Select n=1 ok=True
2026-10-01T15:38:47 CommitChanges after select
2026-10-01T15:38:47 RunMacro SP_M.CU_PG1_11X17.cs (smoke hardware CU batch 1, n=1, marks=W10-175, drawingsBefore=99)
2026-10-01T15:38:47 trying SP_M.CU_PG1_11X17.cs
2026-10-01T15:38:53 RunMacro bool=True path=SP_M.CU_PG1_11X17.cs
2026-10-01T15:38:53 started SP_M.CU_PG1_11X17.cs
2026-10-01T15:38:53 wait SP_M.CU_PG1_11X17.cs t=0s IsMacroRunning=False drawings=100 (need > 99)
2026-10-01T15:38:55 CloseActiveDrawing (new sheet from SP_M.CU_PG1_11X17.cs)
2026-10-01T15:38:55 drawing-count delta 99 → 100 after 0s
2026-10-01T15:38:55 CloseActiveDrawing (after SP_M.CU_PG1_11X17.cs)
2026-10-01T15:38:55 drawings 99 → 100 after SP_M.CU_PG1_11X17.cs fallbackInsert=no
2026-10-01T15:38:55 CloseActiveDrawing (between batches)
2026-10-01T15:38:55 smoke rebar placing CU batch 1/1 n=1
2026-10-01T15:38:55 CloseActiveDrawing (before smoke rebar placing CU batch 1)
2026-10-01T15:38:55 Select n=1 ok=True
2026-10-01T15:38:55 CommitChanges after select
2026-10-01T15:38:56 RunMacro SP_M.CU_PG2_11X17.cs (smoke rebar placing CU batch 1, n=1, marks=W10-175, drawingsBefore=100)
2026-10-01T15:38:56 trying SP_M.CU_PG2_11X17.cs
2026-10-01T15:39:04 RunMacro bool=True path=SP_M.CU_PG2_11X17.cs
2026-10-01T15:39:04 started SP_M.CU_PG2_11X17.cs
2026-10-01T15:39:04 wait SP_M.CU_PG2_11X17.cs t=0s IsMacroRunning=False drawings=101 (need > 100)
2026-10-01T15:39:05 CloseActiveDrawing (new sheet from SP_M.CU_PG2_11X17.cs)
2026-10-01T15:39:05 drawing-count delta 100 → 101 after 0s
2026-10-01T15:39:05 CloseActiveDrawing (after SP_M.CU_PG2_11X17.cs)
2026-10-01T15:39:05 drawings 100 → 101 after SP_M.CU_PG2_11X17.cs fallbackInsert=no
2026-10-01T15:39:05 CloseActiveDrawing (between batches)
2026-10-01T15:39:05 smoke rebar table CU batch 1/1 n=1
2026-10-01T15:39:05 CloseActiveDrawing (before smoke rebar table CU batch 1)
2026-10-01T15:39:05 Select n=1 ok=True
2026-10-01T15:39:05 CommitChanges after select
2026-10-01T15:39:06 RunMacro SP_M.CU_PG3_11X17.cs (smoke rebar table CU batch 1, n=1, marks=W10-175, drawingsBefore=101)
2026-10-01T15:39:06 trying SP_M.CU_PG3_11X17.cs
2026-10-01T15:39:07 RunMacro bool=True path=SP_M.CU_PG3_11X17.cs
2026-10-01T15:39:07 started SP_M.CU_PG3_11X17.cs
2026-10-01T15:39:07 wait SP_M.CU_PG3_11X17.cs t=0s IsMacroRunning=False drawings=102 (need > 101)
2026-10-01T15:39:09 CloseActiveDrawing (new sheet from SP_M.CU_PG3_11X17.cs)
2026-10-01T15:39:09 drawing-count delta 101 → 102 after 0s
2026-10-01T15:39:09 CloseActiveDrawing (after SP_M.CU_PG3_11X17.cs)
2026-10-01T15:39:09 drawings 101 → 102 after SP_M.CU_PG3_11X17.cs fallbackInsert=no
2026-10-01T15:39:09 CloseActiveDrawing (between batches)
2026-10-01T15:39:09 smoke: skipped beams and floor GA
2026-10-01T15:39:09 session drawings 99 → 102 after smoke macros
2026-10-01T15:56:57 CloseActiveDrawing (RunMacros start)
2026-10-01T15:56:57 bundled macros src=C:\Users\ASUS\Desktop\2d_tekla\bin\Release\net48\LocalMacros dest=D:\design_\Paisley\Paisley_Exam\Paisley_Exam\macros\modeling
2026-10-01T15:56:57 synced AutoCompressAndEdit11x17.cs → D:\design_\Paisley\Paisley_Exam\Paisley_Exam\macros\modeling
2026-10-01T15:56:57 synced SP_M.ASSEMBLY_standard.cs → D:\design_\Paisley\Paisley_Exam\Paisley_Exam\macros\modeling
2026-10-01T15:56:57 synced SP_M.BM_SET_11x17.cs → D:\design_\Paisley\Paisley_Exam\Paisley_Exam\macros\modeling
2026-10-01T15:56:57 synced SP_M.CU_PG1_11X17.cs → D:\design_\Paisley\Paisley_Exam\Paisley_Exam\macros\modeling
2026-10-01T15:56:57 synced SP_M.CU_PG2_11X17.cs → D:\design_\Paisley\Paisley_Exam\Paisley_Exam\macros\modeling
2026-10-01T15:56:57 synced SP_M.CU_PG3_11X17.cs → D:\design_\Paisley\Paisley_Exam\Paisley_Exam\macros\modeling
2026-10-01T15:56:57 synced SP_M.GA_EXP_GA_STD.cs → D:\design_\Paisley\Paisley_Exam\Paisley_Exam\macros\modeling
2026-10-01T15:56:57 synced SP_M.SINGLE_standard.cs → D:\design_\Paisley\Paisley_Exam\Paisley_Exam\macros\modeling
2026-10-01T15:56:57 synced bundled macros → firm: D:\design_\METRIC_FIRM2021\macros\modeling
2026-10-01T15:56:57 === session mode=smoke mark=W10-175 ===
2026-10-01T15:56:57 model=Paisley_Exam.db1 path=D:\design_\Paisley\Paisley_Exam\Paisley_Exam
2026-10-01T15:56:57 macros.log=C:\Users\ASUS\Desktop\2d_tekla\Export\CivilDrawings\new with macros\macros.log
2026-10-01T15:56:57 if AKIT dies inside Tekla, check C:\Users\ASUS\AppData\Local\Trimble\TeklaStructures\2026.0\logs and the Tekla session log
2026-10-01T15:56:57 session drawings before macros=99
2026-10-01T15:57:11 WALL=1 COLUMN=0 BEAM=0 mark=W10-175 (precast only; hollowcore/insulation/formliner skipped)
2026-10-01T15:57:11 smoke hardware CU batch 1/1 n=1
2026-10-01T15:57:11 CloseActiveDrawing (before smoke hardware CU batch 1)
2026-10-01T15:57:11 Select n=1 ok=True
2026-10-01T15:57:11 CommitChanges after select
2026-10-01T15:57:12 RunMacro SP_M.CU_PG1_11X17.cs (smoke hardware CU batch 1, n=1, marks=W10-175, drawingsBefore=99)
2026-10-01T15:57:12 trying SP_M.CU_PG1_11X17.cs
2026-10-01T15:57:19 RunMacro bool=True path=SP_M.CU_PG1_11X17.cs
2026-10-01T15:57:19 started SP_M.CU_PG1_11X17.cs
2026-10-01T15:57:19 wait SP_M.CU_PG1_11X17.cs t=0s IsMacroRunning=False drawings=100 (need > 99)
2026-10-01T15:57:20 CloseActiveDrawing (new sheet from SP_M.CU_PG1_11X17.cs)
2026-10-01T15:57:20 drawing-count delta 99 → 100 after 0s
2026-10-01T15:57:20 CloseActiveDrawing (after SP_M.CU_PG1_11X17.cs)
2026-10-01T15:57:20 drawings 99 → 100 after SP_M.CU_PG1_11X17.cs fallbackInsert=no
2026-10-01T15:57:20 CloseActiveDrawing (between batches)
2026-10-01T15:57:20 smoke rebar placing CU batch 1/1 n=1
2026-10-01T15:57:20 CloseActiveDrawing (before smoke rebar placing CU batch 1)
2026-10-01T15:57:20 Select n=1 ok=True
2026-10-01T15:57:21 CommitChanges after select
2026-10-01T15:57:21 RunMacro SP_M.CU_PG2_11X17.cs (smoke rebar placing CU batch 1, n=1, marks=W10-175, drawingsBefore=100)
2026-10-01T15:57:21 trying SP_M.CU_PG2_11X17.cs
2026-10-01T15:57:29 RunMacro bool=True path=SP_M.CU_PG2_11X17.cs
2026-10-01T15:57:29 started SP_M.CU_PG2_11X17.cs
2026-10-01T15:57:29 wait SP_M.CU_PG2_11X17.cs t=0s IsMacroRunning=False drawings=101 (need > 100)
2026-10-01T15:57:30 CloseActiveDrawing (new sheet from SP_M.CU_PG2_11X17.cs)
2026-10-01T15:57:30 drawing-count delta 100 → 101 after 0s
2026-10-01T15:57:30 CloseActiveDrawing (after SP_M.CU_PG2_11X17.cs)
2026-10-01T15:57:30 drawings 100 → 101 after SP_M.CU_PG2_11X17.cs fallbackInsert=no
2026-10-01T15:57:30 CloseActiveDrawing (between batches)
2026-10-01T15:57:30 smoke rebar table CU batch 1/1 n=1
2026-10-01T15:57:30 CloseActiveDrawing (before smoke rebar table CU batch 1)
2026-10-01T15:57:30 Select n=1 ok=True
2026-10-01T15:57:30 CommitChanges after select
2026-10-01T15:57:31 RunMacro SP_M.CU_PG3_11X17.cs (smoke rebar table CU batch 1, n=1, marks=W10-175, drawingsBefore=101)
2026-10-01T15:57:31 trying SP_M.CU_PG3_11X17.cs
2026-10-01T15:57:32 RunMacro bool=True path=SP_M.CU_PG3_11X17.cs
2026-10-01T15:57:32 started SP_M.CU_PG3_11X17.cs
2026-10-01T15:57:32 wait SP_M.CU_PG3_11X17.cs t=0s IsMacroRunning=False drawings=102 (need > 101)
2026-10-01T15:57:34 CloseActiveDrawing (new sheet from SP_M.CU_PG3_11X17.cs)
2026-10-01T15:57:34 drawing-count delta 101 → 102 after 0s
2026-10-01T15:57:34 CloseActiveDrawing (after SP_M.CU_PG3_11X17.cs)
2026-10-01T15:57:34 drawings 101 → 102 after SP_M.CU_PG3_11X17.cs fallbackInsert=no
2026-10-01T15:57:34 CloseActiveDrawing (between batches)
2026-10-01T15:57:34 smoke: skipped beams and floor GA
2026-10-01T15:57:34 session drawings 99 → 102 after smoke macros
2026-10-01T17:12:00 CloseActiveDrawing (RunMacros start)
2026-10-01T17:12:00 bundled macros src=C:\Users\ASUS\Desktop\2d_tekla\bin\Debug\net48\LocalMacros dest=D:\design_\Paisley\Paisley_Exam\Paisley_Exam\macros\modeling
2026-10-01T17:12:00 synced AutoCompressAndEdit11x17.cs → D:\design_\Paisley\Paisley_Exam\Paisley_Exam\macros\modeling
2026-10-01T17:12:00 synced SP_M.ASSEMBLY_standard.cs → D:\design_\Paisley\Paisley_Exam\Paisley_Exam\macros\modeling
2026-10-01T17:12:00 synced SP_M.BM_SET_11x17.cs → D:\design_\Paisley\Paisley_Exam\Paisley_Exam\macros\modeling
2026-10-01T17:12:00 synced SP_M.CU_PG1_11X17.cs → D:\design_\Paisley\Paisley_Exam\Paisley_Exam\macros\modeling
2026-10-01T17:12:00 synced SP_M.CU_PG2_11X17.cs → D:\design_\Paisley\Paisley_Exam\Paisley_Exam\macros\modeling
2026-10-01T17:12:00 synced SP_M.CU_PG3_11X17.cs → D:\design_\Paisley\Paisley_Exam\Paisley_Exam\macros\modeling
2026-10-01T17:12:00 synced SP_M.GA_EXP_GA_STD.cs → D:\design_\Paisley\Paisley_Exam\Paisley_Exam\macros\modeling
2026-10-01T17:12:00 synced SP_M.SINGLE_standard.cs → D:\design_\Paisley\Paisley_Exam\Paisley_Exam\macros\modeling
2026-10-01T17:12:00 synced bundled macros → firm: D:\design_\METRIC_FIRM2021\macros\modeling
2026-10-01T17:12:00 === session mode=smoke mark=W10-175 ===
2026-10-01T17:12:00 model=Paisley_Exam.db1 path=D:\design_\Paisley\Paisley_Exam\Paisley_Exam
2026-10-01T17:12:00 macros.log=C:\Users\ASUS\Desktop\2d_tekla\Export\CivilDrawings\new with macros\macros.log
2026-10-01T17:12:00 if AKIT dies inside Tekla, check C:\Users\ASUS\AppData\Local\Trimble\TeklaStructures\2026.0\logs and the Tekla session log
2026-10-01T17:12:00 session drawings before macros=102
2026-10-01T17:12:18 WALL=1 COLUMN=0 BEAM=0 mark=W10-175 (precast only; hollowcore/insulation/formliner skipped)
2026-10-01T17:12:18 smoke hardware CU batch 1/1 n=1
2026-10-01T17:12:18 CloseActiveDrawing (before smoke hardware CU batch 1)
2026-10-01T19:36:07 CloseActiveDrawing (RunMacros start)
2026-10-01T19:36:07 bundled macros src=C:\Users\ASUS\Desktop\2d_tekla\bin\Debug\net48\LocalMacros dest=D:\design_\Paisley\Paisley_Exam\Paisley_Exam\macros\modeling
2026-10-01T19:36:07 synced AutoCompressAndEdit11x17.cs → D:\design_\Paisley\Paisley_Exam\Paisley_Exam\macros\modeling
2026-10-01T19:36:07 synced SP_M.ASSEMBLY_standard.cs → D:\design_\Paisley\Paisley_Exam\Paisley_Exam\macros\modeling
2026-10-01T19:36:07 synced SP_M.BM_SET_11x17.cs → D:\design_\Paisley\Paisley_Exam\Paisley_Exam\macros\modeling
2026-10-01T19:36:07 synced SP_M.CU_PG1_11X17.cs → D:\design_\Paisley\Paisley_Exam\Paisley_Exam\macros\modeling
2026-10-01T19:36:07 synced SP_M.CU_PG2_11X17.cs → D:\design_\Paisley\Paisley_Exam\Paisley_Exam\macros\modeling
2026-10-01T19:36:07 synced SP_M.CU_PG3_11X17.cs → D:\design_\Paisley\Paisley_Exam\Paisley_Exam\macros\modeling
2026-10-01T19:36:07 synced SP_M.GA_EXP_GA_STD.cs → D:\design_\Paisley\Paisley_Exam\Paisley_Exam\macros\modeling
2026-10-01T19:36:07 synced SP_M.SINGLE_standard.cs → D:\design_\Paisley\Paisley_Exam\Paisley_Exam\macros\modeling
2026-10-01T19:36:07 synced bundled macros → firm: D:\design_\METRIC_FIRM2021\macros\modeling
2026-10-01T19:36:07 === session mode=smoke mark=W10-175 ===
2026-10-01T19:36:07 model=Paisley_Exam.db1 path=D:\design_\Paisley\Paisley_Exam\Paisley_Exam
2026-10-01T19:36:07 macros.log=C:\Users\ASUS\Desktop\2d_tekla\Export\CivilDrawings\new with macros\macros.log
2026-10-01T19:36:07 if AKIT dies inside Tekla, check C:\Users\ASUS\AppData\Local\Trimble\TeklaStructures\2026.0\logs and the Tekla session log
2026-10-01T19:36:07 session drawings before macros=99
2026-10-01T19:36:40 WALL=1 COLUMN=0 BEAM=0 mark=W10-175 (precast only; hollowcore/insulation/formliner skipped)
2026-10-01T19:36:40 smoke hardware CU batch 1/1 n=1
2026-10-01T19:36:40 CloseActiveDrawing (before smoke hardware CU batch 1)
2026-10-01T19:36:41 Select n=1 ok=True
2026-10-01T19:36:41 CommitChanges after select
2026-10-01T19:36:42 RunMacro SP_M.CU_PG1_11X17.cs (smoke hardware CU batch 1, n=1, marks=W10-175, drawingsBefore=99)
2026-10-01T19:36:42 trying SP_M.CU_PG1_11X17.cs
2026-10-01T19:37:06 RunMacro bool=True path=SP_M.CU_PG1_11X17.cs
2026-10-01T19:37:06 started SP_M.CU_PG1_11X17.cs
2026-10-01T19:37:07 wait SP_M.CU_PG1_11X17.cs t=0s IsMacroRunning=False drawings=100 (need > 99)
2026-10-01T19:37:08 CloseActiveDrawing (new sheet from SP_M.CU_PG1_11X17.cs)
2026-10-01T19:37:08 drawing-count delta 99 → 100 after 0s
2026-10-01T19:37:08 CloseActiveDrawing (after SP_M.CU_PG1_11X17.cs)
2026-10-01T19:37:08 drawings 99 → 100 after SP_M.CU_PG1_11X17.cs fallbackInsert=no
2026-10-01T19:37:08 CloseActiveDrawing (between batches)
2026-10-01T19:37:08 smoke rebar placing CU batch 1/1 n=1
2026-10-01T19:37:08 CloseActiveDrawing (before smoke rebar placing CU batch 1)
2026-10-01T19:37:08 Select n=1 ok=True
2026-10-01T19:37:09 CommitChanges after select
2026-10-01T19:37:09 RunMacro SP_M.CU_PG2_11X17.cs (smoke rebar placing CU batch 1, n=1, marks=W10-175, drawingsBefore=100)
2026-10-01T19:37:09 trying SP_M.CU_PG2_11X17.cs
2026-10-01T19:37:36 RunMacro bool=True path=SP_M.CU_PG2_11X17.cs
2026-10-01T19:37:36 started SP_M.CU_PG2_11X17.cs
2026-10-01T19:37:36 wait SP_M.CU_PG2_11X17.cs t=0s IsMacroRunning=False drawings=101 (need > 100)
2026-10-01T19:37:37 CloseActiveDrawing (new sheet from SP_M.CU_PG2_11X17.cs)
2026-10-01T19:37:37 drawing-count delta 100 → 101 after 0s
2026-10-01T19:37:37 CloseActiveDrawing (after SP_M.CU_PG2_11X17.cs)
2026-10-01T19:37:37 drawings 100 → 101 after SP_M.CU_PG2_11X17.cs fallbackInsert=no
2026-10-01T19:37:37 CloseActiveDrawing (between batches)
2026-10-01T19:37:38 smoke rebar table CU batch 1/1 n=1
2026-10-01T19:37:38 CloseActiveDrawing (before smoke rebar table CU batch 1)
2026-10-01T19:37:38 Select n=1 ok=True
2026-10-01T19:37:38 CommitChanges after select
2026-10-01T19:37:38 RunMacro SP_M.CU_PG3_11X17.cs (smoke rebar table CU batch 1, n=1, marks=W10-175, drawingsBefore=101)
2026-10-01T19:37:38 trying SP_M.CU_PG3_11X17.cs
2026-10-01T19:37:42 RunMacro bool=True path=SP_M.CU_PG3_11X17.cs
2026-10-01T19:37:42 started SP_M.CU_PG3_11X17.cs
2026-10-01T19:37:43 wait SP_M.CU_PG3_11X17.cs t=0s IsMacroRunning=False drawings=102 (need > 101)
2026-10-01T19:37:44 CloseActiveDrawing (new sheet from SP_M.CU_PG3_11X17.cs)
2026-10-01T19:37:44 drawing-count delta 101 → 102 after 0s
2026-10-01T19:37:44 CloseActiveDrawing (after SP_M.CU_PG3_11X17.cs)
2026-10-01T19:37:44 drawings 101 → 102 after SP_M.CU_PG3_11X17.cs fallbackInsert=no
2026-10-01T19:37:44 CloseActiveDrawing (between batches)
2026-10-01T19:37:44 smoke: skipped beams and floor GA
2026-10-01T19:37:44 session drawings 99 → 102 after smoke macros
2026-10-02T10:54:40 CloseActiveDrawing (RunMacros start)
2026-10-02T10:54:40 bundled macros src=C:\Users\ASUS\Desktop\2d_tekla\bin\Release\net48\LocalMacros dest=D:\design_\Paisley\Paisley_Exam\Paisley_Exam\macros\modeling
2026-10-02T10:54:40 synced AutoCompressAndEdit11x17.cs → D:\design_\Paisley\Paisley_Exam\Paisley_Exam\macros\modeling
2026-10-02T10:54:40 synced SP_M.ASSEMBLY_standard.cs → D:\design_\Paisley\Paisley_Exam\Paisley_Exam\macros\modeling
2026-10-02T10:54:40 synced SP_M.BM_SET_11x17.cs → D:\design_\Paisley\Paisley_Exam\Paisley_Exam\macros\modeling
2026-10-02T10:54:40 synced SP_M.CU_PG1_11X17.cs → D:\design_\Paisley\Paisley_Exam\Paisley_Exam\macros\modeling
2026-10-02T10:54:40 synced SP_M.CU_PG2_11X17.cs → D:\design_\Paisley\Paisley_Exam\Paisley_Exam\macros\modeling
2026-10-02T10:54:40 synced SP_M.CU_PG3_11X17.cs → D:\design_\Paisley\Paisley_Exam\Paisley_Exam\macros\modeling
2026-10-02T10:54:40 synced SP_M.GA_EXP_GA_STD.cs → D:\design_\Paisley\Paisley_Exam\Paisley_Exam\macros\modeling
2026-10-02T10:54:40 synced SP_M.SINGLE_standard.cs → D:\design_\Paisley\Paisley_Exam\Paisley_Exam\macros\modeling
2026-10-02T10:54:40 synced bundled macros → firm: D:\design_\METRIC_FIRM2021\macros\modeling
2026-10-02T10:54:40 === session mode=smoke mark=W10-175 ===
2026-10-02T10:54:40 model=Paisley_Exam.db1 path=D:\design_\Paisley\Paisley_Exam\Paisley_Exam
2026-10-02T10:54:40 macros.log=C:\Users\ASUS\Desktop\2d_tekla\Export\CivilDrawings\new with macros\macros.log
2026-10-02T10:54:40 if AKIT dies inside Tekla, check C:\Users\ASUS\AppData\Local\Trimble\TeklaStructures\2026.0\logs and the Tekla session log
2026-10-02T10:54:40 session drawings before macros=99
2026-10-02T10:55:07 WALL=1 COLUMN=0 BEAM=0 mark=W10-175 (precast only; hollowcore/insulation/formliner skipped)
2026-10-02T10:55:08 smoke hardware CU batch 1/1 n=1
2026-10-02T10:55:08 CloseActiveDrawing (before smoke hardware CU batch 1)
2026-10-02T10:55:08 Select n=1 ok=True
2026-10-02T10:55:08 CommitChanges after select
2026-10-02T10:55:09 RunMacro SP_M.CU_PG1_11X17.cs (smoke hardware CU batch 1, n=1, marks=W10-175, drawingsBefore=99)
2026-10-02T10:55:09 trying SP_M.CU_PG1_11X17.cs
2026-10-02T10:55:33 RunMacro bool=True path=SP_M.CU_PG1_11X17.cs
2026-10-02T10:55:33 started SP_M.CU_PG1_11X17.cs
2026-10-02T10:55:33 wait SP_M.CU_PG1_11X17.cs t=0s IsMacroRunning=False drawings=100 (need > 99)
2026-10-02T10:55:34 CloseActiveDrawing (new sheet from SP_M.CU_PG1_11X17.cs)
2026-10-02T10:55:34 drawing-count delta 99 → 100 after 0s
2026-10-02T10:55:34 CloseActiveDrawing (after SP_M.CU_PG1_11X17.cs)
2026-10-02T10:55:34 drawings 99 → 100 after SP_M.CU_PG1_11X17.cs fallbackInsert=no
2026-10-02T10:55:34 CloseActiveDrawing (between batches)
2026-10-02T10:55:35 smoke rebar placing CU batch 1/1 n=1
2026-10-02T10:55:35 CloseActiveDrawing (before smoke rebar placing CU batch 1)
2026-10-02T10:55:35 Select n=1 ok=True
2026-10-02T10:55:35 CommitChanges after select
2026-10-02T10:55:35 RunMacro SP_M.CU_PG2_11X17.cs (smoke rebar placing CU batch 1, n=1, marks=W10-175, drawingsBefore=100)
2026-10-02T10:55:35 trying SP_M.CU_PG2_11X17.cs
2026-10-02T10:55:43 RunMacro bool=True path=SP_M.CU_PG2_11X17.cs
2026-10-02T10:55:43 started SP_M.CU_PG2_11X17.cs
2026-10-02T10:55:43 wait SP_M.CU_PG2_11X17.cs t=0s IsMacroRunning=False drawings=101 (need > 100)
2026-10-02T10:55:45 CloseActiveDrawing (new sheet from SP_M.CU_PG2_11X17.cs)
2026-10-02T10:55:45 drawing-count delta 100 → 101 after 0s
2026-10-02T10:55:45 CloseActiveDrawing (after SP_M.CU_PG2_11X17.cs)
2026-10-02T10:55:45 drawings 100 → 101 after SP_M.CU_PG2_11X17.cs fallbackInsert=no
2026-10-02T10:55:45 CloseActiveDrawing (between batches)
2026-10-02T10:55:45 smoke rebar table CU batch 1/1 n=1
2026-10-02T10:55:45 CloseActiveDrawing (before smoke rebar table CU batch 1)
2026-10-02T10:55:45 Select n=1 ok=True
2026-10-02T10:55:45 CommitChanges after select
2026-10-02T10:55:45 RunMacro SP_M.CU_PG3_11X17.cs (smoke rebar table CU batch 1, n=1, marks=W10-175, drawingsBefore=101)
2026-10-02T10:55:45 trying SP_M.CU_PG3_11X17.cs
2026-10-02T10:55:47 RunMacro bool=True path=SP_M.CU_PG3_11X17.cs
2026-10-02T10:55:47 started SP_M.CU_PG3_11X17.cs
2026-10-02T10:55:47 wait SP_M.CU_PG3_11X17.cs t=0s IsMacroRunning=False drawings=102 (need > 101)
2026-10-02T10:55:49 CloseActiveDrawing (new sheet from SP_M.CU_PG3_11X17.cs)
2026-10-02T10:55:49 drawing-count delta 101 → 102 after 0s
2026-10-02T10:55:49 CloseActiveDrawing (after SP_M.CU_PG3_11X17.cs)
2026-10-02T10:55:49 drawings 101 → 102 after SP_M.CU_PG3_11X17.cs fallbackInsert=no
2026-10-02T10:55:49 CloseActiveDrawing (between batches)
2026-10-02T10:55:49 smoke: skipped beams and floor GA
2026-10-02T10:55:49 session drawings 99 → 102 after smoke macros
2026-10-02T12:14:19 CloseActiveDrawing (RunMacros start)
2026-10-02T12:14:19 bundled macros src=C:\Users\ASUS\Desktop\2d_tekla\bin\Release\net48\LocalMacros dest=D:\design_\Paisley\Paisley_Exam\Paisley_Exam\macros\modeling
2026-10-02T12:14:19 synced AutoCompressAndEdit11x17.cs → D:\design_\Paisley\Paisley_Exam\Paisley_Exam\macros\modeling
2026-10-02T12:14:19 synced SP_M.ASSEMBLY_standard.cs → D:\design_\Paisley\Paisley_Exam\Paisley_Exam\macros\modeling
2026-10-02T12:14:19 synced SP_M.BM_SET_11x17.cs → D:\design_\Paisley\Paisley_Exam\Paisley_Exam\macros\modeling
2026-10-02T12:14:19 synced SP_M.CU_PG1_11X17.cs → D:\design_\Paisley\Paisley_Exam\Paisley_Exam\macros\modeling
2026-10-02T12:14:19 synced SP_M.CU_PG2_11X17.cs → D:\design_\Paisley\Paisley_Exam\Paisley_Exam\macros\modeling
2026-10-02T12:14:19 synced SP_M.CU_PG3_11X17.cs → D:\design_\Paisley\Paisley_Exam\Paisley_Exam\macros\modeling
2026-10-02T12:14:19 synced SP_M.GA_EXP_GA_STD.cs → D:\design_\Paisley\Paisley_Exam\Paisley_Exam\macros\modeling
2026-10-02T12:14:19 synced SP_M.SINGLE_standard.cs → D:\design_\Paisley\Paisley_Exam\Paisley_Exam\macros\modeling
2026-10-02T12:14:19 synced bundled macros → firm: D:\design_\METRIC_FIRM2021\macros\modeling
2026-10-02T12:14:19 === session mode=smoke mark=W10-175 ===
2026-10-02T12:14:19 model=Paisley_Exam.db1 path=D:\design_\Paisley\Paisley_Exam\Paisley_Exam
2026-10-02T12:14:19 macros.log=C:\Users\ASUS\Desktop\2d_tekla\Export\CivilDrawings\new with macros\macros.log
2026-10-02T12:14:19 if AKIT dies inside Tekla, check C:\Users\ASUS\AppData\Local\Trimble\TeklaStructures\2026.0\logs and the Tekla session log
2026-10-02T12:14:19 session drawings before macros=99
2026-10-02T12:14:43 WALL=1 COLUMN=0 BEAM=0 mark=W10-175 (precast only; hollowcore/insulation/formliner skipped)
2026-10-02T12:14:43 smoke hardware CU batch 1/1 n=1
2026-10-02T12:14:43 CloseActiveDrawing (before smoke hardware CU batch 1)
2026-10-02T12:14:43 Select n=1 ok=True
2026-10-02T12:14:43 CommitChanges after select
2026-10-02T12:14:44 RunMacro SP_M.CU_PG1_11X17.cs (smoke hardware CU batch 1, n=1, marks=W10-175, drawingsBefore=99)
2026-10-02T12:14:44 trying SP_M.CU_PG1_11X17.cs
2026-10-02T12:14:53 RunMacro bool=True path=SP_M.CU_PG1_11X17.cs
2026-10-02T12:14:53 started SP_M.CU_PG1_11X17.cs
2026-10-02T12:14:53 wait SP_M.CU_PG1_11X17.cs t=0s IsMacroRunning=False drawings=100 (need > 99)
2026-10-02T12:14:54 CloseActiveDrawing (new sheet from SP_M.CU_PG1_11X17.cs)
2026-10-02T12:14:54 drawing-count delta 99 → 100 after 0s
2026-10-02T12:14:54 CloseActiveDrawing (after SP_M.CU_PG1_11X17.cs)
2026-10-02T12:14:54 drawings 99 → 100 after SP_M.CU_PG1_11X17.cs fallbackInsert=no
2026-10-02T12:14:54 CloseActiveDrawing (between batches)
2026-10-02T12:14:54 smoke rebar placing CU batch 1/1 n=1
2026-10-02T12:14:54 CloseActiveDrawing (before smoke rebar placing CU batch 1)
2026-10-02T12:14:54 Select n=1 ok=True
2026-10-02T12:14:54 CommitChanges after select
2026-10-02T12:14:55 RunMacro SP_M.CU_PG2_11X17.cs (smoke rebar placing CU batch 1, n=1, marks=W10-175, drawingsBefore=100)
2026-10-02T12:14:55 trying SP_M.CU_PG2_11X17.cs
2026-10-02T12:15:05 RunMacro bool=True path=SP_M.CU_PG2_11X17.cs
2026-10-02T12:15:05 started SP_M.CU_PG2_11X17.cs
2026-10-02T12:15:05 wait SP_M.CU_PG2_11X17.cs t=0s IsMacroRunning=False drawings=101 (need > 100)
2026-10-02T12:15:06 CloseActiveDrawing (new sheet from SP_M.CU_PG2_11X17.cs)
2026-10-02T12:15:06 drawing-count delta 100 → 101 after 0s
2026-10-02T12:15:06 CloseActiveDrawing (after SP_M.CU_PG2_11X17.cs)
2026-10-02T12:15:06 drawings 100 → 101 after SP_M.CU_PG2_11X17.cs fallbackInsert=no
2026-10-02T12:15:06 CloseActiveDrawing (between batches)
2026-10-02T12:15:06 smoke rebar table CU batch 1/1 n=1
2026-10-02T12:15:06 CloseActiveDrawing (before smoke rebar table CU batch 1)
2026-10-02T12:15:06 Select n=1 ok=True
2026-10-02T12:15:07 CommitChanges after select
2026-10-02T12:15:07 RunMacro SP_M.CU_PG3_11X17.cs (smoke rebar table CU batch 1, n=1, marks=W10-175, drawingsBefore=101)
2026-10-02T12:15:07 trying SP_M.CU_PG3_11X17.cs
2026-10-02T12:15:08 RunMacro bool=True path=SP_M.CU_PG3_11X17.cs
2026-10-02T12:15:08 started SP_M.CU_PG3_11X17.cs
2026-10-02T12:15:08 wait SP_M.CU_PG3_11X17.cs t=0s IsMacroRunning=False drawings=102 (need > 101)
2026-10-02T12:15:10 CloseActiveDrawing (new sheet from SP_M.CU_PG3_11X17.cs)
2026-10-02T12:15:10 drawing-count delta 101 → 102 after 0s
2026-10-02T12:15:10 CloseActiveDrawing (after SP_M.CU_PG3_11X17.cs)
2026-10-02T12:15:10 drawings 101 → 102 after SP_M.CU_PG3_11X17.cs fallbackInsert=no
2026-10-02T12:15:10 CloseActiveDrawing (between batches)
2026-10-02T12:15:10 smoke: skipped beams and floor GA
2026-10-02T12:15:10 session drawings 99 → 102 after smoke macros
2026-10-02T12:20:47 Tekla selection objects=0
2026-10-02T12:20:47 selected assemblies=0 marks=
2026-10-02T12:21:01 CloseActiveDrawing (RunMacros start)
2026-10-02T12:21:01 bundled macros src=C:\Users\ASUS\Desktop\2d_tekla\bin\Release\net48\LocalMacros dest=D:\design_\Paisley\Paisley_Exam\Paisley_Exam\macros\modeling
2026-10-02T12:21:01 synced AutoCompressAndEdit11x17.cs → D:\design_\Paisley\Paisley_Exam\Paisley_Exam\macros\modeling
2026-10-02T12:21:01 synced SP_M.ASSEMBLY_standard.cs → D:\design_\Paisley\Paisley_Exam\Paisley_Exam\macros\modeling
2026-10-02T12:21:01 synced SP_M.BM_SET_11x17.cs → D:\design_\Paisley\Paisley_Exam\Paisley_Exam\macros\modeling
2026-10-02T12:21:01 synced SP_M.CU_PG1_11X17.cs → D:\design_\Paisley\Paisley_Exam\Paisley_Exam\macros\modeling
2026-10-02T12:21:01 synced SP_M.CU_PG2_11X17.cs → D:\design_\Paisley\Paisley_Exam\Paisley_Exam\macros\modeling
2026-10-02T12:21:01 synced SP_M.CU_PG3_11X17.cs → D:\design_\Paisley\Paisley_Exam\Paisley_Exam\macros\modeling
2026-10-02T12:21:01 synced SP_M.GA_EXP_GA_STD.cs → D:\design_\Paisley\Paisley_Exam\Paisley_Exam\macros\modeling
2026-10-02T12:21:01 synced SP_M.SINGLE_standard.cs → D:\design_\Paisley\Paisley_Exam\Paisley_Exam\macros\modeling
2026-10-02T12:21:01 synced bundled macros → firm: D:\design_\METRIC_FIRM2021\macros\modeling
2026-10-02T12:21:01 === session mode=smoke mark=W10-175 ===
2026-10-02T12:21:01 model=Paisley_Exam.db1 path=D:\design_\Paisley\Paisley_Exam\Paisley_Exam
2026-10-02T12:21:01 macros.log=C:\Users\ASUS\Desktop\2d_tekla\Export\CivilDrawings\new with macros\macros.log
2026-10-02T12:21:01 if AKIT dies inside Tekla, check C:\Users\ASUS\AppData\Local\Trimble\TeklaStructures\2026.0\logs and the Tekla session log
2026-10-02T12:21:01 session drawings before macros=102
2026-10-02T12:21:45 WALL=1 COLUMN=0 BEAM=0 mark=W10-175 (precast only; hollowcore/insulation/formliner skipped)
2026-10-02T12:21:45 smoke hardware CU batch 1/1 n=1
2026-10-02T12:21:45 CloseActiveDrawing (before smoke hardware CU batch 1)
2026-10-02T12:21:45 Select n=1 ok=True
2026-10-02T12:21:45 CommitChanges after select
2026-10-02T12:21:46 RunMacro SP_M.CU_PG1_11X17.cs (smoke hardware CU batch 1, n=1, marks=W10-175, drawingsBefore=102)
2026-10-02T12:21:46 trying SP_M.CU_PG1_11X17.cs
2026-10-02T12:21:47 RunMacro bool=True path=SP_M.CU_PG1_11X17.cs
2026-10-02T12:21:47 started SP_M.CU_PG1_11X17.cs
2026-10-02T12:21:47 wait SP_M.CU_PG1_11X17.cs t=0s IsMacroRunning=False drawings=102 (need > 102)
2026-10-02T12:22:02 wait SP_M.CU_PG1_11X17.cs t=15s IsMacroRunning=False drawings=102 (need > 102)
2026-10-02T12:22:06 script ended with no drawing-count increase after 20s idle (SP_M.CU_PG1_11X17.cs)
2026-10-02T12:22:06 timeout waiting for drawing-count increase on SP_M.CU_PG1_11X17.cs after 19s drawings=102
2026-10-02T12:22:06 CloseActiveDrawing (after SP_M.CU_PG1_11X17.cs)
2026-10-02T12:22:06 drawings 102 → 102 after SP_M.CU_PG1_11X17.cs fallbackInsert=no
2026-10-02T12:22:06 FAIL [smoke hardware CU batch 1 0 new sheets] System.InvalidOperationException: RunMacro started but 0 new sheets for SP_M.CU_PG1_11X17.cs (AKIT template likely loaded; CreateCastUnitDrawing did not commit). marks=W10-175
2026-10-02T12:22:06    at System.Environment.GetStackTrace(Exception e, Boolean needFileInfo)
   at System.Environment.get_StackTrace()
   at TeklaExtractor.Services.LocalDrawingMacroRunner.Fail(String context, Exception ex) in C:\Users\ASUS\Desktop\2d_tekla\Services\LocalDrawingMacroRunner.cs:line 874
   at TeklaExtractor.Services.LocalDrawingMacroRunner.RunMacroOnSelection(List`1 parts, String macroFile, String label) in C:\Users\ASUS\Desktop\2d_tekla\Services\LocalDrawingMacroRunner.cs:line 358
   at TeklaExtractor.Services.LocalDrawingMacroRunner.RunMacroInBatches(List`1 parts, String macroFile, String label) in C:\Users\ASUS\Desktop\2d_tekla\Services\LocalDrawingMacroRunner.cs:line 312
   at TeklaExtractor.Services.LocalDrawingMacroRunner.RunMacros(String markFilter, Boolean smoke, Boolean selectedOnly) in C:\Users\ASUS\Desktop\2d_tekla\Services\LocalDrawingMacroRunner.cs:line 93
   at TeklaExtractor.Services.CivilDrawingBatchExtractor.Run() in C:\Users\ASUS\Desktop\2d_tekla\Services\CivilDrawingBatchExtractor.cs:line 118
   at TeklaExtractor.Program.RunCivilDrawings(Model tekla, String baseDir, String[] args) in C:\Users\ASUS\Desktop\2d_tekla\Program.cs:line 268
   at TeklaExtractor.Program.Main(String[] args) in C:\Users\ASUS\Desktop\2d_tekla\Program.cs:line 156
2026-10-02T12:22:06 CloseActiveDrawing (between batches)
2026-10-02T12:22:06 smoke rebar placing CU batch 1/1 n=1
2026-10-02T12:22:06 CloseActiveDrawing (before smoke rebar placing CU batch 1)
2026-10-02T12:22:06 Select n=1 ok=True
2026-10-02T12:22:06 CommitChanges after select
2026-10-02T12:22:07 RunMacro SP_M.CU_PG2_11X17.cs (smoke rebar placing CU batch 1, n=1, marks=W10-175, drawingsBefore=102)
2026-10-02T12:22:07 trying SP_M.CU_PG2_11X17.cs
2026-10-02T12:22:10 RunMacro bool=True path=SP_M.CU_PG2_11X17.cs
2026-10-02T12:22:10 started SP_M.CU_PG2_11X17.cs
2026-10-02T12:22:10 wait SP_M.CU_PG2_11X17.cs t=0s IsMacroRunning=False drawings=102 (need > 102)
2026-10-02T12:22:25 wait SP_M.CU_PG2_11X17.cs t=15s IsMacroRunning=False drawings=102 (need > 102)
2026-10-02T12:22:29 script ended with no drawing-count increase after 20s idle (SP_M.CU_PG2_11X17.cs)
2026-10-02T12:22:29 timeout waiting for drawing-count increase on SP_M.CU_PG2_11X17.cs after 19s drawings=102
2026-10-02T12:22:29 CloseActiveDrawing (after SP_M.CU_PG2_11X17.cs)
2026-10-02T12:22:29 drawings 102 → 102 after SP_M.CU_PG2_11X17.cs fallbackInsert=no
2026-10-02T12:22:29 FAIL [smoke rebar placing CU batch 1 0 new sheets] System.InvalidOperationException: RunMacro started but 0 new sheets for SP_M.CU_PG2_11X17.cs (AKIT template likely loaded; CreateCastUnitDrawing did not commit). marks=W10-175
2026-10-02T12:22:29    at System.Environment.GetStackTrace(Exception e, Boolean needFileInfo)
   at System.Environment.get_StackTrace()
   at TeklaExtractor.Services.LocalDrawingMacroRunner.Fail(String context, Exception ex) in C:\Users\ASUS\Desktop\2d_tekla\Services\LocalDrawingMacroRunner.cs:line 874
   at TeklaExtractor.Services.LocalDrawingMacroRunner.RunMacroOnSelection(List`1 parts, String macroFile, String label) in C:\Users\ASUS\Desktop\2d_tekla\Services\LocalDrawingMacroRunner.cs:line 358
   at TeklaExtractor.Services.LocalDrawingMacroRunner.RunMacroInBatches(List`1 parts, String macroFile, String label) in C:\Users\ASUS\Desktop\2d_tekla\Services\LocalDrawingMacroRunner.cs:line 312
   at TeklaExtractor.Services.LocalDrawingMacroRunner.RunMacros(String markFilter, Boolean smoke, Boolean selectedOnly) in C:\Users\ASUS\Desktop\2d_tekla\Services\LocalDrawingMacroRunner.cs:line 94
   at TeklaExtractor.Services.CivilDrawingBatchExtractor.Run() in C:\Users\ASUS\Desktop\2d_tekla\Services\CivilDrawingBatchExtractor.cs:line 118
   at TeklaExtractor.Program.RunCivilDrawings(Model tekla, String baseDir, String[] args) in C:\Users\ASUS\Desktop\2d_tekla\Program.cs:line 268
   at TeklaExtractor.Program.Main(String[] args) in C:\Users\ASUS\Desktop\2d_tekla\Program.cs:line 156
2026-10-02T12:22:29 CloseActiveDrawing (between batches)
2026-10-02T12:22:29 smoke rebar table CU batch 1/1 n=1
2026-10-02T12:22:29 CloseActiveDrawing (before smoke rebar table CU batch 1)
2026-10-02T12:22:29 Select n=1 ok=True
2026-10-02T12:22:29 CommitChanges after select
2026-10-02T12:22:29 RunMacro SP_M.CU_PG3_11X17.cs (smoke rebar table CU batch 1, n=1, marks=W10-175, drawingsBefore=102)
2026-10-02T12:22:29 trying SP_M.CU_PG3_11X17.cs
2026-10-02T12:22:31 RunMacro bool=True path=SP_M.CU_PG3_11X17.cs
2026-10-02T12:22:31 started SP_M.CU_PG3_11X17.cs
2026-10-02T12:22:31 wait SP_M.CU_PG3_11X17.cs t=0s IsMacroRunning=False drawings=102 (need > 102)
2026-10-02T12:22:46 wait SP_M.CU_PG3_11X17.cs t=15s IsMacroRunning=False drawings=102 (need > 102)
2026-10-02T12:22:50 script ended with no drawing-count increase after 20s idle (SP_M.CU_PG3_11X17.cs)
2026-10-02T12:22:50 timeout waiting for drawing-count increase on SP_M.CU_PG3_11X17.cs after 19s drawings=102
2026-10-02T12:22:50 CloseActiveDrawing (after SP_M.CU_PG3_11X17.cs)
2026-10-02T12:22:50 drawings 102 → 102 after SP_M.CU_PG3_11X17.cs fallbackInsert=no
2026-10-02T12:22:50 FAIL [smoke rebar table CU batch 1 0 new sheets] System.InvalidOperationException: RunMacro started but 0 new sheets for SP_M.CU_PG3_11X17.cs (AKIT template likely loaded; CreateCastUnitDrawing did not commit). marks=W10-175
2026-10-02T12:22:50    at System.Environment.GetStackTrace(Exception e, Boolean needFileInfo)
   at System.Environment.get_StackTrace()
   at TeklaExtractor.Services.LocalDrawingMacroRunner.Fail(String context, Exception ex) in C:\Users\ASUS\Desktop\2d_tekla\Services\LocalDrawingMacroRunner.cs:line 874
   at TeklaExtractor.Services.LocalDrawingMacroRunner.RunMacroOnSelection(List`1 parts, String macroFile, String label) in C:\Users\ASUS\Desktop\2d_tekla\Services\LocalDrawingMacroRunner.cs:line 358
   at TeklaExtractor.Services.LocalDrawingMacroRunner.RunMacroInBatches(List`1 parts, String macroFile, String label) in C:\Users\ASUS\Desktop\2d_tekla\Services\LocalDrawingMacroRunner.cs:line 312
   at TeklaExtractor.Services.LocalDrawingMacroRunner.RunMacros(String markFilter, Boolean smoke, Boolean selectedOnly) in C:\Users\ASUS\Desktop\2d_tekla\Services\LocalDrawingMacroRunner.cs:line 95
   at TeklaExtractor.Services.CivilDrawingBatchExtractor.Run() in C:\Users\ASUS\Desktop\2d_tekla\Services\CivilDrawingBatchExtractor.cs:line 118
   at TeklaExtractor.Program.RunCivilDrawings(Model tekla, String baseDir, String[] args) in C:\Users\ASUS\Desktop\2d_tekla\Program.cs:line 268
   at TeklaExtractor.Program.Main(String[] args) in C:\Users\ASUS\Desktop\2d_tekla\Program.cs:line 156
2026-10-02T12:22:50 CloseActiveDrawing (between batches)
2026-10-02T12:22:50 smoke: skipped beams and floor GA
2026-10-02T12:22:50 session drawings 102 → 102 after smoke macros
2026-10-02T12:47:58 CloseActiveDrawing (RunMacros start)
2026-10-02T12:47:58 bundled macros src=C:\Users\ASUS\Desktop\2d_tekla\bin\Release\net48\LocalMacros dest=D:\design_\Paisley\Paisley_Exam\Paisley_Exam\macros\modeling
2026-10-02T12:47:58 synced AutoCompressAndEdit11x17.cs → D:\design_\Paisley\Paisley_Exam\Paisley_Exam\macros\modeling
2026-10-02T12:47:58 synced SP_M.ASSEMBLY_standard.cs → D:\design_\Paisley\Paisley_Exam\Paisley_Exam\macros\modeling
2026-10-02T12:47:58 synced SP_M.BM_SET_11x17.cs → D:\design_\Paisley\Paisley_Exam\Paisley_Exam\macros\modeling
2026-10-02T12:47:58 synced SP_M.CU_PG1_11X17.cs → D:\design_\Paisley\Paisley_Exam\Paisley_Exam\macros\modeling
2026-10-02T12:47:58 synced SP_M.CU_PG2_11X17.cs → D:\design_\Paisley\Paisley_Exam\Paisley_Exam\macros\modeling
2026-10-02T12:47:58 synced SP_M.CU_PG3_11X17.cs → D:\design_\Paisley\Paisley_Exam\Paisley_Exam\macros\modeling
2026-10-02T12:47:58 synced SP_M.GA_EXP_GA_STD.cs → D:\design_\Paisley\Paisley_Exam\Paisley_Exam\macros\modeling
2026-10-02T12:47:58 synced SP_M.SINGLE_standard.cs → D:\design_\Paisley\Paisley_Exam\Paisley_Exam\macros\modeling
2026-10-02T12:47:58 synced bundled macros → firm: D:\design_\METRIC_FIRM2021\macros\modeling
2026-10-02T12:47:58 === session mode=smoke mark=W10-175 ===
2026-10-02T12:47:58 model=Paisley_Exam.db1 path=D:\design_\Paisley\Paisley_Exam\Paisley_Exam
2026-10-02T12:47:58 macros.log=C:\Users\ASUS\Desktop\2d_tekla\Export\CivilDrawings\new with macros\macros.log
2026-10-02T12:47:58 if AKIT dies inside Tekla, check C:\Users\ASUS\AppData\Local\Trimble\TeklaStructures\2026.0\logs and the Tekla session log
2026-10-02T12:47:58 session drawings before macros=99
2026-10-02T12:48:53 WALL=1 COLUMN=0 BEAM=0 mark=W10-175 (precast only; hollowcore/insulation/formliner skipped)
2026-10-02T12:48:53 smoke hardware CU batch 1/1 n=1
2026-10-02T12:48:53 CloseActiveDrawing (before smoke hardware CU batch 1)
2026-10-02T12:48:53 Select n=1 ok=True
2026-10-02T12:48:53 CommitChanges after select
2026-10-02T12:48:54 RunMacro SP_M.CU_PG1_11X17.cs (smoke hardware CU batch 1, n=1, marks=W10-175, drawingsBefore=99)
2026-10-02T12:48:54 trying SP_M.CU_PG1_11X17.cs
2026-10-02T12:49:11 RunMacro bool=True path=SP_M.CU_PG1_11X17.cs
2026-10-02T12:49:11 started SP_M.CU_PG1_11X17.cs
2026-10-02T12:49:11 wait SP_M.CU_PG1_11X17.cs t=0s IsMacroRunning=False drawings=100 (need > 99)
2026-10-02T12:49:12 CloseActiveDrawing (new sheet from SP_M.CU_PG1_11X17.cs)
2026-10-02T12:49:12 drawing-count delta 99 → 100 after 0s
2026-10-02T12:49:12 CloseActiveDrawing (after SP_M.CU_PG1_11X17.cs)
2026-10-02T12:49:12 drawings 99 → 100 after SP_M.CU_PG1_11X17.cs fallbackInsert=no
2026-10-02T12:49:12 CloseActiveDrawing (between batches)
2026-10-02T12:49:12 smoke rebar placing CU batch 1/1 n=1
2026-10-02T12:49:12 CloseActiveDrawing (before smoke rebar placing CU batch 1)
2026-10-02T12:49:12 Select n=1 ok=True
2026-10-02T12:49:12 CommitChanges after select
2026-10-02T12:49:13 RunMacro SP_M.CU_PG2_11X17.cs (smoke rebar placing CU batch 1, n=1, marks=W10-175, drawingsBefore=100)
2026-10-02T12:49:13 trying SP_M.CU_PG2_11X17.cs
2026-10-02T12:49:32 RunMacro bool=True path=SP_M.CU_PG2_11X17.cs
2026-10-02T12:49:32 started SP_M.CU_PG2_11X17.cs
2026-10-02T12:49:32 wait SP_M.CU_PG2_11X17.cs t=0s IsMacroRunning=False drawings=101 (need > 100)
2026-10-02T12:49:34 CloseActiveDrawing (new sheet from SP_M.CU_PG2_11X17.cs)
2026-10-02T12:49:34 drawing-count delta 100 → 101 after 0s
2026-10-02T12:49:34 CloseActiveDrawing (after SP_M.CU_PG2_11X17.cs)
2026-10-02T12:49:34 drawings 100 → 101 after SP_M.CU_PG2_11X17.cs fallbackInsert=no
2026-10-02T12:49:34 CloseActiveDrawing (between batches)
2026-10-02T12:49:34 smoke rebar table CU batch 1/1 n=1
2026-10-02T12:49:34 CloseActiveDrawing (before smoke rebar table CU batch 1)
2026-10-02T12:49:34 Select n=1 ok=True
2026-10-02T12:49:34 CommitChanges after select
2026-10-02T12:49:35 RunMacro SP_M.CU_PG3_11X17.cs (smoke rebar table CU batch 1, n=1, marks=W10-175, drawingsBefore=101)
2026-10-02T12:49:35 trying SP_M.CU_PG3_11X17.cs
2026-10-02T12:49:38 RunMacro bool=True path=SP_M.CU_PG3_11X17.cs
2026-10-02T12:49:38 started SP_M.CU_PG3_11X17.cs
2026-10-02T12:49:38 wait SP_M.CU_PG3_11X17.cs t=0s IsMacroRunning=False drawings=102 (need > 101)
2026-10-02T12:49:40 CloseActiveDrawing (new sheet from SP_M.CU_PG3_11X17.cs)
2026-10-02T12:49:40 drawing-count delta 101 → 102 after 0s
2026-10-02T12:49:40 CloseActiveDrawing (after SP_M.CU_PG3_11X17.cs)
2026-10-02T12:49:40 drawings 101 → 102 after SP_M.CU_PG3_11X17.cs fallbackInsert=no
2026-10-02T12:49:40 CloseActiveDrawing (between batches)
2026-10-02T12:49:40 smoke: skipped beams and floor GA
2026-10-02T12:49:40 session drawings 99 → 102 after smoke macros
2026-10-02T14:08:48 CloseActiveDrawing (RunMacros start)
2026-10-02T14:08:48 bundled macros src=C:\Users\ASUS\Desktop\2d_tekla\bin\Release\net48\LocalMacros dest=D:\design_\Paisley\Paisley_Exam\Paisley_Exam\macros\modeling
2026-10-02T14:08:48 synced AutoCompressAndEdit11x17.cs → D:\design_\Paisley\Paisley_Exam\Paisley_Exam\macros\modeling
2026-10-02T14:08:48 synced SP_M.ASSEMBLY_standard.cs → D:\design_\Paisley\Paisley_Exam\Paisley_Exam\macros\modeling
2026-10-02T14:08:48 synced SP_M.BM_SET_11x17.cs → D:\design_\Paisley\Paisley_Exam\Paisley_Exam\macros\modeling
2026-10-02T14:08:48 synced SP_M.CU_PG1_11X17.cs → D:\design_\Paisley\Paisley_Exam\Paisley_Exam\macros\modeling
2026-10-02T14:08:48 synced SP_M.CU_PG2_11X17.cs → D:\design_\Paisley\Paisley_Exam\Paisley_Exam\macros\modeling
2026-10-02T14:08:48 synced SP_M.CU_PG3_11X17.cs → D:\design_\Paisley\Paisley_Exam\Paisley_Exam\macros\modeling
2026-10-02T14:08:48 synced SP_M.GA_EXP_GA_STD.cs → D:\design_\Paisley\Paisley_Exam\Paisley_Exam\macros\modeling
2026-10-02T14:08:48 synced SP_M.SINGLE_standard.cs → D:\design_\Paisley\Paisley_Exam\Paisley_Exam\macros\modeling
2026-10-02T14:08:48 synced bundled macros → firm: D:\design_\METRIC_FIRM2021\macros\modeling
2026-10-02T14:08:48 === session mode=smoke mark=W10-175 ===
2026-10-02T14:08:48 model=Paisley_Exam.db1 path=D:\design_\Paisley\Paisley_Exam\Paisley_Exam
2026-10-02T14:08:48 macros.log=C:\Users\ASUS\Desktop\2d_tekla\Export\CivilDrawings\new with macros\macros.log
2026-10-02T14:08:48 if AKIT dies inside Tekla, check C:\Users\ASUS\AppData\Local\Trimble\TeklaStructures\2026.0\logs and the Tekla session log
2026-10-02T14:08:48 session drawings before macros=99
2026-10-02T14:09:36 WALL=1 COLUMN=0 BEAM=0 mark=W10-175 (precast only; hollowcore/insulation/formliner skipped)
2026-10-02T14:09:36 smoke hardware CU batch 1/1 n=1
2026-10-02T14:09:36 CloseActiveDrawing (before smoke hardware CU batch 1)
2026-10-02T14:09:36 Select n=1 ok=True
2026-10-02T14:09:37 CommitChanges after select
2026-10-02T14:09:37 RunMacro SP_M.CU_PG1_11X17.cs (smoke hardware CU batch 1, n=1, marks=W10-175, drawingsBefore=99)
2026-10-02T14:09:37 trying SP_M.CU_PG1_11X17.cs
2026-10-02T14:10:01 RunMacro bool=True path=SP_M.CU_PG1_11X17.cs
2026-10-02T14:10:01 started SP_M.CU_PG1_11X17.cs
2026-10-02T14:10:01 wait SP_M.CU_PG1_11X17.cs t=0s IsMacroRunning=False drawings=100 (need > 99)
2026-10-02T14:10:02 CloseActiveDrawing (new sheet from SP_M.CU_PG1_11X17.cs)
2026-10-02T14:10:02 drawing-count delta 99 → 100 after 0s
2026-10-02T14:10:02 CloseActiveDrawing (after SP_M.CU_PG1_11X17.cs)
2026-10-02T14:10:02 drawings 99 → 100 after SP_M.CU_PG1_11X17.cs fallbackInsert=no
2026-10-02T14:10:02 CloseActiveDrawing (between batches)
2026-10-02T14:10:03 smoke rebar placing CU batch 1/1 n=1
2026-10-02T14:10:03 CloseActiveDrawing (before smoke rebar placing CU batch 1)
2026-10-02T14:10:03 Select n=1 ok=True
2026-10-02T14:10:03 CommitChanges after select
2026-10-02T14:10:03 RunMacro SP_M.CU_PG2_11X17.cs (smoke rebar placing CU batch 1, n=1, marks=W10-175, drawingsBefore=100)
2026-10-02T14:10:03 trying SP_M.CU_PG2_11X17.cs
2026-10-02T14:10:29 RunMacro bool=True path=SP_M.CU_PG2_11X17.cs
2026-10-02T14:10:29 started SP_M.CU_PG2_11X17.cs
2026-10-02T14:10:29 wait SP_M.CU_PG2_11X17.cs t=0s IsMacroRunning=False drawings=101 (need > 100)
2026-10-02T14:10:31 CloseActiveDrawing (new sheet from SP_M.CU_PG2_11X17.cs)
2026-10-02T14:10:31 drawing-count delta 100 → 101 after 0s
2026-10-02T14:10:31 CloseActiveDrawing (after SP_M.CU_PG2_11X17.cs)
2026-10-02T14:10:31 drawings 100 → 101 after SP_M.CU_PG2_11X17.cs fallbackInsert=no
2026-10-02T14:10:31 CloseActiveDrawing (between batches)
2026-10-02T14:10:31 smoke rebar table CU batch 1/1 n=1
2026-10-02T14:10:31 CloseActiveDrawing (before smoke rebar table CU batch 1)
2026-10-02T14:10:31 Select n=1 ok=True
2026-10-02T14:10:31 CommitChanges after select
2026-10-02T14:10:32 RunMacro SP_M.CU_PG3_11X17.cs (smoke rebar table CU batch 1, n=1, marks=W10-175, drawingsBefore=101)
2026-10-02T14:10:32 trying SP_M.CU_PG3_11X17.cs
2026-10-02T14:10:36 RunMacro bool=True path=SP_M.CU_PG3_11X17.cs
2026-10-02T14:10:36 started SP_M.CU_PG3_11X17.cs
2026-10-02T14:10:36 wait SP_M.CU_PG3_11X17.cs t=0s IsMacroRunning=False drawings=102 (need > 101)
2026-10-02T14:10:38 CloseActiveDrawing (new sheet from SP_M.CU_PG3_11X17.cs)
2026-10-02T14:10:38 drawing-count delta 101 → 102 after 0s
2026-10-02T14:10:38 CloseActiveDrawing (after SP_M.CU_PG3_11X17.cs)
2026-10-02T14:10:38 drawings 101 → 102 after SP_M.CU_PG3_11X17.cs fallbackInsert=no
2026-10-02T14:10:38 CloseActiveDrawing (between batches)
2026-10-02T14:10:38 smoke: skipped beams and floor GA
2026-10-02T14:10:38 session drawings 99 → 102 after smoke macros
2026-10-02T14:26:55 CloseActiveDrawing (RunMacros start)
2026-10-02T14:26:55 bundled macros src=C:\Users\ASUS\Desktop\2d_tekla\bin\Release\net48\LocalMacros dest=D:\design_\Paisley\Paisley_Exam\Paisley_Exam\macros\modeling
2026-10-02T14:26:55 synced AutoCompressAndEdit11x17.cs → D:\design_\Paisley\Paisley_Exam\Paisley_Exam\macros\modeling
2026-10-02T14:26:55 synced SP_M.ASSEMBLY_standard.cs → D:\design_\Paisley\Paisley_Exam\Paisley_Exam\macros\modeling
2026-10-02T14:26:55 synced SP_M.BM_SET_11x17.cs → D:\design_\Paisley\Paisley_Exam\Paisley_Exam\macros\modeling
2026-10-02T14:26:55 synced SP_M.CU_PG1_11X17.cs → D:\design_\Paisley\Paisley_Exam\Paisley_Exam\macros\modeling
2026-10-02T14:26:55 synced SP_M.CU_PG2_11X17.cs → D:\design_\Paisley\Paisley_Exam\Paisley_Exam\macros\modeling
2026-10-02T14:26:55 synced SP_M.CU_PG3_11X17.cs → D:\design_\Paisley\Paisley_Exam\Paisley_Exam\macros\modeling
2026-10-02T14:26:55 synced SP_M.GA_EXP_GA_STD.cs → D:\design_\Paisley\Paisley_Exam\Paisley_Exam\macros\modeling
2026-10-02T14:26:55 synced SP_M.SINGLE_standard.cs → D:\design_\Paisley\Paisley_Exam\Paisley_Exam\macros\modeling
2026-10-02T14:26:55 synced bundled macros → firm: D:\design_\METRIC_FIRM2021\macros\modeling
2026-10-02T14:26:55 === session mode=smoke mark=W10-175 ===
2026-10-02T14:26:55 model=Paisley_Exam.db1 path=D:\design_\Paisley\Paisley_Exam\Paisley_Exam
2026-10-02T14:26:55 macros.log=C:\Users\ASUS\Desktop\2d_tekla\Export\CivilDrawings\new with macros\macros.log
2026-10-02T14:26:55 if AKIT dies inside Tekla, check C:\Users\ASUS\AppData\Local\Trimble\TeklaStructures\2026.0\logs and the Tekla session log
2026-10-02T14:26:55 session drawings before macros=99
2026-10-02T14:27:37 WALL=1 COLUMN=0 BEAM=0 mark=W10-175 (precast only; hollowcore/insulation/formliner skipped)
2026-10-02T14:27:37 smoke hardware CU batch 1/1 n=1
2026-10-02T14:27:37 CloseActiveDrawing (before smoke hardware CU batch 1)
2026-10-02T14:27:37 Select n=1 ok=True
2026-10-02T14:27:38 CommitChanges after select
2026-10-02T14:27:38 RunMacro SP_M.CU_PG1_11X17.cs (smoke hardware CU batch 1, n=1, marks=W10-175, drawingsBefore=99)
2026-10-02T14:27:38 trying SP_M.CU_PG1_11X17.cs
2026-10-02T14:27:56 RunMacro bool=True path=SP_M.CU_PG1_11X17.cs
2026-10-02T14:27:56 started SP_M.CU_PG1_11X17.cs
2026-10-02T14:27:56 wait SP_M.CU_PG1_11X17.cs t=0s IsMacroRunning=False drawings=100 (need > 99)
2026-10-02T14:27:58 CloseActiveDrawing (new sheet from SP_M.CU_PG1_11X17.cs)
2026-10-02T14:27:58 drawing-count delta 99 → 100 after 0s
2026-10-02T14:27:58 CloseActiveDrawing (after SP_M.CU_PG1_11X17.cs)
2026-10-02T14:27:58 drawings 99 → 100 after SP_M.CU_PG1_11X17.cs fallbackInsert=no
2026-10-02T14:27:58 CloseActiveDrawing (between batches)
2026-10-02T14:27:58 smoke rebar placing CU batch 1/1 n=1
2026-10-02T14:27:58 CloseActiveDrawing (before smoke rebar placing CU batch 1)
2026-10-02T14:27:58 Select n=1 ok=True
2026-10-02T14:27:58 CommitChanges after select
2026-10-02T14:27:59 RunMacro SP_M.CU_PG2_11X17.cs (smoke rebar placing CU batch 1, n=1, marks=W10-175, drawingsBefore=100)
2026-10-02T14:27:59 trying SP_M.CU_PG2_11X17.cs
2026-10-02T14:28:21 RunMacro bool=True path=SP_M.CU_PG2_11X17.cs
2026-10-02T14:28:21 started SP_M.CU_PG2_11X17.cs
2026-10-02T14:28:21 wait SP_M.CU_PG2_11X17.cs t=0s IsMacroRunning=False drawings=101 (need > 100)
2026-10-02T14:28:22 CloseActiveDrawing (new sheet from SP_M.CU_PG2_11X17.cs)
2026-10-02T14:28:22 drawing-count delta 100 → 101 after 0s
2026-10-02T14:28:22 CloseActiveDrawing (after SP_M.CU_PG2_11X17.cs)
2026-10-02T14:28:22 drawings 100 → 101 after SP_M.CU_PG2_11X17.cs fallbackInsert=no
2026-10-02T14:28:22 CloseActiveDrawing (between batches)
2026-10-02T14:28:22 smoke rebar table CU batch 1/1 n=1
2026-10-02T14:28:22 CloseActiveDrawing (before smoke rebar table CU batch 1)
2026-10-02T14:28:23 Select n=1 ok=True
2026-10-02T14:28:23 CommitChanges after select
2026-10-02T14:28:23 RunMacro SP_M.CU_PG3_11X17.cs (smoke rebar table CU batch 1, n=1, marks=W10-175, drawingsBefore=101)
2026-10-02T14:28:23 trying SP_M.CU_PG3_11X17.cs
2026-10-02T14:28:27 RunMacro bool=True path=SP_M.CU_PG3_11X17.cs
2026-10-02T14:28:27 started SP_M.CU_PG3_11X17.cs
2026-10-02T14:28:27 wait SP_M.CU_PG3_11X17.cs t=0s IsMacroRunning=False drawings=102 (need > 101)
2026-10-02T14:28:28 CloseActiveDrawing (new sheet from SP_M.CU_PG3_11X17.cs)
2026-10-02T14:28:28 drawing-count delta 101 → 102 after 0s
2026-10-02T14:28:28 CloseActiveDrawing (after SP_M.CU_PG3_11X17.cs)
2026-10-02T14:28:28 drawings 101 → 102 after SP_M.CU_PG3_11X17.cs fallbackInsert=no
2026-10-02T14:28:28 CloseActiveDrawing (between batches)
2026-10-02T14:28:28 smoke: skipped beams and floor GA
2026-10-02T14:28:28 session drawings 99 → 102 after smoke macros
2026-10-02T15:03:49 CloseActiveDrawing (RunMacros start)
2026-10-02T15:03:49 bundled macros src=C:\Users\ASUS\Desktop\2d_tekla\bin\Release\net48\LocalMacros dest=D:\design_\Paisley\Paisley_Exam\Paisley_Exam\macros\modeling
2026-10-02T15:03:49 synced AutoCompressAndEdit11x17.cs → D:\design_\Paisley\Paisley_Exam\Paisley_Exam\macros\modeling
2026-10-02T15:03:49 synced SP_M.ASSEMBLY_standard.cs → D:\design_\Paisley\Paisley_Exam\Paisley_Exam\macros\modeling
2026-10-02T15:03:49 synced SP_M.BM_SET_11x17.cs → D:\design_\Paisley\Paisley_Exam\Paisley_Exam\macros\modeling
2026-10-02T15:03:49 synced SP_M.CU_PG1_11X17.cs → D:\design_\Paisley\Paisley_Exam\Paisley_Exam\macros\modeling
2026-10-02T15:03:49 synced SP_M.CU_PG2_11X17.cs → D:\design_\Paisley\Paisley_Exam\Paisley_Exam\macros\modeling
2026-10-02T15:03:49 synced SP_M.CU_PG3_11X17.cs → D:\design_\Paisley\Paisley_Exam\Paisley_Exam\macros\modeling
2026-10-02T15:03:49 synced SP_M.GA_EXP_GA_STD.cs → D:\design_\Paisley\Paisley_Exam\Paisley_Exam\macros\modeling
2026-10-02T15:03:49 synced SP_M.SINGLE_standard.cs → D:\design_\Paisley\Paisley_Exam\Paisley_Exam\macros\modeling
2026-10-02T15:03:49 synced bundled macros → firm: D:\design_\METRIC_FIRM2021\macros\modeling
2026-10-02T15:03:49 === session mode=smoke mark=W10-175 ===
2026-10-02T15:03:49 model=Paisley_Exam.db1 path=D:\design_\Paisley\Paisley_Exam\Paisley_Exam
2026-10-02T15:03:49 macros.log=C:\Users\ASUS\Desktop\2d_tekla\Export\CivilDrawings\new with macros\macros.log
2026-10-02T15:03:49 if AKIT dies inside Tekla, check C:\Users\ASUS\AppData\Local\Trimble\TeklaStructures\2026.0\logs and the Tekla session log
2026-10-02T15:03:49 session drawings before macros=99
2026-10-02T15:04:14 WALL=1 COLUMN=0 BEAM=0 mark=W10-175 (precast only; hollowcore/insulation/formliner skipped)
2026-10-02T15:04:15 smoke hardware CU batch 1/1 n=1
2026-10-02T15:04:15 CloseActiveDrawing (before smoke hardware CU batch 1)
2026-10-02T15:04:15 Select n=1 ok=True
2026-10-02T15:04:15 CommitChanges after select
2026-10-02T15:04:16 RunMacro SP_M.CU_PG1_11X17.cs (smoke hardware CU batch 1, n=1, marks=W10-175, drawingsBefore=99)
2026-10-02T15:04:16 trying SP_M.CU_PG1_11X17.cs
2026-10-02T15:04:22 RunMacro bool=True path=SP_M.CU_PG1_11X17.cs
2026-10-02T15:04:22 started SP_M.CU_PG1_11X17.cs
2026-10-02T15:04:22 wait SP_M.CU_PG1_11X17.cs t=0s IsMacroRunning=False drawings=100 (need > 99)
2026-10-02T15:04:24 CloseActiveDrawing (new sheet from SP_M.CU_PG1_11X17.cs)
2026-10-02T15:04:24 drawing-count delta 99 → 100 after 0s
2026-10-02T15:04:24 CloseActiveDrawing (after SP_M.CU_PG1_11X17.cs)
2026-10-02T15:04:24 drawings 99 → 100 after SP_M.CU_PG1_11X17.cs fallbackInsert=no
2026-10-02T15:04:24 CloseActiveDrawing (between batches)
2026-10-02T15:04:24 smoke rebar placing CU batch 1/1 n=1
2026-10-02T15:04:24 CloseActiveDrawing (before smoke rebar placing CU batch 1)
2026-10-02T15:04:24 Select n=1 ok=True
2026-10-02T15:04:24 CommitChanges after select
2026-10-02T15:04:24 RunMacro SP_M.CU_PG2_11X17.cs (smoke rebar placing CU batch 1, n=1, marks=W10-175, drawingsBefore=100)
2026-10-02T15:04:24 trying SP_M.CU_PG2_11X17.cs
2026-10-02T15:04:32 RunMacro bool=True path=SP_M.CU_PG2_11X17.cs
2026-10-02T15:04:32 started SP_M.CU_PG2_11X17.cs
2026-10-02T15:04:32 wait SP_M.CU_PG2_11X17.cs t=0s IsMacroRunning=False drawings=101 (need > 100)
2026-10-02T15:04:34 CloseActiveDrawing (new sheet from SP_M.CU_PG2_11X17.cs)
2026-10-02T15:04:34 drawing-count delta 100 → 101 after 0s
2026-10-02T15:04:34 CloseActiveDrawing (after SP_M.CU_PG2_11X17.cs)
2026-10-02T15:04:34 drawings 100 → 101 after SP_M.CU_PG2_11X17.cs fallbackInsert=no
2026-10-02T15:04:34 CloseActiveDrawing (between batches)
2026-10-02T15:04:34 smoke rebar table CU batch 1/1 n=1
2026-10-02T15:04:34 CloseActiveDrawing (before smoke rebar table CU batch 1)
2026-10-02T15:04:34 Select n=1 ok=True
2026-10-02T15:04:34 CommitChanges after select
2026-10-02T15:04:34 RunMacro SP_M.CU_PG3_11X17.cs (smoke rebar table CU batch 1, n=1, marks=W10-175, drawingsBefore=101)
2026-10-02T15:04:34 trying SP_M.CU_PG3_11X17.cs
2026-10-02T15:04:36 RunMacro bool=True path=SP_M.CU_PG3_11X17.cs
2026-10-02T15:04:36 started SP_M.CU_PG3_11X17.cs
2026-10-02T15:04:36 wait SP_M.CU_PG3_11X17.cs t=0s IsMacroRunning=False drawings=102 (need > 101)
2026-10-02T15:04:37 CloseActiveDrawing (new sheet from SP_M.CU_PG3_11X17.cs)
2026-10-02T15:04:37 drawing-count delta 101 → 102 after 0s
2026-10-02T15:04:37 CloseActiveDrawing (after SP_M.CU_PG3_11X17.cs)
2026-10-02T15:04:37 drawings 101 → 102 after SP_M.CU_PG3_11X17.cs fallbackInsert=no
2026-10-02T15:04:37 CloseActiveDrawing (between batches)
2026-10-02T15:04:37 smoke: skipped beams and floor GA
2026-10-02T15:04:37 session drawings 99 → 102 after smoke macros
2026-10-02T15:20:38 CloseActiveDrawing (RunMacros start)
2026-10-02T15:20:38 bundled macros src=C:\Users\ASUS\Desktop\2d_tekla\bin\Release\net48\LocalMacros dest=D:\design_\Paisley\Paisley_Exam\Paisley_Exam\macros\modeling
2026-10-02T15:20:38 synced AutoCompressAndEdit11x17.cs → D:\design_\Paisley\Paisley_Exam\Paisley_Exam\macros\modeling
2026-10-02T15:20:38 synced SP_M.ASSEMBLY_standard.cs → D:\design_\Paisley\Paisley_Exam\Paisley_Exam\macros\modeling
2026-10-02T15:20:38 synced SP_M.BM_SET_11x17.cs → D:\design_\Paisley\Paisley_Exam\Paisley_Exam\macros\modeling
2026-10-02T15:20:38 synced SP_M.CU_PG1_11X17.cs → D:\design_\Paisley\Paisley_Exam\Paisley_Exam\macros\modeling
2026-10-02T15:20:38 synced SP_M.CU_PG2_11X17.cs → D:\design_\Paisley\Paisley_Exam\Paisley_Exam\macros\modeling
2026-10-02T15:20:38 synced SP_M.CU_PG3_11X17.cs → D:\design_\Paisley\Paisley_Exam\Paisley_Exam\macros\modeling
2026-10-02T15:20:38 synced SP_M.GA_EXP_GA_STD.cs → D:\design_\Paisley\Paisley_Exam\Paisley_Exam\macros\modeling
2026-10-02T15:20:38 synced SP_M.SINGLE_standard.cs → D:\design_\Paisley\Paisley_Exam\Paisley_Exam\macros\modeling
2026-10-02T15:20:38 synced bundled macros → firm: D:\design_\METRIC_FIRM2021\macros\modeling
2026-10-02T15:20:38 === session mode=smoke mark=W10-175 ===
2026-10-02T15:20:38 model=Paisley_Exam.db1 path=D:\design_\Paisley\Paisley_Exam\Paisley_Exam
2026-10-02T15:20:38 macros.log=C:\Users\ASUS\Desktop\2d_tekla\Export\CivilDrawings\new with macros\macros.log
2026-10-02T15:20:38 if AKIT dies inside Tekla, check C:\Users\ASUS\AppData\Local\Trimble\TeklaStructures\2026.0\logs and the Tekla session log
2026-10-02T15:20:38 session drawings before macros=99
2026-10-02T15:20:46 WALL=1 COLUMN=0 BEAM=0 mark=W10-175 (precast only; hollowcore/insulation/formliner skipped)
2026-10-02T15:20:46 smoke hardware CU batch 1/1 n=1
2026-10-02T15:20:46 CloseActiveDrawing (before smoke hardware CU batch 1)
2026-10-02T15:20:46 Select n=1 ok=True
2026-10-02T15:20:46 CommitChanges after select
2026-10-02T15:20:47 RunMacro SP_M.CU_PG1_11X17.cs (smoke hardware CU batch 1, n=1, marks=W10-175, drawingsBefore=99)
2026-10-02T15:20:47 trying SP_M.CU_PG1_11X17.cs
2026-10-02T15:20:53 RunMacro bool=True path=SP_M.CU_PG1_11X17.cs
2026-10-02T15:20:53 started SP_M.CU_PG1_11X17.cs
2026-10-02T15:20:53 wait SP_M.CU_PG1_11X17.cs t=0s IsMacroRunning=False drawings=100 (need > 99)
2026-10-02T15:20:55 CloseActiveDrawing (new sheet from SP_M.CU_PG1_11X17.cs)
2026-10-02T15:20:55 drawing-count delta 99 → 100 after 0s
2026-10-02T15:20:55 CloseActiveDrawing (after SP_M.CU_PG1_11X17.cs)
2026-10-02T15:20:55 drawings 99 → 100 after SP_M.CU_PG1_11X17.cs fallbackInsert=no
2026-10-02T15:20:55 CloseActiveDrawing (between batches)
2026-10-02T15:20:55 smoke rebar placing CU batch 1/1 n=1
2026-10-02T15:20:55 CloseActiveDrawing (before smoke rebar placing CU batch 1)
2026-10-02T15:20:55 Select n=1 ok=True
2026-10-02T15:20:55 CommitChanges after select
2026-10-02T15:20:55 RunMacro SP_M.CU_PG2_11X17.cs (smoke rebar placing CU batch 1, n=1, marks=W10-175, drawingsBefore=100)
2026-10-02T15:20:55 trying SP_M.CU_PG2_11X17.cs
2026-10-02T15:21:03 RunMacro bool=True path=SP_M.CU_PG2_11X17.cs
2026-10-02T15:21:03 started SP_M.CU_PG2_11X17.cs
2026-10-02T15:21:03 wait SP_M.CU_PG2_11X17.cs t=0s IsMacroRunning=False drawings=101 (need > 100)
2026-10-02T15:21:04 CloseActiveDrawing (new sheet from SP_M.CU_PG2_11X17.cs)
2026-10-02T15:21:04 drawing-count delta 100 → 101 after 0s
2026-10-02T15:21:04 CloseActiveDrawing (after SP_M.CU_PG2_11X17.cs)
2026-10-02T15:21:04 drawings 100 → 101 after SP_M.CU_PG2_11X17.cs fallbackInsert=no
2026-10-02T15:21:04 CloseActiveDrawing (between batches)
2026-10-02T15:21:04 smoke rebar table CU batch 1/1 n=1
2026-10-02T15:21:04 CloseActiveDrawing (before smoke rebar table CU batch 1)
2026-10-02T15:21:04 Select n=1 ok=True
2026-10-02T15:21:05 CommitChanges after select
2026-10-02T15:21:05 RunMacro SP_M.CU_PG3_11X17.cs (smoke rebar table CU batch 1, n=1, marks=W10-175, drawingsBefore=101)
2026-10-02T15:21:05 trying SP_M.CU_PG3_11X17.cs
2026-10-02T15:21:06 RunMacro bool=True path=SP_M.CU_PG3_11X17.cs
2026-10-02T15:21:06 started SP_M.CU_PG3_11X17.cs
2026-10-02T15:21:06 wait SP_M.CU_PG3_11X17.cs t=0s IsMacroRunning=False drawings=102 (need > 101)
2026-10-02T15:21:08 CloseActiveDrawing (new sheet from SP_M.CU_PG3_11X17.cs)
2026-10-02T15:21:08 drawing-count delta 101 → 102 after 0s
2026-10-02T15:21:08 CloseActiveDrawing (after SP_M.CU_PG3_11X17.cs)
2026-10-02T15:21:08 drawings 101 → 102 after SP_M.CU_PG3_11X17.cs fallbackInsert=no
2026-10-02T15:21:08 CloseActiveDrawing (between batches)
2026-10-02T15:21:08 smoke: skipped beams and floor GA
2026-10-02T15:21:08 session drawings 99 → 102 after smoke macros
2026-10-02T16:03:04 CloseActiveDrawing (RunMacros start)
2026-10-02T16:03:04 bundled macros src=C:\Users\ASUS\Desktop\2d_tekla\bin\Release\net48\LocalMacros dest=D:\design_\Paisley\Paisley_Exam\Paisley_Exam\macros\modeling
2026-10-02T16:03:04 synced AutoCompressAndEdit11x17.cs → D:\design_\Paisley\Paisley_Exam\Paisley_Exam\macros\modeling
2026-10-02T16:03:04 synced SP_M.ASSEMBLY_standard.cs → D:\design_\Paisley\Paisley_Exam\Paisley_Exam\macros\modeling
2026-10-02T16:03:04 synced SP_M.BM_SET_11x17.cs → D:\design_\Paisley\Paisley_Exam\Paisley_Exam\macros\modeling
2026-10-02T16:03:04 synced SP_M.CU_PG1_11X17.cs → D:\design_\Paisley\Paisley_Exam\Paisley_Exam\macros\modeling
2026-10-02T16:03:04 synced SP_M.CU_PG2_11X17.cs → D:\design_\Paisley\Paisley_Exam\Paisley_Exam\macros\modeling
2026-10-02T16:03:04 synced SP_M.CU_PG3_11X17.cs → D:\design_\Paisley\Paisley_Exam\Paisley_Exam\macros\modeling
2026-10-02T16:03:04 synced SP_M.GA_EXP_GA_STD.cs → D:\design_\Paisley\Paisley_Exam\Paisley_Exam\macros\modeling
2026-10-02T16:03:04 synced SP_M.SINGLE_standard.cs → D:\design_\Paisley\Paisley_Exam\Paisley_Exam\macros\modeling
2026-10-02T16:03:05 synced bundled macros → firm: D:\design_\METRIC_FIRM2021\macros\modeling
2026-10-02T16:03:05 === session mode=smoke mark=W10-175 ===
2026-10-02T16:03:05 model=Paisley_Exam.db1 path=D:\design_\Paisley\Paisley_Exam\Paisley_Exam
2026-10-02T16:03:05 macros.log=C:\Users\ASUS\Desktop\2d_tekla\Export\CivilDrawings\new with macros\macros.log
2026-10-02T16:03:05 if AKIT dies inside Tekla, check C:\Users\ASUS\AppData\Local\Trimble\TeklaStructures\2026.0\logs and the Tekla session log
2026-10-02T16:03:05 session drawings before macros=99
2026-10-02T16:03:17 WALL=1 COLUMN=0 BEAM=0 mark=W10-175 (precast only; hollowcore/insulation/formliner skipped)
2026-10-02T16:03:17 smoke hardware CU batch 1/1 n=1
2026-10-02T16:03:17 CloseActiveDrawing (before smoke hardware CU batch 1)
2026-10-02T16:03:17 Select n=1 ok=True
2026-10-02T16:03:17 CommitChanges after select
2026-10-02T16:03:18 RunMacro SP_M.CU_PG1_11X17.cs (smoke hardware CU batch 1, n=1, marks=W10-175, drawingsBefore=99)
2026-10-02T16:03:18 trying SP_M.CU_PG1_11X17.cs
2026-10-02T16:03:26 RunMacro bool=True path=SP_M.CU_PG1_11X17.cs
2026-10-02T16:03:26 started SP_M.CU_PG1_11X17.cs
2026-10-02T16:03:26 wait SP_M.CU_PG1_11X17.cs t=0s IsMacroRunning=False drawings=100 (need > 99)
2026-10-02T16:03:27 CloseActiveDrawing (new sheet from SP_M.CU_PG1_11X17.cs)
2026-10-02T16:03:27 drawing-count delta 99 → 100 after 0s
2026-10-02T16:03:27 CloseActiveDrawing (after SP_M.CU_PG1_11X17.cs)
2026-10-02T16:03:27 drawings 99 → 100 after SP_M.CU_PG1_11X17.cs fallbackInsert=no
2026-10-02T16:03:27 CloseActiveDrawing (between batches)
2026-10-02T16:03:27 smoke rebar placing CU batch 1/1 n=1
2026-10-02T16:03:27 CloseActiveDrawing (before smoke rebar placing CU batch 1)
2026-10-02T16:03:27 Select n=1 ok=True
2026-10-02T16:03:27 CommitChanges after select
2026-10-02T16:03:28 RunMacro SP_M.CU_PG2_11X17.cs (smoke rebar placing CU batch 1, n=1, marks=W10-175, drawingsBefore=100)
2026-10-02T16:03:28 trying SP_M.CU_PG2_11X17.cs
2026-10-02T16:03:36 RunMacro bool=True path=SP_M.CU_PG2_11X17.cs
2026-10-02T16:03:36 started SP_M.CU_PG2_11X17.cs
2026-10-02T16:03:36 wait SP_M.CU_PG2_11X17.cs t=0s IsMacroRunning=False drawings=101 (need > 100)
2026-10-02T16:03:37 CloseActiveDrawing (new sheet from SP_M.CU_PG2_11X17.cs)
2026-10-02T16:03:37 drawing-count delta 100 → 101 after 0s
2026-10-02T16:03:37 CloseActiveDrawing (after SP_M.CU_PG2_11X17.cs)
2026-10-02T16:03:37 drawings 100 → 101 after SP_M.CU_PG2_11X17.cs fallbackInsert=no
2026-10-02T16:03:37 CloseActiveDrawing (between batches)
2026-10-02T16:03:37 smoke rebar table CU batch 1/1 n=1
2026-10-02T16:03:37 CloseActiveDrawing (before smoke rebar table CU batch 1)
2026-10-02T16:03:37 Select n=1 ok=True
2026-10-02T16:03:37 CommitChanges after select
2026-10-02T16:03:38 RunMacro SP_M.CU_PG3_11X17.cs (smoke rebar table CU batch 1, n=1, marks=W10-175, drawingsBefore=101)
2026-10-02T16:03:38 trying SP_M.CU_PG3_11X17.cs
2026-10-02T16:03:39 RunMacro bool=True path=SP_M.CU_PG3_11X17.cs
2026-10-02T16:03:39 started SP_M.CU_PG3_11X17.cs
2026-10-02T16:03:39 wait SP_M.CU_PG3_11X17.cs t=0s IsMacroRunning=False drawings=102 (need > 101)
2026-10-02T16:03:41 CloseActiveDrawing (new sheet from SP_M.CU_PG3_11X17.cs)
2026-10-02T16:03:41 drawing-count delta 101 → 102 after 0s
2026-10-02T16:03:41 CloseActiveDrawing (after SP_M.CU_PG3_11X17.cs)
2026-10-02T16:03:41 drawings 101 → 102 after SP_M.CU_PG3_11X17.cs fallbackInsert=no
2026-10-02T16:03:41 CloseActiveDrawing (between batches)
2026-10-02T16:03:41 smoke: skipped beams and floor GA
2026-10-02T16:03:41 session drawings 99 → 102 after smoke macros
2026-10-02T17:07:43 CloseActiveDrawing (RunMacros start)
2026-10-02T17:07:43 bundled macros src=C:\Users\ASUS\Desktop\2d_tekla\bin\Release\net48\LocalMacros dest=D:\design_\Paisley\Paisley_Exam\Paisley_Exam\macros\modeling
2026-10-02T17:07:43 synced AutoCompressAndEdit11x17.cs → D:\design_\Paisley\Paisley_Exam\Paisley_Exam\macros\modeling
2026-10-02T17:07:43 synced SP_M.ASSEMBLY_standard.cs → D:\design_\Paisley\Paisley_Exam\Paisley_Exam\macros\modeling
2026-10-02T17:07:43 synced SP_M.BM_SET_11x17.cs → D:\design_\Paisley\Paisley_Exam\Paisley_Exam\macros\modeling
2026-10-02T17:07:43 synced SP_M.CU_PG1_11X17.cs → D:\design_\Paisley\Paisley_Exam\Paisley_Exam\macros\modeling
2026-10-02T17:07:43 synced SP_M.CU_PG2_11X17.cs → D:\design_\Paisley\Paisley_Exam\Paisley_Exam\macros\modeling
2026-10-02T17:07:43 synced SP_M.CU_PG3_11X17.cs → D:\design_\Paisley\Paisley_Exam\Paisley_Exam\macros\modeling
2026-10-02T17:07:43 synced SP_M.GA_EXP_GA_STD.cs → D:\design_\Paisley\Paisley_Exam\Paisley_Exam\macros\modeling
2026-10-02T17:07:43 synced SP_M.SINGLE_standard.cs → D:\design_\Paisley\Paisley_Exam\Paisley_Exam\macros\modeling
2026-10-02T17:07:43 synced bundled macros → firm: D:\design_\METRIC_FIRM2021\macros\modeling
2026-10-02T17:07:43 === session mode=smoke mark=W10-175 ===
2026-10-02T17:07:43 model=Paisley_Exam.db1 path=D:\design_\Paisley\Paisley_Exam\Paisley_Exam
2026-10-02T17:07:43 macros.log=C:\Users\ASUS\Desktop\2d_tekla\Export\CivilDrawings\new with macros\macros.log
2026-10-02T17:07:43 if AKIT dies inside Tekla, check C:\Users\ASUS\AppData\Local\Trimble\TeklaStructures\2026.0\logs and the Tekla session log
2026-10-02T17:07:43 session drawings before macros=99
2026-10-02T17:08:03 WALL=1 COLUMN=0 BEAM=0 mark=W10-175 (precast only; hollowcore/insulation/formliner skipped)
2026-10-02T17:08:03 smoke hardware CU batch 1/1 n=1
2026-10-02T17:08:03 CloseActiveDrawing (before smoke hardware CU batch 1)
2026-10-02T17:08:03 Select n=1 ok=True
2026-10-02T17:08:03 CommitChanges after select
2026-10-02T17:08:03 RunMacro SP_M.CU_PG1_11X17.cs (smoke hardware CU batch 1, n=1, marks=W10-175, drawingsBefore=99)
2026-10-02T17:08:03 trying SP_M.CU_PG1_11X17.cs
2026-10-02T17:08:10 RunMacro bool=True path=SP_M.CU_PG1_11X17.cs
2026-10-02T17:08:10 started SP_M.CU_PG1_11X17.cs
2026-10-02T17:08:10 wait SP_M.CU_PG1_11X17.cs t=0s IsMacroRunning=False drawings=100 (need > 99)
2026-10-02T17:08:11 CloseActiveDrawing (new sheet from SP_M.CU_PG1_11X17.cs)
2026-10-02T17:08:11 drawing-count delta 99 → 100 after 0s
2026-10-02T17:08:11 CloseActiveDrawing (after SP_M.CU_PG1_11X17.cs)
2026-10-02T17:08:11 drawings 99 → 100 after SP_M.CU_PG1_11X17.cs fallbackInsert=no
2026-10-02T17:08:11 CloseActiveDrawing (between batches)
2026-10-02T17:08:11 smoke rebar placing CU batch 1/1 n=1
2026-10-02T17:08:11 CloseActiveDrawing (before smoke rebar placing CU batch 1)
2026-10-02T17:08:12 Select n=1 ok=True
2026-10-02T17:08:12 CommitChanges after select
2026-10-02T17:08:12 RunMacro SP_M.CU_PG2_11X17.cs (smoke rebar placing CU batch 1, n=1, marks=W10-175, drawingsBefore=100)
2026-10-02T17:08:12 trying SP_M.CU_PG2_11X17.cs
2026-10-02T17:08:20 RunMacro bool=True path=SP_M.CU_PG2_11X17.cs
2026-10-02T17:08:20 started SP_M.CU_PG2_11X17.cs
2026-10-02T17:08:20 wait SP_M.CU_PG2_11X17.cs t=0s IsMacroRunning=False drawings=101 (need > 100)
2026-10-02T17:08:21 CloseActiveDrawing (new sheet from SP_M.CU_PG2_11X17.cs)
2026-10-02T17:08:21 drawing-count delta 100 → 101 after 0s
2026-10-02T17:08:21 CloseActiveDrawing (after SP_M.CU_PG2_11X17.cs)
2026-10-02T17:08:21 drawings 100 → 101 after SP_M.CU_PG2_11X17.cs fallbackInsert=no
2026-10-02T17:08:21 CloseActiveDrawing (between batches)
2026-10-02T17:08:21 smoke rebar table CU batch 1/1 n=1
2026-10-02T17:08:21 CloseActiveDrawing (before smoke rebar table CU batch 1)
2026-10-02T17:08:21 Select n=1 ok=True
2026-10-02T17:08:22 CommitChanges after select
2026-10-02T17:08:22 RunMacro SP_M.CU_PG3_11X17.cs (smoke rebar table CU batch 1, n=1, marks=W10-175, drawingsBefore=101)
2026-10-02T17:08:22 trying SP_M.CU_PG3_11X17.cs
2026-10-02T17:08:23 RunMacro bool=True path=SP_M.CU_PG3_11X17.cs
2026-10-02T17:08:23 started SP_M.CU_PG3_11X17.cs
2026-10-02T17:08:23 wait SP_M.CU_PG3_11X17.cs t=0s IsMacroRunning=False drawings=102 (need > 101)
2026-10-02T17:08:25 CloseActiveDrawing (new sheet from SP_M.CU_PG3_11X17.cs)
2026-10-02T17:08:25 drawing-count delta 101 → 102 after 0s
2026-10-02T17:08:25 CloseActiveDrawing (after SP_M.CU_PG3_11X17.cs)
2026-10-02T17:08:25 drawings 101 → 102 after SP_M.CU_PG3_11X17.cs fallbackInsert=no
2026-10-02T17:08:25 CloseActiveDrawing (between batches)
2026-10-02T17:08:25 smoke: skipped beams and floor GA
2026-10-02T17:08:25 session drawings 99 → 102 after smoke macros
2026-10-02T17:23:11 CloseActiveDrawing (RunMacros start)
2026-10-02T17:23:11 bundled macros src=C:\Users\ASUS\Desktop\2d_tekla\bin\Release\net48\LocalMacros dest=D:\design_\Paisley\Paisley_Exam\Paisley_Exam\macros\modeling
2026-10-02T17:23:11 synced AutoCompressAndEdit11x17.cs → D:\design_\Paisley\Paisley_Exam\Paisley_Exam\macros\modeling
2026-10-02T17:23:11 synced SP_M.ASSEMBLY_standard.cs → D:\design_\Paisley\Paisley_Exam\Paisley_Exam\macros\modeling
2026-10-02T17:23:11 synced SP_M.BM_SET_11x17.cs → D:\design_\Paisley\Paisley_Exam\Paisley_Exam\macros\modeling
2026-10-02T17:23:11 synced SP_M.CU_PG1_11X17.cs → D:\design_\Paisley\Paisley_Exam\Paisley_Exam\macros\modeling
2026-10-02T17:23:11 synced SP_M.CU_PG2_11X17.cs → D:\design_\Paisley\Paisley_Exam\Paisley_Exam\macros\modeling
2026-10-02T17:23:11 synced SP_M.CU_PG3_11X17.cs → D:\design_\Paisley\Paisley_Exam\Paisley_Exam\macros\modeling
2026-10-02T17:23:11 synced SP_M.GA_EXP_GA_STD.cs → D:\design_\Paisley\Paisley_Exam\Paisley_Exam\macros\modeling
2026-10-02T17:23:11 synced SP_M.SINGLE_standard.cs → D:\design_\Paisley\Paisley_Exam\Paisley_Exam\macros\modeling
2026-10-02T17:23:11 synced bundled macros → firm: D:\design_\METRIC_FIRM2021\macros\modeling
2026-10-02T17:23:11 === session mode=smoke mark=W10-175 ===
2026-10-02T17:23:11 model=Paisley_Exam.db1 path=D:\design_\Paisley\Paisley_Exam\Paisley_Exam
2026-10-02T17:23:11 macros.log=C:\Users\ASUS\Desktop\2d_tekla\Export\CivilDrawings\new with macros\macros.log
2026-10-02T17:23:11 if AKIT dies inside Tekla, check C:\Users\ASUS\AppData\Local\Trimble\TeklaStructures\2026.0\logs and the Tekla session log
2026-10-02T17:23:11 session drawings before macros=99
2026-10-02T17:23:26 WALL=1 COLUMN=0 BEAM=0 mark=W10-175 (precast only; hollowcore/insulation/formliner skipped)
2026-10-02T17:23:26 smoke hardware CU batch 1/1 n=1
2026-10-02T17:23:26 CloseActiveDrawing (before smoke hardware CU batch 1)
2026-10-02T17:23:26 Select n=1 ok=True
2026-10-02T17:23:26 CommitChanges after select
2026-10-02T17:23:27 RunMacro SP_M.CU_PG1_11X17.cs (smoke hardware CU batch 1, n=1, marks=W10-175, drawingsBefore=99)
2026-10-02T17:23:27 trying SP_M.CU_PG1_11X17.cs
2026-10-02T17:23:33 RunMacro bool=True path=SP_M.CU_PG1_11X17.cs
2026-10-02T17:23:33 started SP_M.CU_PG1_11X17.cs
2026-10-02T17:23:33 wait SP_M.CU_PG1_11X17.cs t=0s IsMacroRunning=False drawings=100 (need > 99)
2026-10-02T17:23:35 CloseActiveDrawing (new sheet from SP_M.CU_PG1_11X17.cs)
2026-10-02T17:23:35 drawing-count delta 99 → 100 after 0s
2026-10-02T17:23:35 CloseActiveDrawing (after SP_M.CU_PG1_11X17.cs)
2026-10-02T17:23:35 drawings 99 → 100 after SP_M.CU_PG1_11X17.cs fallbackInsert=no
2026-10-02T17:23:35 CloseActiveDrawing (between batches)
2026-10-02T17:23:35 smoke rebar placing CU batch 1/1 n=1
2026-10-02T17:23:35 CloseActiveDrawing (before smoke rebar placing CU batch 1)
2026-10-02T17:23:35 Select n=1 ok=True
2026-10-02T17:23:35 CommitChanges after select
2026-10-02T17:23:35 RunMacro SP_M.CU_PG2_11X17.cs (smoke rebar placing CU batch 1, n=1, marks=W10-175, drawingsBefore=100)
2026-10-02T17:23:35 trying SP_M.CU_PG2_11X17.cs
2026-10-02T17:23:44 RunMacro bool=True path=SP_M.CU_PG2_11X17.cs
2026-10-02T17:23:44 started SP_M.CU_PG2_11X17.cs
2026-10-02T17:23:44 wait SP_M.CU_PG2_11X17.cs t=0s IsMacroRunning=False drawings=101 (need > 100)
2026-10-02T17:23:45 CloseActiveDrawing (new sheet from SP_M.CU_PG2_11X17.cs)
2026-10-02T17:23:45 drawing-count delta 100 → 101 after 0s
2026-10-02T17:23:45 CloseActiveDrawing (after SP_M.CU_PG2_11X17.cs)
2026-10-02T17:23:45 drawings 100 → 101 after SP_M.CU_PG2_11X17.cs fallbackInsert=no
2026-10-02T17:23:45 CloseActiveDrawing (between batches)
2026-10-02T17:23:45 smoke rebar table CU batch 1/1 n=1
2026-10-02T17:23:45 CloseActiveDrawing (before smoke rebar table CU batch 1)
2026-10-02T17:23:45 Select n=1 ok=True
2026-10-02T17:23:45 CommitChanges after select
2026-10-02T17:23:46 RunMacro SP_M.CU_PG3_11X17.cs (smoke rebar table CU batch 1, n=1, marks=W10-175, drawingsBefore=101)
2026-10-02T17:23:46 trying SP_M.CU_PG3_11X17.cs
2026-10-02T17:23:48 RunMacro bool=True path=SP_M.CU_PG3_11X17.cs
2026-10-02T17:23:48 started SP_M.CU_PG3_11X17.cs
2026-10-02T17:23:48 wait SP_M.CU_PG3_11X17.cs t=0s IsMacroRunning=False drawings=102 (need > 101)
2026-10-02T17:23:49 CloseActiveDrawing (new sheet from SP_M.CU_PG3_11X17.cs)
2026-10-02T17:23:49 drawing-count delta 101 → 102 after 0s
2026-10-02T17:23:49 CloseActiveDrawing (after SP_M.CU_PG3_11X17.cs)
2026-10-02T17:23:49 drawings 101 → 102 after SP_M.CU_PG3_11X17.cs fallbackInsert=no
2026-10-02T17:23:49 CloseActiveDrawing (between batches)
2026-10-02T17:23:49 smoke: skipped beams and floor GA
2026-10-02T17:23:49 session drawings 99 → 102 after smoke macros
2026-10-02T17:42:28 CloseActiveDrawing (RunMacros start)
2026-10-02T17:42:28 bundled macros src=C:\Users\ASUS\Desktop\2d_tekla\bin\Release\net48\LocalMacros dest=D:\design_\Paisley\Paisley_Exam\Paisley_Exam\macros\modeling
2026-10-02T17:42:28 synced AutoCompressAndEdit11x17.cs → D:\design_\Paisley\Paisley_Exam\Paisley_Exam\macros\modeling
2026-10-02T17:42:28 synced SP_M.ASSEMBLY_standard.cs → D:\design_\Paisley\Paisley_Exam\Paisley_Exam\macros\modeling
2026-10-02T17:42:28 synced SP_M.BM_SET_11x17.cs → D:\design_\Paisley\Paisley_Exam\Paisley_Exam\macros\modeling
2026-10-02T17:42:28 synced SP_M.CU_PG1_11X17.cs → D:\design_\Paisley\Paisley_Exam\Paisley_Exam\macros\modeling
2026-10-02T17:42:28 synced SP_M.CU_PG2_11X17.cs → D:\design_\Paisley\Paisley_Exam\Paisley_Exam\macros\modeling
2026-10-02T17:42:28 synced SP_M.CU_PG3_11X17.cs → D:\design_\Paisley\Paisley_Exam\Paisley_Exam\macros\modeling
2026-10-02T17:42:28 synced SP_M.GA_EXP_GA_STD.cs → D:\design_\Paisley\Paisley_Exam\Paisley_Exam\macros\modeling
2026-10-02T17:42:28 synced SP_M.SINGLE_standard.cs → D:\design_\Paisley\Paisley_Exam\Paisley_Exam\macros\modeling
2026-10-02T17:42:28 synced bundled macros → firm: D:\design_\METRIC_FIRM2021\macros\modeling
2026-10-02T17:42:28 === session mode=smoke mark=W10-175 ===
2026-10-02T17:42:28 model=Paisley_Exam.db1 path=D:\design_\Paisley\Paisley_Exam\Paisley_Exam
2026-10-02T17:42:28 macros.log=C:\Users\ASUS\Desktop\2d_tekla\Export\CivilDrawings\new with macros\macros.log
2026-10-02T17:42:28 if AKIT dies inside Tekla, check C:\Users\ASUS\AppData\Local\Trimble\TeklaStructures\2026.0\logs and the Tekla session log
2026-10-02T17:42:28 session drawings before macros=99
2026-10-02T17:42:52 WALL=1 COLUMN=0 BEAM=0 mark=W10-175 (precast only; hollowcore/insulation/formliner skipped)
2026-10-02T17:42:52 smoke hardware CU batch 1/1 n=1
2026-10-02T17:42:52 CloseActiveDrawing (before smoke hardware CU batch 1)
2026-10-02T17:42:52 Select n=1 ok=True
2026-10-02T17:42:52 CommitChanges after select
2026-10-02T17:42:53 RunMacro SP_M.CU_PG1_11X17.cs (smoke hardware CU batch 1, n=1, marks=W10-175, drawingsBefore=99)
2026-10-02T17:42:53 trying SP_M.CU_PG1_11X17.cs
2026-10-02T17:43:00 RunMacro bool=True path=SP_M.CU_PG1_11X17.cs
2026-10-02T17:43:00 started SP_M.CU_PG1_11X17.cs
2026-10-02T17:43:00 wait SP_M.CU_PG1_11X17.cs t=0s IsMacroRunning=False drawings=100 (need > 99)
2026-10-02T17:43:02 CloseActiveDrawing (new sheet from SP_M.CU_PG1_11X17.cs)
2026-10-02T17:43:02 drawing-count delta 99 → 100 after 0s
2026-10-02T17:43:02 CloseActiveDrawing (after SP_M.CU_PG1_11X17.cs)
2026-10-02T17:43:02 drawings 99 → 100 after SP_M.CU_PG1_11X17.cs fallbackInsert=no
2026-10-02T17:43:02 CloseActiveDrawing (between batches)
2026-10-02T17:43:02 smoke rebar placing CU batch 1/1 n=1
2026-10-02T17:43:02 CloseActiveDrawing (before smoke rebar placing CU batch 1)
2026-10-02T17:43:02 Select n=1 ok=True
2026-10-02T17:43:02 CommitChanges after select
2026-10-02T17:43:02 RunMacro SP_M.CU_PG2_11X17.cs (smoke rebar placing CU batch 1, n=1, marks=W10-175, drawingsBefore=100)
2026-10-02T17:43:02 trying SP_M.CU_PG2_11X17.cs
2026-10-02T17:43:11 RunMacro bool=True path=SP_M.CU_PG2_11X17.cs
2026-10-02T17:43:11 started SP_M.CU_PG2_11X17.cs
2026-10-02T17:43:11 wait SP_M.CU_PG2_11X17.cs t=0s IsMacroRunning=False drawings=101 (need > 100)
2026-10-02T17:43:12 CloseActiveDrawing (new sheet from SP_M.CU_PG2_11X17.cs)
2026-10-02T17:43:12 drawing-count delta 100 → 101 after 0s
2026-10-02T17:43:12 CloseActiveDrawing (after SP_M.CU_PG2_11X17.cs)
2026-10-02T17:43:12 drawings 100 → 101 after SP_M.CU_PG2_11X17.cs fallbackInsert=no
2026-10-02T17:43:12 CloseActiveDrawing (between batches)
2026-10-02T17:43:12 smoke rebar table CU batch 1/1 n=1
2026-10-02T17:43:12 CloseActiveDrawing (before smoke rebar table CU batch 1)
2026-10-02T17:43:12 Select n=1 ok=True
2026-10-02T17:43:12 CommitChanges after select
2026-10-02T17:43:13 RunMacro SP_M.CU_PG3_11X17.cs (smoke rebar table CU batch 1, n=1, marks=W10-175, drawingsBefore=101)
2026-10-02T17:43:13 trying SP_M.CU_PG3_11X17.cs
2026-10-02T17:43:14 RunMacro bool=True path=SP_M.CU_PG3_11X17.cs
2026-10-02T17:43:14 started SP_M.CU_PG3_11X17.cs
2026-10-02T17:43:14 wait SP_M.CU_PG3_11X17.cs t=0s IsMacroRunning=False drawings=102 (need > 101)
2026-10-02T17:43:16 CloseActiveDrawing (new sheet from SP_M.CU_PG3_11X17.cs)
2026-10-02T17:43:16 drawing-count delta 101 → 102 after 0s
2026-10-02T17:43:16 CloseActiveDrawing (after SP_M.CU_PG3_11X17.cs)
2026-10-02T17:43:16 drawings 101 → 102 after SP_M.CU_PG3_11X17.cs fallbackInsert=no
2026-10-02T17:43:16 CloseActiveDrawing (between batches)
2026-10-02T17:43:16 smoke: skipped beams and floor GA
2026-10-02T17:43:16 session drawings 99 → 102 after smoke macros
2026-10-02T18:08:12 CloseActiveDrawing (RunMacros start)
2026-10-02T18:08:12 bundled macros src=C:\Users\ASUS\Desktop\2d_tekla\bin\Release\net48\LocalMacros dest=D:\design_\Paisley\Paisley_Exam\Paisley_Exam\macros\modeling
2026-10-02T18:08:12 synced AutoCompressAndEdit11x17.cs → D:\design_\Paisley\Paisley_Exam\Paisley_Exam\macros\modeling
2026-10-02T18:08:12 synced SP_M.ASSEMBLY_standard.cs → D:\design_\Paisley\Paisley_Exam\Paisley_Exam\macros\modeling
2026-10-02T18:08:12 synced SP_M.BM_SET_11x17.cs → D:\design_\Paisley\Paisley_Exam\Paisley_Exam\macros\modeling
2026-10-02T18:08:12 synced SP_M.CU_PG1_11X17.cs → D:\design_\Paisley\Paisley_Exam\Paisley_Exam\macros\modeling
2026-10-02T18:08:12 synced SP_M.CU_PG2_11X17.cs → D:\design_\Paisley\Paisley_Exam\Paisley_Exam\macros\modeling
2026-10-02T18:08:12 synced SP_M.CU_PG3_11X17.cs → D:\design_\Paisley\Paisley_Exam\Paisley_Exam\macros\modeling
2026-10-02T18:08:12 synced SP_M.GA_EXP_GA_STD.cs → D:\design_\Paisley\Paisley_Exam\Paisley_Exam\macros\modeling
2026-10-02T18:08:12 synced SP_M.SINGLE_standard.cs → D:\design_\Paisley\Paisley_Exam\Paisley_Exam\macros\modeling
2026-10-02T18:08:12 synced bundled macros → firm: D:\design_\METRIC_FIRM2021\macros\modeling
2026-10-02T18:08:12 === session mode=smoke mark=W10-175 ===
2026-10-02T18:08:12 model=Paisley_Exam.db1 path=D:\design_\Paisley\Paisley_Exam\Paisley_Exam
2026-10-02T18:08:12 macros.log=C:\Users\ASUS\Desktop\2d_tekla\Export\CivilDrawings\new with macros\macros.log
2026-10-02T18:08:12 if AKIT dies inside Tekla, check C:\Users\ASUS\AppData\Local\Trimble\TeklaStructures\2026.0\logs and the Tekla session log
2026-10-02T18:08:12 session drawings before macros=99
2026-10-02T18:08:39 WALL=1 COLUMN=0 BEAM=0 mark=W10-175 (precast only; hollowcore/insulation/formliner skipped)
2026-10-02T18:08:39 smoke hardware CU batch 1/1 n=1
2026-10-02T18:08:39 CloseActiveDrawing (before smoke hardware CU batch 1)
2026-10-02T18:08:39 Select n=1 ok=True
2026-10-02T18:08:39 CommitChanges after select
2026-10-02T18:08:40 RunMacro SP_M.CU_PG1_11X17.cs (smoke hardware CU batch 1, n=1, marks=W10-175, drawingsBefore=99)
2026-10-02T18:08:40 trying SP_M.CU_PG1_11X17.cs
2026-10-02T18:08:52 RunMacro bool=True path=SP_M.CU_PG1_11X17.cs
2026-10-02T18:08:52 started SP_M.CU_PG1_11X17.cs
2026-10-02T18:08:53 wait SP_M.CU_PG1_11X17.cs t=0s IsMacroRunning=False drawings=100 (need > 99)
2026-10-02T18:08:54 CloseActiveDrawing (new sheet from SP_M.CU_PG1_11X17.cs)
2026-10-02T18:08:54 drawing-count delta 99 → 100 after 0s
2026-10-02T18:08:54 CloseActiveDrawing (after SP_M.CU_PG1_11X17.cs)
2026-10-02T18:08:54 drawings 99 → 100 after SP_M.CU_PG1_11X17.cs fallbackInsert=no
2026-10-02T18:08:54 CloseActiveDrawing (between batches)
2026-10-02T18:08:54 smoke rebar placing CU batch 1/1 n=1
2026-10-02T18:08:54 CloseActiveDrawing (before smoke rebar placing CU batch 1)
2026-10-02T18:08:54 Select n=1 ok=True
2026-10-02T18:08:55 CommitChanges after select
2026-10-02T18:08:55 RunMacro SP_M.CU_PG2_11X17.cs (smoke rebar placing CU batch 1, n=1, marks=W10-175, drawingsBefore=100)
2026-10-02T18:08:55 trying SP_M.CU_PG2_11X17.cs
2026-10-02T18:09:15 RunMacro bool=True path=SP_M.CU_PG2_11X17.cs
2026-10-02T18:09:15 started SP_M.CU_PG2_11X17.cs
2026-10-02T18:09:15 wait SP_M.CU_PG2_11X17.cs t=0s IsMacroRunning=False drawings=101 (need > 100)
2026-10-02T18:09:17 CloseActiveDrawing (new sheet from SP_M.CU_PG2_11X17.cs)
2026-10-02T18:09:17 drawing-count delta 100 → 101 after 0s
2026-10-02T18:09:17 CloseActiveDrawing (after SP_M.CU_PG2_11X17.cs)
2026-10-02T18:09:17 drawings 100 → 101 after SP_M.CU_PG2_11X17.cs fallbackInsert=no
2026-10-02T18:09:17 CloseActiveDrawing (between batches)
2026-10-02T18:09:17 smoke rebar table CU batch 1/1 n=1
2026-10-02T18:09:17 CloseActiveDrawing (before smoke rebar table CU batch 1)
2026-10-02T18:09:17 Select n=1 ok=True
2026-10-02T18:09:17 CommitChanges after select
2026-10-02T18:09:17 RunMacro SP_M.CU_PG3_11X17.cs (smoke rebar table CU batch 1, n=1, marks=W10-175, drawingsBefore=101)
2026-10-02T18:09:17 trying SP_M.CU_PG3_11X17.cs
2026-10-02T18:09:20 RunMacro bool=True path=SP_M.CU_PG3_11X17.cs
2026-10-02T18:09:20 started SP_M.CU_PG3_11X17.cs
2026-10-02T18:09:21 wait SP_M.CU_PG3_11X17.cs t=0s IsMacroRunning=False drawings=102 (need > 101)
2026-10-02T18:09:22 CloseActiveDrawing (new sheet from SP_M.CU_PG3_11X17.cs)
2026-10-02T18:09:22 drawing-count delta 101 → 102 after 0s
2026-10-02T18:09:22 CloseActiveDrawing (after SP_M.CU_PG3_11X17.cs)
2026-10-02T18:09:22 drawings 101 → 102 after SP_M.CU_PG3_11X17.cs fallbackInsert=no
2026-10-02T18:09:22 CloseActiveDrawing (between batches)
2026-10-02T18:09:22 smoke: skipped beams and floor GA
2026-10-02T18:09:22 session drawings 99 → 102 after smoke macros
2026-10-02T18:18:27 CloseActiveDrawing (RunMacros start)
2026-10-02T18:18:27 bundled macros src=C:\Users\ASUS\Desktop\2d_tekla\bin\Release\net48\LocalMacros dest=D:\design_\Paisley\Paisley_Exam\Paisley_Exam\macros\modeling
2026-10-02T18:18:27 synced AutoCompressAndEdit11x17.cs → D:\design_\Paisley\Paisley_Exam\Paisley_Exam\macros\modeling
2026-10-02T18:18:27 synced SP_M.ASSEMBLY_standard.cs → D:\design_\Paisley\Paisley_Exam\Paisley_Exam\macros\modeling
2026-10-02T18:18:27 synced SP_M.BM_SET_11x17.cs → D:\design_\Paisley\Paisley_Exam\Paisley_Exam\macros\modeling
2026-10-02T18:18:27 synced SP_M.CU_PG1_11X17.cs → D:\design_\Paisley\Paisley_Exam\Paisley_Exam\macros\modeling
2026-10-02T18:18:27 synced SP_M.CU_PG2_11X17.cs → D:\design_\Paisley\Paisley_Exam\Paisley_Exam\macros\modeling
2026-10-02T18:18:27 synced SP_M.CU_PG3_11X17.cs → D:\design_\Paisley\Paisley_Exam\Paisley_Exam\macros\modeling
2026-10-02T18:18:27 synced SP_M.GA_EXP_GA_STD.cs → D:\design_\Paisley\Paisley_Exam\Paisley_Exam\macros\modeling
2026-10-02T18:18:27 synced SP_M.SINGLE_standard.cs → D:\design_\Paisley\Paisley_Exam\Paisley_Exam\macros\modeling
2026-10-02T18:18:27 synced bundled macros → firm: D:\design_\METRIC_FIRM2021\macros\modeling
2026-10-02T18:18:27 === session mode=smoke mark=W10-175 ===
2026-10-02T18:18:27 model=Paisley_Exam.db1 path=D:\design_\Paisley\Paisley_Exam\Paisley_Exam
2026-10-02T18:18:27 macros.log=C:\Users\ASUS\Desktop\2d_tekla\Export\CivilDrawings\new with macros\macros.log
2026-10-02T18:18:27 if AKIT dies inside Tekla, check C:\Users\ASUS\AppData\Local\Trimble\TeklaStructures\2026.0\logs and the Tekla session log
2026-10-02T18:18:27 session drawings before macros=99
2026-10-02T18:18:38 WALL=1 COLUMN=0 BEAM=0 mark=W10-175 (precast only; hollowcore/insulation/formliner skipped)
2026-10-02T18:18:38 smoke hardware CU batch 1/1 n=1
2026-10-02T18:18:38 CloseActiveDrawing (before smoke hardware CU batch 1)
2026-10-02T18:18:38 Select n=1 ok=True
2026-10-02T18:18:38 CommitChanges after select
2026-10-02T18:18:39 RunMacro SP_M.CU_PG1_11X17.cs (smoke hardware CU batch 1, n=1, marks=W10-175, drawingsBefore=99)
2026-10-02T18:18:39 trying SP_M.CU_PG1_11X17.cs
2026-10-02T18:18:45 RunMacro bool=True path=SP_M.CU_PG1_11X17.cs
2026-10-02T18:18:45 started SP_M.CU_PG1_11X17.cs
2026-10-02T18:18:45 wait SP_M.CU_PG1_11X17.cs t=0s IsMacroRunning=False drawings=100 (need > 99)
2026-10-02T18:18:46 CloseActiveDrawing (new sheet from SP_M.CU_PG1_11X17.cs)
2026-10-02T18:18:46 drawing-count delta 99 → 100 after 0s
2026-10-02T18:18:46 CloseActiveDrawing (after SP_M.CU_PG1_11X17.cs)
2026-10-02T18:18:46 drawings 99 → 100 after SP_M.CU_PG1_11X17.cs fallbackInsert=no
2026-10-02T18:18:46 CloseActiveDrawing (between batches)
2026-10-02T18:18:46 smoke rebar placing CU batch 1/1 n=1
2026-10-02T18:18:46 CloseActiveDrawing (before smoke rebar placing CU batch 1)
2026-10-02T18:18:46 Select n=1 ok=True
2026-10-02T18:18:46 CommitChanges after select
2026-10-02T18:18:47 RunMacro SP_M.CU_PG2_11X17.cs (smoke rebar placing CU batch 1, n=1, marks=W10-175, drawingsBefore=100)
2026-10-02T18:18:47 trying SP_M.CU_PG2_11X17.cs
2026-10-02T18:18:56 RunMacro bool=True path=SP_M.CU_PG2_11X17.cs
2026-10-02T18:18:56 started SP_M.CU_PG2_11X17.cs
2026-10-02T18:18:56 wait SP_M.CU_PG2_11X17.cs t=0s IsMacroRunning=False drawings=101 (need > 100)
2026-10-02T18:18:57 CloseActiveDrawing (new sheet from SP_M.CU_PG2_11X17.cs)
2026-10-02T18:18:57 drawing-count delta 100 → 101 after 0s
2026-10-02T18:18:57 CloseActiveDrawing (after SP_M.CU_PG2_11X17.cs)
2026-10-02T18:18:57 drawings 100 → 101 after SP_M.CU_PG2_11X17.cs fallbackInsert=no
2026-10-02T18:18:57 CloseActiveDrawing (between batches)
2026-10-02T18:18:57 smoke rebar table CU batch 1/1 n=1
2026-10-02T18:18:57 CloseActiveDrawing (before smoke rebar table CU batch 1)
2026-10-02T18:18:58 Select n=1 ok=True
2026-10-02T18:18:58 CommitChanges after select
2026-10-02T18:18:58 RunMacro SP_M.CU_PG3_11X17.cs (smoke rebar table CU batch 1, n=1, marks=W10-175, drawingsBefore=101)
2026-10-02T18:18:58 trying SP_M.CU_PG3_11X17.cs
2026-10-02T18:19:00 RunMacro bool=True path=SP_M.CU_PG3_11X17.cs
2026-10-02T18:19:00 started SP_M.CU_PG3_11X17.cs
2026-10-02T18:19:00 wait SP_M.CU_PG3_11X17.cs t=0s IsMacroRunning=False drawings=102 (need > 101)
2026-10-02T18:19:01 CloseActiveDrawing (new sheet from SP_M.CU_PG3_11X17.cs)
2026-10-02T18:19:01 drawing-count delta 101 → 102 after 0s
2026-10-02T18:19:01 CloseActiveDrawing (after SP_M.CU_PG3_11X17.cs)
2026-10-02T18:19:01 drawings 101 → 102 after SP_M.CU_PG3_11X17.cs fallbackInsert=no
2026-10-02T18:19:01 CloseActiveDrawing (between batches)
2026-10-02T18:19:01 smoke: skipped beams and floor GA
2026-10-02T18:19:01 session drawings 99 → 102 after smoke macros
2026-10-02T18:27:43 CloseActiveDrawing (RunMacros start)
2026-10-02T18:27:43 bundled macros src=C:\Users\ASUS\Desktop\2d_tekla\bin\Release\net48\LocalMacros dest=D:\design_\Paisley\Paisley_Exam\Paisley_Exam\macros\modeling
2026-10-02T18:27:43 synced AutoCompressAndEdit11x17.cs → D:\design_\Paisley\Paisley_Exam\Paisley_Exam\macros\modeling
2026-10-02T18:27:43 synced SP_M.ASSEMBLY_standard.cs → D:\design_\Paisley\Paisley_Exam\Paisley_Exam\macros\modeling
2026-10-02T18:27:43 synced SP_M.BM_SET_11x17.cs → D:\design_\Paisley\Paisley_Exam\Paisley_Exam\macros\modeling
2026-10-02T18:27:43 synced SP_M.CU_PG1_11X17.cs → D:\design_\Paisley\Paisley_Exam\Paisley_Exam\macros\modeling
2026-10-02T18:27:43 synced SP_M.CU_PG2_11X17.cs → D:\design_\Paisley\Paisley_Exam\Paisley_Exam\macros\modeling
2026-10-02T18:27:43 synced SP_M.CU_PG3_11X17.cs → D:\design_\Paisley\Paisley_Exam\Paisley_Exam\macros\modeling
2026-10-02T18:27:43 synced SP_M.GA_EXP_GA_STD.cs → D:\design_\Paisley\Paisley_Exam\Paisley_Exam\macros\modeling
2026-10-02T18:27:43 synced SP_M.SINGLE_standard.cs → D:\design_\Paisley\Paisley_Exam\Paisley_Exam\macros\modeling
2026-10-02T18:27:43 synced bundled macros → firm: D:\design_\METRIC_FIRM2021\macros\modeling
2026-10-02T18:27:43 === session mode=smoke mark=W10-175 ===
2026-10-02T18:27:43 model=Paisley_Exam.db1 path=D:\design_\Paisley\Paisley_Exam\Paisley_Exam
2026-10-02T18:27:43 macros.log=C:\Users\ASUS\Desktop\2d_tekla\Export\CivilDrawings\new with macros\macros.log
2026-10-02T18:27:43 if AKIT dies inside Tekla, check C:\Users\ASUS\AppData\Local\Trimble\TeklaStructures\2026.0\logs and the Tekla session log
2026-10-02T18:27:43 session drawings before macros=99
2026-10-02T18:27:53 WALL=1 COLUMN=0 BEAM=0 mark=W10-175 (precast only; hollowcore/insulation/formliner skipped)
2026-10-02T18:27:53 smoke hardware CU batch 1/1 n=1
2026-10-02T18:27:53 CloseActiveDrawing (before smoke hardware CU batch 1)
2026-10-02T18:27:53 Select n=1 ok=True
2026-10-02T18:27:53 CommitChanges after select
2026-10-02T18:27:53 RunMacro SP_M.CU_PG1_11X17.cs (smoke hardware CU batch 1, n=1, marks=W10-175, drawingsBefore=99)
2026-10-02T18:27:53 trying SP_M.CU_PG1_11X17.cs
2026-10-02T18:27:58 RunMacro bool=True path=SP_M.CU_PG1_11X17.cs
2026-10-02T18:27:58 started SP_M.CU_PG1_11X17.cs
2026-10-02T18:27:58 wait SP_M.CU_PG1_11X17.cs t=0s IsMacroRunning=False drawings=100 (need > 99)
2026-10-02T18:27:59 CloseActiveDrawing (new sheet from SP_M.CU_PG1_11X17.cs)
2026-10-02T18:27:59 drawing-count delta 99 → 100 after 0s
2026-10-02T18:27:59 CloseActiveDrawing (after SP_M.CU_PG1_11X17.cs)
2026-10-02T18:27:59 drawings 99 → 100 after SP_M.CU_PG1_11X17.cs fallbackInsert=no
2026-10-02T18:27:59 CloseActiveDrawing (between batches)
2026-10-02T18:27:59 smoke rebar placing CU batch 1/1 n=1
2026-10-02T18:27:59 CloseActiveDrawing (before smoke rebar placing CU batch 1)
2026-10-02T18:27:59 Select n=1 ok=True
2026-10-02T18:27:59 CommitChanges after select
2026-10-02T18:28:00 RunMacro SP_M.CU_PG2_11X17.cs (smoke rebar placing CU batch 1, n=1, marks=W10-175, drawingsBefore=100)
2026-10-02T18:28:00 trying SP_M.CU_PG2_11X17.cs
2026-10-02T18:28:09 RunMacro bool=True path=SP_M.CU_PG2_11X17.cs
2026-10-02T18:28:09 started SP_M.CU_PG2_11X17.cs
2026-10-02T18:28:09 wait SP_M.CU_PG2_11X17.cs t=0s IsMacroRunning=False drawings=101 (need > 100)
2026-10-02T18:28:10 CloseActiveDrawing (new sheet from SP_M.CU_PG2_11X17.cs)
2026-10-02T18:28:10 drawing-count delta 100 → 101 after 0s
2026-10-02T18:28:10 CloseActiveDrawing (after SP_M.CU_PG2_11X17.cs)
2026-10-02T18:28:10 drawings 100 → 101 after SP_M.CU_PG2_11X17.cs fallbackInsert=no
2026-10-02T18:28:10 CloseActiveDrawing (between batches)
2026-10-02T18:28:10 smoke rebar table CU batch 1/1 n=1
2026-10-02T18:28:10 CloseActiveDrawing (before smoke rebar table CU batch 1)
2026-10-02T18:28:11 Select n=1 ok=True
2026-10-02T18:28:11 CommitChanges after select
2026-10-02T18:28:11 RunMacro SP_M.CU_PG3_11X17.cs (smoke rebar table CU batch 1, n=1, marks=W10-175, drawingsBefore=101)
2026-10-02T18:28:11 trying SP_M.CU_PG3_11X17.cs
2026-10-02T18:28:13 RunMacro bool=True path=SP_M.CU_PG3_11X17.cs
2026-10-02T18:28:13 started SP_M.CU_PG3_11X17.cs
2026-10-02T18:28:13 wait SP_M.CU_PG3_11X17.cs t=0s IsMacroRunning=False drawings=102 (need > 101)
2026-10-02T18:28:14 CloseActiveDrawing (new sheet from SP_M.CU_PG3_11X17.cs)
2026-10-02T18:28:14 drawing-count delta 101 → 102 after 0s
2026-10-02T18:28:14 CloseActiveDrawing (after SP_M.CU_PG3_11X17.cs)
2026-10-02T18:28:14 drawings 101 → 102 after SP_M.CU_PG3_11X17.cs fallbackInsert=no
2026-10-02T18:28:14 CloseActiveDrawing (between batches)
2026-10-02T18:28:14 smoke: skipped beams and floor GA
2026-10-02T18:28:14 session drawings 99 → 102 after smoke macros
2026-10-02T18:40:08 CloseActiveDrawing (RunMacros start)
2026-10-02T18:40:08 bundled macros src=C:\Users\ASUS\Desktop\2d_tekla\bin\Release\net48\LocalMacros dest=D:\design_\Paisley\Paisley_Exam\Paisley_Exam\macros\modeling
2026-10-02T18:40:08 synced AutoCompressAndEdit11x17.cs → D:\design_\Paisley\Paisley_Exam\Paisley_Exam\macros\modeling
2026-10-02T18:40:08 synced SP_M.ASSEMBLY_standard.cs → D:\design_\Paisley\Paisley_Exam\Paisley_Exam\macros\modeling
2026-10-02T18:40:08 synced SP_M.BM_SET_11x17.cs → D:\design_\Paisley\Paisley_Exam\Paisley_Exam\macros\modeling
2026-10-02T18:40:08 synced SP_M.CU_PG1_11X17.cs → D:\design_\Paisley\Paisley_Exam\Paisley_Exam\macros\modeling
2026-10-02T18:40:08 synced SP_M.CU_PG2_11X17.cs → D:\design_\Paisley\Paisley_Exam\Paisley_Exam\macros\modeling
2026-10-02T18:40:08 synced SP_M.CU_PG3_11X17.cs → D:\design_\Paisley\Paisley_Exam\Paisley_Exam\macros\modeling
2026-10-02T18:40:08 synced SP_M.GA_EXP_GA_STD.cs → D:\design_\Paisley\Paisley_Exam\Paisley_Exam\macros\modeling
2026-10-02T18:40:08 synced SP_M.SINGLE_standard.cs → D:\design_\Paisley\Paisley_Exam\Paisley_Exam\macros\modeling
2026-10-02T18:40:08 synced bundled macros → firm: D:\design_\METRIC_FIRM2021\macros\modeling
2026-10-02T18:40:08 === session mode=smoke mark=W10-175 ===
2026-10-02T18:40:08 model=Paisley_Exam.db1 path=D:\design_\Paisley\Paisley_Exam\Paisley_Exam
2026-10-02T18:40:08 macros.log=C:\Users\ASUS\Desktop\2d_tekla\Export\CivilDrawings\new with macros\macros.log
2026-10-02T18:40:08 if AKIT dies inside Tekla, check C:\Users\ASUS\AppData\Local\Trimble\TeklaStructures\2026.0\logs and the Tekla session log
2026-10-02T18:40:08 session drawings before macros=99
2026-10-02T18:40:23 WALL=1 COLUMN=0 BEAM=0 mark=W10-175 (precast only; hollowcore/insulation/formliner skipped)
2026-10-02T18:40:24 smoke hardware CU batch 1/1 n=1
2026-10-02T18:40:24 CloseActiveDrawing (before smoke hardware CU batch 1)
2026-10-02T18:40:24 Select n=1 ok=True
2026-10-02T18:40:24 CommitChanges after select
2026-10-02T18:40:24 RunMacro SP_M.CU_PG1_11X17.cs (smoke hardware CU batch 1, n=1, marks=W10-175, drawingsBefore=99)
2026-10-02T18:40:24 trying SP_M.CU_PG1_11X17.cs
2026-10-02T18:40:31 RunMacro bool=True path=SP_M.CU_PG1_11X17.cs
2026-10-02T18:40:31 started SP_M.CU_PG1_11X17.cs
2026-10-02T18:40:31 wait SP_M.CU_PG1_11X17.cs t=0s IsMacroRunning=False drawings=100 (need > 99)
2026-10-02T18:40:32 CloseActiveDrawing (new sheet from SP_M.CU_PG1_11X17.cs)
2026-10-02T18:40:32 drawing-count delta 99 → 100 after 0s
2026-10-02T18:40:32 CloseActiveDrawing (after SP_M.CU_PG1_11X17.cs)
2026-10-02T18:40:32 drawings 99 → 100 after SP_M.CU_PG1_11X17.cs fallbackInsert=no
2026-10-02T18:40:32 CloseActiveDrawing (between batches)
2026-10-02T18:40:32 smoke rebar placing CU batch 1/1 n=1
2026-10-02T18:40:32 CloseActiveDrawing (before smoke rebar placing CU batch 1)
2026-10-02T18:40:33 Select n=1 ok=True
2026-10-02T18:40:33 CommitChanges after select
2026-10-02T18:40:33 RunMacro SP_M.CU_PG2_11X17.cs (smoke rebar placing CU batch 1, n=1, marks=W10-175, drawingsBefore=100)
2026-10-02T18:40:33 trying SP_M.CU_PG2_11X17.cs
2026-10-02T18:40:41 RunMacro bool=True path=SP_M.CU_PG2_11X17.cs
2026-10-02T18:40:41 started SP_M.CU_PG2_11X17.cs
2026-10-02T18:40:41 wait SP_M.CU_PG2_11X17.cs t=0s IsMacroRunning=False drawings=101 (need > 100)
2026-10-02T18:40:42 CloseActiveDrawing (new sheet from SP_M.CU_PG2_11X17.cs)
2026-10-02T18:40:42 drawing-count delta 100 → 101 after 0s
2026-10-02T18:40:42 CloseActiveDrawing (after SP_M.CU_PG2_11X17.cs)
2026-10-02T18:40:42 drawings 100 → 101 after SP_M.CU_PG2_11X17.cs fallbackInsert=no
2026-10-02T18:40:42 CloseActiveDrawing (between batches)
2026-10-02T18:40:42 smoke rebar table CU batch 1/1 n=1
2026-10-02T18:40:42 CloseActiveDrawing (before smoke rebar table CU batch 1)
2026-10-02T18:40:42 Select n=1 ok=True
2026-10-02T18:40:43 CommitChanges after select
2026-10-02T18:40:43 RunMacro SP_M.CU_PG3_11X17.cs (smoke rebar table CU batch 1, n=1, marks=W10-175, drawingsBefore=101)
2026-10-02T18:40:43 trying SP_M.CU_PG3_11X17.cs
2026-10-02T18:40:45 RunMacro bool=True path=SP_M.CU_PG3_11X17.cs
2026-10-02T18:40:45 started SP_M.CU_PG3_11X17.cs
2026-10-02T18:40:45 wait SP_M.CU_PG3_11X17.cs t=0s IsMacroRunning=False drawings=102 (need > 101)
2026-10-02T18:40:46 CloseActiveDrawing (new sheet from SP_M.CU_PG3_11X17.cs)
2026-10-02T18:40:46 drawing-count delta 101 → 102 after 0s
2026-10-02T18:40:46 CloseActiveDrawing (after SP_M.CU_PG3_11X17.cs)
2026-10-02T18:40:46 drawings 101 → 102 after SP_M.CU_PG3_11X17.cs fallbackInsert=no
2026-10-02T18:40:46 CloseActiveDrawing (between batches)
2026-10-02T18:40:46 smoke: skipped beams and floor GA
2026-10-02T18:40:46 session drawings 99 → 102 after smoke macros
2026-10-02T18:57:13 CloseActiveDrawing (RunMacros start)
2026-10-02T18:57:13 bundled macros src=C:\Users\ASUS\Desktop\2d_tekla\bin\Release\net48\LocalMacros dest=D:\design_\Paisley\Paisley_Exam\Paisley_Exam\macros\modeling
2026-10-02T18:57:13 synced AutoCompressAndEdit11x17.cs → D:\design_\Paisley\Paisley_Exam\Paisley_Exam\macros\modeling
2026-10-02T18:57:13 synced SP_M.ASSEMBLY_standard.cs → D:\design_\Paisley\Paisley_Exam\Paisley_Exam\macros\modeling
2026-10-02T18:57:13 synced SP_M.BM_SET_11x17.cs → D:\design_\Paisley\Paisley_Exam\Paisley_Exam\macros\modeling
2026-10-02T18:57:13 synced SP_M.CU_PG1_11X17.cs → D:\design_\Paisley\Paisley_Exam\Paisley_Exam\macros\modeling
2026-10-02T18:57:13 synced SP_M.CU_PG2_11X17.cs → D:\design_\Paisley\Paisley_Exam\Paisley_Exam\macros\modeling
2026-10-02T18:57:13 synced SP_M.CU_PG3_11X17.cs → D:\design_\Paisley\Paisley_Exam\Paisley_Exam\macros\modeling
2026-10-02T18:57:13 synced SP_M.GA_EXP_GA_STD.cs → D:\design_\Paisley\Paisley_Exam\Paisley_Exam\macros\modeling
2026-10-02T18:57:13 synced SP_M.SINGLE_standard.cs → D:\design_\Paisley\Paisley_Exam\Paisley_Exam\macros\modeling
2026-10-02T18:57:13 synced bundled macros → firm: D:\design_\METRIC_FIRM2021\macros\modeling
2026-10-02T18:57:13 === session mode=smoke mark=W10-175 ===
2026-10-02T18:57:13 model=Paisley_Exam.db1 path=D:\design_\Paisley\Paisley_Exam\Paisley_Exam
2026-10-02T18:57:13 macros.log=C:\Users\ASUS\Desktop\2d_tekla\Export\CivilDrawings\new with macros\macros.log
2026-10-02T18:57:13 if AKIT dies inside Tekla, check C:\Users\ASUS\AppData\Local\Trimble\TeklaStructures\2026.0\logs and the Tekla session log
2026-10-02T18:57:13 session drawings before macros=99
2026-10-02T18:57:35 WALL=1 COLUMN=0 BEAM=0 mark=W10-175 (precast only; hollowcore/insulation/formliner skipped)
2026-10-02T18:57:35 smoke hardware CU batch 1/1 n=1
2026-10-02T18:57:35 CloseActiveDrawing (before smoke hardware CU batch 1)
2026-10-02T18:57:36 Select n=1 ok=True
2026-10-02T18:57:36 CommitChanges after select
2026-10-02T18:57:36 RunMacro SP_M.CU_PG1_11X17.cs (smoke hardware CU batch 1, n=1, marks=W10-175, drawingsBefore=99)
2026-10-02T18:57:36 trying SP_M.CU_PG1_11X17.cs
2026-10-02T18:57:44 RunMacro bool=True path=SP_M.CU_PG1_11X17.cs
2026-10-02T18:57:44 started SP_M.CU_PG1_11X17.cs
2026-10-02T18:57:44 wait SP_M.CU_PG1_11X17.cs t=0s IsMacroRunning=False drawings=100 (need > 99)
2026-10-02T18:57:45 CloseActiveDrawing (new sheet from SP_M.CU_PG1_11X17.cs)
2026-10-02T18:57:45 drawing-count delta 99 → 100 after 0s
2026-10-02T18:57:45 CloseActiveDrawing (after SP_M.CU_PG1_11X17.cs)
2026-10-02T18:57:45 drawings 99 → 100 after SP_M.CU_PG1_11X17.cs fallbackInsert=no
2026-10-02T18:57:45 CloseActiveDrawing (between batches)
2026-10-02T18:57:45 smoke rebar placing CU batch 1/1 n=1
2026-10-02T18:57:45 CloseActiveDrawing (before smoke rebar placing CU batch 1)
2026-10-02T18:57:45 Select n=1 ok=True
2026-10-02T18:57:45 CommitChanges after select
2026-10-02T18:57:46 RunMacro SP_M.CU_PG2_11X17.cs (smoke rebar placing CU batch 1, n=1, marks=W10-175, drawingsBefore=100)
2026-10-02T18:57:46 trying SP_M.CU_PG2_11X17.cs
2026-10-02T18:57:54 RunMacro bool=True path=SP_M.CU_PG2_11X17.cs
2026-10-02T18:57:54 started SP_M.CU_PG2_11X17.cs
2026-10-02T18:57:54 wait SP_M.CU_PG2_11X17.cs t=0s IsMacroRunning=False drawings=101 (need > 100)
2026-10-02T18:57:56 CloseActiveDrawing (new sheet from SP_M.CU_PG2_11X17.cs)
2026-10-02T18:57:56 drawing-count delta 100 → 101 after 0s
2026-10-02T18:57:56 CloseActiveDrawing (after SP_M.CU_PG2_11X17.cs)
2026-10-02T18:57:56 drawings 100 → 101 after SP_M.CU_PG2_11X17.cs fallbackInsert=no
2026-10-02T18:57:56 CloseActiveDrawing (between batches)
2026-10-02T18:57:56 smoke rebar table CU batch 1/1 n=1
2026-10-02T18:57:56 CloseActiveDrawing (before smoke rebar table CU batch 1)
2026-10-02T18:57:56 Select n=1 ok=True
2026-10-02T18:57:56 CommitChanges after select
2026-10-02T18:57:56 RunMacro SP_M.CU_PG3_11X17.cs (smoke rebar table CU batch 1, n=1, marks=W10-175, drawingsBefore=101)
2026-10-02T18:57:56 trying SP_M.CU_PG3_11X17.cs
2026-10-02T18:57:58 RunMacro bool=True path=SP_M.CU_PG3_11X17.cs
2026-10-02T18:57:58 started SP_M.CU_PG3_11X17.cs
2026-10-02T18:57:58 wait SP_M.CU_PG3_11X17.cs t=0s IsMacroRunning=False drawings=102 (need > 101)
2026-10-02T18:57:59 CloseActiveDrawing (new sheet from SP_M.CU_PG3_11X17.cs)
2026-10-02T18:57:59 drawing-count delta 101 → 102 after 0s
2026-10-02T18:57:59 CloseActiveDrawing (after SP_M.CU_PG3_11X17.cs)
2026-10-02T18:57:59 drawings 101 → 102 after SP_M.CU_PG3_11X17.cs fallbackInsert=no
2026-10-02T18:57:59 CloseActiveDrawing (between batches)
2026-10-02T18:57:59 smoke: skipped beams and floor GA
2026-10-02T18:57:59 session drawings 99 → 102 after smoke macros
2026-10-02T19:08:36 CloseActiveDrawing (RunMacros start)
2026-10-02T19:08:36 bundled macros src=C:\Users\ASUS\Desktop\2d_tekla\bin\Release\net48\LocalMacros dest=D:\design_\Paisley\Paisley_Exam\Paisley_Exam\macros\modeling
2026-10-02T19:08:36 synced AutoCompressAndEdit11x17.cs → D:\design_\Paisley\Paisley_Exam\Paisley_Exam\macros\modeling
2026-10-02T19:08:36 synced SP_M.ASSEMBLY_standard.cs → D:\design_\Paisley\Paisley_Exam\Paisley_Exam\macros\modeling
2026-10-02T19:08:36 synced SP_M.BM_SET_11x17.cs → D:\design_\Paisley\Paisley_Exam\Paisley_Exam\macros\modeling
2026-10-02T19:08:36 synced SP_M.CU_PG1_11X17.cs → D:\design_\Paisley\Paisley_Exam\Paisley_Exam\macros\modeling
2026-10-02T19:08:36 synced SP_M.CU_PG2_11X17.cs → D:\design_\Paisley\Paisley_Exam\Paisley_Exam\macros\modeling
2026-10-02T19:08:36 synced SP_M.CU_PG3_11X17.cs → D:\design_\Paisley\Paisley_Exam\Paisley_Exam\macros\modeling
2026-10-02T19:08:36 synced SP_M.GA_EXP_GA_STD.cs → D:\design_\Paisley\Paisley_Exam\Paisley_Exam\macros\modeling
2026-10-02T19:08:36 synced SP_M.SINGLE_standard.cs → D:\design_\Paisley\Paisley_Exam\Paisley_Exam\macros\modeling
2026-10-02T19:08:36 synced bundled macros → firm: D:\design_\METRIC_FIRM2021\macros\modeling
2026-10-02T19:08:36 === session mode=smoke mark=W10-175 ===
2026-10-02T19:08:36 model=Paisley_Exam.db1 path=D:\design_\Paisley\Paisley_Exam\Paisley_Exam
2026-10-02T19:08:36 macros.log=C:\Users\ASUS\Desktop\2d_tekla\Export\CivilDrawings\new with macros\macros.log
2026-10-02T19:08:36 if AKIT dies inside Tekla, check C:\Users\ASUS\AppData\Local\Trimble\TeklaStructures\2026.0\logs and the Tekla session log
2026-10-02T19:08:36 session drawings before macros=99
2026-10-02T19:09:08 WALL=1 COLUMN=0 BEAM=0 mark=W10-175 (precast only; hollowcore/insulation/formliner skipped)
2026-10-02T19:09:09 smoke hardware CU batch 1/1 n=1
2026-10-02T19:09:09 CloseActiveDrawing (before smoke hardware CU batch 1)
2026-10-02T19:09:09 Select n=1 ok=True
2026-10-02T19:09:09 CommitChanges after select
2026-10-02T19:09:09 RunMacro SP_M.CU_PG1_11X17.cs (smoke hardware CU batch 1, n=1, marks=W10-175, drawingsBefore=99)
2026-10-02T19:09:09 trying SP_M.CU_PG1_11X17.cs
2026-10-02T19:09:22 RunMacro bool=True path=SP_M.CU_PG1_11X17.cs
2026-10-02T19:09:22 started SP_M.CU_PG1_11X17.cs
2026-10-02T19:09:22 wait SP_M.CU_PG1_11X17.cs t=0s IsMacroRunning=False drawings=100 (need > 99)
2026-10-02T19:09:23 CloseActiveDrawing (new sheet from SP_M.CU_PG1_11X17.cs)
2026-10-02T19:09:23 drawing-count delta 99 → 100 after 0s
2026-10-02T19:09:23 CloseActiveDrawing (after SP_M.CU_PG1_11X17.cs)
2026-10-02T19:09:23 drawings 99 → 100 after SP_M.CU_PG1_11X17.cs fallbackInsert=no
2026-10-02T19:09:23 CloseActiveDrawing (between batches)
2026-10-02T19:09:23 smoke rebar placing CU batch 1/1 n=1
2026-10-02T19:09:23 CloseActiveDrawing (before smoke rebar placing CU batch 1)
2026-10-02T19:09:24 Select n=1 ok=True
2026-10-02T19:09:24 CommitChanges after select
2026-10-02T19:09:24 RunMacro SP_M.CU_PG2_11X17.cs (smoke rebar placing CU batch 1, n=1, marks=W10-175, drawingsBefore=100)
2026-10-02T19:09:24 trying SP_M.CU_PG2_11X17.cs
2026-10-02T19:09:32 RunMacro bool=True path=SP_M.CU_PG2_11X17.cs
2026-10-02T19:09:32 started SP_M.CU_PG2_11X17.cs
2026-10-02T19:09:32 wait SP_M.CU_PG2_11X17.cs t=0s IsMacroRunning=False drawings=101 (need > 100)
2026-10-02T19:09:34 CloseActiveDrawing (new sheet from SP_M.CU_PG2_11X17.cs)
2026-10-02T19:09:34 drawing-count delta 100 → 101 after 0s
2026-10-02T19:09:34 CloseActiveDrawing (after SP_M.CU_PG2_11X17.cs)
2026-10-02T19:09:34 drawings 100 → 101 after SP_M.CU_PG2_11X17.cs fallbackInsert=no
2026-10-02T19:09:34 CloseActiveDrawing (between batches)
2026-10-02T19:09:34 smoke rebar table CU batch 1/1 n=1
2026-10-02T19:09:34 CloseActiveDrawing (before smoke rebar table CU batch 1)
2026-10-02T19:09:34 Select n=1 ok=True
2026-10-02T19:09:34 CommitChanges after select
2026-10-02T19:09:34 RunMacro SP_M.CU_PG3_11X17.cs (smoke rebar table CU batch 1, n=1, marks=W10-175, drawingsBefore=101)
2026-10-02T19:09:34 trying SP_M.CU_PG3_11X17.cs
2026-10-02T19:09:36 RunMacro bool=True path=SP_M.CU_PG3_11X17.cs
2026-10-02T19:09:36 started SP_M.CU_PG3_11X17.cs
2026-10-02T19:09:36 wait SP_M.CU_PG3_11X17.cs t=0s IsMacroRunning=False drawings=102 (need > 101)
2026-10-02T19:09:37 CloseActiveDrawing (new sheet from SP_M.CU_PG3_11X17.cs)
2026-10-02T19:09:37 drawing-count delta 101 → 102 after 0s
2026-10-02T19:09:37 CloseActiveDrawing (after SP_M.CU_PG3_11X17.cs)
2026-10-02T19:09:37 drawings 101 → 102 after SP_M.CU_PG3_11X17.cs fallbackInsert=no
2026-10-02T19:09:37 CloseActiveDrawing (between batches)
2026-10-02T19:09:37 smoke: skipped beams and floor GA
2026-10-02T19:09:37 session drawings 99 → 102 after smoke macros
2026-10-02T19:18:38 CloseActiveDrawing (RunMacros start)
2026-10-02T19:18:38 bundled macros src=C:\Users\ASUS\Desktop\2d_tekla\bin\Release\net48\LocalMacros dest=D:\design_\Paisley\Paisley_Exam\Paisley_Exam\macros\modeling
2026-10-02T19:18:38 synced AutoCompressAndEdit11x17.cs → D:\design_\Paisley\Paisley_Exam\Paisley_Exam\macros\modeling
2026-10-02T19:18:38 synced SP_M.ASSEMBLY_standard.cs → D:\design_\Paisley\Paisley_Exam\Paisley_Exam\macros\modeling
2026-10-02T19:18:38 synced SP_M.BM_SET_11x17.cs → D:\design_\Paisley\Paisley_Exam\Paisley_Exam\macros\modeling
2026-10-02T19:18:38 synced SP_M.CU_PG1_11X17.cs → D:\design_\Paisley\Paisley_Exam\Paisley_Exam\macros\modeling
2026-10-02T19:18:38 synced SP_M.CU_PG2_11X17.cs → D:\design_\Paisley\Paisley_Exam\Paisley_Exam\macros\modeling
2026-10-02T19:18:38 synced SP_M.CU_PG3_11X17.cs → D:\design_\Paisley\Paisley_Exam\Paisley_Exam\macros\modeling
2026-10-02T19:18:38 synced SP_M.GA_EXP_GA_STD.cs → D:\design_\Paisley\Paisley_Exam\Paisley_Exam\macros\modeling
2026-10-02T19:18:38 synced SP_M.SINGLE_standard.cs → D:\design_\Paisley\Paisley_Exam\Paisley_Exam\macros\modeling
2026-10-02T19:18:38 synced bundled macros → firm: D:\design_\METRIC_FIRM2021\macros\modeling
2026-10-02T19:18:38 === session mode=smoke mark=W10-175 ===
2026-10-02T19:18:38 model=Paisley_Exam.db1 path=D:\design_\Paisley\Paisley_Exam\Paisley_Exam
2026-10-02T19:18:38 macros.log=C:\Users\ASUS\Desktop\2d_tekla\Export\CivilDrawings\new with macros\macros.log
2026-10-02T19:18:38 if AKIT dies inside Tekla, check C:\Users\ASUS\AppData\Local\Trimble\TeklaStructures\2026.0\logs and the Tekla session log
2026-10-02T19:18:38 session drawings before macros=99
2026-10-02T19:19:13 WALL=1 COLUMN=0 BEAM=0 mark=W10-175 (precast only; hollowcore/insulation/formliner skipped)
2026-10-02T19:19:13 smoke hardware CU batch 1/1 n=1
2026-10-02T19:19:13 CloseActiveDrawing (before smoke hardware CU batch 1)
2026-10-02T19:19:13 Select n=1 ok=True
2026-10-02T19:19:13 CommitChanges after select
2026-10-02T19:19:14 RunMacro SP_M.CU_PG1_11X17.cs (smoke hardware CU batch 1, n=1, marks=W10-175, drawingsBefore=99)
2026-10-02T19:19:14 trying SP_M.CU_PG1_11X17.cs
2026-10-02T19:19:25 RunMacro bool=True path=SP_M.CU_PG1_11X17.cs
2026-10-02T19:19:25 started SP_M.CU_PG1_11X17.cs
2026-10-02T19:19:25 wait SP_M.CU_PG1_11X17.cs t=0s IsMacroRunning=False drawings=100 (need > 99)
2026-10-02T19:19:27 CloseActiveDrawing (new sheet from SP_M.CU_PG1_11X17.cs)
2026-10-02T19:19:27 drawing-count delta 99 → 100 after 0s
2026-10-02T19:19:27 CloseActiveDrawing (after SP_M.CU_PG1_11X17.cs)
2026-10-02T19:19:27 drawings 99 → 100 after SP_M.CU_PG1_11X17.cs fallbackInsert=no
2026-10-02T19:19:27 CloseActiveDrawing (between batches)
2026-10-02T19:19:27 smoke rebar placing CU batch 1/1 n=1
2026-10-02T19:19:27 CloseActiveDrawing (before smoke rebar placing CU batch 1)
2026-10-02T19:19:27 Select n=1 ok=True
2026-10-02T19:19:27 CommitChanges after select
2026-10-02T19:19:28 RunMacro SP_M.CU_PG2_11X17.cs (smoke rebar placing CU batch 1, n=1, marks=W10-175, drawingsBefore=100)
2026-10-02T19:19:28 trying SP_M.CU_PG2_11X17.cs
2026-10-02T19:19:36 RunMacro bool=True path=SP_M.CU_PG2_11X17.cs
2026-10-02T19:19:36 started SP_M.CU_PG2_11X17.cs
2026-10-02T19:19:36 wait SP_M.CU_PG2_11X17.cs t=0s IsMacroRunning=False drawings=101 (need > 100)
2026-10-02T19:19:38 CloseActiveDrawing (new sheet from SP_M.CU_PG2_11X17.cs)
2026-10-02T19:19:38 drawing-count delta 100 → 101 after 0s
2026-10-02T19:19:38 CloseActiveDrawing (after SP_M.CU_PG2_11X17.cs)
2026-10-02T19:19:38 drawings 100 → 101 after SP_M.CU_PG2_11X17.cs fallbackInsert=no
2026-10-02T19:19:38 CloseActiveDrawing (between batches)
2026-10-02T19:19:38 smoke rebar table CU batch 1/1 n=1
2026-10-02T19:19:38 CloseActiveDrawing (before smoke rebar table CU batch 1)
2026-10-02T19:19:38 Select n=1 ok=True
2026-10-02T19:19:38 CommitChanges after select
2026-10-02T19:19:38 RunMacro SP_M.CU_PG3_11X17.cs (smoke rebar table CU batch 1, n=1, marks=W10-175, drawingsBefore=101)
2026-10-02T19:19:38 trying SP_M.CU_PG3_11X17.cs
2026-10-02T19:19:40 RunMacro bool=True path=SP_M.CU_PG3_11X17.cs
2026-10-02T19:19:40 started SP_M.CU_PG3_11X17.cs
2026-10-02T19:19:40 wait SP_M.CU_PG3_11X17.cs t=0s IsMacroRunning=False drawings=102 (need > 101)
2026-10-02T19:19:41 CloseActiveDrawing (new sheet from SP_M.CU_PG3_11X17.cs)
2026-10-02T19:19:41 drawing-count delta 101 → 102 after 0s
2026-10-02T19:19:41 CloseActiveDrawing (after SP_M.CU_PG3_11X17.cs)
2026-10-02T19:19:41 drawings 101 → 102 after SP_M.CU_PG3_11X17.cs fallbackInsert=no
2026-10-02T19:19:41 CloseActiveDrawing (between batches)
2026-10-02T19:19:41 smoke: skipped beams and floor GA
2026-10-02T19:19:41 session drawings 99 → 102 after smoke macros
2026-10-02T19:26:25 CloseActiveDrawing (RunMacros start)
2026-10-02T19:26:25 bundled macros src=C:\Users\ASUS\Desktop\2d_tekla\bin\Release\net48\LocalMacros dest=D:\design_\Paisley\Paisley_Exam\Paisley_Exam\macros\modeling
2026-10-02T19:26:25 synced AutoCompressAndEdit11x17.cs → D:\design_\Paisley\Paisley_Exam\Paisley_Exam\macros\modeling
2026-10-02T19:26:25 synced SP_M.ASSEMBLY_standard.cs → D:\design_\Paisley\Paisley_Exam\Paisley_Exam\macros\modeling
2026-10-02T19:26:25 synced SP_M.BM_SET_11x17.cs → D:\design_\Paisley\Paisley_Exam\Paisley_Exam\macros\modeling
2026-10-02T19:26:25 synced SP_M.CU_PG1_11X17.cs → D:\design_\Paisley\Paisley_Exam\Paisley_Exam\macros\modeling
2026-10-02T19:26:25 synced SP_M.CU_PG2_11X17.cs → D:\design_\Paisley\Paisley_Exam\Paisley_Exam\macros\modeling
2026-10-02T19:26:25 synced SP_M.CU_PG3_11X17.cs → D:\design_\Paisley\Paisley_Exam\Paisley_Exam\macros\modeling
2026-10-02T19:26:25 synced SP_M.GA_EXP_GA_STD.cs → D:\design_\Paisley\Paisley_Exam\Paisley_Exam\macros\modeling
2026-10-02T19:26:25 synced SP_M.SINGLE_standard.cs → D:\design_\Paisley\Paisley_Exam\Paisley_Exam\macros\modeling
2026-10-02T19:26:25 synced bundled macros → firm: D:\design_\METRIC_FIRM2021\macros\modeling
2026-10-02T19:26:25 === session mode=smoke mark=W10-175 ===
2026-10-02T19:26:25 model=Paisley_Exam.db1 path=D:\design_\Paisley\Paisley_Exam\Paisley_Exam
2026-10-02T19:26:25 macros.log=C:\Users\ASUS\Desktop\2d_tekla\Export\CivilDrawings\new with macros\macros.log
2026-10-02T19:26:25 if AKIT dies inside Tekla, check C:\Users\ASUS\AppData\Local\Trimble\TeklaStructures\2026.0\logs and the Tekla session log
2026-10-02T19:26:25 session drawings before macros=99
2026-10-02T19:26:34 WALL=1 COLUMN=0 BEAM=0 mark=W10-175 (precast only; hollowcore/insulation/formliner skipped)
2026-10-02T19:26:34 smoke hardware CU batch 1/1 n=1
2026-10-02T19:26:34 CloseActiveDrawing (before smoke hardware CU batch 1)
2026-10-02T19:26:34 Select n=1 ok=True
2026-10-02T19:26:34 CommitChanges after select
2026-10-02T19:26:34 RunMacro SP_M.CU_PG1_11X17.cs (smoke hardware CU batch 1, n=1, marks=W10-175, drawingsBefore=99)
2026-10-02T19:26:34 trying SP_M.CU_PG1_11X17.cs
2026-10-02T19:26:39 RunMacro bool=True path=SP_M.CU_PG1_11X17.cs
2026-10-02T19:26:39 started SP_M.CU_PG1_11X17.cs
2026-10-02T19:26:39 wait SP_M.CU_PG1_11X17.cs t=0s IsMacroRunning=False drawings=100 (need > 99)
2026-10-02T19:26:40 CloseActiveDrawing (new sheet from SP_M.CU_PG1_11X17.cs)
2026-10-02T19:26:40 drawing-count delta 99 → 100 after 0s
2026-10-02T19:26:40 CloseActiveDrawing (after SP_M.CU_PG1_11X17.cs)
2026-10-02T19:26:40 drawings 99 → 100 after SP_M.CU_PG1_11X17.cs fallbackInsert=no
2026-10-02T19:26:40 CloseActiveDrawing (between batches)
2026-10-02T19:26:41 smoke rebar placing CU batch 1/1 n=1
2026-10-02T19:26:41 CloseActiveDrawing (before smoke rebar placing CU batch 1)
2026-10-02T19:26:41 Select n=1 ok=True
2026-10-02T19:26:41 CommitChanges after select
2026-10-02T19:26:41 RunMacro SP_M.CU_PG2_11X17.cs (smoke rebar placing CU batch 1, n=1, marks=W10-175, drawingsBefore=100)
2026-10-02T19:26:41 trying SP_M.CU_PG2_11X17.cs
2026-10-02T19:26:49 RunMacro bool=True path=SP_M.CU_PG2_11X17.cs
2026-10-02T19:26:49 started SP_M.CU_PG2_11X17.cs
2026-10-02T19:26:49 wait SP_M.CU_PG2_11X17.cs t=0s IsMacroRunning=False drawings=101 (need > 100)
2026-10-02T19:26:51 CloseActiveDrawing (new sheet from SP_M.CU_PG2_11X17.cs)
2026-10-02T19:26:51 drawing-count delta 100 → 101 after 0s
2026-10-02T19:26:51 CloseActiveDrawing (after SP_M.CU_PG2_11X17.cs)
2026-10-02T19:26:51 drawings 100 → 101 after SP_M.CU_PG2_11X17.cs fallbackInsert=no
2026-10-02T19:26:51 CloseActiveDrawing (between batches)
2026-10-02T19:26:51 smoke rebar table CU batch 1/1 n=1
2026-10-02T19:26:51 CloseActiveDrawing (before smoke rebar table CU batch 1)
2026-10-02T19:26:51 Select n=1 ok=True
2026-10-02T19:26:51 CommitChanges after select
2026-10-02T19:26:51 RunMacro SP_M.CU_PG3_11X17.cs (smoke rebar table CU batch 1, n=1, marks=W10-175, drawingsBefore=101)
2026-10-02T19:26:51 trying SP_M.CU_PG3_11X17.cs
2026-10-02T19:26:53 RunMacro bool=True path=SP_M.CU_PG3_11X17.cs
2026-10-02T19:26:53 started SP_M.CU_PG3_11X17.cs
2026-10-02T19:26:53 wait SP_M.CU_PG3_11X17.cs t=0s IsMacroRunning=False drawings=102 (need > 101)
2026-10-02T19:26:55 CloseActiveDrawing (new sheet from SP_M.CU_PG3_11X17.cs)
2026-10-02T19:26:55 drawing-count delta 101 → 102 after 0s
2026-10-02T19:26:55 CloseActiveDrawing (after SP_M.CU_PG3_11X17.cs)
2026-10-02T19:26:55 drawings 101 → 102 after SP_M.CU_PG3_11X17.cs fallbackInsert=no
2026-10-02T19:26:55 CloseActiveDrawing (between batches)
2026-10-02T19:26:55 smoke: skipped beams and floor GA
2026-10-02T19:26:55 session drawings 99 → 102 after smoke macros
2026-10-02T19:31:09 CloseActiveDrawing (RunMacros start)
2026-10-02T19:31:09 bundled macros src=C:\Users\ASUS\Desktop\2d_tekla\bin\Release\net48\LocalMacros dest=D:\design_\Paisley\Paisley_Exam\Paisley_Exam\macros\modeling
2026-10-02T19:31:09 synced AutoCompressAndEdit11x17.cs → D:\design_\Paisley\Paisley_Exam\Paisley_Exam\macros\modeling
2026-10-02T19:31:09 synced SP_M.ASSEMBLY_standard.cs → D:\design_\Paisley\Paisley_Exam\Paisley_Exam\macros\modeling
2026-10-02T19:31:09 synced SP_M.BM_SET_11x17.cs → D:\design_\Paisley\Paisley_Exam\Paisley_Exam\macros\modeling
2026-10-02T19:31:09 synced SP_M.CU_PG1_11X17.cs → D:\design_\Paisley\Paisley_Exam\Paisley_Exam\macros\modeling
2026-10-02T19:31:09 synced SP_M.CU_PG2_11X17.cs → D:\design_\Paisley\Paisley_Exam\Paisley_Exam\macros\modeling
2026-10-02T19:31:09 synced SP_M.CU_PG3_11X17.cs → D:\design_\Paisley\Paisley_Exam\Paisley_Exam\macros\modeling
2026-10-02T19:31:09 synced SP_M.GA_EXP_GA_STD.cs → D:\design_\Paisley\Paisley_Exam\Paisley_Exam\macros\modeling
2026-10-02T19:31:09 synced SP_M.SINGLE_standard.cs → D:\design_\Paisley\Paisley_Exam\Paisley_Exam\macros\modeling
2026-10-02T19:31:09 synced bundled macros → firm: D:\design_\METRIC_FIRM2021\macros\modeling
2026-10-02T19:31:09 === session mode=smoke mark=W10-175 ===
2026-10-02T19:31:09 model=Paisley_Exam.db1 path=D:\design_\Paisley\Paisley_Exam\Paisley_Exam
2026-10-02T19:31:09 macros.log=C:\Users\ASUS\Desktop\2d_tekla\Export\CivilDrawings\new with macros\macros.log
2026-10-02T19:31:09 if AKIT dies inside Tekla, check C:\Users\ASUS\AppData\Local\Trimble\TeklaStructures\2026.0\logs and the Tekla session log
2026-10-02T19:31:09 session drawings before macros=99
2026-10-02T19:31:25 WALL=1 COLUMN=0 BEAM=0 mark=W10-175 (precast only; hollowcore/insulation/formliner skipped)
2026-10-02T19:31:25 smoke hardware CU batch 1/1 n=1
2026-10-02T19:31:25 CloseActiveDrawing (before smoke hardware CU batch 1)
2026-10-02T19:31:25 Select n=1 ok=True
2026-10-02T19:31:26 CommitChanges after select
2026-10-02T19:31:26 RunMacro SP_M.CU_PG1_11X17.cs (smoke hardware CU batch 1, n=1, marks=W10-175, drawingsBefore=99)
2026-10-02T19:31:26 trying SP_M.CU_PG1_11X17.cs
2026-10-02T19:31:38 RunMacro bool=True path=SP_M.CU_PG1_11X17.cs
2026-10-02T19:31:38 started SP_M.CU_PG1_11X17.cs
2026-10-02T19:31:39 wait SP_M.CU_PG1_11X17.cs t=0s IsMacroRunning=False drawings=100 (need > 99)
2026-10-02T19:31:40 CloseActiveDrawing (new sheet from SP_M.CU_PG1_11X17.cs)
2026-10-02T19:31:40 drawing-count delta 99 → 100 after 0s
2026-10-02T19:31:40 CloseActiveDrawing (after SP_M.CU_PG1_11X17.cs)
2026-10-02T19:31:40 drawings 99 → 100 after SP_M.CU_PG1_11X17.cs fallbackInsert=no
2026-10-02T19:31:40 CloseActiveDrawing (between batches)
2026-10-02T19:31:40 smoke rebar placing CU batch 1/1 n=1
2026-10-02T19:31:40 CloseActiveDrawing (before smoke rebar placing CU batch 1)
2026-10-02T19:31:40 Select n=1 ok=True
2026-10-02T19:31:40 CommitChanges after select
2026-10-02T19:31:41 RunMacro SP_M.CU_PG2_11X17.cs (smoke rebar placing CU batch 1, n=1, marks=W10-175, drawingsBefore=100)
2026-10-02T19:31:41 trying SP_M.CU_PG2_11X17.cs
2026-10-02T19:32:05 RunMacro bool=True path=SP_M.CU_PG2_11X17.cs
2026-10-02T19:32:05 started SP_M.CU_PG2_11X17.cs
2026-10-02T19:32:05 wait SP_M.CU_PG2_11X17.cs t=0s IsMacroRunning=False drawings=101 (need > 100)
2026-10-02T19:32:06 CloseActiveDrawing (new sheet from SP_M.CU_PG2_11X17.cs)
2026-10-02T19:32:06 drawing-count delta 100 → 101 after 0s
2026-10-02T19:32:06 CloseActiveDrawing (after SP_M.CU_PG2_11X17.cs)
2026-10-02T19:32:06 drawings 100 → 101 after SP_M.CU_PG2_11X17.cs fallbackInsert=no
2026-10-02T19:32:06 CloseActiveDrawing (between batches)
2026-10-02T19:32:07 smoke rebar table CU batch 1/1 n=1
2026-10-02T19:32:07 CloseActiveDrawing (before smoke rebar table CU batch 1)
2026-10-02T19:32:07 Select n=1 ok=True
2026-10-02T19:32:07 CommitChanges after select
2026-10-02T19:32:07 RunMacro SP_M.CU_PG3_11X17.cs (smoke rebar table CU batch 1, n=1, marks=W10-175, drawingsBefore=101)
2026-10-02T19:32:07 trying SP_M.CU_PG3_11X17.cs
2026-10-02T19:32:12 RunMacro bool=True path=SP_M.CU_PG3_11X17.cs
2026-10-02T19:32:12 started SP_M.CU_PG3_11X17.cs
2026-10-02T19:32:12 wait SP_M.CU_PG3_11X17.cs t=0s IsMacroRunning=False drawings=102 (need > 101)
2026-10-02T19:32:13 CloseActiveDrawing (new sheet from SP_M.CU_PG3_11X17.cs)
2026-10-02T19:32:13 drawing-count delta 101 → 102 after 0s
2026-10-02T19:32:13 CloseActiveDrawing (after SP_M.CU_PG3_11X17.cs)
2026-10-02T19:32:13 drawings 101 → 102 after SP_M.CU_PG3_11X17.cs fallbackInsert=no
2026-10-02T19:32:13 CloseActiveDrawing (between batches)
2026-10-02T19:32:13 smoke: skipped beams and floor GA
2026-10-02T19:32:13 session drawings 99 → 102 after smoke macros
2026-10-02T19:51:38 CloseActiveDrawing (RunMacros start)
2026-10-02T19:51:38 bundled macros src=C:\Users\ASUS\Desktop\2d_tekla\bin\Release\net48\LocalMacros dest=D:\design_\Paisley\Paisley_Exam\Paisley_Exam\macros\modeling
2026-10-02T19:51:38 synced AutoCompressAndEdit11x17.cs → D:\design_\Paisley\Paisley_Exam\Paisley_Exam\macros\modeling
2026-10-02T19:51:38 synced SP_M.ASSEMBLY_standard.cs → D:\design_\Paisley\Paisley_Exam\Paisley_Exam\macros\modeling
2026-10-02T19:51:38 synced SP_M.BM_SET_11x17.cs → D:\design_\Paisley\Paisley_Exam\Paisley_Exam\macros\modeling
2026-10-02T19:51:38 synced SP_M.CU_PG1_11X17.cs → D:\design_\Paisley\Paisley_Exam\Paisley_Exam\macros\modeling
2026-10-02T19:51:38 synced SP_M.CU_PG2_11X17.cs → D:\design_\Paisley\Paisley_Exam\Paisley_Exam\macros\modeling
2026-10-02T19:51:38 synced SP_M.CU_PG3_11X17.cs → D:\design_\Paisley\Paisley_Exam\Paisley_Exam\macros\modeling
2026-10-02T19:51:38 synced SP_M.GA_EXP_GA_STD.cs → D:\design_\Paisley\Paisley_Exam\Paisley_Exam\macros\modeling
2026-10-02T19:51:38 synced SP_M.SINGLE_standard.cs → D:\design_\Paisley\Paisley_Exam\Paisley_Exam\macros\modeling
2026-10-02T19:51:38 synced bundled macros → firm: D:\design_\METRIC_FIRM2021\macros\modeling
2026-10-02T19:51:38 === session mode=smoke mark=W10-175 ===
2026-10-02T19:51:38 model=Paisley_Exam.db1 path=D:\design_\Paisley\Paisley_Exam\Paisley_Exam
2026-10-02T19:51:38 macros.log=C:\Users\ASUS\Desktop\2d_tekla\Export\CivilDrawings\new with macros\macros.log
2026-10-02T19:51:38 if AKIT dies inside Tekla, check C:\Users\ASUS\AppData\Local\Trimble\TeklaStructures\2026.0\logs and the Tekla session log
2026-10-02T19:51:38 session drawings before macros=99
2026-10-02T19:51:49 WALL=1 COLUMN=0 BEAM=0 mark=W10-175 (precast only; hollowcore/insulation/formliner skipped)
2026-10-02T19:51:49 smoke hardware CU batch 1/1 n=1
2026-10-02T19:51:49 CloseActiveDrawing (before smoke hardware CU batch 1)
2026-10-02T19:51:49 Select n=1 ok=True
2026-10-02T19:51:49 CommitChanges after select
2026-10-02T19:51:50 RunMacro SP_M.CU_PG1_11X17.cs (smoke hardware CU batch 1, n=1, marks=W10-175, drawingsBefore=99)
2026-10-02T19:51:50 trying SP_M.CU_PG1_11X17.cs
2026-10-02T19:51:56 RunMacro bool=True path=SP_M.CU_PG1_11X17.cs
2026-10-02T19:51:56 started SP_M.CU_PG1_11X17.cs
2026-10-02T19:51:56 wait SP_M.CU_PG1_11X17.cs t=0s IsMacroRunning=False drawings=100 (need > 99)
2026-10-02T19:51:58 CloseActiveDrawing (new sheet from SP_M.CU_PG1_11X17.cs)
2026-10-02T19:51:58 drawing-count delta 99 → 100 after 0s
2026-10-02T19:51:58 CloseActiveDrawing (after SP_M.CU_PG1_11X17.cs)
2026-10-02T19:51:58 drawings 99 → 100 after SP_M.CU_PG1_11X17.cs fallbackInsert=no
2026-10-02T19:51:58 CloseActiveDrawing (between batches)
2026-10-02T19:51:58 smoke rebar placing CU batch 1/1 n=1
2026-10-02T19:51:58 CloseActiveDrawing (before smoke rebar placing CU batch 1)
2026-10-02T19:51:58 Select n=1 ok=True
2026-10-02T19:51:58 CommitChanges after select
2026-10-02T19:51:58 RunMacro SP_M.CU_PG2_11X17.cs (smoke rebar placing CU batch 1, n=1, marks=W10-175, drawingsBefore=100)
2026-10-02T19:51:58 trying SP_M.CU_PG2_11X17.cs
2026-10-02T19:52:08 RunMacro bool=True path=SP_M.CU_PG2_11X17.cs
2026-10-02T19:52:08 started SP_M.CU_PG2_11X17.cs
2026-10-02T19:52:08 wait SP_M.CU_PG2_11X17.cs t=0s IsMacroRunning=False drawings=101 (need > 100)
2026-10-02T19:52:09 CloseActiveDrawing (new sheet from SP_M.CU_PG2_11X17.cs)
2026-10-02T19:52:09 drawing-count delta 100 → 101 after 0s
2026-10-02T19:52:09 CloseActiveDrawing (after SP_M.CU_PG2_11X17.cs)
2026-10-02T19:52:09 drawings 100 → 101 after SP_M.CU_PG2_11X17.cs fallbackInsert=no
2026-10-02T19:52:09 CloseActiveDrawing (between batches)
2026-10-02T19:52:09 smoke rebar table CU batch 1/1 n=1
2026-10-02T19:52:09 CloseActiveDrawing (before smoke rebar table CU batch 1)
2026-10-02T19:52:10 Select n=1 ok=True
2026-10-02T19:52:10 CommitChanges after select
2026-10-02T19:52:10 RunMacro SP_M.CU_PG3_11X17.cs (smoke rebar table CU batch 1, n=1, marks=W10-175, drawingsBefore=101)
2026-10-02T19:52:10 trying SP_M.CU_PG3_11X17.cs
2026-10-02T19:52:12 RunMacro bool=True path=SP_M.CU_PG3_11X17.cs
2026-10-02T19:52:12 started SP_M.CU_PG3_11X17.cs
2026-10-02T19:52:12 wait SP_M.CU_PG3_11X17.cs t=0s IsMacroRunning=False drawings=102 (need > 101)
2026-10-02T19:52:13 CloseActiveDrawing (new sheet from SP_M.CU_PG3_11X17.cs)
2026-10-02T19:52:13 drawing-count delta 101 → 102 after 0s
2026-10-02T19:52:13 CloseActiveDrawing (after SP_M.CU_PG3_11X17.cs)
2026-10-02T19:52:13 drawings 101 → 102 after SP_M.CU_PG3_11X17.cs fallbackInsert=no
2026-10-02T19:52:13 CloseActiveDrawing (between batches)
2026-10-02T19:52:13 smoke: skipped beams and floor GA
2026-10-02T19:52:13 session drawings 99 → 102 after smoke macros
2026-10-02T20:01:43 CloseActiveDrawing (RunMacros start)
2026-10-02T20:01:43 bundled macros src=C:\Users\ASUS\Desktop\2d_tekla\bin\Release\net48\LocalMacros dest=D:\design_\Paisley\Paisley_Exam\Paisley_Exam\macros\modeling
2026-10-02T20:01:43 synced AutoCompressAndEdit11x17.cs → D:\design_\Paisley\Paisley_Exam\Paisley_Exam\macros\modeling
2026-10-02T20:01:43 synced SP_M.ASSEMBLY_standard.cs → D:\design_\Paisley\Paisley_Exam\Paisley_Exam\macros\modeling
2026-10-02T20:01:43 synced SP_M.BM_SET_11x17.cs → D:\design_\Paisley\Paisley_Exam\Paisley_Exam\macros\modeling
2026-10-02T20:01:43 synced SP_M.CU_PG1_11X17.cs → D:\design_\Paisley\Paisley_Exam\Paisley_Exam\macros\modeling
2026-10-02T20:01:43 synced SP_M.CU_PG2_11X17.cs → D:\design_\Paisley\Paisley_Exam\Paisley_Exam\macros\modeling
2026-10-02T20:01:43 synced SP_M.CU_PG3_11X17.cs → D:\design_\Paisley\Paisley_Exam\Paisley_Exam\macros\modeling
2026-10-02T20:01:43 synced SP_M.GA_EXP_GA_STD.cs → D:\design_\Paisley\Paisley_Exam\Paisley_Exam\macros\modeling
2026-10-02T20:01:43 synced SP_M.SINGLE_standard.cs → D:\design_\Paisley\Paisley_Exam\Paisley_Exam\macros\modeling
2026-10-02T20:01:43 synced bundled macros → firm: D:\design_\METRIC_FIRM2021\macros\modeling
2026-10-02T20:01:43 === session mode=smoke mark=W10-175 ===
2026-10-02T20:01:43 model=Paisley_Exam.db1 path=D:\design_\Paisley\Paisley_Exam\Paisley_Exam
2026-10-02T20:01:43 macros.log=C:\Users\ASUS\Desktop\2d_tekla\Export\CivilDrawings\new with macros\macros.log
2026-10-02T20:01:43 if AKIT dies inside Tekla, check C:\Users\ASUS\AppData\Local\Trimble\TeklaStructures\2026.0\logs and the Tekla session log
2026-10-02T20:01:43 session drawings before macros=99
2026-10-02T20:01:52 WALL=1 COLUMN=0 BEAM=0 mark=W10-175 (precast only; hollowcore/insulation/formliner skipped)
2026-10-02T20:01:52 smoke hardware CU batch 1/1 n=1
2026-10-02T20:01:52 CloseActiveDrawing (before smoke hardware CU batch 1)
2026-10-02T20:01:52 Select n=1 ok=True
2026-10-02T20:01:52 CommitChanges after select
2026-10-02T20:01:52 RunMacro SP_M.CU_PG1_11X17.cs (smoke hardware CU batch 1, n=1, marks=W10-175, drawingsBefore=99)
2026-10-02T20:01:52 trying SP_M.CU_PG1_11X17.cs
2026-10-02T20:01:57 RunMacro bool=True path=SP_M.CU_PG1_11X17.cs
2026-10-02T20:01:57 started SP_M.CU_PG1_11X17.cs
2026-10-02T20:01:57 wait SP_M.CU_PG1_11X17.cs t=0s IsMacroRunning=False drawings=100 (need > 99)
2026-10-02T20:01:58 CloseActiveDrawing (new sheet from SP_M.CU_PG1_11X17.cs)
2026-10-02T20:01:58 drawing-count delta 99 → 100 after 0s
2026-10-02T20:01:58 CloseActiveDrawing (after SP_M.CU_PG1_11X17.cs)
2026-10-02T20:01:58 drawings 99 → 100 after SP_M.CU_PG1_11X17.cs fallbackInsert=no
2026-10-02T20:01:58 CloseActiveDrawing (between batches)
2026-10-02T20:01:58 smoke rebar placing CU batch 1/1 n=1
2026-10-02T20:01:58 CloseActiveDrawing (before smoke rebar placing CU batch 1)
2026-10-02T20:01:58 Select n=1 ok=True
2026-10-02T20:01:59 CommitChanges after select
2026-10-02T20:01:59 RunMacro SP_M.CU_PG2_11X17.cs (smoke rebar placing CU batch 1, n=1, marks=W10-175, drawingsBefore=100)
2026-10-02T20:01:59 trying SP_M.CU_PG2_11X17.cs
2026-10-02T20:02:08 RunMacro bool=True path=SP_M.CU_PG2_11X17.cs
2026-10-02T20:02:08 started SP_M.CU_PG2_11X17.cs
2026-10-02T20:02:08 wait SP_M.CU_PG2_11X17.cs t=0s IsMacroRunning=False drawings=101 (need > 100)
2026-10-02T20:02:09 CloseActiveDrawing (new sheet from SP_M.CU_PG2_11X17.cs)
2026-10-02T20:02:09 drawing-count delta 100 → 101 after 0s
2026-10-02T20:02:09 CloseActiveDrawing (after SP_M.CU_PG2_11X17.cs)
2026-10-02T20:02:09 drawings 100 → 101 after SP_M.CU_PG2_11X17.cs fallbackInsert=no
2026-10-02T20:02:09 CloseActiveDrawing (between batches)
2026-10-02T20:02:09 smoke rebar table CU batch 1/1 n=1
2026-10-02T20:02:09 CloseActiveDrawing (before smoke rebar table CU batch 1)
2026-10-02T20:02:09 Select n=1 ok=True
2026-10-02T20:02:09 CommitChanges after select
2026-10-02T20:02:10 RunMacro SP_M.CU_PG3_11X17.cs (smoke rebar table CU batch 1, n=1, marks=W10-175, drawingsBefore=101)
2026-10-02T20:02:10 trying SP_M.CU_PG3_11X17.cs
2026-10-02T20:02:11 RunMacro bool=True path=SP_M.CU_PG3_11X17.cs
2026-10-02T20:02:11 started SP_M.CU_PG3_11X17.cs
2026-10-02T20:02:11 wait SP_M.CU_PG3_11X17.cs t=0s IsMacroRunning=False drawings=102 (need > 101)
2026-10-02T20:02:13 CloseActiveDrawing (new sheet from SP_M.CU_PG3_11X17.cs)
2026-10-02T20:02:13 drawing-count delta 101 → 102 after 0s
2026-10-02T20:02:13 CloseActiveDrawing (after SP_M.CU_PG3_11X17.cs)
2026-10-02T20:02:13 drawings 101 → 102 after SP_M.CU_PG3_11X17.cs fallbackInsert=no
2026-10-02T20:02:13 CloseActiveDrawing (between batches)
2026-10-02T20:02:13 smoke: skipped beams and floor GA
2026-10-02T20:02:13 session drawings 99 → 102 after smoke macros
2026-10-02T20:06:13 CloseActiveDrawing (RunMacros start)
2026-10-02T20:06:13 bundled macros src=C:\Users\ASUS\Desktop\2d_tekla\bin\Release\net48\LocalMacros dest=D:\design_\Paisley\Paisley_Exam\Paisley_Exam\macros\modeling
2026-10-02T20:06:13 synced AutoCompressAndEdit11x17.cs → D:\design_\Paisley\Paisley_Exam\Paisley_Exam\macros\modeling
2026-10-02T20:06:13 synced SP_M.ASSEMBLY_standard.cs → D:\design_\Paisley\Paisley_Exam\Paisley_Exam\macros\modeling
2026-10-02T20:06:13 synced SP_M.BM_SET_11x17.cs → D:\design_\Paisley\Paisley_Exam\Paisley_Exam\macros\modeling
2026-10-02T20:06:13 synced SP_M.CU_PG1_11X17.cs → D:\design_\Paisley\Paisley_Exam\Paisley_Exam\macros\modeling
2026-10-02T20:06:13 synced SP_M.CU_PG2_11X17.cs → D:\design_\Paisley\Paisley_Exam\Paisley_Exam\macros\modeling
2026-10-02T20:06:13 synced SP_M.CU_PG3_11X17.cs → D:\design_\Paisley\Paisley_Exam\Paisley_Exam\macros\modeling
2026-10-02T20:06:13 synced SP_M.GA_EXP_GA_STD.cs → D:\design_\Paisley\Paisley_Exam\Paisley_Exam\macros\modeling
2026-10-02T20:06:13 synced SP_M.SINGLE_standard.cs → D:\design_\Paisley\Paisley_Exam\Paisley_Exam\macros\modeling
2026-10-02T20:06:13 synced bundled macros → firm: D:\design_\METRIC_FIRM2021\macros\modeling
2026-10-02T20:06:13 === session mode=smoke mark=W10-175 ===
2026-10-02T20:06:13 model=Paisley_Exam.db1 path=D:\design_\Paisley\Paisley_Exam\Paisley_Exam
2026-10-02T20:06:13 macros.log=C:\Users\ASUS\Desktop\2d_tekla\Export\CivilDrawings\new with macros\macros.log
2026-10-02T20:06:13 if AKIT dies inside Tekla, check C:\Users\ASUS\AppData\Local\Trimble\TeklaStructures\2026.0\logs and the Tekla session log
2026-10-02T20:06:13 session drawings before macros=99
2026-10-02T20:06:24 WALL=1 COLUMN=0 BEAM=0 mark=W10-175 (precast only; hollowcore/insulation/formliner skipped)
2026-10-02T20:06:24 smoke hardware CU batch 1/1 n=1
2026-10-02T20:06:24 CloseActiveDrawing (before smoke hardware CU batch 1)
2026-10-02T20:06:24 Select n=1 ok=True
2026-10-02T20:06:24 CommitChanges after select
2026-10-02T20:06:25 RunMacro SP_M.CU_PG1_11X17.cs (smoke hardware CU batch 1, n=1, marks=W10-175, drawingsBefore=99)
2026-10-02T20:06:25 trying SP_M.CU_PG1_11X17.cs
2026-10-02T20:06:30 RunMacro bool=True path=SP_M.CU_PG1_11X17.cs
2026-10-02T20:06:30 started SP_M.CU_PG1_11X17.cs
2026-10-02T20:06:30 wait SP_M.CU_PG1_11X17.cs t=0s IsMacroRunning=False drawings=100 (need > 99)
2026-10-02T20:06:32 CloseActiveDrawing (new sheet from SP_M.CU_PG1_11X17.cs)
2026-10-02T20:06:32 drawing-count delta 99 → 100 after 0s
2026-10-02T20:06:32 CloseActiveDrawing (after SP_M.CU_PG1_11X17.cs)
2026-10-02T20:06:32 drawings 99 → 100 after SP_M.CU_PG1_11X17.cs fallbackInsert=no
2026-10-02T20:06:32 CloseActiveDrawing (between batches)
2026-10-02T20:06:32 smoke rebar placing CU batch 1/1 n=1
2026-10-02T20:06:32 CloseActiveDrawing (before smoke rebar placing CU batch 1)
2026-10-02T20:06:32 Select n=1 ok=True
2026-10-02T20:06:32 CommitChanges after select
2026-10-02T20:06:32 RunMacro SP_M.CU_PG2_11X17.cs (smoke rebar placing CU batch 1, n=1, marks=W10-175, drawingsBefore=100)
2026-10-02T20:06:32 trying SP_M.CU_PG2_11X17.cs
2026-10-02T20:06:41 RunMacro bool=True path=SP_M.CU_PG2_11X17.cs
2026-10-02T20:06:41 started SP_M.CU_PG2_11X17.cs
2026-10-02T20:06:41 wait SP_M.CU_PG2_11X17.cs t=0s IsMacroRunning=False drawings=101 (need > 100)
2026-10-02T20:06:43 CloseActiveDrawing (new sheet from SP_M.CU_PG2_11X17.cs)
2026-10-02T20:06:43 drawing-count delta 100 → 101 after 0s
2026-10-02T20:06:43 CloseActiveDrawing (after SP_M.CU_PG2_11X17.cs)
2026-10-02T20:06:43 drawings 100 → 101 after SP_M.CU_PG2_11X17.cs fallbackInsert=no
2026-10-02T20:06:43 CloseActiveDrawing (between batches)
2026-10-02T20:06:43 smoke rebar table CU batch 1/1 n=1
2026-10-02T20:06:43 CloseActiveDrawing (before smoke rebar table CU batch 1)
2026-10-02T20:06:43 Select n=1 ok=True
2026-10-02T20:06:43 CommitChanges after select
2026-10-02T20:06:43 RunMacro SP_M.CU_PG3_11X17.cs (smoke rebar table CU batch 1, n=1, marks=W10-175, drawingsBefore=101)
2026-10-02T20:06:43 trying SP_M.CU_PG3_11X17.cs
2026-10-02T20:06:45 RunMacro bool=True path=SP_M.CU_PG3_11X17.cs
2026-10-02T20:06:45 started SP_M.CU_PG3_11X17.cs
2026-10-02T20:06:45 wait SP_M.CU_PG3_11X17.cs t=0s IsMacroRunning=False drawings=102 (need > 101)
2026-10-02T20:06:47 CloseActiveDrawing (new sheet from SP_M.CU_PG3_11X17.cs)
2026-10-02T20:06:47 drawing-count delta 101 → 102 after 0s
2026-10-02T20:06:47 CloseActiveDrawing (after SP_M.CU_PG3_11X17.cs)
2026-10-02T20:06:47 drawings 101 → 102 after SP_M.CU_PG3_11X17.cs fallbackInsert=no
2026-10-02T20:06:47 CloseActiveDrawing (between batches)
2026-10-02T20:06:47 smoke: skipped beams and floor GA
2026-10-02T20:06:47 session drawings 99 → 102 after smoke macros
2026-10-02T20:12:11 CloseActiveDrawing (RunMacros start)
2026-10-02T20:12:11 bundled macros src=C:\Users\ASUS\Desktop\2d_tekla\bin\Release\net48\LocalMacros dest=D:\design_\Paisley\Paisley_Exam\Paisley_Exam\macros\modeling
2026-10-02T20:12:11 synced AutoCompressAndEdit11x17.cs → D:\design_\Paisley\Paisley_Exam\Paisley_Exam\macros\modeling
2026-10-02T20:12:11 synced SP_M.ASSEMBLY_standard.cs → D:\design_\Paisley\Paisley_Exam\Paisley_Exam\macros\modeling
2026-10-02T20:12:11 synced SP_M.BM_SET_11x17.cs → D:\design_\Paisley\Paisley_Exam\Paisley_Exam\macros\modeling
2026-10-02T20:12:11 synced SP_M.CU_PG1_11X17.cs → D:\design_\Paisley\Paisley_Exam\Paisley_Exam\macros\modeling
2026-10-02T20:12:11 synced SP_M.CU_PG2_11X17.cs → D:\design_\Paisley\Paisley_Exam\Paisley_Exam\macros\modeling
2026-10-02T20:12:11 synced SP_M.CU_PG3_11X17.cs → D:\design_\Paisley\Paisley_Exam\Paisley_Exam\macros\modeling
2026-10-02T20:12:11 synced SP_M.GA_EXP_GA_STD.cs → D:\design_\Paisley\Paisley_Exam\Paisley_Exam\macros\modeling
2026-10-02T20:12:11 synced SP_M.SINGLE_standard.cs → D:\design_\Paisley\Paisley_Exam\Paisley_Exam\macros\modeling
2026-10-02T20:12:11 synced bundled macros → firm: D:\design_\METRIC_FIRM2021\macros\modeling
2026-10-02T20:12:11 === session mode=smoke mark=W10-175 ===
2026-10-02T20:12:11 model=Paisley_Exam.db1 path=D:\design_\Paisley\Paisley_Exam\Paisley_Exam
2026-10-02T20:12:11 macros.log=C:\Users\ASUS\Desktop\2d_tekla\Export\CivilDrawings\new with macros\macros.log
2026-10-02T20:12:11 if AKIT dies inside Tekla, check C:\Users\ASUS\AppData\Local\Trimble\TeklaStructures\2026.0\logs and the Tekla session log
2026-10-02T20:12:11 session drawings before macros=99
2026-10-02T20:12:35 WALL=1 COLUMN=0 BEAM=0 mark=W10-175 (precast only; hollowcore/insulation/formliner skipped)
2026-10-02T20:12:35 smoke hardware CU batch 1/1 n=1
2026-10-02T20:12:35 CloseActiveDrawing (before smoke hardware CU batch 1)
2026-10-02T20:12:35 Select n=1 ok=True
2026-10-02T20:12:35 CommitChanges after select
2026-10-02T20:12:36 RunMacro SP_M.CU_PG1_11X17.cs (smoke hardware CU batch 1, n=1, marks=W10-175, drawingsBefore=99)
2026-10-02T20:12:36 trying SP_M.CU_PG1_11X17.cs
2026-10-02T20:12:48 RunMacro bool=True path=SP_M.CU_PG1_11X17.cs
2026-10-02T20:12:48 started SP_M.CU_PG1_11X17.cs
2026-10-02T20:12:48 wait SP_M.CU_PG1_11X17.cs t=0s IsMacroRunning=False drawings=100 (need > 99)
2026-10-02T20:12:50 CloseActiveDrawing (new sheet from SP_M.CU_PG1_11X17.cs)
2026-10-02T20:12:50 drawing-count delta 99 → 100 after 0s
2026-10-02T20:12:50 CloseActiveDrawing (after SP_M.CU_PG1_11X17.cs)
2026-10-02T20:12:50 drawings 99 → 100 after SP_M.CU_PG1_11X17.cs fallbackInsert=no
2026-10-02T20:12:50 CloseActiveDrawing (between batches)
2026-10-02T20:12:50 smoke rebar placing CU batch 1/1 n=1
2026-10-02T20:12:50 CloseActiveDrawing (before smoke rebar placing CU batch 1)
2026-10-02T20:12:50 Select n=1 ok=True
2026-10-02T20:12:50 CommitChanges after select
2026-10-02T20:12:51 RunMacro SP_M.CU_PG2_11X17.cs (smoke rebar placing CU batch 1, n=1, marks=W10-175, drawingsBefore=100)
2026-10-02T20:12:51 trying SP_M.CU_PG2_11X17.cs
2026-10-02T20:13:10 RunMacro bool=True path=SP_M.CU_PG2_11X17.cs
2026-10-02T20:13:10 started SP_M.CU_PG2_11X17.cs
2026-10-02T20:13:10 wait SP_M.CU_PG2_11X17.cs t=0s IsMacroRunning=False drawings=101 (need > 100)
2026-10-02T20:13:12 CloseActiveDrawing (new sheet from SP_M.CU_PG2_11X17.cs)
2026-10-02T20:13:12 drawing-count delta 100 → 101 after 0s
2026-10-02T20:13:12 CloseActiveDrawing (after SP_M.CU_PG2_11X17.cs)
2026-10-02T20:13:12 drawings 100 → 101 after SP_M.CU_PG2_11X17.cs fallbackInsert=no
2026-10-02T20:13:12 CloseActiveDrawing (between batches)
2026-10-02T20:13:12 smoke rebar table CU batch 1/1 n=1
2026-10-02T20:13:12 CloseActiveDrawing (before smoke rebar table CU batch 1)
2026-10-02T20:13:12 Select n=1 ok=True
2026-10-02T20:13:12 CommitChanges after select
2026-10-02T20:13:13 RunMacro SP_M.CU_PG3_11X17.cs (smoke rebar table CU batch 1, n=1, marks=W10-175, drawingsBefore=101)
2026-10-02T20:13:13 trying SP_M.CU_PG3_11X17.cs
2026-10-02T20:13:14 RunMacro bool=True path=SP_M.CU_PG3_11X17.cs
2026-10-02T20:13:14 started SP_M.CU_PG3_11X17.cs
2026-10-02T20:13:14 wait SP_M.CU_PG3_11X17.cs t=0s IsMacroRunning=False drawings=102 (need > 101)
2026-10-02T20:13:16 CloseActiveDrawing (new sheet from SP_M.CU_PG3_11X17.cs)
2026-10-02T20:13:16 drawing-count delta 101 → 102 after 0s
2026-10-02T20:13:16 CloseActiveDrawing (after SP_M.CU_PG3_11X17.cs)
2026-10-02T20:13:16 drawings 101 → 102 after SP_M.CU_PG3_11X17.cs fallbackInsert=no
2026-10-02T20:13:16 CloseActiveDrawing (between batches)
2026-10-02T20:13:16 smoke: skipped beams and floor GA
2026-10-02T20:13:16 session drawings 99 → 102 after smoke macros
2026-10-02T20:26:21 CloseActiveDrawing (RunMacros start)
2026-10-02T20:26:21 bundled macros src=C:\Users\ASUS\Desktop\2d_tekla\bin\Release\net48\LocalMacros dest=D:\design_\Paisley\Paisley_Exam\Paisley_Exam\macros\modeling
2026-10-02T20:26:21 synced AutoCompressAndEdit11x17.cs → D:\design_\Paisley\Paisley_Exam\Paisley_Exam\macros\modeling
2026-10-02T20:26:21 synced SP_M.ASSEMBLY_standard.cs → D:\design_\Paisley\Paisley_Exam\Paisley_Exam\macros\modeling
2026-10-02T20:26:21 synced SP_M.BM_SET_11x17.cs → D:\design_\Paisley\Paisley_Exam\Paisley_Exam\macros\modeling
2026-10-02T20:26:21 synced SP_M.CU_PG1_11X17.cs → D:\design_\Paisley\Paisley_Exam\Paisley_Exam\macros\modeling
2026-10-02T20:26:21 synced SP_M.CU_PG2_11X17.cs → D:\design_\Paisley\Paisley_Exam\Paisley_Exam\macros\modeling
2026-10-02T20:26:21 synced SP_M.CU_PG3_11X17.cs → D:\design_\Paisley\Paisley_Exam\Paisley_Exam\macros\modeling
2026-10-02T20:26:21 synced SP_M.GA_EXP_GA_STD.cs → D:\design_\Paisley\Paisley_Exam\Paisley_Exam\macros\modeling
2026-10-02T20:26:21 synced SP_M.SINGLE_standard.cs → D:\design_\Paisley\Paisley_Exam\Paisley_Exam\macros\modeling
2026-10-02T20:26:21 synced bundled macros → firm: D:\design_\METRIC_FIRM2021\macros\modeling
2026-10-02T20:26:21 === session mode=smoke mark=W10-175 ===
2026-10-02T20:26:21 model=Paisley_Exam.db1 path=D:\design_\Paisley\Paisley_Exam\Paisley_Exam
2026-10-02T20:26:21 macros.log=C:\Users\ASUS\Desktop\2d_tekla\Export\CivilDrawings\new with macros\macros.log
2026-10-02T20:26:21 if AKIT dies inside Tekla, check C:\Users\ASUS\AppData\Local\Trimble\TeklaStructures\2026.0\logs and the Tekla session log
2026-10-02T20:26:21 session drawings before macros=99
2026-10-02T20:26:58 WALL=1 COLUMN=0 BEAM=0 mark=W10-175 (precast only; hollowcore/insulation/formliner skipped)
2026-10-02T20:26:58 smoke hardware CU batch 1/1 n=1
2026-10-02T20:26:58 CloseActiveDrawing (before smoke hardware CU batch 1)
2026-10-02T20:26:58 Select n=1 ok=True
2026-10-02T20:26:59 CommitChanges after select
2026-10-02T20:26:59 RunMacro SP_M.CU_PG1_11X17.cs (smoke hardware CU batch 1, n=1, marks=W10-175, drawingsBefore=99)
2026-10-02T20:26:59 trying SP_M.CU_PG1_11X17.cs
2026-10-02T20:27:11 RunMacro bool=True path=SP_M.CU_PG1_11X17.cs
2026-10-02T20:27:11 started SP_M.CU_PG1_11X17.cs
2026-10-02T20:27:11 wait SP_M.CU_PG1_11X17.cs t=0s IsMacroRunning=False drawings=100 (need > 99)
2026-10-02T20:27:12 CloseActiveDrawing (new sheet from SP_M.CU_PG1_11X17.cs)
2026-10-02T20:27:12 drawing-count delta 99 → 100 after 0s
2026-10-02T20:27:12 CloseActiveDrawing (after SP_M.CU_PG1_11X17.cs)
2026-10-02T20:27:12 drawings 99 → 100 after SP_M.CU_PG1_11X17.cs fallbackInsert=no
2026-10-02T20:27:12 CloseActiveDrawing (between batches)
2026-10-02T20:27:12 smoke rebar placing CU batch 1/1 n=1
2026-10-02T20:27:12 CloseActiveDrawing (before smoke rebar placing CU batch 1)
2026-10-02T20:27:12 Select n=1 ok=True
2026-10-02T20:27:13 CommitChanges after select
2026-10-02T20:27:13 RunMacro SP_M.CU_PG2_11X17.cs (smoke rebar placing CU batch 1, n=1, marks=W10-175, drawingsBefore=100)
2026-10-02T20:27:13 trying SP_M.CU_PG2_11X17.cs
2026-10-02T20:27:23 RunMacro bool=True path=SP_M.CU_PG2_11X17.cs
2026-10-02T20:27:23 started SP_M.CU_PG2_11X17.cs
2026-10-02T20:27:23 wait SP_M.CU_PG2_11X17.cs t=0s IsMacroRunning=False drawings=101 (need > 100)
2026-10-02T20:27:24 CloseActiveDrawing (new sheet from SP_M.CU_PG2_11X17.cs)
2026-10-02T20:27:24 drawing-count delta 100 → 101 after 0s
2026-10-02T20:27:24 CloseActiveDrawing (after SP_M.CU_PG2_11X17.cs)
2026-10-02T20:27:24 drawings 100 → 101 after SP_M.CU_PG2_11X17.cs fallbackInsert=no
2026-10-02T20:27:24 CloseActiveDrawing (between batches)
2026-10-02T20:27:25 smoke rebar table CU batch 1/1 n=1
2026-10-02T20:27:25 CloseActiveDrawing (before smoke rebar table CU batch 1)
2026-10-02T20:27:25 Select n=1 ok=True
2026-10-02T20:27:25 CommitChanges after select
2026-10-02T20:27:25 RunMacro SP_M.CU_PG3_11X17.cs (smoke rebar table CU batch 1, n=1, marks=W10-175, drawingsBefore=101)
2026-10-02T20:27:25 trying SP_M.CU_PG3_11X17.cs
2026-10-02T20:27:27 RunMacro bool=True path=SP_M.CU_PG3_11X17.cs
2026-10-02T20:27:27 started SP_M.CU_PG3_11X17.cs
2026-10-02T20:27:27 wait SP_M.CU_PG3_11X17.cs t=0s IsMacroRunning=False drawings=102 (need > 101)
2026-10-02T20:27:28 CloseActiveDrawing (new sheet from SP_M.CU_PG3_11X17.cs)
2026-10-02T20:27:28 drawing-count delta 101 → 102 after 0s
2026-10-02T20:27:28 CloseActiveDrawing (after SP_M.CU_PG3_11X17.cs)
2026-10-02T20:27:28 drawings 101 → 102 after SP_M.CU_PG3_11X17.cs fallbackInsert=no
2026-10-02T20:27:28 CloseActiveDrawing (between batches)
2026-10-02T20:27:28 smoke: skipped beams and floor GA
2026-10-02T20:27:28 session drawings 99 → 102 after smoke macros
2026-10-02T20:32:46 CloseActiveDrawing (RunMacros start)
2026-10-02T20:32:46 bundled macros src=C:\Users\ASUS\Desktop\2d_tekla\bin\Release\net48\LocalMacros dest=D:\design_\Paisley\Paisley_Exam\Paisley_Exam\macros\modeling
2026-10-02T20:32:46 synced AutoCompressAndEdit11x17.cs → D:\design_\Paisley\Paisley_Exam\Paisley_Exam\macros\modeling
2026-10-02T20:32:46 synced SP_M.ASSEMBLY_standard.cs → D:\design_\Paisley\Paisley_Exam\Paisley_Exam\macros\modeling
2026-10-02T20:32:46 synced SP_M.BM_SET_11x17.cs → D:\design_\Paisley\Paisley_Exam\Paisley_Exam\macros\modeling
2026-10-02T20:32:46 synced SP_M.CU_PG1_11X17.cs → D:\design_\Paisley\Paisley_Exam\Paisley_Exam\macros\modeling
2026-10-02T20:32:46 synced SP_M.CU_PG2_11X17.cs → D:\design_\Paisley\Paisley_Exam\Paisley_Exam\macros\modeling
2026-10-02T20:32:46 synced SP_M.CU_PG3_11X17.cs → D:\design_\Paisley\Paisley_Exam\Paisley_Exam\macros\modeling
2026-10-02T20:32:46 synced SP_M.GA_EXP_GA_STD.cs → D:\design_\Paisley\Paisley_Exam\Paisley_Exam\macros\modeling
2026-10-02T20:32:46 synced SP_M.SINGLE_standard.cs → D:\design_\Paisley\Paisley_Exam\Paisley_Exam\macros\modeling
2026-10-02T20:32:46 synced bundled macros → firm: D:\design_\METRIC_FIRM2021\macros\modeling
2026-10-02T20:32:46 === session mode=smoke mark=W10-175 ===
2026-10-02T20:32:46 model=Paisley_Exam.db1 path=D:\design_\Paisley\Paisley_Exam\Paisley_Exam
2026-10-02T20:32:46 macros.log=C:\Users\ASUS\Desktop\2d_tekla\Export\CivilDrawings\new with macros\macros.log
2026-10-02T20:32:46 if AKIT dies inside Tekla, check C:\Users\ASUS\AppData\Local\Trimble\TeklaStructures\2026.0\logs and the Tekla session log
2026-10-02T20:32:46 session drawings before macros=99
2026-10-02T20:33:21 WALL=1 COLUMN=0 BEAM=0 mark=W10-175 (precast only; hollowcore/insulation/formliner skipped)
2026-10-02T20:33:21 smoke hardware CU batch 1/1 n=1
2026-10-02T20:33:21 CloseActiveDrawing (before smoke hardware CU batch 1)
2026-10-02T20:33:21 Select n=1 ok=True
2026-10-02T20:33:21 CommitChanges after select
2026-10-02T20:33:22 RunMacro SP_M.CU_PG1_11X17.cs (smoke hardware CU batch 1, n=1, marks=W10-175, drawingsBefore=99)
2026-10-02T20:33:22 trying SP_M.CU_PG1_11X17.cs
2026-10-02T20:33:33 RunMacro bool=True path=SP_M.CU_PG1_11X17.cs
2026-10-02T20:33:33 started SP_M.CU_PG1_11X17.cs
2026-10-02T20:33:33 wait SP_M.CU_PG1_11X17.cs t=0s IsMacroRunning=False drawings=100 (need > 99)
2026-10-02T20:33:35 CloseActiveDrawing (new sheet from SP_M.CU_PG1_11X17.cs)
2026-10-02T20:33:35 drawing-count delta 99 → 100 after 0s
2026-10-02T20:33:35 CloseActiveDrawing (after SP_M.CU_PG1_11X17.cs)
2026-10-02T20:33:35 drawings 99 → 100 after SP_M.CU_PG1_11X17.cs fallbackInsert=no
2026-10-02T20:33:35 CloseActiveDrawing (between batches)
2026-10-02T20:33:35 smoke rebar placing CU batch 1/1 n=1
2026-10-02T20:33:35 CloseActiveDrawing (before smoke rebar placing CU batch 1)
2026-10-02T20:33:35 Select n=1 ok=True
2026-10-02T20:33:35 CommitChanges after select
2026-10-02T20:33:36 RunMacro SP_M.CU_PG2_11X17.cs (smoke rebar placing CU batch 1, n=1, marks=W10-175, drawingsBefore=100)
2026-10-02T20:33:36 trying SP_M.CU_PG2_11X17.cs
2026-10-02T20:33:55 RunMacro bool=True path=SP_M.CU_PG2_11X17.cs
2026-10-02T20:33:55 started SP_M.CU_PG2_11X17.cs
2026-10-02T20:33:55 wait SP_M.CU_PG2_11X17.cs t=0s IsMacroRunning=False drawings=101 (need > 100)
2026-10-02T20:33:57 CloseActiveDrawing (new sheet from SP_M.CU_PG2_11X17.cs)
2026-10-02T20:33:57 drawing-count delta 100 → 101 after 0s
2026-10-02T20:33:57 CloseActiveDrawing (after SP_M.CU_PG2_11X17.cs)
2026-10-02T20:33:57 drawings 100 → 101 after SP_M.CU_PG2_11X17.cs fallbackInsert=no
2026-10-02T20:33:57 CloseActiveDrawing (between batches)
2026-10-02T20:33:57 smoke rebar table CU batch 1/1 n=1
2026-10-02T20:33:57 CloseActiveDrawing (before smoke rebar table CU batch 1)
2026-10-02T20:33:57 Select n=1 ok=True
2026-10-02T20:33:57 CommitChanges after select
2026-10-02T20:33:58 RunMacro SP_M.CU_PG3_11X17.cs (smoke rebar table CU batch 1, n=1, marks=W10-175, drawingsBefore=101)
2026-10-02T20:33:58 trying SP_M.CU_PG3_11X17.cs
2026-10-02T20:34:01 RunMacro bool=True path=SP_M.CU_PG3_11X17.cs
2026-10-02T20:34:01 started SP_M.CU_PG3_11X17.cs
2026-10-02T20:34:01 wait SP_M.CU_PG3_11X17.cs t=0s IsMacroRunning=False drawings=102 (need > 101)
2026-10-02T20:34:02 CloseActiveDrawing (new sheet from SP_M.CU_PG3_11X17.cs)
2026-10-02T20:34:02 drawing-count delta 101 → 102 after 0s
2026-10-02T20:34:02 CloseActiveDrawing (after SP_M.CU_PG3_11X17.cs)
2026-10-02T20:34:02 drawings 101 → 102 after SP_M.CU_PG3_11X17.cs fallbackInsert=no
2026-10-02T20:34:02 CloseActiveDrawing (between batches)
2026-10-02T20:34:02 smoke: skipped beams and floor GA
2026-10-02T20:34:02 session drawings 99 → 102 after smoke macros
2026-10-02T20:40:16 CloseActiveDrawing (RunMacros start)
2026-10-02T20:40:16 bundled macros src=C:\Users\ASUS\Desktop\2d_tekla\bin\Release\net48\LocalMacros dest=D:\design_\Paisley\Paisley_Exam\Paisley_Exam\macros\modeling
2026-10-02T20:40:16 synced AutoCompressAndEdit11x17.cs → D:\design_\Paisley\Paisley_Exam\Paisley_Exam\macros\modeling
2026-10-02T20:40:16 synced SP_M.ASSEMBLY_standard.cs → D:\design_\Paisley\Paisley_Exam\Paisley_Exam\macros\modeling
2026-10-02T20:40:16 synced SP_M.BM_SET_11x17.cs → D:\design_\Paisley\Paisley_Exam\Paisley_Exam\macros\modeling
2026-10-02T20:40:16 synced SP_M.CU_PG1_11X17.cs → D:\design_\Paisley\Paisley_Exam\Paisley_Exam\macros\modeling
2026-10-02T20:40:16 synced SP_M.CU_PG2_11X17.cs → D:\design_\Paisley\Paisley_Exam\Paisley_Exam\macros\modeling
2026-10-02T20:40:16 synced SP_M.CU_PG3_11X17.cs → D:\design_\Paisley\Paisley_Exam\Paisley_Exam\macros\modeling
2026-10-02T20:40:16 synced SP_M.GA_EXP_GA_STD.cs → D:\design_\Paisley\Paisley_Exam\Paisley_Exam\macros\modeling
2026-10-02T20:40:16 synced SP_M.SINGLE_standard.cs → D:\design_\Paisley\Paisley_Exam\Paisley_Exam\macros\modeling
2026-10-02T20:40:16 synced bundled macros → firm: D:\design_\METRIC_FIRM2021\macros\modeling
2026-10-02T20:40:16 === session mode=smoke mark=W10-175 ===
2026-10-02T20:40:16 model=Paisley_Exam.db1 path=D:\design_\Paisley\Paisley_Exam\Paisley_Exam
2026-10-02T20:40:16 macros.log=C:\Users\ASUS\Desktop\2d_tekla\Export\CivilDrawings\new with macros\macros.log
2026-10-02T20:40:16 if AKIT dies inside Tekla, check C:\Users\ASUS\AppData\Local\Trimble\TeklaStructures\2026.0\logs and the Tekla session log
2026-10-02T20:40:16 session drawings before macros=99
2026-10-02T20:41:15 WALL=1 COLUMN=0 BEAM=0 mark=W10-175 (precast only; hollowcore/insulation/formliner skipped)
2026-10-02T20:41:15 smoke hardware CU batch 1/1 n=1
2026-10-02T20:41:15 CloseActiveDrawing (before smoke hardware CU batch 1)
2026-10-02T20:41:15 Select n=1 ok=True
2026-10-02T20:41:15 CommitChanges after select
2026-10-02T20:41:16 RunMacro SP_M.CU_PG1_11X17.cs (smoke hardware CU batch 1, n=1, marks=W10-175, drawingsBefore=99)
2026-10-02T20:41:16 trying SP_M.CU_PG1_11X17.cs
2026-10-02T20:41:20 RunMacro bool=True path=SP_M.CU_PG1_11X17.cs
2026-10-02T20:41:20 started SP_M.CU_PG1_11X17.cs
2026-10-02T20:41:20 wait SP_M.CU_PG1_11X17.cs t=0s IsMacroRunning=False drawings=100 (need > 99)
2026-10-02T20:41:22 CloseActiveDrawing (new sheet from SP_M.CU_PG1_11X17.cs)
2026-10-02T20:41:22 drawing-count delta 99 → 100 after 0s
2026-10-02T20:41:22 CloseActiveDrawing (after SP_M.CU_PG1_11X17.cs)
2026-10-02T20:41:22 drawings 99 → 100 after SP_M.CU_PG1_11X17.cs fallbackInsert=no
2026-10-02T20:41:22 CloseActiveDrawing (between batches)
2026-10-02T20:41:22 smoke rebar placing CU batch 1/1 n=1
2026-10-02T20:41:22 CloseActiveDrawing (before smoke rebar placing CU batch 1)
2026-10-02T20:41:22 Select n=1 ok=True
2026-10-02T20:41:22 CommitChanges after select
2026-10-02T20:41:22 RunMacro SP_M.CU_PG2_11X17.cs (smoke rebar placing CU batch 1, n=1, marks=W10-175, drawingsBefore=100)
2026-10-02T20:41:22 trying SP_M.CU_PG2_11X17.cs
2026-10-02T20:41:31 RunMacro bool=True path=SP_M.CU_PG2_11X17.cs
2026-10-02T20:41:31 started SP_M.CU_PG2_11X17.cs
2026-10-02T20:41:31 wait SP_M.CU_PG2_11X17.cs t=0s IsMacroRunning=False drawings=101 (need > 100)
2026-10-02T20:41:32 CloseActiveDrawing (new sheet from SP_M.CU_PG2_11X17.cs)
2026-10-02T20:41:32 drawing-count delta 100 → 101 after 0s
2026-10-02T20:41:32 CloseActiveDrawing (after SP_M.CU_PG2_11X17.cs)
2026-10-02T20:41:32 drawings 100 → 101 after SP_M.CU_PG2_11X17.cs fallbackInsert=no
2026-10-02T20:41:32 CloseActiveDrawing (between batches)
2026-10-02T20:41:32 smoke rebar table CU batch 1/1 n=1
2026-10-02T20:41:32 CloseActiveDrawing (before smoke rebar table CU batch 1)
2026-10-02T20:41:32 Select n=1 ok=True
2026-10-02T20:41:32 CommitChanges after select
2026-10-02T20:41:33 RunMacro SP_M.CU_PG3_11X17.cs (smoke rebar table CU batch 1, n=1, marks=W10-175, drawingsBefore=101)
2026-10-02T20:41:33 trying SP_M.CU_PG3_11X17.cs
2026-10-02T20:41:34 RunMacro bool=True path=SP_M.CU_PG3_11X17.cs
2026-10-02T20:41:34 started SP_M.CU_PG3_11X17.cs
2026-10-02T20:41:34 wait SP_M.CU_PG3_11X17.cs t=0s IsMacroRunning=False drawings=102 (need > 101)
2026-10-02T20:41:36 CloseActiveDrawing (new sheet from SP_M.CU_PG3_11X17.cs)
2026-10-02T20:41:36 drawing-count delta 101 → 102 after 0s
2026-10-02T20:41:36 CloseActiveDrawing (after SP_M.CU_PG3_11X17.cs)
2026-10-02T20:41:36 drawings 101 → 102 after SP_M.CU_PG3_11X17.cs fallbackInsert=no
2026-10-02T20:41:36 CloseActiveDrawing (between batches)
2026-10-02T20:41:36 smoke: skipped beams and floor GA
2026-10-02T20:41:36 session drawings 99 → 102 after smoke macros
2026-10-02T20:53:21 CloseActiveDrawing (RunMacros start)
2026-10-02T20:53:21 bundled macros src=C:\Users\ASUS\Desktop\2d_tekla\bin\Release\net48\LocalMacros dest=D:\design_\Paisley\Paisley_Exam\Paisley_Exam\macros\modeling
2026-10-02T20:53:21 synced AutoCompressAndEdit11x17.cs → D:\design_\Paisley\Paisley_Exam\Paisley_Exam\macros\modeling
2026-10-02T20:53:21 synced SP_M.ASSEMBLY_standard.cs → D:\design_\Paisley\Paisley_Exam\Paisley_Exam\macros\modeling
2026-10-02T20:53:21 synced SP_M.BM_SET_11x17.cs → D:\design_\Paisley\Paisley_Exam\Paisley_Exam\macros\modeling
2026-10-02T20:53:21 synced SP_M.CU_PG1_11X17.cs → D:\design_\Paisley\Paisley_Exam\Paisley_Exam\macros\modeling
2026-10-02T20:53:21 synced SP_M.CU_PG2_11X17.cs → D:\design_\Paisley\Paisley_Exam\Paisley_Exam\macros\modeling
2026-10-02T20:53:21 synced SP_M.CU_PG3_11X17.cs → D:\design_\Paisley\Paisley_Exam\Paisley_Exam\macros\modeling
2026-10-02T20:53:21 synced SP_M.GA_EXP_GA_STD.cs → D:\design_\Paisley\Paisley_Exam\Paisley_Exam\macros\modeling
2026-10-02T20:53:21 synced SP_M.SINGLE_standard.cs → D:\design_\Paisley\Paisley_Exam\Paisley_Exam\macros\modeling
2026-10-02T20:53:21 synced bundled macros → firm: D:\design_\METRIC_FIRM2021\macros\modeling
2026-10-02T20:53:21 === session mode=smoke mark=W10-175 ===
2026-10-02T20:53:21 model=Paisley_Exam.db1 path=D:\design_\Paisley\Paisley_Exam\Paisley_Exam
2026-10-02T20:53:21 macros.log=C:\Users\ASUS\Desktop\2d_tekla\Export\CivilDrawings\new with macros\macros.log
2026-10-02T20:53:21 if AKIT dies inside Tekla, check C:\Users\ASUS\AppData\Local\Trimble\TeklaStructures\2026.0\logs and the Tekla session log
2026-10-02T20:53:21 session drawings before macros=99
2026-10-02T20:53:54 WALL=1 COLUMN=0 BEAM=0 mark=W10-175 (precast only; hollowcore/insulation/formliner skipped)
2026-10-02T20:53:54 smoke hardware CU batch 1/1 n=1
2026-10-02T20:53:54 CloseActiveDrawing (before smoke hardware CU batch 1)
2026-10-02T20:53:54 Select n=1 ok=True
2026-10-02T20:53:54 CommitChanges after select
2026-10-02T20:53:55 RunMacro SP_M.CU_PG1_11X17.cs (smoke hardware CU batch 1, n=1, marks=W10-175, drawingsBefore=99)
2026-10-02T20:53:55 trying SP_M.CU_PG1_11X17.cs
2026-10-02T20:54:01 RunMacro bool=True path=SP_M.CU_PG1_11X17.cs
2026-10-02T20:54:01 started SP_M.CU_PG1_11X17.cs
2026-10-02T20:54:01 wait SP_M.CU_PG1_11X17.cs t=0s IsMacroRunning=False drawings=100 (need > 99)
2026-10-02T20:54:03 CloseActiveDrawing (new sheet from SP_M.CU_PG1_11X17.cs)
2026-10-02T20:54:03 drawing-count delta 99 → 100 after 0s
2026-10-02T20:54:03 CloseActiveDrawing (after SP_M.CU_PG1_11X17.cs)
2026-10-02T20:54:03 drawings 99 → 100 after SP_M.CU_PG1_11X17.cs fallbackInsert=no
2026-10-02T20:54:03 CloseActiveDrawing (between batches)
2026-10-02T20:54:03 smoke rebar placing CU batch 1/1 n=1
2026-10-02T20:54:03 CloseActiveDrawing (before smoke rebar placing CU batch 1)
2026-10-02T20:54:03 Select n=1 ok=True
2026-10-02T20:54:03 CommitChanges after select
2026-10-02T20:54:03 RunMacro SP_M.CU_PG2_11X17.cs (smoke rebar placing CU batch 1, n=1, marks=W10-175, drawingsBefore=100)
2026-10-02T20:54:03 trying SP_M.CU_PG2_11X17.cs
2026-10-02T20:54:11 RunMacro bool=True path=SP_M.CU_PG2_11X17.cs
2026-10-02T20:54:11 started SP_M.CU_PG2_11X17.cs
2026-10-02T20:54:11 wait SP_M.CU_PG2_11X17.cs t=0s IsMacroRunning=False drawings=101 (need > 100)
2026-10-02T20:54:12 CloseActiveDrawing (new sheet from SP_M.CU_PG2_11X17.cs)
2026-10-02T20:54:12 drawing-count delta 100 → 101 after 0s
2026-10-02T20:54:12 CloseActiveDrawing (after SP_M.CU_PG2_11X17.cs)
2026-10-02T20:54:12 drawings 100 → 101 after SP_M.CU_PG2_11X17.cs fallbackInsert=no
2026-10-02T20:54:12 CloseActiveDrawing (between batches)
2026-10-02T20:54:12 smoke rebar table CU batch 1/1 n=1
2026-10-02T20:54:12 CloseActiveDrawing (before smoke rebar table CU batch 1)
2026-10-02T20:54:12 Select n=1 ok=True
2026-10-02T20:54:12 CommitChanges after select
2026-10-02T20:54:13 RunMacro SP_M.CU_PG3_11X17.cs (smoke rebar table CU batch 1, n=1, marks=W10-175, drawingsBefore=101)
2026-10-02T20:54:13 trying SP_M.CU_PG3_11X17.cs
2026-10-02T20:54:14 RunMacro bool=True path=SP_M.CU_PG3_11X17.cs
2026-10-02T20:54:14 started SP_M.CU_PG3_11X17.cs
2026-10-02T20:54:14 wait SP_M.CU_PG3_11X17.cs t=0s IsMacroRunning=False drawings=102 (need > 101)
2026-10-02T20:54:15 CloseActiveDrawing (new sheet from SP_M.CU_PG3_11X17.cs)
2026-10-02T20:54:15 drawing-count delta 101 → 102 after 0s
2026-10-02T20:54:15 CloseActiveDrawing (after SP_M.CU_PG3_11X17.cs)
2026-10-02T20:54:15 drawings 101 → 102 after SP_M.CU_PG3_11X17.cs fallbackInsert=no
2026-10-02T20:54:15 CloseActiveDrawing (between batches)
2026-10-02T20:54:15 smoke: skipped beams and floor GA
2026-10-02T20:54:15 session drawings 99 → 102 after smoke macros
2026-10-03T00:04:38 CloseActiveDrawing (RunMacros start)
2026-10-03T00:04:38 bundled macros src=C:\Users\ASUS\Desktop\2d_tekla\bin\Release\net48\LocalMacros dest=D:\design_\Paisley\Paisley_Exam\Paisley_Exam\macros\modeling
2026-10-03T00:04:38 synced AutoCompressAndEdit11x17.cs → D:\design_\Paisley\Paisley_Exam\Paisley_Exam\macros\modeling
2026-10-03T00:04:38 synced SP_M.ASSEMBLY_standard.cs → D:\design_\Paisley\Paisley_Exam\Paisley_Exam\macros\modeling
2026-10-03T00:04:38 synced SP_M.BM_SET_11x17.cs → D:\design_\Paisley\Paisley_Exam\Paisley_Exam\macros\modeling
2026-10-03T00:04:38 synced SP_M.CU_PG1_11X17.cs → D:\design_\Paisley\Paisley_Exam\Paisley_Exam\macros\modeling
2026-10-03T00:04:38 synced SP_M.CU_PG2_11X17.cs → D:\design_\Paisley\Paisley_Exam\Paisley_Exam\macros\modeling
2026-10-03T00:04:38 synced SP_M.CU_PG3_11X17.cs → D:\design_\Paisley\Paisley_Exam\Paisley_Exam\macros\modeling
2026-10-03T00:04:38 synced SP_M.GA_EXP_GA_STD.cs → D:\design_\Paisley\Paisley_Exam\Paisley_Exam\macros\modeling
2026-10-03T00:04:38 synced SP_M.SINGLE_standard.cs → D:\design_\Paisley\Paisley_Exam\Paisley_Exam\macros\modeling
2026-10-03T00:04:38 synced bundled macros → firm: D:\design_\METRIC_FIRM2021\macros\modeling
2026-10-03T00:04:38 === session mode=smoke mark=W10-175 ===
2026-10-03T00:04:38 model=Paisley_Exam.db1 path=D:\design_\Paisley\Paisley_Exam\Paisley_Exam
2026-10-03T00:04:38 macros.log=C:\Users\ASUS\Desktop\2d_tekla\Export\CivilDrawings\new with macros\macros.log
2026-10-03T00:04:38 if AKIT dies inside Tekla, check C:\Users\ASUS\AppData\Local\Trimble\TeklaStructures\2026.0\logs and the Tekla session log
2026-10-03T00:04:38 session drawings before macros=136
2026-10-03T00:04:55 CloseActiveDrawing (RunMacros start)
2026-10-03T00:04:55 bundled macros src=C:\Users\ASUS\Desktop\2d_tekla\bin\Release\net48\LocalMacros dest=D:\design_\Paisley\Paisley_Exam\Paisley_Exam\macros\modeling
2026-10-03T00:04:55 synced AutoCompressAndEdit11x17.cs → D:\design_\Paisley\Paisley_Exam\Paisley_Exam\macros\modeling
2026-10-03T00:04:55 synced SP_M.ASSEMBLY_standard.cs → D:\design_\Paisley\Paisley_Exam\Paisley_Exam\macros\modeling
2026-10-03T00:04:55 synced SP_M.BM_SET_11x17.cs → D:\design_\Paisley\Paisley_Exam\Paisley_Exam\macros\modeling
2026-10-03T00:04:55 synced SP_M.CU_PG1_11X17.cs → D:\design_\Paisley\Paisley_Exam\Paisley_Exam\macros\modeling
2026-10-03T00:04:55 synced SP_M.CU_PG2_11X17.cs → D:\design_\Paisley\Paisley_Exam\Paisley_Exam\macros\modeling
2026-10-03T00:04:55 synced SP_M.CU_PG3_11X17.cs → D:\design_\Paisley\Paisley_Exam\Paisley_Exam\macros\modeling
2026-10-03T00:04:55 synced SP_M.GA_EXP_GA_STD.cs → D:\design_\Paisley\Paisley_Exam\Paisley_Exam\macros\modeling
2026-10-03T00:04:55 synced SP_M.SINGLE_standard.cs → D:\design_\Paisley\Paisley_Exam\Paisley_Exam\macros\modeling
2026-10-03T00:04:55 synced bundled macros → firm: D:\design_\METRIC_FIRM2021\macros\modeling
2026-10-03T00:04:55 === session mode=smoke mark=W10-175 ===
2026-10-03T00:04:55 model=Paisley_Exam.db1 path=D:\design_\Paisley\Paisley_Exam\Paisley_Exam
2026-10-03T00:04:55 macros.log=C:\Users\ASUS\Desktop\2d_tekla\Export\CivilDrawings\new with macros\macros.log
2026-10-03T00:04:55 if AKIT dies inside Tekla, check C:\Users\ASUS\AppData\Local\Trimble\TeklaStructures\2026.0\logs and the Tekla session log
2026-10-03T00:04:55 session drawings before macros=136
2026-10-03T00:05:14 WALL=1 COLUMN=0 BEAM=0 mark=W10-175 (precast only; hollowcore/insulation/formliner skipped)
2026-10-03T00:05:14 smoke hardware CU batch 1/1 n=1
2026-10-03T00:05:14 CloseActiveDrawing (before smoke hardware CU batch 1)
2026-10-03T00:05:14 Select n=1 ok=True
2026-10-03T00:05:14 CommitChanges after select
2026-10-03T00:05:14 RunMacro SP_M.CU_PG1_11X17.cs (smoke hardware CU batch 1, n=1, marks=W10-175, drawingsBefore=136)
2026-10-03T00:05:14 trying SP_M.CU_PG1_11X17.cs
2026-10-03T00:05:28 RunMacro bool=True path=SP_M.CU_PG1_11X17.cs
2026-10-03T00:05:28 started SP_M.CU_PG1_11X17.cs
2026-10-03T00:05:28 wait SP_M.CU_PG1_11X17.cs t=0s IsMacroRunning=False drawings=137 (need > 136)
2026-10-03T00:05:30 CloseActiveDrawing (new sheet from SP_M.CU_PG1_11X17.cs)
2026-10-03T00:05:30 drawing-count delta 136 → 137 after 0s
2026-10-03T00:05:30 CloseActiveDrawing (after SP_M.CU_PG1_11X17.cs)
2026-10-03T00:05:30 drawings 136 → 137 after SP_M.CU_PG1_11X17.cs fallbackInsert=no
2026-10-03T00:05:30 CloseActiveDrawing (between batches)
2026-10-03T00:05:30 smoke rebar placing CU batch 1/1 n=1
2026-10-03T00:05:30 CloseActiveDrawing (before smoke rebar placing CU batch 1)
2026-10-03T00:05:30 Select n=1 ok=True
2026-10-03T00:05:30 CommitChanges after select
2026-10-03T00:05:31 RunMacro SP_M.CU_PG2_11X17.cs (smoke rebar placing CU batch 1, n=1, marks=W10-175, drawingsBefore=137)
2026-10-03T00:05:31 trying SP_M.CU_PG2_11X17.cs
2026-10-03T00:05:52 RunMacro bool=True path=SP_M.CU_PG2_11X17.cs
2026-10-03T00:05:52 started SP_M.CU_PG2_11X17.cs
2026-10-03T00:05:53 wait SP_M.CU_PG2_11X17.cs t=0s IsMacroRunning=False drawings=138 (need > 137)
2026-10-03T00:05:54 CloseActiveDrawing (new sheet from SP_M.CU_PG2_11X17.cs)
2026-10-03T00:05:54 drawing-count delta 137 → 138 after 0s
2026-10-03T00:05:54 CloseActiveDrawing (after SP_M.CU_PG2_11X17.cs)
2026-10-03T00:05:54 drawings 137 → 138 after SP_M.CU_PG2_11X17.cs fallbackInsert=no
2026-10-03T00:05:54 CloseActiveDrawing (between batches)
2026-10-03T00:05:54 smoke rebar table CU batch 1/1 n=1
2026-10-03T00:05:54 CloseActiveDrawing (before smoke rebar table CU batch 1)
2026-10-03T00:05:54 Select n=1 ok=True
2026-10-03T00:05:54 CommitChanges after select
2026-10-03T00:05:55 RunMacro SP_M.CU_PG3_11X17.cs (smoke rebar table CU batch 1, n=1, marks=W10-175, drawingsBefore=138)
2026-10-03T00:05:55 trying SP_M.CU_PG3_11X17.cs
2026-10-03T00:05:59 RunMacro bool=True path=SP_M.CU_PG3_11X17.cs
2026-10-03T00:05:59 started SP_M.CU_PG3_11X17.cs
2026-10-03T00:05:59 wait SP_M.CU_PG3_11X17.cs t=0s IsMacroRunning=False drawings=139 (need > 138)
2026-10-03T00:06:00 CloseActiveDrawing (new sheet from SP_M.CU_PG3_11X17.cs)
2026-10-03T00:06:00 drawing-count delta 138 → 139 after 0s
2026-10-03T00:06:00 CloseActiveDrawing (after SP_M.CU_PG3_11X17.cs)
2026-10-03T00:06:00 drawings 138 → 139 after SP_M.CU_PG3_11X17.cs fallbackInsert=no
2026-10-03T00:06:00 CloseActiveDrawing (between batches)
2026-10-03T00:06:00 smoke: skipped beams and floor GA
2026-10-03T00:06:00 session drawings 136 → 139 after smoke macros
2026-10-03T00:08:58 CloseActiveDrawing (RunMacros start)
2026-10-03T00:08:58 bundled macros src=C:\Users\ASUS\Desktop\2d_tekla\bin\Release\net48\LocalMacros dest=D:\design_\Paisley\Paisley_Exam\Paisley_Exam\macros\modeling
2026-10-03T00:08:58 synced AutoCompressAndEdit11x17.cs → D:\design_\Paisley\Paisley_Exam\Paisley_Exam\macros\modeling
2026-10-03T00:08:58 synced SP_M.ASSEMBLY_standard.cs → D:\design_\Paisley\Paisley_Exam\Paisley_Exam\macros\modeling
2026-10-03T00:08:58 synced SP_M.BM_SET_11x17.cs → D:\design_\Paisley\Paisley_Exam\Paisley_Exam\macros\modeling
2026-10-03T00:08:58 synced SP_M.CU_PG1_11X17.cs → D:\design_\Paisley\Paisley_Exam\Paisley_Exam\macros\modeling
2026-10-03T00:08:58 synced SP_M.CU_PG2_11X17.cs → D:\design_\Paisley\Paisley_Exam\Paisley_Exam\macros\modeling
2026-10-03T00:08:58 synced SP_M.CU_PG3_11X17.cs → D:\design_\Paisley\Paisley_Exam\Paisley_Exam\macros\modeling
2026-10-03T00:08:58 synced SP_M.GA_EXP_GA_STD.cs → D:\design_\Paisley\Paisley_Exam\Paisley_Exam\macros\modeling
2026-10-03T00:08:58 synced SP_M.SINGLE_standard.cs → D:\design_\Paisley\Paisley_Exam\Paisley_Exam\macros\modeling
2026-10-03T00:08:58 synced bundled macros → firm: D:\design_\METRIC_FIRM2021\macros\modeling
2026-10-03T00:08:58 === session mode=smoke mark=W10-175 ===
2026-10-03T00:08:58 model=Paisley_Exam.db1 path=D:\design_\Paisley\Paisley_Exam\Paisley_Exam
2026-10-03T00:08:58 macros.log=C:\Users\ASUS\Desktop\2d_tekla\Export\CivilDrawings\new with macros\macros.log
2026-10-03T00:08:58 if AKIT dies inside Tekla, check C:\Users\ASUS\AppData\Local\Trimble\TeklaStructures\2026.0\logs and the Tekla session log
2026-10-03T00:08:58 session drawings before macros=136
2026-10-03T00:09:22 WALL=1 COLUMN=0 BEAM=0 mark=W10-175 (precast only; hollowcore/insulation/formliner skipped)
2026-10-03T00:09:22 smoke hardware CU batch 1/1 n=1
2026-10-03T00:09:22 CloseActiveDrawing (before smoke hardware CU batch 1)
2026-10-03T00:09:22 Select n=1 ok=True
2026-10-03T00:09:22 CommitChanges after select
2026-10-03T00:09:22 RunMacro SP_M.CU_PG1_11X17.cs (smoke hardware CU batch 1, n=1, marks=W10-175, drawingsBefore=136)
2026-10-03T00:09:22 trying SP_M.CU_PG1_11X17.cs
2026-10-03T00:09:40 RunMacro bool=True path=SP_M.CU_PG1_11X17.cs
2026-10-03T00:09:40 started SP_M.CU_PG1_11X17.cs
2026-10-03T00:09:40 wait SP_M.CU_PG1_11X17.cs t=0s IsMacroRunning=False drawings=137 (need > 136)
2026-10-03T00:09:42 CloseActiveDrawing (new sheet from SP_M.CU_PG1_11X17.cs)
2026-10-03T00:09:42 drawing-count delta 136 → 137 after 0s
2026-10-03T00:09:42 CloseActiveDrawing (after SP_M.CU_PG1_11X17.cs)
2026-10-03T00:09:42 drawings 136 → 137 after SP_M.CU_PG1_11X17.cs fallbackInsert=no
2026-10-03T00:09:42 CloseActiveDrawing (between batches)
2026-10-03T00:09:42 smoke rebar placing CU batch 1/1 n=1
2026-10-03T00:09:42 CloseActiveDrawing (before smoke rebar placing CU batch 1)
2026-10-03T00:09:42 Select n=1 ok=True
2026-10-03T00:09:42 CommitChanges after select
2026-10-03T00:09:42 RunMacro SP_M.CU_PG2_11X17.cs (smoke rebar placing CU batch 1, n=1, marks=W10-175, drawingsBefore=137)
2026-10-03T00:09:42 trying SP_M.CU_PG2_11X17.cs
2026-10-03T00:10:04 RunMacro bool=True path=SP_M.CU_PG2_11X17.cs
2026-10-03T00:10:04 started SP_M.CU_PG2_11X17.cs
2026-10-03T00:10:04 wait SP_M.CU_PG2_11X17.cs t=0s IsMacroRunning=False drawings=138 (need > 137)
2026-10-03T00:10:06 CloseActiveDrawing (new sheet from SP_M.CU_PG2_11X17.cs)
2026-10-03T00:10:06 drawing-count delta 137 → 138 after 0s
2026-10-03T00:10:06 CloseActiveDrawing (after SP_M.CU_PG2_11X17.cs)
2026-10-03T00:10:06 drawings 137 → 138 after SP_M.CU_PG2_11X17.cs fallbackInsert=no
2026-10-03T00:10:06 CloseActiveDrawing (between batches)
2026-10-03T00:10:06 smoke rebar table CU batch 1/1 n=1
2026-10-03T00:10:06 CloseActiveDrawing (before smoke rebar table CU batch 1)
2026-10-03T00:10:06 Select n=1 ok=True
2026-10-03T00:10:06 CommitChanges after select
2026-10-03T00:10:07 RunMacro SP_M.CU_PG3_11X17.cs (smoke rebar table CU batch 1, n=1, marks=W10-175, drawingsBefore=138)
2026-10-03T00:10:07 trying SP_M.CU_PG3_11X17.cs
2026-10-03T00:10:10 RunMacro bool=True path=SP_M.CU_PG3_11X17.cs
2026-10-03T00:10:10 started SP_M.CU_PG3_11X17.cs
2026-10-03T00:10:10 wait SP_M.CU_PG3_11X17.cs t=0s IsMacroRunning=False drawings=139 (need > 138)
2026-10-03T00:10:12 CloseActiveDrawing (new sheet from SP_M.CU_PG3_11X17.cs)
2026-10-03T00:10:12 drawing-count delta 138 → 139 after 0s
2026-10-03T00:10:12 CloseActiveDrawing (after SP_M.CU_PG3_11X17.cs)
2026-10-03T00:10:12 drawings 138 → 139 after SP_M.CU_PG3_11X17.cs fallbackInsert=no
2026-10-03T00:10:12 CloseActiveDrawing (between batches)
2026-10-03T00:10:12 smoke: skipped beams and floor GA
2026-10-03T00:10:12 session drawings 136 → 139 after smoke macros
2026-10-03T01:17:26 CloseActiveDrawing (RunMacros start)
2026-10-03T01:17:26 bundled macros src=C:\Users\ASUS\Desktop\2d_tekla\bin\Release\net48\LocalMacros dest=D:\design_\Paisley\Paisley_Exam\Paisley_Exam\macros\modeling
2026-10-03T01:17:26 synced AutoCompressAndEdit11x17.cs → D:\design_\Paisley\Paisley_Exam\Paisley_Exam\macros\modeling
2026-10-03T01:17:26 synced SP_M.ASSEMBLY_standard.cs → D:\design_\Paisley\Paisley_Exam\Paisley_Exam\macros\modeling
2026-10-03T01:17:26 synced SP_M.BM_SET_11x17.cs → D:\design_\Paisley\Paisley_Exam\Paisley_Exam\macros\modeling
2026-10-03T01:17:26 synced SP_M.CU_PG1_11X17.cs → D:\design_\Paisley\Paisley_Exam\Paisley_Exam\macros\modeling
2026-10-03T01:17:26 synced SP_M.CU_PG2_11X17.cs → D:\design_\Paisley\Paisley_Exam\Paisley_Exam\macros\modeling
2026-10-03T01:17:26 synced SP_M.CU_PG3_11X17.cs → D:\design_\Paisley\Paisley_Exam\Paisley_Exam\macros\modeling
2026-10-03T01:17:26 synced SP_M.GA_EXP_GA_STD.cs → D:\design_\Paisley\Paisley_Exam\Paisley_Exam\macros\modeling
2026-10-03T01:17:26 synced SP_M.SINGLE_standard.cs → D:\design_\Paisley\Paisley_Exam\Paisley_Exam\macros\modeling
2026-10-03T01:17:26 synced bundled macros → firm: D:\design_\METRIC_FIRM2021\macros\modeling
2026-10-03T01:17:26 === session mode=smoke mark=W10-175 ===
2026-10-03T01:17:26 model=Paisley_Exam.db1 path=D:\design_\Paisley\Paisley_Exam\Paisley_Exam
2026-10-03T01:17:26 macros.log=C:\Users\ASUS\Desktop\2d_tekla\Export\CivilDrawings\new with macros\macros.log
2026-10-03T01:17:26 if AKIT dies inside Tekla, check C:\Users\ASUS\AppData\Local\Trimble\TeklaStructures\2026.0\logs and the Tekla session log
2026-10-03T01:17:26 session drawings before macros=136
2026-10-03T01:17:57 WALL=1 COLUMN=0 BEAM=0 mark=W10-175 (precast only; hollowcore/insulation/formliner skipped)
2026-10-03T01:17:57 smoke hardware CU batch 1/1 n=1
2026-10-03T01:17:57 CloseActiveDrawing (before smoke hardware CU batch 1)
2026-10-03T01:17:57 Select n=1 ok=True
2026-10-03T01:17:57 CommitChanges after select
2026-10-03T01:17:58 RunMacro SP_M.CU_PG1_11X17.cs (smoke hardware CU batch 1, n=1, marks=W10-175, drawingsBefore=136)
2026-10-03T01:17:58 trying SP_M.CU_PG1_11X17.cs
2026-10-03T01:18:10 RunMacro bool=True path=SP_M.CU_PG1_11X17.cs
2026-10-03T01:18:10 started SP_M.CU_PG1_11X17.cs
2026-10-03T01:18:10 wait SP_M.CU_PG1_11X17.cs t=0s IsMacroRunning=False drawings=137 (need > 136)
2026-10-03T01:18:12 CloseActiveDrawing (new sheet from SP_M.CU_PG1_11X17.cs)
2026-10-03T01:18:12 drawing-count delta 136 → 137 after 0s
2026-10-03T01:18:12 CloseActiveDrawing (after SP_M.CU_PG1_11X17.cs)
2026-10-03T01:18:12 drawings 136 → 137 after SP_M.CU_PG1_11X17.cs fallbackInsert=no
2026-10-03T01:18:12 CloseActiveDrawing (between batches)
2026-10-03T01:18:12 smoke rebar placing CU batch 1/1 n=1
2026-10-03T01:18:12 CloseActiveDrawing (before smoke rebar placing CU batch 1)
2026-10-03T01:18:12 Select n=1 ok=True
2026-10-03T01:18:12 CommitChanges after select
2026-10-03T01:18:12 RunMacro SP_M.CU_PG2_11X17.cs (smoke rebar placing CU batch 1, n=1, marks=W10-175, drawingsBefore=137)
2026-10-03T01:18:12 trying SP_M.CU_PG2_11X17.cs
2026-10-03T01:18:35 RunMacro bool=True path=SP_M.CU_PG2_11X17.cs
2026-10-03T01:18:35 started SP_M.CU_PG2_11X17.cs
2026-10-03T01:18:35 wait SP_M.CU_PG2_11X17.cs t=0s IsMacroRunning=False drawings=138 (need > 137)
2026-10-03T01:18:37 CloseActiveDrawing (new sheet from SP_M.CU_PG2_11X17.cs)
2026-10-03T01:18:37 drawing-count delta 137 → 138 after 0s
2026-10-03T01:18:37 CloseActiveDrawing (after SP_M.CU_PG2_11X17.cs)
2026-10-03T01:18:37 drawings 137 → 138 after SP_M.CU_PG2_11X17.cs fallbackInsert=no
2026-10-03T01:18:37 CloseActiveDrawing (between batches)
2026-10-03T01:18:37 smoke rebar table CU batch 1/1 n=1
2026-10-03T01:18:37 CloseActiveDrawing (before smoke rebar table CU batch 1)
2026-10-03T01:18:37 Select n=1 ok=True
2026-10-03T01:18:37 CommitChanges after select
2026-10-03T01:18:37 RunMacro SP_M.CU_PG3_11X17.cs (smoke rebar table CU batch 1, n=1, marks=W10-175, drawingsBefore=138)
2026-10-03T01:18:37 trying SP_M.CU_PG3_11X17.cs
2026-10-03T01:18:41 RunMacro bool=True path=SP_M.CU_PG3_11X17.cs
2026-10-03T01:18:41 started SP_M.CU_PG3_11X17.cs
2026-10-03T01:18:41 wait SP_M.CU_PG3_11X17.cs t=0s IsMacroRunning=False drawings=139 (need > 138)
2026-10-03T01:18:43 CloseActiveDrawing (new sheet from SP_M.CU_PG3_11X17.cs)
2026-10-03T01:18:43 drawing-count delta 138 → 139 after 0s
2026-10-03T01:18:43 CloseActiveDrawing (after SP_M.CU_PG3_11X17.cs)
2026-10-03T01:18:43 drawings 138 → 139 after SP_M.CU_PG3_11X17.cs fallbackInsert=no
2026-10-03T01:18:43 CloseActiveDrawing (between batches)
2026-10-03T01:18:43 smoke: skipped beams and floor GA
2026-10-03T01:18:43 session drawings 136 → 139 after smoke macros
2026-10-03T01:24:21 CloseActiveDrawing (RunMacros start)
2026-10-03T01:24:21 bundled macros src=C:\Users\ASUS\Desktop\2d_tekla\bin\Release\net48\LocalMacros dest=D:\design_\Paisley\Paisley_Exam\Paisley_Exam\macros\modeling
2026-10-03T01:24:21 synced AutoCompressAndEdit11x17.cs → D:\design_\Paisley\Paisley_Exam\Paisley_Exam\macros\modeling
2026-10-03T01:24:21 synced SP_M.ASSEMBLY_standard.cs → D:\design_\Paisley\Paisley_Exam\Paisley_Exam\macros\modeling
2026-10-03T01:24:21 synced SP_M.BM_SET_11x17.cs → D:\design_\Paisley\Paisley_Exam\Paisley_Exam\macros\modeling
2026-10-03T01:24:21 synced SP_M.CU_PG1_11X17.cs → D:\design_\Paisley\Paisley_Exam\Paisley_Exam\macros\modeling
2026-10-03T01:24:21 synced SP_M.CU_PG2_11X17.cs → D:\design_\Paisley\Paisley_Exam\Paisley_Exam\macros\modeling
2026-10-03T01:24:21 synced SP_M.CU_PG3_11X17.cs → D:\design_\Paisley\Paisley_Exam\Paisley_Exam\macros\modeling
2026-10-03T01:24:21 synced SP_M.GA_EXP_GA_STD.cs → D:\design_\Paisley\Paisley_Exam\Paisley_Exam\macros\modeling
2026-10-03T01:24:21 synced SP_M.SINGLE_standard.cs → D:\design_\Paisley\Paisley_Exam\Paisley_Exam\macros\modeling
2026-10-03T01:24:21 synced bundled macros → firm: D:\design_\METRIC_FIRM2021\macros\modeling
2026-10-03T01:24:21 === session mode=smoke mark=W10-175 ===
2026-10-03T01:24:21 model=Paisley_Exam.db1 path=D:\design_\Paisley\Paisley_Exam\Paisley_Exam
2026-10-03T01:24:21 macros.log=C:\Users\ASUS\Desktop\2d_tekla\Export\CivilDrawings\new with macros\macros.log
2026-10-03T01:24:21 if AKIT dies inside Tekla, check C:\Users\ASUS\AppData\Local\Trimble\TeklaStructures\2026.0\logs and the Tekla session log
2026-10-03T01:24:21 session drawings before macros=136
2026-10-03T01:24:51 WALL=1 COLUMN=0 BEAM=0 mark=W10-175 (precast only; hollowcore/insulation/formliner skipped)
2026-10-03T01:24:51 smoke hardware CU batch 1/1 n=1
2026-10-03T01:24:51 CloseActiveDrawing (before smoke hardware CU batch 1)
2026-10-03T01:24:51 Select n=1 ok=True
2026-10-03T01:24:51 CommitChanges after select
2026-10-03T01:24:52 RunMacro SP_M.CU_PG1_11X17.cs (smoke hardware CU batch 1, n=1, marks=W10-175, drawingsBefore=136)
2026-10-03T01:24:52 trying SP_M.CU_PG1_11X17.cs
2026-10-03T01:24:57 RunMacro bool=True path=SP_M.CU_PG1_11X17.cs
2026-10-03T01:24:57 started SP_M.CU_PG1_11X17.cs
2026-10-03T01:24:57 wait SP_M.CU_PG1_11X17.cs t=0s IsMacroRunning=False drawings=137 (need > 136)
2026-10-03T01:24:59 CloseActiveDrawing (new sheet from SP_M.CU_PG1_11X17.cs)
2026-10-03T01:24:59 drawing-count delta 136 → 137 after 0s
2026-10-03T01:24:59 CloseActiveDrawing (after SP_M.CU_PG1_11X17.cs)
2026-10-03T01:24:59 drawings 136 → 137 after SP_M.CU_PG1_11X17.cs fallbackInsert=no
2026-10-03T01:24:59 CloseActiveDrawing (between batches)
2026-10-03T01:24:59 smoke rebar placing CU batch 1/1 n=1
2026-10-03T01:24:59 CloseActiveDrawing (before smoke rebar placing CU batch 1)
2026-10-03T01:24:59 Select n=1 ok=True
2026-10-03T01:24:59 CommitChanges after select
2026-10-03T01:24:59 RunMacro SP_M.CU_PG2_11X17.cs (smoke rebar placing CU batch 1, n=1, marks=W10-175, drawingsBefore=137)
2026-10-03T01:24:59 trying SP_M.CU_PG2_11X17.cs
2026-10-03T01:25:12 RunMacro bool=True path=SP_M.CU_PG2_11X17.cs
2026-10-03T01:25:12 started SP_M.CU_PG2_11X17.cs
2026-10-03T01:25:12 wait SP_M.CU_PG2_11X17.cs t=0s IsMacroRunning=False drawings=138 (need > 137)
2026-10-03T01:25:13 CloseActiveDrawing (new sheet from SP_M.CU_PG2_11X17.cs)
2026-10-03T01:25:13 drawing-count delta 137 → 138 after 0s
2026-10-03T01:25:13 CloseActiveDrawing (after SP_M.CU_PG2_11X17.cs)
2026-10-03T01:25:13 drawings 137 → 138 after SP_M.CU_PG2_11X17.cs fallbackInsert=no
2026-10-03T01:25:13 CloseActiveDrawing (between batches)
2026-10-03T01:25:13 smoke rebar table CU batch 1/1 n=1
2026-10-03T01:25:13 CloseActiveDrawing (before smoke rebar table CU batch 1)
2026-10-03T01:25:13 Select n=1 ok=True
2026-10-03T01:25:13 CommitChanges after select
2026-10-03T01:25:14 RunMacro SP_M.CU_PG3_11X17.cs (smoke rebar table CU batch 1, n=1, marks=W10-175, drawingsBefore=138)
2026-10-03T01:25:14 trying SP_M.CU_PG3_11X17.cs
2026-10-03T01:25:16 RunMacro bool=True path=SP_M.CU_PG3_11X17.cs
2026-10-03T01:25:16 started SP_M.CU_PG3_11X17.cs
2026-10-03T01:25:16 wait SP_M.CU_PG3_11X17.cs t=0s IsMacroRunning=False drawings=139 (need > 138)
2026-10-03T01:25:18 CloseActiveDrawing (new sheet from SP_M.CU_PG3_11X17.cs)
2026-10-03T01:25:18 drawing-count delta 138 → 139 after 0s
2026-10-03T01:25:18 CloseActiveDrawing (after SP_M.CU_PG3_11X17.cs)
2026-10-03T01:25:18 drawings 138 → 139 after SP_M.CU_PG3_11X17.cs fallbackInsert=no
2026-10-03T01:25:18 CloseActiveDrawing (between batches)
2026-10-03T01:25:18 smoke: skipped beams and floor GA
2026-10-03T01:25:18 session drawings 136 → 139 after smoke macros
