PieceMark,Mark,Size,Grade,ShapeType,ShapeCode,SourceType,FrozenState,Qty,DiameterMm,A,B,C,D,E,F,G,H,H2,J,K,K2,O,TotalLengthMm,TotalAreaMm2,WeightKg,Guid
L-5,RS10M 0017,10M,400W,straight,STR,RebarGroup,,1,10,1488,1499,,,,,,,,,,,,1488,,1.2,5a31895b-33c3-4215-8990-fc0d3ee528ec
L-5,RB10M 0011,10M,400W,bent,20,RebarGroup,,4,10,1493.5,103,158,1500,,,,,,,,,,1704,,1.3,435c3af8-f207-47e7-b144-ec7395a63e2c
L-5,RS10M 0008,10M,400W,straight,STR,RebarGroup,,1,10,1057,1067,,,,,,,,,,,,1057,,0.8,8a20cbe2-296c-4339-af30-87ab2d7e7ff0
L-5,RS10M 0016,10M,400W,straight,STR,RebarGroup,,5,10,1590,1601,,,,,,,,,,,,1590,,1.2,3d7292fc-3722-4e34-b12a-fea5fbd9d2e2
L-5,RS10M 0008,10M,400W,straight,STR,RebarGroup,,2,10,1057,1067,,,,,,,,,,,,1057,,0.8,e6cfaffb-3be6-439a-818c-f771b3ae9a4d
L-5,RS15M 0015,15M,400W,straight,STR,RebarGroup,,1,15,1057,1067,,,,,,,,,,,,1057,,1.7,fdbc9de6-cf05-47b5-83fa-e993121f4f3b
L-5,RB15M 0009,15M,400W,bent,20,RebarGroup,,5,15,1780,258,162,1789,,,,,,,,,,2127,,3.3,b4ea9e54-cf34-466c-b95c-884426032281
L-5,RS15M 0005,15M,400W,straight,STR,RebarGroup,,6,15,2029,2032,,,,,,,,,,,,2029,,3.2,8d5841ce-e45d-4ecd-9f1e-351c0ad83b39
L-5,RS15M 0055,15M,400W,straight,STR,RebarGroup,,1,15,2205,2210,,,,,,,,,,,,2205,,3.5,0bf7f09c-0e30-4884-ab44-ea69a002edb8
L-5,RS10M 0054,10M,400W,straight,STR,RebarGroup,,1,10,2205,2210,,,,,,,,,,,,2205,,1.7,655faed0-a0cc-42f4-83b6-394bce0a6603
L-5,RS15M 0014,15M,400W,straight,STR,RebarGroup,,7,15,2455,2464,,,,,,,,,,,,2455,,3.9,76d35b6c-2d65-4e46-b17d-e6ec37693317
L-5,RS10M 0012,10M,400W,straight,STR,RebarGroup,,5,10,2455,2464,,,,,,,,,,,,2455,,1.9,a07915c6-b006-45dc-86e4-eeffaa42ad5d
L-4,RS10M 0017,10M,400W,straight,STR,RebarGroup,,1,10,1488,1499,,,,,,,,,,,,1488,,1.2,0385a417-4ba9-467b-95d4-83554df45589
L-4,RB10M 0011,10M,400W,bent,20,RebarGroup,,4,10,1493.5,103,158,1500,,,,,,,,,,1704,,1.3,e7d78640-1b7e-4bf5-ac3f-420d47e6637c
L-4,RS10M 0008,10M,400W,straight,STR,RebarGroup,,1,10,1057,1067,,,,,,,,,,,,1057,,0.8,4b39652b-80c3-4c72-8e99-f28b1e88cb6f
L-4,RS10M 0016,10M,400W,straight,STR,RebarGroup,,5,10,1590,1601,,,,,,,,,,,,1590,,1.2,33d27077-47fc-492f-9b57-3014d7e496e7
L-4,RS10M 0008,10M,400W,straight,STR,RebarGroup,,2,10,1057,1067,,,,,,,,,,,,1057,,0.8,fb1060e0-ed3d-4bd1-881d-4ff04d3d0864
L-4,RS15M 0015,15M,400W,straight,STR,RebarGroup,,1,15,1057,1067,,,,,,,,,,,,1057,,1.7,3e1635fa-051e-4eef-8800-d717194d882d
L-4,RB15M 0009,15M,400W,bent,20,RebarGroup,,5,15,1780,258,162,1789,,,,,,,,,,2127,,3.3,83989477-b8ac-4e69-b9b4-7a6ce80a2b03
L-4,RS15M 0005,15M,400W,straight,STR,RebarGroup,,6,15,2029,2032,,,,,,,,,,,,2029,,3.2,6e014106-485d-4ce6-9b33-ba26c2928d8d
L-4,RS15M 0014,15M,400W,straight,STR,RebarGroup,,7,15,2455,2464,,,,,,,,,,,,2455,,3.9,f557722e-8e4a-4f74-a179-7c1e7069bd6f
L-4,RS10M 0012,10M,400W,straight,STR,RebarGroup,,5,10,2455,2464,,,,,,,,,,,,2455,,1.9,1f1477c9-7d37-4156-83b8-e27dadd3d2bd
L-4,RS15M 0057,15M,400W,straight,STR,RebarGroup,,1,15,2005,2007,,,,,,,,,,,,2005,,3.1,96648935-60b7-4369-8e26-3c48a2f82f08
L-4,RS10M 0056,10M,400W,straight,STR,RebarGroup,,1,10,2005,2007,,,,,,,,,,,,2005,,1.6,596c1725-eb1b-4ec7-896e-664165e14052
SR-1,RB15M 0005,15M,400W,bent,TS3_1,RebarGroup,,3,15,5240,269,,,,,,,,,,,,5502,,8.6,8bf9567a-79a0-4f68-a432-a3415db3f7a8
SR-1,RB15M 0006,15M,400W,bent,TS5_1,RebarGroup,,7,15,175,169,5314,,,,,,,,,,,5621,,8.8,6e9dcaa3-9718-4cd4-a286-9f09e56a4d6a
SR-1,RS10M 0003,10M,400W,straight,STR,RebarGroup,,19,10,986,991,,,,,,,,,,,,986,,0.8,fc4e1c67-bc50-4a14-9e67-204f6ebda693
SR-1,RS10M 0003,10M,400W,straight,STR,RebarGroup,,1,10,986,991,,,,,,,,,,,,986,,0.8,4c2e5857-3fb2-42ae-ab9b-64c1d26b9b54
SR-1,RS10M 0003,10M,400W,straight,STR,RebarGroup,,1,10,986,991,,,,,,,,,,,,986,,0.8,18b7f90f-2a2c-49ed-a387-68cdba2784d3
SR-1,RB10M 0007,10M,400W,stirrup,Unknown,RebarGroup,,7,10,181.8,89.4,106.6,165.7,607.1,,,,,,,,,1117,,0.9,1e0cfb7f-6d10-4c99-a856-6749d45e8bb1
SR-1,P-206-210M 0001,10M,400W,bent,TS3_2,SingleRebar,,1,10,229,229,,,,,,,,,,,,466,,0.4,2e75642c-1808-483f-9148-493c35a5744f
SR-1,P-206-210M 0001,10M,400W,bent,TS3_2,SingleRebar,,1,10,229,229,,,,,,,,,,,,466,,0.4,7d0558d5-380a-4ed6-bb10-b31d26463da7
SR-1,P-206-210M 0001,10M,400W,bent,TS3_2,SingleRebar,,1,10,229,229,,,,,,,,,,,,466,,0.4,73aa5daa-1d45-4526-99b3-4f0093d3c4a5
SR-1,P-206-210M 0001,10M,400W,bent,TS3_2,SingleRebar,,1,10,229,229,,,,,,,,,,,,466,,0.4,341f9145-6164-4887-a44a-37c5807f9878
SR-2,RB10M 0007,10M,400W,stirrup,Unknown,RebarGroup,,7,10,181.8,89.4,106.6,165.7,607.1,,,,,,,,,1117,,0.9,c7ab53aa-6edc-44f6-a277-837cc54ee7e2
SR-2,RB10M 0003,10M,400W,bent,TS3_1,RebarGroup,,3,10,4522,261,,,,,,,,,,,,4778,,3.8,9c8f9a60-6ef3-44d3-99d6-e99caef4115c
SR-2,RB15M 0004,15M,400W,bent,TS5_1,RebarGroup,,7,15,168,175,4596,,,,,,,,,,,4901,,7.7,eb250cc4-5482-4812-96b0-19879a7b78e1
SR-2,RS10M 0003,10M,400W,straight,STR,RebarGroup,,17,10,986,991,,,,,,,,,,,,986,,0.8,fd544add-8295-4504-9e6b-f95f5f563a08
SR-2,RS10M 0003,10M,400W,straight,STR,RebarGroup,,1,10,986,991,,,,,,,,,,,,986,,0.8,7a5533e3-6fb2-47aa-b5fb-c6b2cfbba022
SR-2,RS10M 0003,10M,400W,straight,STR,RebarGroup,,1,10,986,991,,,,,,,,,,,,986,,0.8,3665086e-2194-48ab-a689-b50551f242fe
SR-2,P-206-210M 0001,10M,400W,bent,TS3_2,SingleRebar,,1,10,229,229,,,,,,,,,,,,466,,0.4,db2c600d-fdd0-4335-98da-94b069ac5679
SR-2,P-206-210M 0001,10M,400W,bent,TS3_2,SingleRebar,,1,10,229,229,,,,,,,,,,,,466,,0.4,b5a68eea-88a3-431a-b709-e3cfaed1703b
SR-2,P-206-210M 0001,10M,400W,bent,TS3_2,SingleRebar,,1,10,229,229,,,,,,,,,,,,466,,0.4,ec084798-6584-4ef1-9144-79b5dfc68c78
SR-2,P-206-210M 0001,10M,400W,bent,TS3_2,SingleRebar,,1,10,229,229,,,,,,,,,,,,466,,0.4,2b619885-54a1-427c-86ef-49629aae4c7f
W10-34,RB25M 0139,25M,400W,bent,17,SingleRebar,,1,25,198,212,2085,212,,,,,,,,,,2377,,9.3,9055e134-a6bb-4abe-ab5c-38e9f8bf3b29
W10-34,RB10M 0040,10M,400W,stirrup,T1,RebarGroup,,11,10,102,161,1676,161,1676,1662.8,102,74.1,,,,,,3790,,3,7dabacfd-b359-43f3-afa4-1e2980279c62
W10-34,RS10M 0091,10M,400W,straight,STR,RebarGroup,,8,10,2002.4,2007,,,,,,,,,,,,2003,,1.6,59e2337a-630a-4750-9f0c-13e81112702e
W10-34,RS10M 0091,10M,400W,straight,STR,RebarGroup,,8,10,2002.4,2007,,,,,,,,,,,,2003,,1.6,cf53b40b-d993-415c-b36d-3870f4beb307
W10-34,RB10M 0046,10M,400W,bent,17,RebarGroup,,9,10,323.5,330,161,330,,,,,,,,,,763,,0.6,eb0d7ddd-391e-47de-ba22-f4e347436b73
W10-34,RB10M 0046,10M,400W,bent,17,RebarGroup,,11,10,323.5,330,161,330,,,,,,,,,,763,,0.6,b49d8d70-1f91-4661-8ab1-6645fe424d72
W10-34,RS10M 0030,10M,400W,straight,STR,RebarGroup,,2,10,600,610,,,,,,,,,,,,600,,0.5,5dbf4a6f-765b-46c2-8b60-6aa8df3e472f
W10-34,RS10M 0030,10M,400W,straight,STR,RebarGroup,,2,10,600,610,,,,,,,,,,,,600,,0.5,d37b478b-4b7b-4a4b-bc3b-8d7c9cb21b3c
W10-34,RS10M 0030,10M,400W,straight,STR,RebarGroup,,2,10,600,610,,,,,,,,,,,,600,,0.5,59cac20b-d1e5-415e-9912-83899ed0827e
W10-34,RS10M 0030,10M,400W,straight,STR,RebarGroup,,2,10,600,610,,,,,,,,,,,,600,,0.5,9c4dc9a2-890c-4df9-b0ed-aba8761a66e3
W10-34,RS10M 0030,10M,400W,straight,STR,RebarGroup,,2,10,600,610,,,,,,,,,,,,600,,0.5,24033008-4496-4f68-888c-6a83ecc60624
W10-34,RS10M 0030,10M,400W,straight,STR,RebarGroup,,2,10,600,610,,,,,,,,,,,,600,,0.5,3422ee59-1e84-473a-a4cb-a36f216121c5
W10-34,RB10M 0051,10M,400W,bent,TS5_1,RebarGroup,,2,10,255,254,254,,,,,,,,,,,749,,0.6,1a5f7ca9-c958-4e3b-8dbd-5bdbefa4ef68
W10-34,RB10M 0051,10M,400W,bent,TS5_1,RebarGroup,,2,10,255,254,254,,,,,,,,,,,749,,0.6,d4348e31-c1dc-4bcf-baa1-6433104719ff
W10-34,RS15M 0093,15M,400W,straight,STR,SingleRebar,,1,15,1897,1905,,,,,,,,,,,,1898,,3,106c1c31-b99d-40bf-b769-e30722ccd7a0
W10-34,RS15M 0094,15M,400W,straight,STR,SingleRebar,,1,15,4912.2,4903,,,,,,,,,,,,4913,,7.7,e3689c67-4959-4238-b38e-26558297f005
W10-34,RS15M 0094,15M,400W,straight,STR,SingleRebar,,1,15,4912.2,4903,,,,,,,,,,,,4913,,7.7,774732eb-4126-4de2-b56b-0e89c9edf829
W10-34,RS15M 0093,15M,400W,straight,STR,SingleRebar,,1,15,1897,1905,,,,,,,,,,,,1898,,3,6cb51c6a-6dd1-4c8f-b36b-8312badb2128
W10-34,RS15M 0096,15M,400W,straight,STR,RebarGroup,,2,15,4749.4,4750,,,,,,,,,,,,4750,,7.5,9570f35d-4b64-4e4d-a844-2881d5c275a5
W10-34,RS15M 0097,15M,400W,straight,STR,RebarGroup,,2,15,2562.7,2566,,,,,,,,,,,,2563,,4,369ddabd-cb8e-44c6-b38d-ac4d784ca34f
W10-34,RB10M 0052,10M,400W,stirrup,TS67_2,RebarGroup,,14,10,100,160,279,160,278,160,100,,,,,,,1089,,0.9,47e81199-aa32-402b-b14c-75431704eadc
W10-34,RS15M 0023,15M,400W,straight,STR,RebarGroup,,15,15,3116.4,3125,,,,,,,,,,,,3117,,4.9,cca5415c-c281-44c2-83d0-91cb41d87cb5
W10-34,RS10M 0021,10M,400W,straight,STR,RebarGroup,,6,10,3116.4,3125,,,,,,,,,,,,3117,,2.4,447096d5-5e7c-4fee-aad4-c7d2733579ad
W10-34,RS10M 0064,10M,400W,straight,STR,RebarGroup,,6,10,3373.4,3379,,,,,,,,,,,,3374,,2.6,be6717e3-c6c9-4d88-901c-0357e4266664
W10-34,RB15M 0068,15M,400W,bent,Unknown,RebarGroup,,2,15,509.9,149,509.9,,,,,,,,,,,1136,,1.8,2e783e77-4e52-42a0-9c07-5269e4e76a95
W10-34,RS10M 0208,10M,400W,straight,STR,RebarGroup,,4,10,9264.4,9271,,,,,,,,,,,,9265,,7.3,26a87026-ecef-4be4-a0c8-3d7cfee5341b
W10-34,RS10M 0208,10M,400W,straight,STR,RebarGroup,,3,10,9264.4,9271,,,,,,,,,,,,9265,,7.3,79b13981-d596-4863-bed3-b3c31c7c3534
W10-34,RS15M 0096,15M,400W,straight,STR,RebarGroup,,2,15,4749.4,4750,,,,,,,,,,,,4750,,7.5,8a928eb2-3d16-4bb0-8075-964512b26bd9
W10-34,RS15M 0097,15M,400W,straight,STR,RebarGroup,,2,15,2562.7,2566,,,,,,,,,,,,2563,,4,99c19b99-768f-402e-9698-3fc4b24a0f3a
W10-34,RB10M 0050,10M,400W,stirrup,Unknown,RebarGroup,,15,10,93.1,653.5,147,1215.8,147,616.5,147,321.5,,,,,,4245,,3.3,2ad362fb-67e1-480c-96f1-f416a011223d
W10-34,RS15M 0019,15M,400W,straight,STR,RebarGroup,,15,15,3373.4,3379,,,,,,,,,,,,3374,,5.3,8b682681-09a6-4964-a9b4-1c091e322193
W10-34,RB10M 0051,10M,400W,bent,TS5_1,RebarGroup,,2,10,255,254,254,,,,,,,,,,,749,,0.6,43f90d58-3036-40e0-a0dd-93f59d85782a
W10-34,RB10M 0051,10M,400W,bent,TS5_1,RebarGroup,,2,10,255,254,254,,,,,,,,,,,749,,0.6,7cc72260-3b62-45b0-8b39-5506eae07d0c
W10-34,RS15M 0095,15M,400W,straight,STR,SingleRebar,,1,15,9264.4,9271,,,,,,,,,,,,9265,,14.5,558a6046-9ec9-4019-b2da-b41f56963b51
W10-34,RS15M 0255,15M,400W,straight,STR,SingleRebar,,1,15,1831.5,1829,,,,,,,,,,,,1832,,2.9,f15c8983-0fff-4ba2-872d-ffb642d6ea1f
W10-34,RS15M 0095,15M,400W,straight,STR,SingleRebar,,1,15,9264.4,9271,,,,,,,,,,,,9265,,14.5,8d57536a-7aae-4cbd-b26d-2dc6cc34ae72
W10-34,RS15M 0255,15M,400W,straight,STR,SingleRebar,,1,15,1831.5,1829,,,,,,,,,,,,1832,,2.9,33db7b73-5d85-4290-8429-67798a9ba476
W10-34,RS15M 0023,15M,400W,straight,STR,SingleRebar,,1,15,3116.4,3125,,,,,,,,,,,,3117,,4.9,98c0e139-4902-4031-bc76-799df0c70068
W10-34,RS15M 0023,15M,400W,straight,STR,SingleRebar,,1,15,3116.4,3125,,,,,,,,,,,,3117,,4.9,4e5eea88-3fea-44f9-afe4-71bbb78e1ea5
W10-34,RS15M 0256,15M,400W,straight,STR,SingleRebar,,1,15,3961,3963,,,,,,,,,,,,3961,,6.2,f5eb6a8e-8bf7-44d1-bb25-57911d6482d7
W10-34,RS15M 0256,15M,400W,straight,STR,SingleRebar,,1,15,3961,3963,,,,,,,,,,,,3961,,6.2,9e88febb-ac80-428f-aadb-203edd550667
W10-34,RB10M 0016,10M,400W,stirrup,Unknown,RebarGroup,,22,10,80,37.5,181,705.8,181,956.6,,,,,,,,2096,,1.6,0644d6e8-a607-4601-af87-7439831a9725
W10-34,RB10M 0049,10M,400W,stirrup,T1,RebarGroup,,12,10,99,189,194,189,194,175.8,99,80,,,,,,890,,0.7,1e556ecb-de2d-4bae-a297-84b4e5a90c87
P6-30,RS10M 0030,10M,400W,straight,STR,RebarGroup,,1,10,600,610,,,,,,,,,,,,600,,0.5,b9b0c99c-c857-4c92-b04d-fb21debdcdd3
P6-30,RS10M 0030,10M,400W,straight,STR,RebarGroup,,1,10,600,610,,,,,,,,,,,,600,,0.5,e37d60fb-45ae-445f-ba4c-c9d3899d07f1
P6-30,RB10M 0051,10M,400W,bent,TS5_1,RebarGroup,,1,10,255,254,254,,,,,,,,,,,749,,0.6,94249bd2-0ce5-4cfe-81a2-cc4fa84fa917
P6-30,RB10M 0051,10M,400W,bent,TS5_1,RebarGroup,,1,10,255,254,254,,,,,,,,,,,749,,0.6,bf3f1671-c29e-47d5-b4fe-73f838d8a232
P6-30,RB10M 0051,10M,400W,bent,TS5_1,RebarGroup,,1,10,255,254,254,,,,,,,,,,,749,,0.6,411b34fb-6c97-4691-84c6-7528fd4cc33e
P6-30,RB10M 0051,10M,400W,bent,TS5_1,RebarGroup,,1,10,255,254,254,,,,,,,,,,,749,,0.6,f88aeae0-fc5d-4311-a5f1-6550dd66bb5d
P6-30,RB10M 0094,10M,400W,bent,S11,SingleRebar,,1,10,503.5,1072,503.5,,,,,,,,,,103,1065,,0.8,ad501a36-3f9a-42c8-b3b0-f3dd740f2a0d
P6-30,RS10M 0030,10M,400W,straight,STR,RebarGroup,,1,10,600,610,,,,,,,,,,,,600,,0.5,0d9b93e0-cb87-40cf-a7da-0015481c0299
P6-30,RS10M 0030,10M,400W,straight,STR,RebarGroup,,1,10,600,610,,,,,,,,,,,,600,,0.5,12adae76-e042-4428-9f56-26ed020dc644
P6-30,MS 0012,W2.9/W2.9-152/152-2924/7868,A1064-GR.65,straight,,RebarMesh,,114,,2924.2,7869,2925,7869,2925,,,,,,,,,7868.2,22747804.6,36.1,62e74892-5c08-4079-93cf-ad6f5371c056
P6-30,RB10M 0168,10M,400W,stirrup,14,RebarGroup,,2,10,200,140,615,140,200,,,,100,,,,812,1267,,1,4f4d883a-4ed8-4c64-a03a-134d9c8495a6
P6-30,RB10M 0168,10M,400W,stirrup,14,RebarGroup,,2,10,200,140,615,140,200,,,,100,,,,812,1267,,1,c3c44db1-c673-4e62-b725-bea730bc35e8
P6-30,RB10M 0094,10M,400W,bent,S11,SingleRebar,,1,10,503.5,1072,503.5,,,,,,,,,,103,1065,,0.8,c6f8e97a-0068-4004-9c66-b33c30efe28d
P6-30,RB10M 0094,10M,400W,bent,S11,SingleRebar,,1,10,503.5,1072,503.5,,,,,,,,,,103,1065,,0.8,993bee2c-ecaf-439e-bb31-844f9c5ca74c
P6-30,RB10M 0094,10M,400W,bent,S11,SingleRebar,,1,10,503.5,1072,503.5,,,,,,,,,,103,1065,,0.8,e9fd3b10-971e-4e23-a109-2f167115cfa9
P6-30,RB10M 0094,10M,400W,bent,S11,SingleRebar,,1,10,503.5,1072,503.5,,,,,,,,,,103,1065,,0.8,9b93bd2f-ca59-4855-bf9f-32f65b5e85aa
P6-30,RS15M 0058,15M,400W,straight,STR,RebarGroup,,6,15,2875,2871,,,,,,,,,,,,2875,,4.5,13a364cd-0e5a-4773-b5c8-a975edb8eeca
P6-30,RS10M 0164,10M,400W,straight,STR,RebarGroup,,4,10,7819,7824,,,,,,,,,,,,7819,,6.1,c8e1aff1-43e0-4bc5-8329-6462c1b26a3a
P6-30,P-900-420M 0001,20M,400W,straight,STR,SingleRebar,,1,20,689,686,,,,,,,,,,,,689,,1.6,d4289ce7-16f0-4621-be33-c61fcb9e6653
P6-30,P-900-420M 0001,20M,400W,straight,STR,SingleRebar,,1,20,689,686,,,,,,,,,,,,689,,1.6,1f3f1fb4-6363-4d40-ad9f-5fb48aa76f13
P6-30,P-900-420M 0001,20M,400W,straight,STR,SingleRebar,,1,20,689,686,,,,,,,,,,,,689,,1.6,e332bd90-71dd-4f98-b0b5-dfeb7e9eb85f
P6-30,P-900-420M 0001,20M,400W,straight,STR,SingleRebar,,1,20,689,686,,,,,,,,,,,,689,,1.6,119ae936-4e73-4728-ae0a-5f4b02cb070a
P6-30,P-743-415M 0001,15M,400W,straight,STR,SingleRebar,,1,15,500,508,,,,,,,,,,,,500,,0.8,dbfd8955-77ea-4b9e-8e06-311b1825b23e
P6-30,P-743-415M 0001,15M,400W,straight,STR,SingleRebar,,1,15,500,508,,,,,,,,,,,,500,,0.8,2b86ee2f-26c3-4a5d-a3e3-f97764edebee
P6-30,P-743-510M 0001,10M,400W,straight,STR,SingleRebar,,1,10,406.4,407,,,,,,,,,,,,407,,0.3,ac5a0703-9ffb-4e2a-94e6-e50528d86f9e
P6-1,MS 0002,W2.9/W2.9-152/152-3424/12253,A1064-GR.65,straight,,RebarMesh,,139,,3424.2,12254,3425,12254,3425,,,,,,,,,12253.2,25339777.4,47.5,9dca65e8-befe-4cf4-b4b7-6a04cd5c2734
P6-1,RS10M 0030,10M,400W,straight,STR,RebarGroup,,1,10,600,610,,,,,,,,,,,,600,,0.5,78b6f146-4fe4-4331-8eaa-78790b8dc507
P6-1,RS10M 0030,10M,400W,straight,STR,RebarGroup,,1,10,600,610,,,,,,,,,,,,600,,0.5,99b7aa53-b724-4b3c-9b63-a5557770c1c4
P6-1,RS10M 0158,10M,400W,straight,STR,SingleRebar,,1,10,2911.9,2921,,,,,,,,,,,,2912,,2.3,260e2d96-49d7-41ac-ba89-174ead3ec67d
P6-1,RS10M 0159,10M,400W,straight,STR,SingleRebar,,1,10,12204,12192,,,,,,,,,,,,12204,,9.6,9147b186-09b0-4ee8-800d-4529b52bf6c3
P6-1,RS10M 0160,10M,400W,straight,STR,SingleRebar,,1,10,2806.7,2794,,,,,,,,,,,,2807,,2.2,970ec3a9-b89d-4df5-bf0a-95ef999afc3f
P6-1,RS10M 0138,10M,400W,straight,STR,SingleRebar,,1,10,154.1,153,,,,,,,,,,,,155,,0.1,7096c7a1-dffc-4313-8558-8582b099d87a
P6-1,RS10M 0158,10M,400W,straight,STR,SingleRebar,,1,10,2911.9,2921,,,,,,,,,,,,2912,,2.3,beb4792a-fd22-4bb1-bd8a-cd46df6b8945
P6-1,RS10M 0161,10M,400W,straight,STR,SingleRebar,,1,10,11551.8,11557,,,,,,,,,,,,11552,,9.1,e04f5c01-ce46-4cf3-aab8-61021c3fec08
P6-1,RB10M 0051,10M,400W,bent,TS5_1,RebarGroup,,1,10,255,254,254,,,,,,,,,,,749,,0.6,2e0ec5f4-8c9d-4d2e-8ce0-52c3eb7c4fe7
P6-1,RB10M 0051,10M,400W,bent,TS5_1,RebarGroup,,1,10,255,254,254,,,,,,,,,,,749,,0.6,061f6633-f975-4a9d-be84-d83921ae28ce
P6-1,RS10M 0160,10M,400W,straight,STR,SingleRebar,,1,10,2806.7,2794,,,,,,,,,,,,2807,,2.2,356fe3c9-b452-4c03-824c-426b79902f0c
P6-1,RS10M 0162,10M,400W,straight,STR,SingleRebar,,1,10,349,356,,,,,,,,,,,,349,,0.3,f4d44656-e3f7-42ef-b4a7-671662a35f50
P6-1,RB10M 0080,10M,400W,stirrup,14,RebarGroup,,2,10,255,147,244,140,254,,,,100,,,,450,1011,,0.8,cc90c3e1-f8c5-4bac-8ef0-5325473820f5
P6-1,RB10M 0080,10M,400W,stirrup,14,RebarGroup,,2,10,255,147,244,140,254,,,,100,,,,450,1011,,0.8,a59fc32f-f178-4056-bd53-962682019ea8
P6-1,RS15M 0168,15M,400W,straight,STR,RebarGroup,,4,15,3100,3099,,,,,,,,,,,,3100,,4.9,99da7901-5099-4038-aef6-cbed4bccc62f
P6-1,RS15M 0169,15M,400W,straight,STR,RebarGroup,,2,15,670.7,661,,,,,,,,,,,,671,,1.1,e0579a34-bd9f-4f73-b5ed-cc3a87bce4d7
P6-1,RS15M 0019,15M,400W,straight,STR,RebarGroup,,2,15,3375,3379,,,,,,,,,,,,3375,,5.3,870c109b-fb44-4718-90d1-aee25a21dd38
P6-1,RB25M 0030,25M,400W,bent,17,SingleRebar,,1,25,101,115,3231,115,,,,,,,,,,3329,,13.1,f647a125-0e29-41f5-aca6-45cb7fe3c05b
P6-1,RB25M 0030,25M,400W,bent,17,SingleRebar,,1,25,101,115,3231,115,,,,,,,,,,3329,,13.1,ea9721f5-2360-40bb-b719-bce9ce9a7811
P6-3,MS 0003,W2.9/W2.9-152/152-3424/7868,A1064-GR.65,straight,,RebarMesh,,116,,3424.2,7869,3425,7869,3425,,,,,,,,,7868.2,24640863.6,42.4,a17d813a-378d-4da2-994e-079018e847e5
P6-3,RS10M 0030,10M,400W,straight,STR,RebarGroup,,1,10,600,610,,,,,,,,,,,,600,,0.5,54168b31-509e-4838-b872-5f5cc43b82f2
P6-3,RS10M 0030,10M,400W,straight,STR,RebarGroup,,1,10,600,610,,,,,,,,,,,,600,,0.5,3c7c85a9-1e12-4eb2-bf56-84223f32568f
P6-3,RB10M 0051,10M,400W,bent,TS5_1,RebarGroup,,1,10,255,254,254,,,,,,,,,,,749,,0.6,c0ce1887-cec7-4ebb-81f1-392e0e8fe379
P6-3,RB10M 0051,10M,400W,bent,TS5_1,RebarGroup,,1,10,255,254,254,,,,,,,,,,,749,,0.6,4460b730-68b7-4f09-83d8-26ede510b2b2
P6-3,RB10M 0051,10M,400W,bent,TS5_1,RebarGroup,,1,10,255,254,254,,,,,,,,,,,749,,0.6,7af27186-8648-4472-8d06-26fb94a6f08b
P6-3,RB10M 0051,10M,400W,bent,TS5_1,RebarGroup,,1,10,255,254,254,,,,,,,,,,,749,,0.6,6faf656a-44ca-4cba-ad82-27945c7bd7f4
P6-3,RS10M 0163,10M,400W,straight,STR,RebarGroup,,4,10,7809,7798,,,,,,,,,,,,7809,,6.1,0e55fc98-307f-4409-b755-d53be1a2a17d
P6-3,RS10M 0030,10M,400W,straight,STR,RebarGroup,,1,10,600,610,,,,,,,,,,,,600,,0.5,98806ac7-1e04-49f4-a02f-66ee3939b417
P6-3,RS10M 0030,10M,400W,straight,STR,RebarGroup,,1,10,600,610,,,,,,,,,,,,600,,0.5,0dd90189-e38d-47bc-8b5c-8577fa3db945
P6-3,RS15M 0019,15M,400W,straight,STR,RebarGroup,,6,15,3375,3379,,,,,,,,,,,,3375,,5.3,561713b6-3ec1-4f5e-9bdd-306938b96a21
P6-5,MS 0005,W2.9/W2.9-152/152-3424/7868,A1064-GR.65,straight,,RebarMesh,,121,,3424.2,7869,3425,7869,3425,,,,,,,,,7868.2,26681011.6,42.2,0d1996c2-c62a-4967-a2ca-2e16f8b47b4d
P6-5,RS10M 0030,10M,400W,straight,STR,RebarGroup,,1,10,600,610,,,,,,,,,,,,600,,0.5,1be513cb-f5dd-484a-a362-46613d97a90c
P6-5,RS10M 0030,10M,400W,straight,STR,RebarGroup,,1,10,600,610,,,,,,,,,,,,600,,0.5,053c310f-85e0-4ce4-bb8d-846b8ec40699
P6-5,RB10M 0051,10M,400W,bent,TS5_1,RebarGroup,,1,10,255,254,254,,,,,,,,,,,749,,0.6,c73f0b28-3594-434c-9326-78ef62a90c76
P6-5,RB10M 0051,10M,400W,bent,TS5_1,RebarGroup,,1,10,255,254,254,,,,,,,,,,,749,,0.6,e549e841-349e-4f46-be3e-dc428dd51528
P6-5,RB10M 0051,10M,400W,bent,TS5_1,RebarGroup,,1,10,255,254,254,,,,,,,,,,,749,,0.6,e85999dd-e06e-474c-80fb-83a11aa22370
P6-5,RB10M 0051,10M,400W,bent,TS5_1,RebarGroup,,1,10,255,254,254,,,,,,,,,,,749,,0.6,caa10aac-de60-44b5-91a3-3446c8c3cb47
P6-5,RS10M 0030,10M,400W,straight,STR,RebarGroup,,1,10,600,610,,,,,,,,,,,,600,,0.5,2484ae9e-3a4f-4fb8-a4ee-f9e795b5aea6
P6-5,RS10M 0030,10M,400W,straight,STR,RebarGroup,,1,10,600,610,,,,,,,,,,,,600,,0.5,a58719f8-c77f-4d6b-bf72-e1c050aaee29
P6-5,RS15M 0019,15M,400W,straight,STR,RebarGroup,,6,15,3375,3379,,,,,,,,,,,,3375,,5.3,900329a9-f143-41b9-a114-89bbe044fb3c
P6-5,RS10M 0164,10M,400W,straight,STR,RebarGroup,,4,10,7819,7824,,,,,,,,,,,,7819,,6.1,61dc4170-a3f0-43dd-a26c-dc3488f822ac
P6-5,RB10M 0065,10M,400W,stirrup,14,RebarGroup,,2,10,200,147,615,140,200,,,,100,,,,821,1274,,1,8d9d93e4-1dae-4341-863d-adfb27f55967
P6-5,RB10M 0065,10M,400W,stirrup,14,RebarGroup,,2,10,200,147,615,140,200,,,,100,,,,821,1274,,1,5e04f7c6-7f73-4c27-a59d-f45034e282bf
P6-21,RS10M 0030,10M,400W,straight,STR,RebarGroup,,1,10,600,610,,,,,,,,,,,,600,,0.5,dc2c0e50-6182-4305-809b-7bce20298738
P6-21,RS10M 0030,10M,400W,straight,STR,RebarGroup,,1,10,600,610,,,,,,,,,,,,600,,0.5,a2c2df87-dfb9-45da-a5a2-1ef1288135f9
P6-21,RB10M 0051,10M,400W,bent,TS5_1,RebarGroup,,1,10,255,254,254,,,,,,,,,,,749,,0.6,5a0c8085-0157-498b-91bc-edf250cd73bc
P6-21,RB10M 0051,10M,400W,bent,TS5_1,RebarGroup,,1,10,255,254,254,,,,,,,,,,,749,,0.6,eaa0a759-50c3-43d9-bb29-57d9fbd24c00
P6-21,RB10M 0051,10M,400W,bent,TS5_1,RebarGroup,,1,10,255,254,254,,,,,,,,,,,749,,0.6,ee1acb5c-bf99-4804-88c2-76052d00df0f
P6-21,RB10M 0051,10M,400W,bent,TS5_1,RebarGroup,,1,10,255,254,254,,,,,,,,,,,749,,0.6,ee5a082d-8091-42ce-9b70-5b3def0624fb
P6-21,RB10M 0094,10M,400W,bent,S11,SingleRebar,,1,10,503.5,1072,503.5,,,,,,,,,,103,1065,,0.8,76358ea1-4c99-4432-bfda-af2b3d572f7c
P6-21,RB10M 0094,10M,400W,bent,S11,SingleRebar,,1,10,503.5,1072,503.5,,,,,,,,,,103,1065,,0.8,98e7ecc0-64dc-4888-94a8-138c6ea156ca
P6-21,RB10M 0094,10M,400W,bent,S11,SingleRebar,,1,10,503.5,1072,503.5,,,,,,,,,,103,1065,,0.8,67b058dd-1ecc-49df-991b-f8e991b3a25d
P6-21,RB10M 0094,10M,400W,bent,S11,SingleRebar,,1,10,503.5,1072,503.5,,,,,,,,,,103,1065,,0.8,2c55ce9c-02c4-4003-9b78-7aecb427e7fe
P6-21,RB10M 0094,10M,400W,bent,S11,SingleRebar,,1,10,503.5,1072,503.5,,,,,,,,,,103,1065,,0.8,acfd3725-ce22-4a51-9774-d7169f6f0372
P6-21,RS10M 0030,10M,400W,straight,STR,RebarGroup,,1,10,600,610,,,,,,,,,,,,600,,0.5,684d4ea0-77a6-4460-b80f-ae1d692e76d4
P6-21,RS10M 0030,10M,400W,straight,STR,RebarGroup,,1,10,600,610,,,,,,,,,,,,600,,0.5,df712c80-1866-4b10-8258-b812c7b89d1b
P6-21,MS 0010,W2.9/W2.9-152/152-2924/7868,A1064-GR.65,straight,,RebarMesh,,114,,2924.2,7869,2925,7869,2925,,,,,,,,,7868.2,22900390.5,36.1,3c60c851-c5cb-4e04-99e6-5790ea483623
P6-21,RB10M 0119,10M,400W,stirrup,14,RebarGroup,,2,10,200,147,606,140,200,,,,100,,,,812,1264,,1,eecbc17f-052e-429e-a222-68ffa026d22d
P6-21,RB10M 0119,10M,400W,stirrup,14,RebarGroup,,2,10,200,147,606,140,200,,,,100,,,,812,1264,,1,380a5139-3323-4557-a805-912107bf39f7
P6-21,RS15M 0058,15M,400W,straight,STR,RebarGroup,,6,15,2875,2871,,,,,,,,,,,,2876,,4.5,2df26534-612b-407c-a3df-3fd1835e3503
P6-21,RS10M 0164,10M,400W,straight,STR,RebarGroup,,4,10,7819,7824,,,,,,,,,,,,7819,,6.1,2857b636-6942-4032-8e0a-dcfc7e6f089e
P6-21,P-900-420M 0001,20M,400W,straight,STR,SingleRebar,,1,20,689,686,,,,,,,,,,,,689,,1.6,227ee087-2b0a-4a8a-8e89-43c6b7d065dd
P6-21,P-900-420M 0001,20M,400W,straight,STR,SingleRebar,,1,20,689,686,,,,,,,,,,,,689,,1.6,0353334e-de15-410b-8f77-96a5b28d8d22
P6-21,P-900-420M 0001,20M,400W,straight,STR,SingleRebar,,1,20,689,686,,,,,,,,,,,,689,,1.6,78ea48f8-b8ca-401e-86fb-7b39bdf2262d
P6-21,P-900-420M 0001,20M,400W,straight,STR,SingleRebar,,1,20,689,686,,,,,,,,,,,,689,,1.6,bf13ba98-6cb6-4a8b-8a12-f7602fe30c91
P6-21,P-742-415M 0001,15M,400W,straight,STR,SingleRebar,,1,15,500,508,,,,,,,,,,,,500,,0.8,662db62b-c0f4-4638-95b8-a35eccc44b03
P6-21,P-742-415M 0001,15M,400W,straight,STR,SingleRebar,,1,15,500,508,,,,,,,,,,,,500,,0.8,51345114-eadb-4ea4-be41-ec0b024f476d
P6-21,P-742-510M 0001,10M,400W,straight,STR,SingleRebar,,1,10,406.4,407,,,,,,,,,,,,407,,0.3,236a5e78-3f52-4fb8-b317-cd23aa3779b9
P6-19,RS10M 0030,10M,400W,straight,STR,RebarGroup,,1,10,600,610,,,,,,,,,,,,600,,0.5,72480a2b-52b1-40f8-9eb0-8e42acb4e213
P6-19,RS10M 0030,10M,400W,straight,STR,RebarGroup,,1,10,600,610,,,,,,,,,,,,600,,0.5,e8041c64-8f74-4c11-958e-e9391b52ec5a
P6-19,RB10M 0051,10M,400W,bent,TS5_1,RebarGroup,,1,10,255,254,254,,,,,,,,,,,749,,0.6,a179418b-e988-4d6f-934d-b93312ff3268
P6-19,RB10M 0051,10M,400W,bent,TS5_1,RebarGroup,,1,10,255,254,254,,,,,,,,,,,749,,0.6,54b5b80e-92db-48cf-a253-5364b028cb7b
P6-19,RB10M 0051,10M,400W,bent,TS5_1,RebarGroup,,1,10,255,254,254,,,,,,,,,,,749,,0.6,9d74b0e1-3b63-42c8-b059-1d748ca254c2
P6-19,RB10M 0051,10M,400W,bent,TS5_1,RebarGroup,,1,10,255,254,254,,,,,,,,,,,749,,0.6,06601e02-bb69-492a-9395-777692f4a36f
P6-19,RB10M 0094,10M,400W,bent,S11,SingleRebar,,1,10,503.5,1072,503.5,,,,,,,,,,103,1065,,0.8,e3477045-6a0f-4fc2-99bc-1d154b1c884d
P6-19,RB10M 0094,10M,400W,bent,S11,SingleRebar,,1,10,503.5,1072,503.5,,,,,,,,,,103,1065,,0.8,98f02c55-7ccc-4b81-b968-3fb61b62309d
P6-19,RB10M 0094,10M,400W,bent,S11,SingleRebar,,1,10,503.5,1072,503.5,,,,,,,,,,103,1065,,0.8,0947966d-aca0-45ef-8da8-5312c3a5c954
P6-19,RB10M 0094,10M,400W,bent,S11,SingleRebar,,1,10,503.5,1072,503.5,,,,,,,,,,103,1065,,0.8,01e0411f-7bd2-4409-a545-735f9867c196
P6-19,RB10M 0094,10M,400W,bent,S11,SingleRebar,,1,10,503.5,1072,503.5,,,,,,,,,,103,1065,,0.8,e851a4ca-fc50-47e3-a2ed-8c2b2b783d01
P6-19,RS10M 0030,10M,400W,straight,STR,RebarGroup,,1,10,600,610,,,,,,,,,,,,600,,0.5,edd208f6-8f90-4990-a9ea-b4833f5b8127
P6-19,RS10M 0030,10M,400W,straight,STR,RebarGroup,,1,10,600,610,,,,,,,,,,,,600,,0.5,9633813e-514f-4f9b-b75a-ca4c41686513
P6-19,MS 0016,W2.9/W2.9-152/152-3574/7868,A1064-GR.65,straight,,RebarMesh,,118,,3574.2,7869,3575,7869,3575,,,,,,,,,7868.2,28121240.3,45.6,550704a9-baa8-4207-86ae-2ee4b48f472f
P6-19,RB10M 0065,10M,400W,stirrup,14,RebarGroup,,2,10,200,147,615,140,200,,,,100,,,,821,1274,,1,beef185e-6f33-4976-9fa0-68126006a27c
P6-19,RB10M 0065,10M,400W,stirrup,14,RebarGroup,,2,10,200,147,615,140,200,,,,100,,,,821,1274,,1,f0a481cf-0211-4352-b77a-b8674702334d
P6-19,RS10M 0164,10M,400W,straight,STR,RebarGroup,,4,10,7819,7824,,,,,,,,,,,,7819,,6.1,61bff713-9be6-4806-9c9b-b37619abba64
P6-19,RS10M 0321,10M,400W,straight,STR,RebarGroup,,6,10,3525,3531,,,,,,,,,,,,3525,,2.8,14845107-fc8c-4175-b1ef-6332eaeb11ed
P6-19,P-900-420M 0001,20M,400W,straight,STR,SingleRebar,,1,20,689,686,,,,,,,,,,,,689,,1.6,96df2d29-8cec-4566-91e0-0ef75c8a90f9
P6-19,P-900-420M 0001,20M,400W,straight,STR,SingleRebar,,1,20,689,686,,,,,,,,,,,,689,,1.6,6f9ef78f-8d0c-4b5a-bc50-5f3e7dda789a
P6-19,P-900-420M 0001,20M,400W,straight,STR,SingleRebar,,1,20,689,686,,,,,,,,,,,,689,,1.6,39ad326a-67f2-4612-9a0f-ed4db3dcb80b
P6-19,P-900-420M 0001,20M,400W,straight,STR,SingleRebar,,1,20,689,686,,,,,,,,,,,,689,,1.6,68183da6-4b3f-45bb-a690-7d87e1dd1128
P6-19,P-743-415M 0001,15M,400W,straight,STR,SingleRebar,,1,15,500,508,,,,,,,,,,,,500,,0.8,463cbcf2-1e5f-414d-99cd-e67972d8c9ff
P6-19,P-743-415M 0001,15M,400W,straight,STR,SingleRebar,,1,15,500,508,,,,,,,,,,,,500,,0.8,bbea1a14-b79c-464d-a3ba-7a235ba15843
P6-19,P-743-510M 0001,10M,400W,straight,STR,SingleRebar,,1,10,406.4,407,,,,,,,,,,,,407,,0.3,69f6f02b-8910-4248-ac4e-faf3f769145f
W10-124,RB10M 0135,10M,400W,stirrup,Unknown,RebarGroup,,10,10,754.6,181,503.8,181,37.5,80,,,,,,,,1692,,1.3,253a15a8-da6a-475e-a10f-d3d4326b599c
W10-124,RS10M 0030,10M,400W,straight,STR,RebarGroup,,2,10,600,610,,,,,,,,,,,,600,,0.5,8bc1ef8b-691a-4aac-b462-87764ed7b26f
W10-124,RS10M 0030,10M,400W,straight,STR,RebarGroup,,2,10,600,610,,,,,,,,,,,,600,,0.5,df06e73d-fc0b-451e-bfce-ee9c42e0ec75
W10-124,RB10M 0135,10M,400W,stirrup,Unknown,RebarGroup,,6,10,754.6,181,503.8,181,37.5,80,,,,,,,,1692,,1.3,62e93c3d-a950-40c9-ad5f-9c40ae587586
W10-124,RS10M 0139,10M,400W,straight,STR,RebarGroup,,1,10,6413.9,6427,,,,,,,,,,,,6414,,5,dc84e546-341a-4ebb-9bd2-31d79fe98c17
W10-124,RS10M 0030,10M,400W,straight,STR,RebarGroup,,2,10,600,610,,,,,,,,,,,,600,,0.5,b3b5f1b5-24bb-4a26-a623-5274143012b7
W10-124,RS10M 0030,10M,400W,straight,STR,RebarGroup,,2,10,600,610,,,,,,,,,,,,600,,0.5,60144bf1-8eae-4fa4-bf6d-ace682e027e7
W10-124,RB10M 0128,10M,400W,stirrup,TS73_1,RebarGroup,,12,10,100,155,288,515,155,100,141,93.1,,,,,,1808,,1.4,7cc29275-9b82-4713-aa4d-3c4a3a7a0668
W10-124,RB10M 0129,10M,400W,stirrup,Unknown,RebarGroup,,11,10,93.1,631.9,141,1292.7,141,718.9,141,383.9,,,,,,4472,,3.5,e3a5b099-93fe-4b23-a98e-d86b44c3cef9
W10-124,RS15M 0244,15M,400W,straight,STR,SingleRebar,,1,15,1883.2,1880,,,,,,,,,,,,1884,,3,7b748538-0407-43e1-87d7-93cf87c4610e
W10-124,RS15M 0246,15M,400W,straight,STR,RebarGroup,,2,15,3201.9,3201,,,,,,,,,,,,3202,,5,80e7fbd9-8446-411d-a1dc-fa33edb91ca4
W10-124,RS15M 0246,15M,400W,straight,STR,RebarGroup,,2,15,3201.9,3201,,,,,,,,,,,,3202,,5,f08f88b2-4897-41b5-bdf1-780ae4fde356
W10-124,RB10M 0130,10M,400W,stirrup,T1,RebarGroup,,6,10,99,194,224,194,224,210.8,99,80,,,,,,960,,0.8,9c661597-58fa-43d8-98f4-554fbffe5faa
W10-124,RS10M 0235,10M,400W,straight,STR,RebarGroup,,1,10,2190.9,2185,,,,,,,,,,,,2191,,1.7,101eeee0-8a8a-4bdb-95ca-3f73ed4a7f8b
W10-124,RS10M 0235,10M,400W,straight,STR,RebarGroup,,1,10,2190.9,2185,,,,,,,,,,,,2191,,1.7,85f2bdb5-12a7-4e50-a5a4-8b110edc8ee8
W10-124,RB10M 0051,10M,400W,bent,TS5_1,RebarGroup,,2,10,255,254,254,,,,,,,,,,,749,,0.6,ffec6d5d-d826-4278-8fc4-8ed02aef1449
W10-124,RB10M 0051,10M,400W,bent,TS5_1,RebarGroup,,2,10,255,254,254,,,,,,,,,,,749,,0.6,9daa68c9-ec85-42bd-bca6-c04c3213d6ee
W10-124,RS10M 0248,10M,400W,straight,STR,RebarGroup,,1,10,4304.1,4293,,,,,,,,,,,,4305,,3.4,73f027cc-515d-4e5a-bc00-a7629b5cb063
W10-124,RS10M 0248,10M,400W,straight,STR,RebarGroup,,1,10,4304.1,4293,,,,,,,,,,,,4305,,3.4,a42003e2-a2fe-4627-82ee-9f5bf1820f31
W10-124,RS15M 0244,15M,400W,straight,STR,SingleRebar,,1,15,1883.2,1880,,,,,,,,,,,,1884,,3,09a4b509-9958-4a09-82a7-b2453fddca71
W10-124,RS10M 0139,10M,400W,straight,STR,RebarGroup,,2,10,6413.9,6427,,,,,,,,,,,,6414,,5,c228987a-4f8c-4b80-b282-d8731adb9865
W10-124,RB10M 0061,10M,400W,stirrup,14,RebarGroup,,2,10,200,147,209,140,200,,,,100,,,,415,867,,0.7,893a6ec8-44dd-4c89-a2dd-70b7a9dc94c2
W10-124,RB10M 0061,10M,400W,stirrup,14,RebarGroup,,2,10,200,147,209,140,200,,,,100,,,,415,867,,0.7,99c7b841-88a2-4cb7-add1-45fc7a70ac53
W10-124,RB10M 0134,10M,400W,stirrup,14,RebarGroup,,2,10,200,147,487,140,200,,,,100,,,,692,1145,,0.9,189e6015-587e-465c-aebf-7b0a4e26a8ad
W10-124,RB10M 0134,10M,400W,stirrup,14,RebarGroup,,2,10,200,147,487,140,200,,,,100,,,,692,1145,,0.9,05791106-cc40-44d9-978b-c11ac01fa6cc
W10-124,RS10M 0162,10M,400W,straight,STR,RebarGroup,,1,10,348,356,,,,,,,,,,,,348,,0.3,27fb252c-7604-449a-b247-ddfdba790c2c
W10-124,RS10M 0162,10M,400W,straight,STR,RebarGroup,,1,10,348,356,,,,,,,,,,,,348,,0.3,3f54503e-6b22-48c5-92d5-fd04cffff987
W10-124,RS10M 0250,10M,400W,straight,STR,RebarGroup,,1,10,345,356,,,,,,,,,,,,345,,0.3,41e909a1-d534-4049-857e-8515bc0f8a36
W10-124,RS10M 0250,10M,400W,straight,STR,RebarGroup,,1,10,345,356,,,,,,,,,,,,345,,0.3,ba020464-a112-4f60-8e5d-7a3bee1026bd
W10-124,RS15M 0125,15M,400W,straight,STR,SingleRebar,,1,15,6413.8,6427,,,,,,,,,,,,6414,,10.1,b7019e42-8f69-40c8-82a6-e4e603df1ca9
W10-124,RS15M 0125,15M,400W,straight,STR,SingleRebar,,1,15,6413.8,6427,,,,,,,,,,,,6414,,10.1,9aea7be3-e8f3-43ed-9c64-ed6b900651ef
W10-124,RS15M 0271,15M,400W,straight,STR,SingleRebar,,1,15,347,356,,,,,,,,,,,,347,,0.5,c2417ef9-27a3-4911-b89e-5c97e9c33815
W10-124,RS15M 0271,15M,400W,straight,STR,SingleRebar,,1,15,347,356,,,,,,,,,,,,347,,0.5,43e63c48-dc23-4926-920a-91685b24f791
W10-124,RS15M 0273,15M,400W,straight,STR,SingleRebar,,1,15,4720.7,4725,,,,,,,,,,,,4721,,7.4,6f85d6ef-25f5-48c5-bd7b-ffa74de117c0
W10-124,RS15M 0273,15M,400W,straight,STR,SingleRebar,,1,15,4720.7,4725,,,,,,,,,,,,4721,,7.4,0b46d041-c8b7-407a-aaf7-c88d2a110207
W10-124,RS10M 0101,10M,400W,straight,STR,SingleRebar,,1,10,2365.6,2363,,,,,,,,,,,,2366,,1.9,5de56745-1658-48db-b498-2a66231499a9
W10-124,RS10M 0101,10M,400W,straight,STR,SingleRebar,,1,10,2367.2,2363,,,,,,,,,,,,2368,,1.9,d63665ea-5fce-4a54-ad9b-2aedc4350865
W10-124,RS10M 0100,10M,400W,straight,STR,SingleRebar,,1,10,228.4,229,,,,,,,,,,,,229,,0.2,b20126f4-cc43-4cca-8ad8-972f16107055
W10-124,RB10M 0131,10M,400W,stirrup,TS67_2,RebarGroup,,7,10,160,155,1676,155,1676,155,160,,,,,,,3962,,3.1,7dc91c38-7fd4-437d-86e9-310a2585ead9
W10-124,RS10M 0180,10M,400W,straight,STR,RebarGroup,,2,10,2618,2617,,,,,,,,,,,,2618,,2.1,ad93124a-90ec-4fbe-9e9a-cbaa8b662b5d
W10-124,RS10M 0195,10M,400W,straight,STR,RebarGroup,,2,10,2873.4,2871,,,,,,,,,,,,2874,,2.3,c823db0f-d15b-4fe2-a446-36cb55e8a469
W10-124,RS10M 0245,10M,400W,straight,STR,RebarGroup,,3,10,650.9,661,,,,,,,,,,,,651,,0.5,14d546b9-204b-486e-8095-a452dcd4a3c2
W10-124,RS10M 0245,10M,400W,straight,STR,RebarGroup,,3,10,650.9,661,,,,,,,,,,,,651,,0.5,1caf1051-27d6-4626-9818-bf6e286e9d45
W10-124,RB10M 0155,10M,400W,stirrup,TS67_2,RebarGroup,,2,10,160,155,375,155,375,155,160,,,,,,,1360,,1.1,9ae2c547-ff28-438c-adf8-ee2317d53ebe
W10-124,RS10M 0249,10M,400W,straight,STR,RebarGroup,,1,10,233.9,229,,,,,,,,,,,,234,,0.2,59f0b051-f296-4212-929b-a884bdd4958c
W10-124,RS10M 0249,10M,400W,straight,STR,RebarGroup,,1,10,233.9,229,,,,,,,,,,,,234,,0.2,a7848eaf-0837-4642-8ed4-77b0759609c9
W10-124,RS15M 0275,15M,400W,straight,STR,SingleRebar,,1,15,344.9,356,,,,,,,,,,,,345,,0.5,3b3a1abc-328e-4017-9ee6-f935d9ca8846
W10-124,RS15M 0275,15M,400W,straight,STR,SingleRebar,,1,15,344.9,356,,,,,,,,,,,,345,,0.5,f433cafb-db44-40cf-829e-6ed85a10a4cd
W10-124,RS15M 0270,15M,400W,straight,STR,RebarGroup,,3,15,233.9,229,,,,,,,,,,,,234,,0.4,a3ba617d-b208-4bc6-b7c5-4d6e8af26bdd
W10-124,RS15M 0270,15M,400W,straight,STR,RebarGroup,,3,15,233.9,229,,,,,,,,,,,,234,,0.4,0992da74-8110-46e8-95fc-05834b3ca613
W10-124,RS15M 0185,15M,400W,straight,STR,SingleRebar,,1,15,2367.1,2363,,,,,,,,,,,,2368,,3.7,eb8f9c83-7e2c-417d-a3a4-c5b3f01882a0
W10-124,RS15M 0185,15M,400W,straight,STR,SingleRebar,,1,15,2367.1,2363,,,,,,,,,,,,2368,,3.7,90333951-8955-4b7b-b071-8f8b65611f5e
W10-124,RS15M 0058,15M,400W,straight,STR,RebarGroup,,2,15,2875,2871,,,,,,,,,,,,2875,,4.5,5e15436f-8c68-4a2c-827b-b95059706410
W10-124,RS15M 0058,15M,400W,straight,STR,RebarGroup,,11,15,2875,2871,,,,,,,,,,,,2875,,4.5,8e2762c0-e193-45fd-86d6-17f94f4ad9db
W10-124,RS15M 0059,15M,400W,straight,STR,RebarGroup,,9,15,2618,2617,,,,,,,,,,,,2618,,4.1,0316b586-3c80-462b-8f83-33a2cd2add11
W10-124,RS15M 0190,15M,400W,straight,STR,SingleRebar,,1,15,229.9,229,,,,,,,,,,,,230,,0.4,d045fa0f-e07d-40af-a690-8a17cddf281c
W10-124,RB10M 0156,10M,400W,stirrup,14,RebarGroup,,2,10,200,147,179,140,200,,,,100,,,,384,837,,0.7,60d85af0-882e-4892-9c66-0754448e51f5
W10-124,RB10M 0156,10M,400W,stirrup,14,RebarGroup,,2,10,200,147,179,140,200,,,,100,,,,384,837,,0.7,d1b1b4da-c420-4d08-a9c9-f62413d36eda
W10-124,RB10M 0153,10M,400W,stirrup,TS67_2,RebarGroup,,2,10,160,155,409,155,409,155,160,,,,,,,1428,,1.1,524382d3-9933-4e5c-a676-221ebbc0c7c0
W10-124,RS10M 0272,10M,400W,straight,STR,SingleRebar,,1,10,1702.8,1702,,,,,,,,,,,,1703,,1.3,7c53a020-85fa-4718-a345-37001655d921
W10-124,RS10M 0272,10M,400W,straight,STR,SingleRebar,,1,10,1702.8,1702,,,,,,,,,,,,1703,,1.3,a7f9c30a-3399-4013-b733-20136e6c5b8b
W10-124,RS10M 0279,10M,400W,straight,STR,SingleRebar,,1,10,803,813,,,,,,,,,,,,803,,0.6,1eee3d50-4f1c-4645-872b-65f4b7619ff9
W10-124,RS10M 0279,10M,400W,straight,STR,SingleRebar,,1,10,803,813,,,,,,,,,,,,803,,0.6,66ffff08-e8aa-487d-8dc4-c42b64ab1ed9
W10-124,RS15M 0280,15M,400W,straight,STR,RebarGroup,,2,15,4310.1,4318,,,,,,,,,,,,4311,,6.8,0a5bd2ca-dba5-4af5-b3d7-894ed4e5254f
W10-124,RS15M 0280,15M,400W,straight,STR,RebarGroup,,2,15,4310.1,4318,,,,,,,,,,,,4311,,6.8,31eeca0a-47c2-4b5d-bb7c-fe1e74c15362
W10-124,RB25M 0139,25M,400W,bent,17,SingleRebar,,1,25,198,212,2085,212,,,,,,,,,,2377,,9.3,74f30482-d2e9-458e-9db6-b7d96edeb041
W10-80,RB10M 0001,10M,400W,bent,S11,SingleRebar,,1,10,603.5,1272,603.5,,,,,,,,,,92,1253,,1,6967e229-cfcc-4d72-bfdd-734903c059df
W10-80,RS10M 0208,10M,400W,straight,STR,RebarGroup,,3,10,9266,9271,,,,,,,,,,,,9267,,7.3,44121ecc-e35b-4f0c-8b62-033f9d7edcf4
W10-80,RS10M 0208,10M,400W,straight,STR,RebarGroup,,3,10,9266,9271,,,,,,,,,,,,9267,,7.3,1f4b6393-85ce-4936-a94b-355d53a4f441
W10-80,RB10M 0169,10M,400W,stirrup,T1,RebarGroup,,28,10,99,178,549,178,549,535.8,99,80,,,,,,1577,,1.2,ffae8a0b-4264-453f-96a3-516bc60eea6e
W10-67,RB10M 0125,10M,400W,stirrup,14,RebarGroup,,2,10,200,140,209,139,200,,,,100,,,,404,860,,0.7,24bab22a-d09a-48a0-824f-6dd9fd773b8d
W10-67,RB10M 0125,10M,400W,stirrup,14,RebarGroup,,2,10,200,140,209,139,200,,,,100,,,,404,860,,0.7,cdbaf36d-a947-4c85-94d4-4caadeee3093
W10-67,RB10M 0040,10M,400W,stirrup,T1,RebarGroup,,10,10,102,161,1676,161,1676,1662.8,102,74.1,,,,,,3790,,3,f44d9198-646c-4133-9c8b-ce6bd7595c7f
W10-67,RB10M 0046,10M,400W,bent,17,RebarGroup,,9,10,323.5,330,161,330,,,,,,,,,,763,,0.6,4cb6545e-a39c-4152-a61a-7c419697d515
W10-67,RB10M 0046,10M,400W,bent,17,RebarGroup,,10,10,323.5,330,161,330,,,,,,,,,,763,,0.6,b403f29b-4539-4a2b-8b9c-6d4595656f16
W10-67,RS10M 0030,10M,400W,straight,STR,RebarGroup,,2,10,600,610,,,,,,,,,,,,600,,0.5,a152a7f1-7036-4b2c-9a04-bb5b0e0ff904
W10-67,RS10M 0030,10M,400W,straight,STR,RebarGroup,,2,10,600,610,,,,,,,,,,,,600,,0.5,f0e578f8-0b78-46dd-aa7f-06c9a7759ff7
W10-67,RS10M 0030,10M,400W,straight,STR,RebarGroup,,2,10,600,610,,,,,,,,,,,,600,,0.5,877bc387-ed0d-4e5e-bfa9-ea0f074ce178
W10-67,RS10M 0030,10M,400W,straight,STR,RebarGroup,,2,10,600,610,,,,,,,,,,,,600,,0.5,d8be4dc1-ca12-4df3-a6a6-86aa99cdab2b
W10-67,RS10M 0030,10M,400W,straight,STR,RebarGroup,,2,10,600,610,,,,,,,,,,,,600,,0.5,8c6b2c54-2c62-4a42-935d-57fb591be343
W10-67,RS10M 0030,10M,400W,straight,STR,RebarGroup,,2,10,600,610,,,,,,,,,,,,600,,0.5,524e7501-6c53-4bfb-99b1-817e3a5e981a
W10-67,RB10M 0051,10M,400W,bent,TS5_1,RebarGroup,,2,10,255,254,254,,,,,,,,,,,749,,0.6,a85cb6da-de07-472d-bfd6-5367379101c1
W10-67,RB10M 0051,10M,400W,bent,TS5_1,RebarGroup,,2,10,255,254,254,,,,,,,,,,,749,,0.6,7f9c0634-9961-4285-ba83-f8b37fa608f6
W10-67,RS15M 0096,15M,400W,straight,STR,RebarGroup,,2,15,4749.4,4750,,,,,,,,,,,,4750,,7.5,c30adbee-4e2f-4df3-9a14-185ae33efaf6
W10-67,RS15M 0097,15M,400W,straight,STR,RebarGroup,,2,15,2562.7,2566,,,,,,,,,,,,2563,,4,8c1b104d-2b10-4c0b-9cfb-ce0cef022305
W10-67,RB10M 0052,10M,400W,stirrup,TS67_2,RebarGroup,,13,10,100,160,279,160,278,160,100,,,,,,,1089,,0.9,cdb11542-d768-45e3-9618-3d2bb09aceaf
W10-67,RS15M 0096,15M,400W,straight,STR,RebarGroup,,2,15,4749.4,4750,,,,,,,,,,,,4750,,7.5,f9e27c65-d5bb-4348-b7c0-0baf80b9105a
W10-67,RS15M 0097,15M,400W,straight,STR,RebarGroup,,2,15,2562.7,2566,,,,,,,,,,,,2563,,4,226e30c9-f5e6-4abd-ae15-cdbdfabc30b4
W10-67,RB10M 0050,10M,400W,stirrup,Unknown,RebarGroup,,12,10,93.1,653.5,147,1215.8,147,616.5,147,321.5,,,,,,4245,,3.3,1d48fcc4-ec69-46d3-acc7-11c6c483e9dc
W10-67,RS10M 0208,10M,400W,straight,STR,SingleRebar,,1,10,9266,9271,,,,,,,,,,,,9267,,7.3,b7597b37-6644-4583-980d-2068e3f3c740
W10-67,RS10M 0238,10M,400W,straight,STR,SingleRebar,,1,10,173,178,,,,,,,,,,,,174,,0.1,74e3fa0e-cead-4172-8855-2723434e3a29
W10-67,RS10M 0238,10M,400W,straight,STR,SingleRebar,,1,10,173,178,,,,,,,,,,,,174,,0.1,5cf3cf7a-f24b-4a5a-8442-fa23a08e0f57
W10-67,RB10M 0051,10M,400W,bent,TS5_1,RebarGroup,,2,10,255,254,254,,,,,,,,,,,749,,0.6,8e5c0723-98d7-4985-a3f4-e60daee1cb6d
W10-67,RB10M 0051,10M,400W,bent,TS5_1,RebarGroup,,2,10,255,254,254,,,,,,,,,,,749,,0.6,9e1b201b-e86e-4c60-b5f5-23ebfaaea062
W10-67,RS15M 0173,15M,400W,straight,STR,SingleRebar,,1,15,3199,3201,,,,,,,,,,,,3199,,5,49804cad-fc84-49c7-9f24-e2b73114cf4d
W10-67,RS15M 0173,15M,400W,straight,STR,SingleRebar,,1,15,3199,3201,,,,,,,,,,,,3199,,5,22e98edc-8d46-4b42-8277-354b94c81c43
W10-67,RB15M 0068,15M,400W,bent,Unknown,RebarGroup,,2,15,509.9,149,509.9,,,,,,,,,,,1136,,1.8,58c9471c-8fdd-49db-b6ca-a5bf28a83637
W10-67,RS10M 0239,10M,400W,straight,STR,SingleRebar,,1,10,8790.3,8789,,,,,,,,,,,,8791,,6.9,d04962c9-2065-4124-94e8-188af182f436
W10-67,RS10M 0239,10M,400W,straight,STR,SingleRebar,,1,10,8790.3,8789,,,,,,,,,,,,8791,,6.9,19b77609-3649-4bfd-8baf-555f569e56a6
W10-67,RS15M 0240,15M,400W,straight,STR,SingleRebar,,1,15,2362,2363,,,,,,,,,,,,2363,,3.7,9ee61fa1-ea04-47e4-8d8f-328bf196288c
W10-67,RS15M 0240,15M,400W,straight,STR,SingleRebar,,1,15,2362,2363,,,,,,,,,,,,2363,,3.7,99936b9d-fc77-45d0-8d64-95c17a81850a
W10-67,RS15M 0241,15M,400W,straight,STR,SingleRebar,,1,15,237,229,,,,,,,,,,,,237,,0.4,40928292-9ac6-4f0b-ba70-7d5e4be763b0
W10-67,RS15M 0059,15M,400W,straight,STR,RebarGroup,,14,15,2617.9,2617,,,,,,,,,,,,2618,,4.1,b993a8c4-5978-428b-9aac-0f66d4dd4c84
W10-67,RS15M 0058,15M,400W,straight,STR,RebarGroup,,14,15,2875,2871,,,,,,,,,,,,2875,,4.5,2ab6f1b1-0741-469c-bbdd-d4365cafb498
W10-67,RS10M 0208,10M,400W,straight,STR,RebarGroup,,2,10,9266,9271,,,,,,,,,,,,9267,,7.3,915e42cb-5bef-46ed-94e3-0cd27aa3daf2
W10-67,RS15M 0029,15M,400W,straight,STR,RebarGroup,,2,15,7887.2,7900,,,,,,,,,,,,7888,,12.4,cf9ee662-0d52-4f99-a59a-465ff9e78df2
W10-67,RS15M 0029,15M,400W,straight,STR,RebarGroup,,2,15,7887.2,7900,,,,,,,,,,,,7888,,12.4,5f3012b2-d0bd-4ddd-8ce9-6a610d9cc2ec
W10-67,RS10M 0251,10M,400W,straight,STR,RebarGroup,,6,10,2015.1,2007,,,,,,,,,,,,2016,,1.6,ab29700d-4239-4452-a87b-e2548050ff20
W10-67,RS10M 0251,10M,400W,straight,STR,RebarGroup,,6,10,2015.1,2007,,,,,,,,,,,,2016,,1.6,93b6f00d-7b60-4c8d-a0df-15fdc1e1c663
W10-67,RS15M 0095,15M,400W,straight,STR,SingleRebar,,1,15,9266,9271,,,,,,,,,,,,9267,,14.5,8af61098-8435-4ca2-8cf1-391bdcaaea13
W10-67,RS15M 0268,15M,400W,straight,STR,SingleRebar,,1,15,8790,8789,,,,,,,,,,,,8790,,13.8,403263fd-55cf-4894-b76f-93c16b1f47af
W10-67,RS15M 0095,15M,400W,straight,STR,SingleRebar,,1,15,9266,9271,,,,,,,,,,,,9267,,14.5,74a7742a-01c0-40e3-a834-4c5c8c69b008
W10-67,RS15M 0268,15M,400W,straight,STR,SingleRebar,,1,15,8790,8789,,,,,,,,,,,,8790,,13.8,c5a6a2f0-f8f9-4dd8-9fcc-3c58e9e68c37
W10-67,RS15M 0269,15M,400W,straight,STR,SingleRebar,,1,15,173.1,178,,,,,,,,,,,,174,,0.3,11563a43-ce8b-4919-87d9-9b4629c9da7d
W10-67,RS15M 0269,15M,400W,straight,STR,SingleRebar,,1,15,173.1,178,,,,,,,,,,,,174,,0.3,065e324b-7865-4e3e-9450-98e13ba501de
W10-67,RB10M 0135,10M,400W,stirrup,Unknown,RebarGroup,,22,10,754.6,181,503.8,181,37.5,80,,,,,,,,1692,,1.3,04d5337f-960f-4cf7-bf09-258cc37ca5f6
W10-67,RB10M 0049,10M,400W,stirrup,T1,RebarGroup,,12,10,99,189,194,189,194,181,99,80,,,,,,890,,0.7,ff9edbad-ac74-4292-8008-c2ddfcd84919
W10-67,RS10M 0180,10M,400W,straight,STR,RebarGroup,,6,10,2617.2,2617,,,,,,,,,,,,2618,,2.1,a9ea0168-f875-4c2f-9a2f-22ec92385a94
W10-67,RS10M 0195,10M,400W,straight,STR,RebarGroup,,6,10,2873.4,2871,,,,,,,,,,,,2874,,2.3,c731229e-c3e4-4d85-9aeb-a47471dcf13b
W10-67,RB25M 0139,25M,400W,bent,17,SingleRebar,,1,25,198,212,2085,212,,,,,,,,,,2377,,9.3,6e97505a-345f-4990-a891-3053750bd234
W10-175,RB10M 0125,10M,400W,stirrup,14,RebarGroup,,2,10,200,140,210,140,200,,,,100,,,,405,860,,0.7,c1f35d4e-945d-44e1-acc4-5d48122eadb6
W10-175,RB10M 0125,10M,400W,stirrup,14,RebarGroup,,2,10,200,140,210,140,200,,,,100,,,,405,860,,0.7,86c516da-4c27-4097-9199-3e1df568e461
W10-175,RB10M 0040,10M,400W,stirrup,T1,RebarGroup,,10,10,75,160,1675,160,1675,1662.8,75,74.1,,,,,,3790,,3,8fffd142-9d46-4a61-90d7-bae95c613814
W10-175,RB10M 0046,10M,400W,bent,17,RebarGroup,,9,10,323.5,330,160,330,,,,,,,,,,760,,0.6,7661b0cc-42c4-4d83-af56-157e7c552714
W10-175,RB10M 0046,10M,400W,bent,17,RebarGroup,,10,10,323.5,330,160,330,,,,,,,,,,760,,0.6,e3074e27-a597-4522-af15-fdf3a5614c90
W10-175,RS10M 0030,10M,400W,straight,STR,RebarGroup,,2,10,600,610,,,,,,,,,,,,600,,0.5,e48542ae-a762-48e7-a764-fd94139d0569
W10-175,RS10M 0030,10M,400W,straight,STR,RebarGroup,,2,10,600,610,,,,,,,,,,,,600,,0.5,20b84b83-910c-4ef3-81c9-ddfb55d9d2f1
W10-175,RS10M 0030,10M,400W,straight,STR,RebarGroup,,2,10,600,610,,,,,,,,,,,,600,,0.5,9a8935bc-90a0-45c9-ade7-3f9fa4cbecd5
W10-175,RS10M 0030,10M,400W,straight,STR,RebarGroup,,2,10,600,610,,,,,,,,,,,,600,,0.5,b931be24-4116-484f-8e2d-3b652929a278
W10-175,RS10M 0030,10M,400W,straight,STR,RebarGroup,,2,10,600,610,,,,,,,,,,,,600,,0.5,8543bf82-e3cc-4a7c-9087-031ae86bb323
W10-175,RS10M 0030,10M,400W,straight,STR,RebarGroup,,2,10,600,610,,,,,,,,,,,,600,,0.5,f85af40d-7277-407c-b661-67023e2a7e7f
W10-175,RB10M 0051,10M,400W,bent,TS5_1,RebarGroup,,2,10,255,255,255,,,,,,,,,,,750,,0.6,a1a859d5-3ab1-4b74-80ff-d202861190e6
W10-175,RB10M 0051,10M,400W,bent,TS5_1,RebarGroup,,2,10,255,255,255,,,,,,,,,,,750,,0.6,22f8872f-298a-42cc-96bb-c80c33273d6b
W10-175,RS15M 0096,15M,400W,straight,STR,RebarGroup,,2,15,4749.4,4750,,,,,,,,,,,,4750,,7.5,41cfb494-df6c-46a9-bfb9-9b78d5008ced
W10-175,RS15M 0097,15M,400W,straight,STR,RebarGroup,,2,15,2562.7,2565,,,,,,,,,,,,2560,,4,f9b65dbb-7008-4f89-aa02-f2f44bdcf6df
W10-175,RB10M 0052,10M,400W,stirrup,TS67_2,RebarGroup,,13,10,100,160,280,160,280,160,100,,,,,,,1090,,0.9,0db20c19-3be5-45cd-bd21-05a235248ea5
W10-175,RS15M 0096,15M,400W,straight,STR,RebarGroup,,2,15,4749.4,4750,,,,,,,,,,,,4750,,7.5,7f76b83e-657e-4c0b-ab39-86636ccce088
W10-175,RS15M 0097,15M,400W,straight,STR,RebarGroup,,2,15,2562.7,2565,,,,,,,,,,,,2560,,4,67906bde-3aa8-4fbd-9e91-3c2350e198d5
W10-175,RB10M 0050,10M,400W,stirrup,Unknown,RebarGroup,,12,10,93.1,653.5,147,1215.8,147,616.5,147,321.5,,,,,,4240,,3.3,d397add2-acb7-4840-a61a-3408bb933134
W10-175,RS10M 0208,10M,400W,straight,STR,SingleRebar,,1,10,9266,9270,,,,,,,,,,,,9270,,7.3,18eb29ef-b079-4e4c-9d3b-bd1a4f3ab62f
W10-175,RS10M 0238,10M,400W,straight,STR,SingleRebar,,1,10,173,180,,,,,,,,,,,,170,,0.1,da0beda0-8626-4f51-9e6b-842d64186e45
W10-175,RS10M 0238,10M,400W,straight,STR,SingleRebar,,1,10,173,180,,,,,,,,,,,,170,,0.1,23fe82a5-3eea-4898-b4bb-18e3398eb30c
W10-175,RB10M 0051,10M,400W,bent,TS5_1,RebarGroup,,2,10,255,255,255,,,,,,,,,,,750,,0.6,05e14381-283e-48a5-a136-b9f68d7eaa31
W10-175,RB10M 0051,10M,400W,bent,TS5_1,RebarGroup,,2,10,255,255,255,,,,,,,,,,,750,,0.6,040226b4-2426-4e37-b30e-1909245db251
W10-175,RS15M 0173,15M,400W,straight,STR,SingleRebar,,1,15,3199,3200,,,,,,,,,,,,3200,,5,4b54c89c-f069-4feb-aac1-920319f833a5
W10-175,RS15M 0173,15M,400W,straight,STR,SingleRebar,,1,15,3199,3200,,,,,,,,,,,,3200,,5,618d151c-b85a-45b4-a794-8c17f6f12736
W10-175,RB15M 0068,15M,400W,bent,Unknown,RebarGroup,,2,15,509.9,149,509.9,,,,,,,,,,,1140,,1.8,709d0230-8091-48e0-9db8-89602821e1d0
W10-175,RS10M 0239,10M,400W,straight,STR,SingleRebar,,1,10,8790.3,8790,,,,,,,,,,,,8790,,6.9,c912532f-fe16-40be-ab9d-ab3c81164451
W10-175,RS10M 0239,10M,400W,straight,STR,SingleRebar,,1,10,8790.3,8790,,,,,,,,,,,,8790,,6.9,024cd9db-6ea4-4af9-8f31-aea90e675140
W10-175,RS15M 0240,15M,400W,straight,STR,SingleRebar,,1,15,2362,2360,,,,,,,,,,,,2360,,3.7,14965895-d357-4a64-a296-af2ab127bc02
W10-175,RS15M 0240,15M,400W,straight,STR,SingleRebar,,1,15,2362,2360,,,,,,,,,,,,2360,,3.7,07510b79-a191-406b-acb8-0c0cbfc34924
W10-175,RS15M 0241,15M,400W,straight,STR,SingleRebar,,1,15,237,230,,,,,,,,,,,,240,,0.4,87cb4ec6-d3d3-4964-895a-2678eb8a6248
W10-175,RS15M 0059,15M,400W,straight,STR,RebarGroup,,14,15,2617.9,2615,,,,,,,,,,,,2620,,4.1,d4edd159-52a4-4b43-95b9-cbd4285e4dbb
W10-175,RS15M 0058,15M,400W,straight,STR,RebarGroup,,14,15,2875,2870,,,,,,,,,,,,2880,,4.5,7bf8fd2a-ebb5-414a-9cab-07dad53a51a9
W10-175,RS10M 0208,10M,400W,straight,STR,RebarGroup,,2,10,9266,9270,,,,,,,,,,,,9270,,7.3,5fcc014f-7f54-471a-8c96-5345b7cc5fe0
W10-175,RS15M 0029,15M,400W,straight,STR,RebarGroup,,2,15,7887.2,7900,,,,,,,,,,,,7890,,12.4,04ba4452-b601-45e8-89ee-90bd288d9814
W10-175,RS15M 0029,15M,400W,straight,STR,RebarGroup,,2,15,7887.2,7900,,,,,,,,,,,,7890,,12.4,cea72285-0f8d-45d2-926e-037dca1325b1
W10-175,RS10M 0251,10M,400W,straight,STR,RebarGroup,,6,10,2015.1,2005,,,,,,,,,,,,2020,,1.6,6ee2c6d6-8c7b-499c-846c-30e05376c68f
W10-175,RS10M 0251,10M,400W,straight,STR,RebarGroup,,6,10,2015.1,2005,,,,,,,,,,,,2020,,1.6,1d6e215c-abd1-4af1-a22c-b4f42fa98895
W10-175,RS15M 0095,15M,400W,straight,STR,SingleRebar,,1,15,9266,9270,,,,,,,,,,,,9270,,14.6,d05f0c44-7485-417f-8437-e2384ce3ecd8
W10-175,RS15M 0268,15M,400W,straight,STR,SingleRebar,,1,15,8790,8790,,,,,,,,,,,,8790,,13.8,35da2e1b-88ea-448d-93a6-7d31521150ae
W10-175,RS15M 0095,15M,400W,straight,STR,SingleRebar,,1,15,9266,9270,,,,,,,,,,,,9270,,14.6,c2845709-8180-42a3-bf32-693f779aec4a
W10-175,RS15M 0268,15M,400W,straight,STR,SingleRebar,,1,15,8790,8790,,,,,,,,,,,,8790,,13.8,29aa581c-7577-4f08-8972-0c444615e3a4
W10-175,RS15M 0269,15M,400W,straight,STR,SingleRebar,,1,15,173.1,180,,,,,,,,,,,,170,,0.3,21bdf77c-6c10-427a-b9e8-f97ca9bd8db9
W10-175,RS15M 0269,15M,400W,straight,STR,SingleRebar,,1,15,173.1,180,,,,,,,,,,,,170,,0.3,cbaf01e3-e1c0-4ef1-9c2b-dcf29ce7385e
W10-175,RB10M 0135,10M,400W,stirrup,Unknown,RebarGroup,,22,10,754.6,181,503.8,181,37.5,80,,,,,,,,1690,,1.3,121b81d9-2b1f-4e8a-8ea5-14317f695941
W10-175,RB10M 0049,10M,400W,stirrup,T1,RebarGroup,,12,10,85,190,195,190,195,181,85,80,,,,,,890,,0.7,99ef9519-69d4-4325-a545-9b6b9ac99256
W10-175,RS10M 0180,10M,400W,straight,STR,RebarGroup,,6,10,2617.2,2615,,,,,,,,,,,,2620,,2.1,778f8a32-4463-4e54-871d-5042a54eae73
W10-175,RS10M 0195,10M,400W,straight,STR,RebarGroup,,6,10,2873.4,2870,,,,,,,,,,,,2870,,2.3,0bef5056-31a3-472c-adaa-f4119ed7a1b8
W10-175,RB25M 0139,25M,400W,bent,17,SingleRebar,,1,25,198,210,2085,210,,,,,,,,,,2380,,9.3,35a7eda3-7c13-4739-8293-bfdf98b19a3d
SW17-2,RB10M 0207,10M,400W,stirrup,T1,RebarGroup,,8,10,85,180,1380,180,1380,165,85,80,,,,,,3240,,2.5,5a7c31b5-b357-4779-ab29-4ccd7ec1c560
SW17-2,RS15M 0315,15M,400W,straight,STR,RebarGroup,,4,15,2079.4,2085,,,,,,,,,,,,2080,,3.3,26b3b946-3177-4840-ab68-634a04fcfea4
SW17-2,RS15M 0315,15M,400W,straight,STR,RebarGroup,,4,15,2079.4,2085,,,,,,,,,,,,2080,,3.3,01957e47-3420-4f7f-9bdc-587c78a235c0
SW17-2,RS10M 0330,10M,400W,straight,STR,RebarGroup,,6,10,2079.4,2085,,,,,,,,,,,,2080,,1.6,b03e09cf-9b5f-437c-a1af-32e3fe1a2cae
SW17-2,RB10M 0208,10M,400W,stirrup,T1,RebarGroup,,3,10,85,180,765,180,765,165,85,80,,,,,,2010,,1.6,709ac959-6e19-4a7f-bb3e-f11d6da44e28
SW17-2,RB10M 0209,10M,400W,stirrup,T1,RebarGroup,,3,10,85,180,285,180,285,165,85,80,,,,,,1050,,0.8,91a87ac3-63e4-40a6-9ea2-7c7c849e13fa
SW17-2,RS10M 0331,10M,400W,straight,STR,SingleRebar,,1,10,1417.4,1420,,,,,,,,,,,,1420,,1.1,774209c8-cbc8-4e20-9c17-e7d24df78e07
SW17-2,RS10M 0330,10M,400W,straight,STR,RebarGroup,,5,10,2079.4,2085,,,,,,,,,,,,2080,,1.6,30c4e244-5473-4a58-9cae-95c61d35a787
SW17-2,RS10M 0138,10M,400W,straight,STR,SingleRebar,,1,10,156.4,150,,,,,,,,,,,,160,,0.1,c8fef453-149d-4d9d-8099-d18ef8709c49
SW17-2,RB10M 0198,10M,400W,stirrup,T2,RebarGroup,,16,10,100,95,165,95,165,93.1,100,,,,,,,590,,0.5,83844882-15c2-4a2c-9ce3-abf30c1ee866
SW17-2,RB10M 0199,10M,400W,stirrup,T2,RebarGroup,,16,10,100,155,185,155,185,93.1,100,,,,,,,760,,0.6,6a8868bf-33c6-4174-bd70-cb21f17495a8
SW17-2,RB10M 0192,10M,400W,stirrup,T1,RebarGroup,,10,10,85,180,945,180,945,165,85,80,,,,,,2370,,1.9,de6a3a2e-d00a-4477-b593-c619336101cf
SW17-2,RS10M 0332,10M,400W,straight,STR,SingleRebar,,1,10,2324.4,2335,,,,,,,,,,,,2320,,1.8,8a248753-edf3-4273-bd4a-0dfd1113b2ed
SW17-2,RS10M 0332,10M,400W,straight,STR,SingleRebar,,1,10,2324.4,2335,,,,,,,,,,,,2320,,1.8,5b3d5643-379e-4eb3-9263-372899af9645
SW17-2,RS15M 0333,15M,400W,straight,STR,SingleRebar,,1,15,3587.2,3580,,,,,,,,,,,,3590,,5.6,0136257e-0c09-435a-a78e-b6044485c423
SW17-2,RS15M 0334,15M,400W,straight,STR,SingleRebar,,1,15,2324.4,2335,,,,,,,,,,,,2320,,3.6,2f7a2dbd-75bf-4eb7-916e-e6eefc59be15
SW17-2,RS15M 0333,15M,400W,straight,STR,SingleRebar,,1,15,3587.2,3580,,,,,,,,,,,,3590,,5.6,c14a58ac-0df7-4f7b-bd06-b5a656e8061d
SW17-2,RS15M 0334,15M,400W,straight,STR,SingleRebar,,1,15,2324.4,2335,,,,,,,,,,,,2320,,3.6,cda04e24-909f-4dce-8cad-4198a3e55c6c
SW17-2,RS15M 0316,15M,400W,straight,STR,SingleRebar,,1,15,2629.4,2640,,,,,,,,,,,,2630,,4.1,39bcb398-1a9d-49c1-9272-f05d6bf82299
SW17-2,RS15M 0316,15M,400W,straight,STR,SingleRebar,,1,15,2629.4,2640,,,,,,,,,,,,2630,,4.1,3ad250b8-fe86-4d86-bb52-a76d8c858e4d
SW17-2,RS15M 0336,15M,400W,straight,STR,SingleRebar,,1,15,2462.4,2465,,,,,,,,,,,,2460,,3.9,3ff459fc-69df-46b6-a3ac-3feb9aec13a9
SW17-2,RS15M 0336,15M,400W,straight,STR,SingleRebar,,1,15,2462.4,2465,,,,,,,,,,,,2460,,3.9,e7852ec4-fa5b-4052-980e-1fb862967aba
SW17-2,RB10M 0192,10M,400W,stirrup,T1,RebarGroup,,6,10,85,180,945,180,945,165,85,80,,,,,,2370,,1.9,ad8fdc56-7a9b-4d9b-8f0a-a0735266fd38
SW17-2,RB10M 0210,10M,400W,stirrup,T1,RebarGroup,,4,10,85,180,1275,180,1275,165,85,80,,,,,,3030,,2.4,29503a22-aede-43f7-8446-f4baec65a016
SW17-2,RB10M 0211,10M,400W,stirrup,T1,RebarGroup,,2,10,85,180,700,180,700,165,85,80,,,,,,1880,,1.5,696821c0-befa-4670-91d7-a9297faf285e
SW17-2,RS10M 0322,10M,400W,straight,STR,RebarGroup,,7,10,1403.4,1395,,,,,,,,,,,,1400,,1.1,1f611aaa-e761-4f46-9d60-27f61c76889f
SW17-2,RS10M 0322,10M,400W,straight,STR,RebarGroup,,7,10,1403.4,1395,,,,,,,,,,,,1400,,1.1,b46c67bb-e48f-4d30-8563-0185e9376d80
SW17-2,RB10M 0212,10M,400W,bent,17,RebarGroup,,7,10,322.5,330,150,330,,,,,,,,,,760,,0.6,272aa229-4016-470f-863d-d038a6497b41
SW17-2,RB10M 0212,10M,400W,bent,17,RebarGroup,,7,10,322.5,330,150,330,,,,,,,,,,760,,0.6,30aaa615-4a79-4d3a-9bb9-36aa2f310300
SW17-2,RS10M 0339,10M,400W,straight,STR,RebarGroup,,3,10,5347.4,5360,,,,,,,,,,,,5350,,4.2,f75f74d4-1162-4e6b-a61f-e465dd245fcd
SW17-2,RS10M 0339,10M,400W,straight,STR,RebarGroup,,3,10,5347.4,5360,,,,,,,,,,,,5350,,4.2,ba6ce0dc-ddf7-4fa7-b8af-e36811603df8
SW17-2,RS10M 0264,10M,400W,straight,STR,RebarGroup,,2,10,3499.4,3505,,,,,,,,,,,,3500,,2.7,4c6101da-dae1-416c-9e80-bb7dfadab7c3
SW17-2,RS10M 0339,10M,400W,straight,STR,RebarGroup,,2,10,5347.4,5360,,,,,,,,,,,,5350,,4.2,e9d01d20-aadb-4286-bcdd-96d3503f5165
SW17-2,M 0004,W4/W4-101.6/101.6-3550.2/5398,A82-70,straight,,RebarMesh,,87,,3550.2,5400,3550,5400,3550,,,,,,,,,5398.2,19164689.6,74.7,79864477-bbff-43cd-86c9-be2465f85aa4
SW17-2,RB10M 0051,10M,400W,bent,TS5_1,SingleRebar,,1,10,255,255,255,,,,,,,,,,,750,,0.6,27407c46-5279-444e-8242-5ec6ab753405
SW17-2,RB10M 0051,10M,400W,bent,TS5_1,SingleRebar,,1,10,255,255,255,,,,,,,,,,,750,,0.6,99cf0296-4946-414e-9171-343033f1c6ef
SW17-2,RB10M 0051,10M,400W,bent,TS5_1,SingleRebar,,1,10,255,255,255,,,,,,,,,,,750,,0.6,ca57b96c-6400-461c-82ca-99b9333ad3ce
SW17-2,RB10M 0051,10M,400W,bent,TS5_1,SingleRebar,,1,10,255,255,255,,,,,,,,,,,750,,0.6,5b61cd46-2f61-4c62-b886-e4dbc7a3ddd7
SW17-2,RB10M 0051,10M,400W,bent,TS5_1,SingleRebar,,1,10,255,255,255,,,,,,,,,,,750,,0.6,1178db68-d4ff-417e-9a01-acf1bb0749b2
SW17-2,RB10M 0051,10M,400W,bent,TS5_1,SingleRebar,,1,10,255,255,255,,,,,,,,,,,750,,0.6,b1342c2a-75ea-4802-a514-27301d94d649
SW17-2,RB10M 0051,10M,400W,bent,TS5_1,SingleRebar,,1,10,255,255,255,,,,,,,,,,,750,,0.6,b414f5e9-2e08-454c-836f-310578b91ad1
SW17-2,RB10M 0051,10M,400W,bent,TS5_1,SingleRebar,,1,10,255,255,255,,,,,,,,,,,750,,0.6,ff818df7-1fc7-4873-a91a-f1a61999ba8b
SW17-2,RB10M 0051,10M,400W,bent,TS5_1,SingleRebar,,1,10,255,255,255,,,,,,,,,,,750,,0.6,62360c28-175a-4c9e-9779-98d6017c097f
SW17-2,RB10M 0051,10M,400W,bent,TS5_1,SingleRebar,,1,10,255,255,255,,,,,,,,,,,750,,0.6,f08f354c-1544-499f-8dcf-db21bfedcb99
SW17-2,RB10M 0203,10M,400W,stirrup,14,RebarGroup,,2,10,200,140,410,140,200,,,,100,,,,605,1060,,0.8,304dc4cd-8d6c-48e9-9cd6-7e0cdd7c5afb
SW17-2,RB10M 0203,10M,400W,stirrup,14,RebarGroup,,2,10,200,140,410,140,200,,,,100,,,,605,1060,,0.8,dd37638b-fcd5-4446-bb89-ab459d1ed3e6
SW17-2,RS15M 0342,15M,400W,straight,STR,RebarGroup,,2,15,1605.2,1600,,,,,,,,,,,,1610,,2.5,f7ba85a6-d253-40b2-8579-02e954809c47
SW17-2,RS15M 0342,15M,400W,straight,STR,RebarGroup,,2,15,1605.2,1600,,,,,,,,,,,,1610,,2.5,22d1aaf6-3e3f-4c3e-88f2-c186f185c4b8
SW17-2,RS15M 0340,15M,400W,straight,STR,RebarGroup,,2,15,5347.4,5360,,,,,,,,,,,,5350,,8.4,1d63f2da-411a-49cd-910f-351410171a5c
SW17-2,RS15M 0340,15M,400W,straight,STR,RebarGroup,,2,15,5347.4,5360,,,,,,,,,,,,5350,,8.4,28dfaa91-d68e-4837-8e4e-4e186e72cf40
SW17-2,RS10M 0321,10M,400W,straight,STR,RebarGroup,,5,10,3524.4,3530,,,,,,,,,,,,3520,,2.8,2eab685c-07d8-48f2-94b4-7f9b547dca88
SW17-2,RS10M 0321,10M,400W,straight,STR,RebarGroup,,5,10,3524.4,3530,,,,,,,,,,,,3520,,2.8,296d95ae-c68a-47cd-bede-5c7583daf5c3
SW17-2,RS15M 0263,15M,400W,straight,STR,RebarGroup,,4,15,3524.4,3530,,,,,,,,,,,,3520,,5.5,88a7fb69-3394-42d2-9c87-7a2ae34af7cf
SW17-2,RS15M 0263,15M,400W,straight,STR,RebarGroup,,4,15,3524.4,3530,,,,,,,,,,,,3520,,5.5,ab8ffb1a-9ea9-4d87-9b0d-310a3b6e8bd9
SW17-1,RS15M 0340,15M,400W,straight,STR,SingleRebar,,1,15,5347.4,5360,,,,,,,,,,,,5350,,8.4,a8d4f1d2-a79d-4bcd-8f20-87c0346c3f5b
SW17-1,RS15M 0341,15M,400W,straight,STR,SingleRebar,,1,15,3867.2,3860,,,,,,,,,,,,3870,,6.1,51464a5b-bea5-4f15-a78f-240969b19d05
SW17-1,RS15M 0340,15M,400W,straight,STR,SingleRebar,,1,15,5347.4,5360,,,,,,,,,,,,5350,,8.4,ee8c72a4-c82a-4a51-970b-e5cceab1ce0c
SW17-1,RS15M 0341,15M,400W,straight,STR,SingleRebar,,1,15,3867.2,3860,,,,,,,,,,,,3870,,6.1,43f3e812-557f-40ab-858b-61cc66e244ca
SW17-1,RS15M 0201,15M,400W,straight,STR,SingleRebar,,1,15,2629.4,2640,,,,,,,,,,,,2630,,4.1,f290dc22-9dfe-4797-a45f-c61559e166ee
SW17-1,RS15M 0201,15M,400W,straight,STR,SingleRebar,,1,15,2629.4,2640,,,,,,,,,,,,2630,,4.1,1220d4d2-2a93-42bf-89f4-ac13fca1d94e
SW17-1,RS15M 0342,15M,400W,straight,STR,SingleRebar,,1,15,1605.2,1600,,,,,,,,,,,,1610,,2.5,e4dd8f27-1ab7-4572-89d9-c508b2239f5c
SW17-1,RS15M 0342,15M,400W,straight,STR,SingleRebar,,1,15,1605.2,1600,,,,,,,,,,,,1610,,2.5,f5ddd245-7588-4836-b441-d02b90ab2bc2
SW17-1,RB10M 0200,10M,400W,stirrup,T1,RebarGroup,,6,10,85,195,960,195,960,181,85,80,,,,,,2430,,1.9,92c3c786-1214-45b0-9f8d-5ff7b946a448
SW17-1,RS10M 0339,10M,400W,straight,STR,RebarGroup,,3,10,5347.4,5360,,,,,,,,,,,,5350,,4.2,07e3a002-51a9-4dec-9076-8f4b44e31d26
SW17-1,RS10M 0339,10M,400W,straight,STR,RebarGroup,,3,10,5347.4,5360,,,,,,,,,,,,5350,,4.2,0f79285c-1ace-4a53-8c25-7068c8d1a1d3
SW17-1,RB10M 0051,10M,400W,bent,TS5_1,SingleRebar,,1,10,255,255,255,,,,,,,,,,,750,,0.6,6d37abc5-e132-42c1-9746-c2d3e665162b
SW17-1,RB10M 0051,10M,400W,bent,TS5_1,SingleRebar,,1,10,255,255,255,,,,,,,,,,,750,,0.6,91a5f4b9-2076-4c7f-bd8f-b8d6509302ad
SW17-1,RS15M 0310,15M,400W,straight,STR,SingleRebar,,1,15,4366.4,4370,,,,,,,,,,,,4370,,6.9,decb4482-04f9-43df-be78-4fe86e3f0242
SW17-1,RS15M 0310,15M,400W,straight,STR,SingleRebar,,1,15,4366.4,4370,,,,,,,,,,,,4370,,6.9,c43f1dbf-c9b9-4eb8-ab8c-cab54f3a71cc
SW17-1,RB10M 0201,10M,400W,stirrup,T1,RebarGroup,,4,10,85,195,1290,195,1290,181,85,80,,,,,,3100,,2.4,b5f83775-2040-4a41-ad9f-dac06c656eaa
SW17-1,RS15M 0329,15M,400W,straight,STR,SingleRebar,,1,15,2082,2085,,,,,,,,,,,,2080,,3.3,cc53d645-dd12-44e4-87c5-a7d387b5f352
SW17-1,RS15M 0329,15M,400W,straight,STR,SingleRebar,,1,15,2082,2085,,,,,,,,,,,,2080,,3.3,eaba5e43-57ca-4f77-bf4f-289b8be23e44
SW17-1,RS15M 0340,15M,400W,straight,STR,SingleRebar,,1,15,5347.4,5360,,,,,,,,,,,,5350,,8.4,d368b4bb-786f-4480-a0d0-3a1131a52e87
SW17-1,RS15M 0340,15M,400W,straight,STR,SingleRebar,,1,15,5347.4,5360,,,,,,,,,,,,5350,,8.4,8666d1b3-bdc2-4f6c-8905-8ff8d9a511cb
SW17-1,RS15M 0340,15M,400W,straight,STR,SingleRebar,,1,15,5347.4,5360,,,,,,,,,,,,5350,,8.4,111984fd-0c5e-4c19-8fa6-4c61e09036ce
SW17-1,RS15M 0340,15M,400W,straight,STR,SingleRebar,,1,15,5347.4,5360,,,,,,,,,,,,5350,,8.4,1d280da0-f52b-4de3-9692-f127093e1685
SW17-1,RS15M 0346,15M,400W,straight,STR,SingleRebar,,1,15,3892.2,3885,,,,,,,,,,,,3890,,6.1,d73726c9-5671-4145-854f-670242f66080
SW17-1,RS15M 0346,15M,400W,straight,STR,SingleRebar,,1,15,3892.2,3885,,,,,,,,,,,,3890,,6.1,ce3af2e3-abf6-4aad-812e-0e02372d7c96
SW17-1,RS15M 0347,15M,400W,straight,STR,SingleRebar,,1,15,2132,2135,,,,,,,,,,,,2130,,3.3,2c45dd8d-f972-43d5-8784-6dc9a6e8c48c
SW17-1,RS15M 0347,15M,400W,straight,STR,SingleRebar,,1,15,2132,2135,,,,,,,,,,,,2130,,3.3,8fe7aae3-596a-456f-9404-cbd0ba6b4029
SW17-1,RB10M 0195,10M,400W,stirrup,T1,RebarGroup,,6,10,85,195,1395,195,1395,181,85,80,,,,,,3300,,2.6,c6520cc9-0548-4002-a72d-59518370181f
SW17-1,RB10M 0195,10M,400W,stirrup,T1,RebarGroup,,2,10,85,195,1395,195,1395,181,85,80,,,,,,3300,,2.6,51bdee40-a558-4dd2-9524-26620b82b82f
SW17-1,RB10M 0202,10M,400W,stirrup,T1,RebarGroup,,2,10,85,195,715,195,715,181,85,80,,,,,,1940,,1.5,e897a910-fe59-412f-ab78-63b2e1ba98e9
SW17-1,RB10M 0197,10M,400W,stirrup,T1,RebarGroup,,4,10,85,195,300,195,300,181,85,80,,,,,,1110,,0.9,d94ddad6-5203-4603-87d8-bf747c5f3dfe
SW17-1,RB10M 0196,10M,400W,stirrup,T1,RebarGroup,,4,10,85,195,780,195,780,180.4,85,80,,,,,,2070,,1.6,c87f1349-d34e-4240-9457-68c06d104057
SW17-1,RS10M 0252,10M,400W,straight,STR,SingleRebar,,1,10,1642.1,1650,,,,,,,,,,,,1640,,1.3,a904faeb-da7d-4c0f-9d55-82d1fb3c5666
SW17-1,RS10M 0348,10M,400W,straight,STR,SingleRebar,,1,10,109.3,100,,,,,,,,,,,,110,,0.1,49249ae4-dd5b-4a6a-aec1-6e62b9dedf9f
SW17-1,RS10M 0349,10M,400W,straight,STR,SingleRebar,,1,10,2274.7,2285,,,,,,,,,,,,2270,,1.8,dcbe1f73-33a0-4bf4-b1c4-1db1c2302296
SW17-1,RS10M 0332,10M,400W,straight,STR,SingleRebar,,1,10,2324.4,2335,,,,,,,,,,,,2320,,1.8,c575bbec-9451-4aad-9007-78845f9d448c
SW17-1,RS10M 0332,10M,400W,straight,STR,SingleRebar,,1,10,2324.4,2335,,,,,,,,,,,,2320,,1.8,12df0437-2b5f-4145-820a-436394d431af
SW17-1,RS10M 0147,10M,400W,straight,STR,SingleRebar,,1,10,1403.4,1395,,,,,,,,,,,,1400,,1.1,5d29ac69-5c29-4c06-abbf-0b904cb29393
SW17-1,RS10M 0147,10M,400W,straight,STR,SingleRebar,,1,10,1403.4,1395,,,,,,,,,,,,1400,,1.1,21a73b8b-c805-4440-9e95-ce1ea0f20621
SW17-1,RS10M 0147,10M,400W,straight,STR,SingleRebar,,1,10,1403.4,1395,,,,,,,,,,,,1400,,1.1,c8b8fc0b-c8a4-4c75-bd41-97193568d1d9
SW17-1,RS10M 0147,10M,400W,straight,STR,SingleRebar,,1,10,1403.4,1395,,,,,,,,,,,,1400,,1.1,a144050d-7924-4ebb-9b49-0a655e4e04a6
SW17-1,RB10M 0051,10M,400W,bent,TS5_1,SingleRebar,,1,10,255,255,255,,,,,,,,,,,750,,0.6,43568e37-a9a4-48d9-a00b-31608b353a73
SW17-1,RB10M 0051,10M,400W,bent,TS5_1,SingleRebar,,1,10,255,255,255,,,,,,,,,,,750,,0.6,a240cf89-95f9-4196-812d-15c0bebaca04
SW17-1,RS15M 0263,15M,400W,straight,STR,RebarGroup,,4,15,3524.4,3530,,,,,,,,,,,,3520,,5.5,ca01889c-e15b-4eb8-82db-7a1169d0f2d4
SW17-1,RS10M 0321,10M,400W,straight,STR,RebarGroup,,7,10,3524.4,3530,,,,,,,,,,,,3520,,2.8,918777bd-9a5d-4eb7-9694-bd889e09d971
SW17-1,RS15M 0350,15M,400W,straight,STR,RebarGroup,,2,15,2428.4,2440,,,,,,,,,,,,2430,,3.8,e5335ddc-9294-47a1-90e1-ea4b0a2650c2
SW17-1,RS15M 0351,15M,400W,straight,STR,RebarGroup,,2,15,737.4,735,,,,,,,,,,,,740,,1.2,77086032-4772-468f-9233-61c699c57e74
SW17-1,RS15M 0263,15M,400W,straight,STR,RebarGroup,,4,15,3524.4,3530,,,,,,,,,,,,3520,,5.5,64e542e9-3d8d-4aff-83d2-99bcc48ace4a
SW17-1,RS10M 0321,10M,400W,straight,STR,RebarGroup,,7,10,3524.4,3530,,,,,,,,,,,,3520,,2.8,21b57256-b9e4-42a8-847b-a23438890708
SW17-1,RS15M 0263,15M,400W,straight,STR,RebarGroup,,2,15,3524.4,3530,,,,,,,,,,,,3520,,5.5,aa30686a-74fd-4df6-9293-0cee7a969e41
SW17-1,RB10M 0101,10M,400W,bent,17,RebarGroup,,3,10,343.5,350,180,350,,,,,,,,,,830,,0.7,3dab9853-25b9-42b7-a2d2-842a460807d7
SW17-1,RB10M 0101,10M,400W,bent,17,RebarGroup,,2,10,343.5,350,180,350,,,,,,,,,,830,,0.7,39a5a662-77d1-41be-96b5-097b25a8e6a1
SW17-1,RB10M 0101,10M,400W,bent,17,RebarGroup,,15,10,343.5,350,180,350,,,,,,,,,,830,,0.7,45a68704-f990-475f-9b1f-9ef1c1425292
SW17-1,RB10M 0101,10M,400W,bent,17,RebarGroup,,2,10,343.5,350,180,350,,,,,,,,,,830,,0.7,fa9cd5e6-1b97-4b4b-8b6b-ada1700f88e4
SW17-1,RB10M 0051,10M,400W,bent,TS5_1,SingleRebar,,1,10,255,255,255,,,,,,,,,,,750,,0.6,17012453-5f59-4416-b010-1af5e98b5f46
SW17-1,RB10M 0051,10M,400W,bent,TS5_1,SingleRebar,,1,10,255,255,255,,,,,,,,,,,750,,0.6,b289d14a-cad9-41e7-8cd7-cade69be4056
SW17-1,RB10M 0051,10M,400W,bent,TS5_1,SingleRebar,,1,10,255,255,255,,,,,,,,,,,750,,0.6,09cad988-5aee-4bfa-9e2f-285f82eeeba5
SW17-1,RB10M 0051,10M,400W,bent,TS5_1,SingleRebar,,1,10,255,255,255,,,,,,,,,,,750,,0.6,08d41adb-ce65-40d5-95fc-8bf2bf87fb85
SW17-1,RB10M 0205,10M,400W,stirrup,14,RebarGroup,,2,10,200,140,515,140,200,,,,100,,,,710,1160,,0.9,7409d4b8-74ce-4ffe-96f5-8439186532dd
SW17-1,RB10M 0205,10M,400W,stirrup,14,RebarGroup,,2,10,200,140,515,140,200,,,,100,,,,710,1160,,0.9,cbf4ac16-ddcf-46bc-ba55-96bcd6d8549c
SW17-1,RB10M 0168,10M,400W,stirrup,14,RebarGroup,,2,10,200,140,615,140,200,,,,100,,,,810,1270,,1,f2d600b9-dabd-4138-a8a7-f9bba732808f
SW17-1,RB10M 0168,10M,400W,stirrup,14,RebarGroup,,2,10,200,140,615,140,200,,,,100,,,,810,1270,,1,dca4ae47-12d7-432d-a2f6-1e441d70cc55
SW17-1,RS10M 0264,10M,400W,straight,STR,RebarGroup,,2,10,3499.4,3505,,,,,,,,,,,,3500,,2.7,39d2c9d9-4b78-426c-b647-ba9604bf110e
SW17-1,RS10M 0339,10M,400W,straight,STR,RebarGroup,,2,10,5347.4,5360,,,,,,,,,,,,5350,,4.2,86c9b557-1224-4a34-b73b-d148bef3b2c6
SW17-1,M 0004,W4/W4-101.6/101.6-3550.2/5398,A82-70,straight,,RebarMesh,,87,,3550.2,5400,3550,5400,3550,,,,,,,,,5398.2,19164689.6,74.7,be86e7dc-f43b-440a-9b6c-d054db4002dc
SW17-1,RS10M 0030,10M,400W,straight,STR,RebarGroup,,2,10,600,610,,,,,,,,,,,,600,,0.5,04c097ed-89eb-416e-9746-3f6521b53f41
SW17-1,RS10M 0030,10M,400W,straight,STR,RebarGroup,,2,10,600,610,,,,,,,,,,,,600,,0.5,4dc439bf-c230-4c33-aaa8-4da9f00f341e
SW17-1,RS20M 0344,20M,400W,straight,STR,RebarGroup,,4,20,5347.4,5360,,,,,,,,,,,,5350,,12.6,c4c50d50-5936-4e10-ad54-1b28b7cf8023
SW17-1,RS10M 0330,10M,400W,straight,STR,RebarGroup,,2,10,2079.4,2085,,,,,,,,,,,,2080,,1.6,9c98b3a5-772a-42f5-b6ad-75505bec2f67
SW17-1,RS10M 0330,10M,400W,straight,STR,RebarGroup,,2,10,2079.4,2085,,,,,,,,,,,,2080,,1.6,2c0cdb8b-bcaf-46ed-b8d5-7fdbe06af24d
SW17-1,RS10M 0339,10M,400W,straight,STR,RebarGroup,,5,10,5347.4,5360,,,,,,,,,,,,5350,,4.2,7972451b-d3d6-46af-9733-e51b1d6a3fb7
SW17-1,RS10M 0339,10M,400W,straight,STR,RebarGroup,,4,10,5347.4,5360,,,,,,,,,,,,5350,,4.2,f6d3e67e-ab5b-49b2-8d55-2f3033cb09eb
SW17-1,RS15M 0345,15M,400W,straight,STR,RebarGroup,,2,15,1580.2,1575,,,,,,,,,,,,1580,,2.5,b7baf4cf-bbf7-4811-a8ab-0a4a53f4a19f
SW17-1,RS15M 0345,15M,400W,straight,STR,RebarGroup,,2,15,1580.2,1575,,,,,,,,,,,,1580,,2.5,7d96899d-1345-4a4e-a452-4df326d22160
SW17-1,RS20M 0344,20M,400W,straight,STR,RebarGroup,,4,20,5347.4,5360,,,,,,,,,,,,5350,,12.6,8bcfb787-a6a3-4db5-bb84-8b2416a842f5
W10-112,RB10M 0102,10M,400W,stirrup,Unknown,RebarGroup,,12,10,93.1,164.8,1004.8,164.8,644.8,164.8,284.8,164.8,,,,,,3480,,2.7,edca724b-6c36-4332-98f5-1ff248da3631
W10-112,RS15M 0059,15M,400W,straight,STR,RebarGroup,,4,15,2618,2615,,,,,,,,,,,,2620,,4.1,50e7072e-9031-49d7-b089-00b8b97e3f86
W10-112,RS15M 0059,15M,400W,straight,STR,RebarGroup,,4,15,2618,2615,,,,,,,,,,,,2620,,4.1,13a965e4-1e98-43a5-8102-c44b2c60f7e4
W10-99,RB10M 0102,10M,400W,stirrup,Unknown,RebarGroup,,12,10,93.1,164.8,1004.8,164.8,644.8,164.8,284.8,164.8,,,,,,3480,,2.7,2998604d-1780-4dcf-8d8a-a253f7030ac4
W10-99,RS15M 0059,15M,400W,straight,STR,RebarGroup,,4,15,2618,2615,,,,,,,,,,,,2620,,4.1,e99e3ee0-8a58-4176-8b62-405a5a189f60
W10-99,RS15M 0059,15M,400W,straight,STR,RebarGroup,,4,15,2618,2615,,,,,,,,,,,,2620,,4.1,d4bf9db1-3b6c-4815-8536-c96e2f93133d
W10-107,RB10M 0102,10M,400W,stirrup,Unknown,RebarGroup,,12,10,93.1,164.8,1004.8,164.8,644.8,164.8,284.8,164.8,,,,,,3480,,2.7,2d469293-8477-4ca0-ae2d-924a293e5412
W10-107,RS15M 0059,15M,400W,straight,STR,RebarGroup,,4,15,2618,2615,,,,,,,,,,,,2620,,4.1,5cc6670c-747d-48f8-a2e3-b3b3026ac590
W10-107,RS15M 0059,15M,400W,straight,STR,RebarGroup,,4,15,2618,2615,,,,,,,,,,,,2620,,4.1,9729ba9c-58ac-4787-b6f3-608df2a62222
W10-85,RB10M 0001,10M,400W,bent,S11,SingleRebar,,1,10,603.5,1270,603.5,,,,,,,,,,90,1250,,1,d9a51c9b-ae6f-419a-8e5f-f9c41d726239
W10-85,RB10M 0176,10M,400W,stirrup,TS68,RebarGroup,,16,10,100,620,180,620,180,330,180,93.1,,,,,,2140,,1.7,fe56ec95-9249-4891-ad29-ba7bb4a0d2ff
W10-85,RS15M 0263,15M,400W,straight,STR,RebarGroup,,3,15,3525,3530,,,,,,,,,,,,3530,,5.5,c46eb5af-5cd8-421f-a32b-0135024399a1
W10-85,RS15M 0263,15M,400W,straight,STR,RebarGroup,,3,15,3525,3530,,,,,,,,,,,,3530,,5.5,b13c909b-c242-4425-a587-f13da9cf5a5c
W10-26,RS10M 0030,10M,400W,straight,STR,RebarGroup,,2,10,600,610,,,,,,,,,,,,600,,0.5,c84dc27b-d722-4eb0-ad90-f0c16386c5a9
W10-26,RS10M 0030,10M,400W,straight,STR,RebarGroup,,2,10,600,610,,,,,,,,,,,,600,,0.5,39ba3fc2-e3c4-4f42-af26-46ce25d6a768
W10-26,RS10M 0139,10M,400W,straight,STR,RebarGroup,,1,10,6413.9,6425,,,,,,,,,,,,6410,,5,c4efcbcb-d906-4f07-a1b7-95295ce2adda
W10-26,RS10M 0030,10M,400W,straight,STR,RebarGroup,,2,10,600,610,,,,,,,,,,,,600,,0.5,1a2441f6-adec-43c7-958e-2a19cf854125
W10-26,RS10M 0030,10M,400W,straight,STR,RebarGroup,,2,10,600,610,,,,,,,,,,,,600,,0.5,12f199f6-ee18-478b-8d5a-dbe943252397
W10-26,RB10M 0132,10M,400W,stirrup,TS73_1,RebarGroup,,12,10,100,155,310,525,155,100,141,93.1,,,,,,1850,,1.5,5e076c1c-5ba4-44c4-86d7-30ed4a99cdc2
W10-26,RS15M 0246,15M,400W,straight,STR,RebarGroup,,2,15,3201.9,3200,,,,,,,,,,,,3200,,5,7d43ffda-5958-4408-a015-56ad87c1711d
W10-26,RS15M 0246,15M,400W,straight,STR,RebarGroup,,2,15,3201.9,3200,,,,,,,,,,,,3200,,5,36a733e8-58f6-45c9-b801-63285f504632
W10-26,RB10M 0130,10M,400W,stirrup,T1,RebarGroup,,6,10,85,195,225,195,225,210.8,85,80,,,,,,960,,0.8,eed66315-91b0-4a05-8825-abd84785004c
W10-26,RS10M 0247,10M,400W,straight,STR,RebarGroup,,1,10,2181.4,2185,,,,,,,,,,,,2180,,1.7,db9563f7-0b62-4d1c-85ed-ec1cf04177a2
W10-26,RS10M 0247,10M,400W,straight,STR,RebarGroup,,1,10,2181.4,2185,,,,,,,,,,,,2180,,1.7,9ebb9655-f7df-46ae-88d7-39235e0a1f86
W10-26,RB10M 0051,10M,400W,bent,TS5_1,RebarGroup,,2,10,255,255,255,,,,,,,,,,,750,,0.6,daa646ae-05f0-4f0e-97be-ba53842092df
W10-26,RB10M 0051,10M,400W,bent,TS5_1,RebarGroup,,2,10,255,255,255,,,,,,,,,,,750,,0.6,4b7b02c1-0a13-4998-8f5a-d10665d0b2c6
W10-26,RS10M 0248,10M,400W,straight,STR,RebarGroup,,1,10,4304.1,4295,,,,,,,,,,,,4300,,3.4,cd49c78c-2eaa-46d9-9d99-d623444a2889
W10-26,RS10M 0248,10M,400W,straight,STR,RebarGroup,,1,10,4304.1,4295,,,,,,,,,,,,4300,,3.4,eff3c2bb-3348-4d63-b21c-bd2c53d8ea7f
W10-26,RS15M 0058,15M,400W,straight,STR,RebarGroup,,2,15,2875,2870,,,,,,,,,,,,2870,,4.5,0fc3572c-b220-4a37-9db9-7fa75d00b223
W10-26,RS10M 0139,10M,400W,straight,STR,RebarGroup,,2,10,6413.9,6425,,,,,,,,,,,,6410,,5,14f1ba56-a85b-4df8-b6f0-d8702ada7802
W10-26,RB10M 0061,10M,400W,stirrup,14,RebarGroup,,2,10,200,145,210,140,200,,,,100,,,,415,870,,0.7,7167f1a0-b1b1-473e-854d-259f9d72bbc7
W10-26,RB10M 0061,10M,400W,stirrup,14,RebarGroup,,2,10,200,145,210,140,200,,,,100,,,,415,870,,0.7,0673676a-2d05-445b-b864-565fe64e95e8
W10-26,RB10M 0149,10M,400W,stirrup,14,RebarGroup,,2,10,200,145,450,140,200,,,,100,,,,655,1110,,0.9,f23a9e07-505c-4f64-b68d-d3701763a561
W10-26,RB10M 0149,10M,400W,stirrup,14,RebarGroup,,2,10,200,145,450,140,200,,,,100,,,,655,1110,,0.9,2b59cfef-e1cd-41a3-8ffe-09954605f0e7
W10-26,RS10M 0162,10M,400W,straight,STR,RebarGroup,,1,10,348,355,,,,,,,,,,,,350,,0.3,bb1e37c8-f0f7-4ba9-8cb6-9cf399fa8b53
W10-26,RS10M 0162,10M,400W,straight,STR,RebarGroup,,1,10,348,355,,,,,,,,,,,,350,,0.3,25c799fb-04c7-4f0c-b922-f7889c6902f6
W10-26,RS10M 0250,10M,400W,straight,STR,RebarGroup,,1,10,345,355,,,,,,,,,,,,340,,0.3,095290ba-4592-41a2-9969-caf73bb760b9
W10-26,RS10M 0250,10M,400W,straight,STR,RebarGroup,,1,10,345,355,,,,,,,,,,,,340,,0.3,c3eab7ae-a0b9-4ef4-83af-ca58bc11a27d
W10-26,RB25M 0146,25M,400W,bent,17,SingleRebar,,1,25,198,210,2065,210,,,,,,,,,,2360,,9.3,24129c09-f6bc-4615-bbd5-7ec991958012
W10-26,RS15M 0125,15M,400W,straight,STR,SingleRebar,,1,15,6413.8,6425,,,,,,,,,,,,6410,,10.1,5d895507-5266-4153-ae5a-51a6a52a61fc
W10-26,RS15M 0125,15M,400W,straight,STR,SingleRebar,,1,15,6413.8,6425,,,,,,,,,,,,6410,,10.1,cf67f762-d106-417e-a6e6-9183bfba740d
W10-26,RS15M 0271,15M,400W,straight,STR,SingleRebar,,1,15,348,355,,,,,,,,,,,,350,,0.6,383de967-5d87-463e-b8aa-d9b73bdf0000
W10-26,RS15M 0271,15M,400W,straight,STR,SingleRebar,,1,15,348,355,,,,,,,,,,,,350,,0.6,b3a39a25-8318-45d9-b238-5b9f0fe621c5
W10-26,RS15M 0273,15M,400W,straight,STR,SingleRebar,,1,15,4720.7,4725,,,,,,,,,,,,4720,,7.4,ddd87410-3bca-4d3d-b7a8-1d2019c2d9d5
W10-26,RB10M 0061,10M,400W,stirrup,14,RebarGroup,,2,10,200,145,210,140,200,,,,100,,,,415,870,,0.7,b0121686-892c-4462-8114-0ed87dbe5922
W10-26,RB10M 0061,10M,400W,stirrup,14,RebarGroup,,2,10,200,145,210,140,200,,,,100,,,,415,870,,0.7,92654599-aec0-4dd6-99ab-5a07b482ed57
W10-26,RS15M 0273,15M,400W,straight,STR,SingleRebar,,1,15,4720.7,4725,,,,,,,,,,,,4720,,7.4,6ca56851-1f9e-412a-826f-2d58c779e339
W10-26,RS10M 0274,10M,400W,straight,STR,RebarGroup,,1,10,223.9,230,,,,,,,,,,,,220,,0.2,4fc17214-fa72-405a-9137-e2ba7135440c
W10-26,RS10M 0274,10M,400W,straight,STR,RebarGroup,,1,10,223.9,230,,,,,,,,,,,,220,,0.2,452cd317-7fa3-48d8-995c-415e717f1f37
W10-26,RS15M 0275,15M,400W,straight,STR,SingleRebar,,1,15,344.9,355,,,,,,,,,,,,340,,0.5,8218e748-eefb-48e6-916a-a75459c65140
W10-26,RS15M 0275,15M,400W,straight,STR,SingleRebar,,1,15,344.9,355,,,,,,,,,,,,340,,0.5,76eb9f62-9185-4bfa-b1d7-25b0766a2629
W10-26,RS15M 0185,15M,400W,straight,STR,SingleRebar,,1,15,2367,2360,,,,,,,,,,,,2370,,3.7,5f0e44fd-6a72-42eb-be3a-646cb3392491
W10-26,RS15M 0185,15M,400W,straight,STR,SingleRebar,,1,15,2367,2360,,,,,,,,,,,,2370,,3.7,99db63d5-25ba-4cd2-8ab1-5b24805f62e5
W10-26,RS15M 0190,15M,400W,straight,STR,SingleRebar,,1,15,230,230,,,,,,,,,,,,230,,0.4,93fc7948-428e-4400-9bf0-49f10cd0930e
W10-26,RS15M 0276,15M,400W,straight,STR,SingleRebar,,1,15,1861.2,1855,,,,,,,,,,,,1860,,2.9,2387ec9e-3749-4404-8399-b3a0b6e3d3b1
W10-26,RS15M 0276,15M,400W,straight,STR,SingleRebar,,1,15,1861.2,1855,,,,,,,,,,,,1860,,2.9,53d4939a-5ea9-4274-af95-382c4a9e0d5a
W10-26,RS10M 0195,10M,400W,straight,STR,RebarGroup,,3,10,2873.4,2870,,,,,,,,,,,,2870,,2.3,eaee5f91-cb4d-4018-8d64-b25cf8a71fab
W10-26,RS10M 0180,10M,400W,straight,STR,RebarGroup,,3,10,2618,2615,,,,,,,,,,,,2620,,2.1,c9b4a9a4-8f0e-4e17-9ba3-9f3797536a5b
W10-26,RB10M 0151,10M,400W,stirrup,TS67_2,RebarGroup,,7,10,160,155,1655,155,1655,155,160,,,,,,,3920,,3.1,af31003b-f41e-4767-bc29-5e782e62658e
W10-26,RB10M 0152,10M,400W,stirrup,TS67_2,RebarGroup,,2,10,160,155,370,155,370,155,160,,,,,,,1350,,1.1,fdf8c9ad-a169-480f-807d-5791df61fa19
W10-26,RS15M 0281,15M,400W,straight,STR,RebarGroup,,3,15,223.9,230,,,,,,,,,,,,220,,0.3,6fcd5bd3-931c-49fe-a9ab-79f9f22f160c
W10-26,RS15M 0281,15M,400W,straight,STR,RebarGroup,,3,15,223.9,230,,,,,,,,,,,,220,,0.3,b60a5e70-1591-40d8-8731-6f7c7ae5a548
W10-26,RS10M 0272,10M,400W,straight,STR,SingleRebar,,1,10,1702.8,1700,,,,,,,,,,,,1700,,1.3,7f0586fb-5280-47f0-927a-04d4c09963c9
W10-26,RS10M 0272,10M,400W,straight,STR,SingleRebar,,1,10,1702.8,1700,,,,,,,,,,,,1700,,1.3,94a1594b-a033-4f1e-aeeb-211bc96b88c1
W10-26,RS10M 0282,10M,400W,straight,STR,SingleRebar,,1,10,901,890,,,,,,,,,,,,900,,0.7,d3773a67-3291-4a27-83d6-f9865da0503c
W10-26,RS10M 0282,10M,400W,straight,STR,SingleRebar,,1,10,901,890,,,,,,,,,,,,900,,0.7,17ec24cb-7192-4e11-a750-b267586fa1f2
W10-26,RS10M 0245,10M,400W,straight,STR,SingleRebar,,1,10,650.9,660,,,,,,,,,,,,650,,0.5,0e3c003f-df28-4d99-b81f-955e154ccce6
W10-26,RS10M 0245,10M,400W,straight,STR,SingleRebar,,1,10,650.9,660,,,,,,,,,,,,650,,0.5,41b6260a-d3e4-4d73-a999-21b70e26ce24
W10-26,RS15M 0280,15M,400W,straight,STR,RebarGroup,,2,15,4310.1,4320,,,,,,,,,,,,4310,,6.8,76287315-27b6-48c5-a632-af424a6dad97
W10-26,RS15M 0280,15M,400W,straight,STR,RebarGroup,,2,15,4310.1,4320,,,,,,,,,,,,4310,,6.8,0897ecd9-5695-4f82-b3ac-2dba466d6672
W10-26,RB10M 0127,10M,400W,stirrup,Unknown,RebarGroup,,16,10,80,37.5,181,478.8,181,729.6,,,,,,,,1640,,1.3,d2c98bef-09c9-4082-9826-bca012791841
W10-26,RB10M 0100,10M,400W,stirrup,Unknown,RebarGroup,,11,10,93.1,591.5,141,1302.3,141,768.9,141,448.9,,,,,,4570,,3.6,f5ffb057-fa98-47cf-8b58-869a098c1c7f
W10-26,RS15M 0058,15M,400W,straight,STR,RebarGroup,,11,15,2875,2870,,,,,,,,,,,,2880,,4.5,431a0118-74d7-458e-8759-f75d988bbe8f
W10-26,RS15M 0059,15M,400W,straight,STR,RebarGroup,,9,15,2618,2615,,,,,,,,,,,,2620,,4.1,49bfd7bc-a3c0-468b-a5c8-71af6b6dc8e6
W10-26,RB10M 0105,10M,400W,stirrup,TS67_2,RebarGroup,,2,10,160,155,395,155,395,155,160,,,,,,,1400,,1.1,9d67f6c6-07cd-491d-8d43-a4c2ce36e1e0
W10-86,RB10M 0135,10M,400W,stirrup,Unknown,RebarGroup,,10,10,754.6,181,503.8,181,37.5,80,,,,,,,,1690,,1.3,1a16d8fb-22e0-4e65-b013-51f70d1a3179
W10-86,RS10M 0030,10M,400W,straight,STR,RebarGroup,,2,10,600,610,,,,,,,,,,,,600,,0.5,8ba102f0-67c4-4791-a5bd-0fc7b20cffa8
W10-86,RS10M 0030,10M,400W,straight,STR,RebarGroup,,2,10,600,610,,,,,,,,,,,,600,,0.5,a6988fe2-f798-4ff7-bff0-794e1b140866
W10-86,RB10M 0135,10M,400W,stirrup,Unknown,RebarGroup,,6,10,754.6,181,503.8,181,37.5,80,,,,,,,,1690,,1.3,f8cd1640-9a13-402b-b842-9740c621ec45
W10-86,RS10M 0139,10M,400W,straight,STR,RebarGroup,,1,10,6413.9,6425,,,,,,,,,,,,6410,,5,05082ba3-1aaf-4c59-b612-588db6f819c0
W10-86,RS10M 0030,10M,400W,straight,STR,RebarGroup,,2,10,600,610,,,,,,,,,,,,600,,0.5,c352bec2-3fef-4cce-9b6e-5e2807043b79
W10-86,RS10M 0030,10M,400W,straight,STR,RebarGroup,,2,10,600,610,,,,,,,,,,,,600,,0.5,6dcf05b1-4229-4aff-999b-34744777159b
W10-86,RS15M 0244,15M,400W,straight,STR,SingleRebar,,1,15,1883.2,1880,,,,,,,,,,,,1880,,3,600be191-7c85-4684-98ea-4499bb998569
W10-86,RS15M 0246,15M,400W,straight,STR,RebarGroup,,2,15,3201.9,3200,,,,,,,,,,,,3200,,5,7f614937-2557-461a-bd0a-66db6c8a3d8d
W10-86,RS15M 0246,15M,400W,straight,STR,RebarGroup,,2,15,3201.9,3200,,,,,,,,,,,,3200,,5,2bdfe3f6-ec4a-452d-971c-f0610707c483
W10-86,RB10M 0130,10M,400W,stirrup,T1,RebarGroup,,6,10,85,195,225,195,225,210.8,85,80,,,,,,960,,0.8,272b7dc5-b746-478d-b243-fdec7b614df3
W10-86,RS10M 0235,10M,400W,straight,STR,RebarGroup,,1,10,2190.9,2185,,,,,,,,,,,,2190,,1.7,979aa886-110f-4d1c-9397-0fd25bc0c165
W10-86,RS10M 0235,10M,400W,straight,STR,RebarGroup,,1,10,2190.9,2185,,,,,,,,,,,,2190,,1.7,c88b9c08-079c-4367-a3dd-8b4174134ba7
W10-86,RB10M 0051,10M,400W,bent,TS5_1,RebarGroup,,2,10,255,255,255,,,,,,,,,,,750,,0.6,600a110e-8684-477c-8314-74d56c05fd03
W10-86,RB10M 0051,10M,400W,bent,TS5_1,RebarGroup,,2,10,255,255,255,,,,,,,,,,,750,,0.6,85a14f08-0812-4bd7-b087-b6cb6d591bd8
W10-86,RS10M 0248,10M,400W,straight,STR,RebarGroup,,1,10,4304.1,4295,,,,,,,,,,,,4300,,3.4,17925444-bf64-4a81-ab2d-3805f0532812
W10-86,RS10M 0248,10M,400W,straight,STR,RebarGroup,,1,10,4304.1,4295,,,,,,,,,,,,4300,,3.4,c60f8cf8-e446-460a-bbe0-af2672a74b87
W10-86,RS15M 0244,15M,400W,straight,STR,SingleRebar,,1,15,1883.2,1880,,,,,,,,,,,,1880,,3,2da0e612-5fce-4740-bed0-203f6d3712e1
W10-86,RS10M 0139,10M,400W,straight,STR,RebarGroup,,2,10,6413.9,6425,,,,,,,,,,,,6410,,5,6317fe3c-e58d-4ad8-a26c-e2662cb6eb61
W10-86,RB10M 0061,10M,400W,stirrup,14,RebarGroup,,2,10,200,145,210,140,200,,,,100,,,,415,870,,0.7,7dd65b52-4ec3-402b-bdbc-cb3e357813ed
W10-86,RB10M 0061,10M,400W,stirrup,14,RebarGroup,,2,10,200,145,210,140,200,,,,100,,,,415,870,,0.7,859415d4-c912-440f-b3c0-0250414b34da
W10-86,RB10M 0134,10M,400W,stirrup,14,RebarGroup,,2,10,200,145,485,140,200,,,,100,,,,690,1140,,0.9,cd3c63e4-1471-445c-8ff2-a9bd42d542f3
W10-86,RB10M 0134,10M,400W,stirrup,14,RebarGroup,,2,10,200,145,485,140,200,,,,100,,,,690,1140,,0.9,b3152e07-2547-4b2b-8acd-751bb2b49945
W10-86,RS10M 0162,10M,400W,straight,STR,RebarGroup,,1,10,348,355,,,,,,,,,,,,350,,0.3,42589808-818b-45c4-b0cc-38957b74bb60
W10-86,RS10M 0162,10M,400W,straight,STR,RebarGroup,,1,10,348,355,,,,,,,,,,,,350,,0.3,79ac841e-c99e-4454-9134-e6d6e8dfddd0
W10-86,RS10M 0250,10M,400W,straight,STR,RebarGroup,,1,10,345,355,,,,,,,,,,,,340,,0.3,08b113c7-8cb8-48a6-b8de-284480b4afe9
W10-86,RS10M 0250,10M,400W,straight,STR,RebarGroup,,1,10,345,355,,,,,,,,,,,,340,,0.3,3b6b35d6-cfc1-470d-ba89-016d1b92d260
W10-86,RS15M 0125,15M,400W,straight,STR,SingleRebar,,1,15,6413.8,6425,,,,,,,,,,,,6410,,10.1,c7c97ef1-3de1-4546-8ef4-01065f5a66de
W10-86,RS15M 0125,15M,400W,straight,STR,SingleRebar,,1,15,6413.8,6425,,,,,,,,,,,,6410,,10.1,a7387072-9aae-4488-9886-52d62bf5372c
W10-86,RS15M 0271,15M,400W,straight,STR,SingleRebar,,1,15,347,355,,,,,,,,,,,,350,,0.6,61acc5ec-93f9-4a47-a37c-074e94161fe9
W10-86,RS15M 0271,15M,400W,straight,STR,SingleRebar,,1,15,347,355,,,,,,,,,,,,350,,0.6,18b7b746-3d3a-46c9-bbc3-fb43a3aa1237
W10-86,RS15M 0273,15M,400W,straight,STR,SingleRebar,,1,15,4720.7,4725,,,,,,,,,,,,4720,,7.4,dc6d98ae-6308-4c7f-be7d-07dc221c10fd
W10-86,RS15M 0273,15M,400W,straight,STR,SingleRebar,,1,15,4720.7,4725,,,,,,,,,,,,4720,,7.4,b2143cb3-8ca6-4173-894c-cdeb11d8ae47
W10-86,RS10M 0101,10M,400W,straight,STR,SingleRebar,,1,10,2365.6,2360,,,,,,,,,,,,2370,,1.9,9e0bfdad-428a-4415-b88a-7fb3432d40bb
W10-86,RS10M 0101,10M,400W,straight,STR,SingleRebar,,1,10,2367.2,2360,,,,,,,,,,,,2370,,1.9,6ba216d4-a813-4fd8-a3e2-f7ae96c1fa3b
W10-86,RS10M 0100,10M,400W,straight,STR,SingleRebar,,1,10,228.4,230,,,,,,,,,,,,230,,0.2,c05df49c-dd9c-42fc-bed0-cbc5b4b1f876
W10-86,RB10M 0131,10M,400W,stirrup,TS67_2,RebarGroup,,7,10,160,155,1675,155,1675,155,160,,,,,,,3960,,3.1,8c58bb30-09d2-440d-a335-97997bb1141c
W10-86,RS10M 0180,10M,400W,straight,STR,RebarGroup,,2,10,2618,2615,,,,,,,,,,,,2620,,2.1,d4039951-2a37-43a4-8bec-690b4ce00355
W10-86,RS10M 0195,10M,400W,straight,STR,RebarGroup,,2,10,2873.4,2870,,,,,,,,,,,,2870,,2.3,20324560-9a06-4a5d-9211-c92e08485df1
W10-86,RB10M 0155,10M,400W,stirrup,TS67_2,RebarGroup,,2,10,160,155,375,155,375,155,160,,,,,,,1360,,1.1,fbeb4787-5fdf-4285-90a0-916c654a7955
W10-86,RS10M 0249,10M,400W,straight,STR,RebarGroup,,1,10,233.9,230,,,,,,,,,,,,230,,0.2,b2f38dd3-a1d2-4919-857d-587ce8ca5c0e
W10-86,RS10M 0249,10M,400W,straight,STR,RebarGroup,,1,10,233.9,230,,,,,,,,,,,,230,,0.2,01fe7672-3c89-41ec-89e1-c01a1aab627a
W10-86,RS15M 0275,15M,400W,straight,STR,SingleRebar,,1,15,344.9,355,,,,,,,,,,,,340,,0.5,62c6a317-8e2a-4f43-b219-2f967c2501ad
W10-86,RS15M 0275,15M,400W,straight,STR,SingleRebar,,1,15,344.9,355,,,,,,,,,,,,340,,0.5,ab114b7d-c2d5-4ad7-bdae-32592b949ab7
W10-86,RS15M 0270,15M,400W,straight,STR,RebarGroup,,3,15,233.9,230,,,,,,,,,,,,230,,0.4,a4970e33-df86-492a-aa52-80dc636658f4
W10-86,RS15M 0270,15M,400W,straight,STR,RebarGroup,,3,15,233.9,230,,,,,,,,,,,,230,,0.4,a7d1bbd4-e44f-4e5c-a3df-70ed1a3e0220
W10-86,RS15M 0185,15M,400W,straight,STR,SingleRebar,,1,15,2367.1,2360,,,,,,,,,,,,2370,,3.7,d2781359-3489-499b-a709-2512bdcae02f
W10-86,RS15M 0185,15M,400W,straight,STR,SingleRebar,,1,15,2367.1,2360,,,,,,,,,,,,2370,,3.7,c48d2656-c19c-459d-967b-be264bf75f3b
W10-86,RS15M 0058,15M,400W,straight,STR,RebarGroup,,2,15,2875,2870,,,,,,,,,,,,2880,,4.5,534ed17c-fcef-46d0-b13a-7463d7934eab
W10-86,RS15M 0190,15M,400W,straight,STR,SingleRebar,,1,15,229.9,230,,,,,,,,,,,,230,,0.4,2585ddab-3b16-4b73-8be7-042541212741
W10-86,RB10M 0156,10M,400W,stirrup,14,RebarGroup,,2,10,200,145,180,140,200,,,,100,,,,385,840,,0.7,91daa70d-06de-40b7-89ed-1153bb8bf474
W10-86,RB10M 0156,10M,400W,stirrup,14,RebarGroup,,2,10,200,145,180,140,200,,,,100,,,,385,840,,0.7,b5a3ed9c-3ddb-4808-b022-adacc00ffc71
W10-86,RS10M 0272,10M,400W,straight,STR,SingleRebar,,1,10,1702.8,1700,,,,,,,,,,,,1700,,1.3,33bddb48-d099-49c5-ad82-3d6ec1f7643d
W10-86,RS10M 0272,10M,400W,straight,STR,SingleRebar,,1,10,1702.8,1700,,,,,,,,,,,,1700,,1.3,71632514-c29d-4157-9088-6c0d11a1072a
W10-86,RS10M 0279,10M,400W,straight,STR,SingleRebar,,1,10,803,815,,,,,,,,,,,,800,,0.6,b8e5120a-9c87-40eb-9759-d4efff79a9e8
W10-86,RS10M 0279,10M,400W,straight,STR,SingleRebar,,1,10,803,815,,,,,,,,,,,,800,,0.6,f57cf647-9807-4593-a00d-a75516c9bb5b
W10-86,RS15M 0280,15M,400W,straight,STR,RebarGroup,,2,15,4310.1,4320,,,,,,,,,,,,4310,,6.8,64aca364-65cd-434c-9680-8cec74573c20
W10-86,RS15M 0280,15M,400W,straight,STR,RebarGroup,,2,15,4310.1,4320,,,,,,,,,,,,4310,,6.8,cabc4374-d0e8-4b47-a94c-b7cbdb0a7c34
W10-86,RB10M 0126,10M,400W,stirrup,Unknown,RebarGroup,,11,10,93.1,601.9,141,1292.7,141,748.9,141,428.9,,,,,,4530,,3.6,7bf881ba-827b-4479-bdd3-e976026a1477
W10-86,RB10M 0105,10M,400W,stirrup,TS67_2,RebarGroup,,2,10,160,155,395,155,395,155,160,,,,,,,1400,,1.1,776adcff-f816-4043-ba4b-32d9156cd72f
W10-86,RS10M 0245,10M,400W,straight,STR,RebarGroup,,2,10,650.9,660,,,,,,,,,,,,650,,0.5,29ee6e16-8b2f-40cb-9f7c-bf7d0c09bcfb
W10-86,RS10M 0245,10M,400W,straight,STR,RebarGroup,,2,10,650.9,660,,,,,,,,,,,,650,,0.5,3f5d7007-819c-4e20-aae4-653daf4564e8
W10-86,RB10M 0077,10M,400W,stirrup,TS73_1,RebarGroup,,12,10,100,155,345,535,155,100,141,93.1,,,,,,1900,,1.5,bfe71511-a89e-467f-9d7e-c020cf24e29c
W10-86,RS15M 0058,15M,400W,straight,STR,RebarGroup,,11,15,2875,2870,,,,,,,,,,,,2880,,4.5,01339b83-27b8-4661-a8fe-f965ce0a2a4d
W10-86,RS15M 0059,15M,400W,straight,STR,RebarGroup,,9,15,2618,2615,,,,,,,,,,,,2620,,4.1,e44f2596-5539-4e0c-8517-2dbdc3e28b6a
W10-86,RB25M 0165,25M,400W,bent,17,SingleRebar,,1,25,198,210,2115,210,,,,,,,,,,2410,,9.5,2d377c67-07dd-40d7-a5a7-a95ae0bb07bc
W10-95,RB10M 0135,10M,400W,stirrup,Unknown,RebarGroup,,10,10,754.6,181,503.8,181,37.5,80,,,,,,,,1690,,1.3,5406a916-28d3-4ed1-837f-4618f6b1649e
W10-95,RS10M 0030,10M,400W,straight,STR,RebarGroup,,2,10,600,610,,,,,,,,,,,,600,,0.5,fbe5ef0f-96ea-4f4c-bf8c-6086cfde37b0
W10-95,RS10M 0030,10M,400W,straight,STR,RebarGroup,,2,10,600,610,,,,,,,,,,,,600,,0.5,1aedc33a-6bf7-4abf-8c5f-153e0c10f8b1
W10-95,RB10M 0135,10M,400W,stirrup,Unknown,RebarGroup,,6,10,754.6,181,503.8,181,37.5,80,,,,,,,,1690,,1.3,d0c5a8de-571d-40bd-9023-6bd5ecd31c1a
W10-95,RS10M 0139,10M,400W,straight,STR,RebarGroup,,1,10,6413.9,6425,,,,,,,,,,,,6410,,5,5c5b5821-ff52-4703-9d8d-56c63996c2fc
W10-95,RS10M 0030,10M,400W,straight,STR,RebarGroup,,2,10,600,610,,,,,,,,,,,,600,,0.5,17926c04-bcbd-462e-8971-b3517dd21033
W10-95,RS10M 0030,10M,400W,straight,STR,RebarGroup,,2,10,600,610,,,,,,,,,,,,600,,0.5,457b1b27-bff9-45b9-8db3-d5ac52b8e976
W10-95,RB10M 0104,10M,400W,stirrup,Unknown,RebarGroup,,11,10,93.1,601.9,141,1292.7,141,748.9,141,413.9,,,,,,4500,,3.5,f9b26554-7c01-4efc-afac-4817b4fc8fde
W10-95,RS15M 0244,15M,400W,straight,STR,SingleRebar,,1,15,1883.2,1880,,,,,,,,,,,,1880,,3,d5b79b39-41aa-4d10-afbd-a36280c3bc46
W10-95,RS15M 0246,15M,400W,straight,STR,RebarGroup,,2,15,3201.9,3200,,,,,,,,,,,,3200,,5,c50ad3ed-672e-41a5-ace0-59343bf1f974
W10-95,RS15M 0246,15M,400W,straight,STR,RebarGroup,,2,15,3201.9,3200,,,,,,,,,,,,3200,,5,8c037a7c-d9ab-4cf6-b0d5-d979f20ad6e0
W10-95,RB10M 0130,10M,400W,stirrup,T1,RebarGroup,,6,10,85,195,225,195,225,210.8,85,80,,,,,,960,,0.8,3b6c88e6-b45d-450a-b2ae-7429749e06ff
W10-95,RS10M 0235,10M,400W,straight,STR,RebarGroup,,1,10,2190.9,2185,,,,,,,,,,,,2190,,1.7,cb7bbe7e-cd43-4a3a-b939-69b0fe718ba7
W10-95,RS10M 0235,10M,400W,straight,STR,RebarGroup,,1,10,2190.9,2185,,,,,,,,,,,,2190,,1.7,488ad823-4109-4c64-9700-416b63e221d9
W10-95,RB10M 0051,10M,400W,bent,TS5_1,RebarGroup,,2,10,255,255,255,,,,,,,,,,,750,,0.6,60a98a75-51bb-44db-807a-3d42a3d40481
W10-95,RB10M 0051,10M,400W,bent,TS5_1,RebarGroup,,2,10,255,255,255,,,,,,,,,,,750,,0.6,99121ffd-e5db-48ef-96c8-645a60cb52cb
W10-95,RS10M 0248,10M,400W,straight,STR,RebarGroup,,1,10,4304.1,4295,,,,,,,,,,,,4300,,3.4,d504b61d-5cf6-4f2a-9281-5dd388f7505c
W10-95,RS10M 0248,10M,400W,straight,STR,RebarGroup,,1,10,4304.1,4295,,,,,,,,,,,,4300,,3.4,a3047a19-50ae-474e-b32b-64a6b96c5f03
W10-95,RS15M 0244,15M,400W,straight,STR,SingleRebar,,1,15,1883.2,1880,,,,,,,,,,,,1880,,3,32ceaa08-4bed-47c5-95f1-2c5af0616d2a
W10-95,RS10M 0139,10M,400W,straight,STR,RebarGroup,,2,10,6413.9,6425,,,,,,,,,,,,6410,,5,4592cb11-a80f-4ec2-97e4-db31e4fb9ed5
W10-95,RB10M 0061,10M,400W,stirrup,14,RebarGroup,,2,10,200,145,210,140,200,,,,100,,,,415,870,,0.7,34cf901d-7844-4d61-8f20-2bf4f1ea5ef1
W10-95,RB10M 0061,10M,400W,stirrup,14,RebarGroup,,2,10,200,145,210,140,200,,,,100,,,,415,870,,0.7,69ef9c92-f136-4c92-b1ef-74a178edbaaf
W10-95,RB10M 0134,10M,400W,stirrup,14,RebarGroup,,2,10,200,145,485,140,200,,,,100,,,,690,1140,,0.9,64e6d4ea-d810-43f3-94cb-e08d95e045eb
W10-95,RB10M 0134,10M,400W,stirrup,14,RebarGroup,,2,10,200,145,485,140,200,,,,100,,,,690,1140,,0.9,e3665d4d-687e-4511-94d1-f93d284b5653
W10-95,RS10M 0162,10M,400W,straight,STR,RebarGroup,,1,10,348,355,,,,,,,,,,,,350,,0.3,7086f705-4d39-4a77-ae36-b60696fdd083
W10-95,RS10M 0162,10M,400W,straight,STR,RebarGroup,,1,10,348,355,,,,,,,,,,,,350,,0.3,960e845c-2b92-4975-93f7-5f0ca37d4882
W10-95,RS10M 0250,10M,400W,straight,STR,RebarGroup,,1,10,345,355,,,,,,,,,,,,340,,0.3,349dbb36-69ac-4403-9aec-1f7d01ab2e72
W10-95,RS10M 0250,10M,400W,straight,STR,RebarGroup,,1,10,345,355,,,,,,,,,,,,340,,0.3,898b5248-a00b-4060-bd0d-68b67ed118f8
W10-95,RS15M 0125,15M,400W,straight,STR,SingleRebar,,1,15,6413.8,6425,,,,,,,,,,,,6410,,10.1,232c77c7-368d-4e31-b586-a4edfd47ccaf
W10-95,RS15M 0125,15M,400W,straight,STR,SingleRebar,,1,15,6413.8,6425,,,,,,,,,,,,6410,,10.1,8e5e0f8c-a861-4516-88d4-03d8f1d06c10
W10-95,RS15M 0271,15M,400W,straight,STR,SingleRebar,,1,15,347,355,,,,,,,,,,,,350,,0.6,6338814e-a62e-4408-a4d2-c01e24951ab1
W10-95,RS15M 0271,15M,400W,straight,STR,SingleRebar,,1,15,347,355,,,,,,,,,,,,350,,0.6,7c8a4e78-5866-43c9-a004-20062a00db7c
W10-95,RS15M 0273,15M,400W,straight,STR,SingleRebar,,1,15,4720.7,4725,,,,,,,,,,,,4720,,7.4,e413ec9a-c002-4cfa-a1f6-1aac4b5acdf6
W10-95,RS15M 0273,15M,400W,straight,STR,SingleRebar,,1,15,4720.7,4725,,,,,,,,,,,,4720,,7.4,68d929d4-c793-467a-a682-c181d41ad453
W10-95,RS10M 0101,10M,400W,straight,STR,SingleRebar,,1,10,2365.6,2360,,,,,,,,,,,,2370,,1.9,9eb93afc-7a5d-47a4-8cda-13d00694097c
W10-95,RS10M 0101,10M,400W,straight,STR,SingleRebar,,1,10,2367.2,2360,,,,,,,,,,,,2370,,1.9,f94b59e3-031b-4a93-a55f-6a7f9e9446f0
W10-95,RS10M 0100,10M,400W,straight,STR,SingleRebar,,1,10,228.4,230,,,,,,,,,,,,230,,0.2,bfc4aafb-3186-43f4-a993-e943d0acd727
W10-95,RB10M 0131,10M,400W,stirrup,TS67_2,RebarGroup,,7,10,160,155,1675,155,1675,155,160,,,,,,,3960,,3.1,5ab98172-dca9-4555-b955-d9ddcda054fd
W10-95,RS10M 0180,10M,400W,straight,STR,RebarGroup,,2,10,2618,2615,,,,,,,,,,,,2620,,2.1,3175b0b5-4cdc-443d-904c-890aa540d15c
W10-95,RS10M 0195,10M,400W,straight,STR,RebarGroup,,2,10,2873.4,2870,,,,,,,,,,,,2870,,2.3,e3ad055c-8dfd-405c-8b44-8ecd3e38efed
W10-95,RS10M 0245,10M,400W,straight,STR,RebarGroup,,3,10,650.9,660,,,,,,,,,,,,650,,0.5,bb982b7b-03e0-487e-b1eb-ad5cf902766c
W10-95,RS10M 0245,10M,400W,straight,STR,RebarGroup,,3,10,650.9,660,,,,,,,,,,,,650,,0.5,a500e014-a21e-4557-a30f-c939350b02aa
W10-95,RB10M 0155,10M,400W,stirrup,TS67_2,RebarGroup,,2,10,160,155,375,155,375,155,160,,,,,,,1360,,1.1,a789d892-59d8-41c7-a942-62753b45179c
W10-95,RS10M 0249,10M,400W,straight,STR,RebarGroup,,1,10,233.9,230,,,,,,,,,,,,230,,0.2,6680f293-6a04-4a6a-a74b-6c11b297bc05
W10-95,RS10M 0249,10M,400W,straight,STR,RebarGroup,,1,10,233.9,230,,,,,,,,,,,,230,,0.2,20ee6a53-5031-48c6-82a5-4b79fa4c999d
W10-95,RS15M 0275,15M,400W,straight,STR,SingleRebar,,1,15,344.9,355,,,,,,,,,,,,340,,0.5,545f7122-6393-4c1e-8df2-44e6d349c555
W10-95,RS15M 0275,15M,400W,straight,STR,SingleRebar,,1,15,344.9,355,,,,,,,,,,,,340,,0.5,1764a038-9bbe-4fc3-a1de-5647894c735e
W10-95,RS15M 0270,15M,400W,straight,STR,RebarGroup,,3,15,233.9,230,,,,,,,,,,,,230,,0.4,5816d46c-961d-40d8-98e6-6dc959c5e1f2
W10-95,RS15M 0270,15M,400W,straight,STR,RebarGroup,,3,15,233.9,230,,,,,,,,,,,,230,,0.4,744c29c2-6d61-4bb9-b2bf-9f680e39b479
W10-95,RS15M 0185,15M,400W,straight,STR,SingleRebar,,1,15,2367.1,2360,,,,,,,,,,,,2370,,3.7,3750bc8a-068b-4438-8d7f-70bb00b6b4c6
W10-95,RS15M 0185,15M,400W,straight,STR,SingleRebar,,1,15,2367.1,2360,,,,,,,,,,,,2370,,3.7,5ffbdd0c-3a92-42e5-8d72-f0b10055fa0d
W10-95,RS15M 0058,15M,400W,straight,STR,RebarGroup,,2,15,2875,2870,,,,,,,,,,,,2880,,4.5,e470e560-147e-4093-a82e-e63dd9f7269a
W10-95,RS15M 0190,15M,400W,straight,STR,SingleRebar,,1,15,229.9,230,,,,,,,,,,,,230,,0.4,bca3148a-9f6f-47b6-b14f-cda280f342fd
W10-95,RB10M 0156,10M,400W,stirrup,14,RebarGroup,,2,10,200,145,180,140,200,,,,100,,,,385,840,,0.7,871d5018-cf44-444f-a4d3-5b698d5ffdff
W10-95,RB10M 0156,10M,400W,stirrup,14,RebarGroup,,2,10,200,145,180,140,200,,,,100,,,,385,840,,0.7,2bbf3119-4869-4d07-af95-247799405415
W10-95,RS10M 0272,10M,400W,straight,STR,SingleRebar,,1,10,1702.8,1700,,,,,,,,,,,,1700,,1.3,7ccf7ccd-f075-4711-8140-9ba59a2953a8
W10-95,RS10M 0272,10M,400W,straight,STR,SingleRebar,,1,10,1702.8,1700,,,,,,,,,,,,1700,,1.3,1387430a-124b-40c3-9d6a-2552292eacb0
W10-95,RS10M 0279,10M,400W,straight,STR,SingleRebar,,1,10,803,815,,,,,,,,,,,,800,,0.6,adfb6aaf-554a-49c2-bd44-65ac634ba52c
W10-95,RS10M 0279,10M,400W,straight,STR,SingleRebar,,1,10,803,815,,,,,,,,,,,,800,,0.6,f44ba6be-a36f-4985-a347-a60e8fbdab01
W10-95,RS15M 0280,15M,400W,straight,STR,RebarGroup,,2,15,4310.1,4320,,,,,,,,,,,,4310,,6.8,943d35f5-f3d0-4f06-a90e-9cf3b034d382
W10-95,RS15M 0280,15M,400W,straight,STR,RebarGroup,,2,15,4310.1,4320,,,,,,,,,,,,4310,,6.8,9ee09de6-a37c-4dab-9c3b-662cc5d1a3fb
W10-95,RS10M 0245,10M,400W,straight,STR,RebarGroup,,2,10,650.9,660,,,,,,,,,,,,650,,0.5,b245cbe6-9b6a-4eaf-84c0-7c786aff354a
W10-95,RS10M 0245,10M,400W,straight,STR,RebarGroup,,2,10,650.9,660,,,,,,,,,,,,650,,0.5,84cd6199-47d6-4fa5-8f86-f3b68c41f411
W10-95,RB25M 0139,25M,400W,bent,17,SingleRebar,,1,25,198,210,2085,210,,,,,,,,,,2380,,9.3,da6c8710-4143-40c5-b021-948ec3ae66e2
W10-95,RS15M 0058,15M,400W,straight,STR,RebarGroup,,11,15,2875,2870,,,,,,,,,,,,2880,,4.5,bd13cad4-c7ab-40c3-a67a-5489fb9240a7
W10-95,RS15M 0059,15M,400W,straight,STR,RebarGroup,,9,15,2618,2615,,,,,,,,,,,,2620,,4.1,a68a1df3-04c7-4766-8d1b-bd020182498c
W10-95,RB10M 0077,10M,400W,stirrup,TS73_1,RebarGroup,,12,10,100,155,345,535,155,100,141,93.1,,,,,,1900,,1.5,b008ed0d-d23c-4a1f-a60b-a0c90e8abc11
W10-95,RB10M 0105,10M,400W,stirrup,TS67_2,RebarGroup,,2,10,160,155,395,155,395,155,160,,,,,,,1400,,1.1,079fbab0-8d91-4d3e-80e0-e9953dbe6362
W10-63,RS10M 0030,10M,400W,straight,STR,RebarGroup,,2,10,600,610,,,,,,,,,,,,600,,0.5,dc21e4d2-ccbc-4ea0-b061-a3fab30eabec
W10-63,RS10M 0030,10M,400W,straight,STR,RebarGroup,,2,10,600,610,,,,,,,,,,,,600,,0.5,c676a647-4a5d-450b-9ae2-52851307da19
W10-63,RS10M 0139,10M,400W,straight,STR,RebarGroup,,1,10,6413.9,6425,,,,,,,,,,,,6410,,5,8be1fc18-932a-4c0e-8f65-853b8952c4fb
W10-63,RS10M 0030,10M,400W,straight,STR,RebarGroup,,2,10,600,610,,,,,,,,,,,,600,,0.5,cd5cc9a1-89be-4bd8-842c-9b189e61e832
W10-63,RS10M 0030,10M,400W,straight,STR,RebarGroup,,2,10,600,610,,,,,,,,,,,,600,,0.5,7570f02a-e10b-439a-9b3d-8e6b31452087
W10-63,RB10M 0132,10M,400W,stirrup,TS73_1,RebarGroup,,12,10,100,155,310,525,155,100,141,93.1,,,,,,1850,,1.5,beda3f3f-bcf4-45ab-8d7c-51f08b7d9cc6
W10-63,RS15M 0246,15M,400W,straight,STR,RebarGroup,,2,15,3201.9,3200,,,,,,,,,,,,3200,,5,a3185289-c65f-420f-b00e-78780a742885
W10-63,RS15M 0246,15M,400W,straight,STR,RebarGroup,,2,15,3201.9,3200,,,,,,,,,,,,3200,,5,f3f49cda-2dbe-4122-8f8c-04d0862ac4a3
W10-63,RB10M 0130,10M,400W,stirrup,T1,RebarGroup,,6,10,85,195,225,195,225,210.8,85,80,,,,,,960,,0.8,2d68b932-211e-433c-924b-28b5e378d616
W10-63,RS10M 0247,10M,400W,straight,STR,RebarGroup,,1,10,2181.4,2185,,,,,,,,,,,,2180,,1.7,eaf2d136-1bef-48d6-aba8-b0c1142be70e
W10-63,RS10M 0247,10M,400W,straight,STR,RebarGroup,,1,10,2181.4,2185,,,,,,,,,,,,2180,,1.7,58237217-9a2f-471e-b843-66b6a229248f
W10-63,RB10M 0051,10M,400W,bent,TS5_1,RebarGroup,,2,10,255,255,255,,,,,,,,,,,750,,0.6,68cb3386-0bcc-46a2-b833-8e53a5291dd7
W10-63,RB10M 0051,10M,400W,bent,TS5_1,RebarGroup,,2,10,255,255,255,,,,,,,,,,,750,,0.6,56fb317e-c688-42db-8944-c364616bc652
W10-63,RS10M 0248,10M,400W,straight,STR,RebarGroup,,1,10,4304.1,4295,,,,,,,,,,,,4300,,3.4,9b9e342c-a739-4798-81b5-fe19fa3cd6c2
W10-63,RS10M 0248,10M,400W,straight,STR,RebarGroup,,1,10,4304.1,4295,,,,,,,,,,,,4300,,3.4,d3c38832-5344-4902-a3b4-913d11b39f95
W10-63,RS15M 0058,15M,400W,straight,STR,RebarGroup,,2,15,2875,2870,,,,,,,,,,,,2870,,4.5,4cce14f4-9ff0-4ed6-94f3-0b8e1c493bb9
W10-63,RS10M 0139,10M,400W,straight,STR,RebarGroup,,2,10,6413.9,6425,,,,,,,,,,,,6410,,5,29dc1bd0-3301-40c0-9577-67b1f3fdc0d2
W10-63,RB10M 0061,10M,400W,stirrup,14,RebarGroup,,2,10,200,145,210,140,200,,,,100,,,,415,870,,0.7,b55f7fd0-ace0-437d-903f-a29e70a0699b
W10-63,RB10M 0061,10M,400W,stirrup,14,RebarGroup,,2,10,200,145,210,140,200,,,,100,,,,415,870,,0.7,11360f9e-d534-4600-ae25-68ad6be26a9d
W10-63,RB10M 0149,10M,400W,stirrup,14,RebarGroup,,2,10,200,145,450,140,200,,,,100,,,,655,1110,,0.9,1a20d881-87d8-4b5b-8ac4-b82318dd14f6
W10-63,RB10M 0149,10M,400W,stirrup,14,RebarGroup,,2,10,200,145,450,140,200,,,,100,,,,655,1110,,0.9,1935688a-c454-443c-8e50-414b4adee466
W10-63,RS10M 0162,10M,400W,straight,STR,RebarGroup,,1,10,348,355,,,,,,,,,,,,350,,0.3,6c829dac-5318-478b-af9e-74b77ee86ee1
W10-63,RS10M 0162,10M,400W,straight,STR,RebarGroup,,1,10,348,355,,,,,,,,,,,,350,,0.3,bdd162da-c195-4fa5-97f7-fe5243e9c985
W10-63,RS10M 0250,10M,400W,straight,STR,RebarGroup,,1,10,345,355,,,,,,,,,,,,340,,0.3,f18f0b1b-7ca8-4d1c-9a5f-832486835c21
W10-63,RS10M 0250,10M,400W,straight,STR,RebarGroup,,1,10,345,355,,,,,,,,,,,,340,,0.3,23757af3-4faa-4b1c-9add-3380cdf7ebc8
W10-63,RB25M 0146,25M,400W,bent,17,SingleRebar,,1,25,198,210,2065,210,,,,,,,,,,2360,,9.3,fab0e7ce-8485-4476-94b6-77370e213aa1
W10-63,RS15M 0125,15M,400W,straight,STR,SingleRebar,,1,15,6413.8,6425,,,,,,,,,,,,6410,,10.1,253562a7-36a3-43ff-90ba-8942f96031cc
W10-63,RS15M 0125,15M,400W,straight,STR,SingleRebar,,1,15,6413.8,6425,,,,,,,,,,,,6410,,10.1,0086c4ef-3b54-407f-9beb-425b027e1a7c
W10-63,RS15M 0271,15M,400W,straight,STR,SingleRebar,,1,15,348,355,,,,,,,,,,,,350,,0.6,58278fe9-9842-4813-b9e5-fbfe9ac3dc51
W10-63,RS15M 0271,15M,400W,straight,STR,SingleRebar,,1,15,348,355,,,,,,,,,,,,350,,0.6,7d10833d-7609-4ac1-9e28-4359b484c8e6
W10-63,RS15M 0273,15M,400W,straight,STR,SingleRebar,,1,15,4720.7,4725,,,,,,,,,,,,4720,,7.4,10a2bd4b-ad9d-4188-afdf-c153ab5de428
W10-63,RB10M 0061,10M,400W,stirrup,14,RebarGroup,,2,10,200,145,210,140,200,,,,100,,,,415,870,,0.7,22e86b75-b27f-4148-9dd1-e6338082ba83
W10-63,RB10M 0061,10M,400W,stirrup,14,RebarGroup,,2,10,200,145,210,140,200,,,,100,,,,415,870,,0.7,5b46b394-bdbb-4780-a14e-600555d27443
W10-63,RS15M 0273,15M,400W,straight,STR,SingleRebar,,1,15,4720.7,4725,,,,,,,,,,,,4720,,7.4,32948cdc-1e5d-4ec7-b1a0-3163332af869
W10-63,RS10M 0274,10M,400W,straight,STR,RebarGroup,,1,10,223.9,230,,,,,,,,,,,,220,,0.2,132ae0a4-13aa-4325-bf12-bec3ff334347
W10-63,RS10M 0274,10M,400W,straight,STR,RebarGroup,,1,10,223.9,230,,,,,,,,,,,,220,,0.2,fc37849f-3c91-41d8-8904-ad065e392597
W10-63,RS15M 0275,15M,400W,straight,STR,SingleRebar,,1,15,344.9,355,,,,,,,,,,,,340,,0.5,24bc4bab-7739-42db-9e3c-151d71511a20
W10-63,RS15M 0275,15M,400W,straight,STR,SingleRebar,,1,15,344.9,355,,,,,,,,,,,,340,,0.5,ae883611-a836-4cee-a736-e4cd0798cb5d
W10-63,RS15M 0185,15M,400W,straight,STR,SingleRebar,,1,15,2367,2360,,,,,,,,,,,,2370,,3.7,88488b60-36cb-4f40-9a89-b91af312d7c5
W10-63,RS15M 0185,15M,400W,straight,STR,SingleRebar,,1,15,2367,2360,,,,,,,,,,,,2370,,3.7,5ed77322-6ac6-4428-b960-b685c97f3067
W10-63,RS15M 0190,15M,400W,straight,STR,SingleRebar,,1,15,230,230,,,,,,,,,,,,230,,0.4,315cba25-6aab-4ab4-b2b4-92260c417db0
W10-63,RS15M 0276,15M,400W,straight,STR,SingleRebar,,1,15,1861.2,1855,,,,,,,,,,,,1860,,2.9,61af0781-a11f-463a-a8bd-9138224c1c24
W10-63,RS15M 0276,15M,400W,straight,STR,SingleRebar,,1,15,1861.2,1855,,,,,,,,,,,,1860,,2.9,8f46030f-d2d7-4fa9-8919-86335b20bfea
W10-63,RS10M 0195,10M,400W,straight,STR,RebarGroup,,3,10,2873.4,2870,,,,,,,,,,,,2870,,2.3,7075bf27-64cf-4bd0-948a-a879b3f33691
W10-63,RS10M 0180,10M,400W,straight,STR,RebarGroup,,3,10,2618,2615,,,,,,,,,,,,2620,,2.1,f4a97e5b-a3d7-4352-a83b-969257a97565
W10-63,RB10M 0151,10M,400W,stirrup,TS67_2,RebarGroup,,7,10,160,155,1655,155,1655,155,160,,,,,,,3920,,3.1,ea3a7579-35ba-4f69-9298-d06c49a3459b
W10-63,RB10M 0152,10M,400W,stirrup,TS67_2,RebarGroup,,2,10,160,155,370,155,370,155,160,,,,,,,1350,,1.1,09da108e-353b-4bac-9c37-79457b49fff4
W10-63,RS15M 0281,15M,400W,straight,STR,RebarGroup,,3,15,223.9,230,,,,,,,,,,,,220,,0.3,743ef54a-627f-440d-8ee0-5b640b8bd2ce
W10-63,RS15M 0281,15M,400W,straight,STR,RebarGroup,,3,15,223.9,230,,,,,,,,,,,,220,,0.3,784bf93c-b0dc-49ef-ac39-e75d91e7ed01
W10-63,RS10M 0272,10M,400W,straight,STR,SingleRebar,,1,10,1702.8,1700,,,,,,,,,,,,1700,,1.3,42ac7831-e3a9-4c1c-880e-6f8b891997ca
W10-63,RS10M 0272,10M,400W,straight,STR,SingleRebar,,1,10,1702.8,1700,,,,,,,,,,,,1700,,1.3,f9093c67-f19e-4318-9348-c068c00fdfa5
W10-63,RS10M 0282,10M,400W,straight,STR,SingleRebar,,1,10,901,890,,,,,,,,,,,,900,,0.7,400f90de-bf07-43a4-b1c4-cbaf60311c75
W10-63,RS10M 0282,10M,400W,straight,STR,SingleRebar,,1,10,901,890,,,,,,,,,,,,900,,0.7,5f70bb13-5be4-4c85-867f-1fe31bb4890b
W10-63,RS10M 0245,10M,400W,straight,STR,SingleRebar,,1,10,650.9,660,,,,,,,,,,,,650,,0.5,0d0a5ee4-503c-489a-95e8-e691e54ebbdc
W10-63,RS10M 0245,10M,400W,straight,STR,SingleRebar,,1,10,650.9,660,,,,,,,,,,,,650,,0.5,4730c0d4-999b-46a4-861d-0e51880bee95
W10-63,RS15M 0280,15M,400W,straight,STR,RebarGroup,,2,15,4310.1,4320,,,,,,,,,,,,4310,,6.8,c393f530-7a97-473d-8842-d9d7e7fa3c56
W10-63,RS15M 0280,15M,400W,straight,STR,RebarGroup,,2,15,4310.1,4320,,,,,,,,,,,,4310,,6.8,5ce5939d-f15d-4929-9cab-14515ada568a
W10-63,RB10M 0127,10M,400W,stirrup,Unknown,RebarGroup,,16,10,80,37.5,181,478.8,181,729.6,,,,,,,,1640,,1.3,49c5c616-33d5-4798-be5c-648ee880f737
W10-63,RB10M 0100,10M,400W,stirrup,Unknown,RebarGroup,,11,10,93.1,591.5,141,1302.3,141,768.9,141,448.9,,,,,,4570,,3.6,aa157a48-c405-4043-92b9-ec9c96422479
W10-63,RS15M 0058,15M,400W,straight,STR,RebarGroup,,11,15,2875,2870,,,,,,,,,,,,2880,,4.5,0a1f0ff9-b284-428b-9f7a-3894335346bc
W10-63,RS15M 0059,15M,400W,straight,STR,RebarGroup,,9,15,2618,2615,,,,,,,,,,,,2620,,4.1,1f162030-9d9b-4b3b-bc71-ebd447835ea5
W10-63,RB10M 0105,10M,400W,stirrup,TS67_2,RebarGroup,,2,10,160,155,395,155,395,155,160,,,,,,,1400,,1.1,7fbdf633-d3ab-405c-845e-5f593e97e77d
W10-106,RB10M 0001,10M,400W,bent,S11,SingleRebar,,1,10,603.5,1270,603.5,,,,,,,,,,90,1250,,1,60062489-b18d-4be2-931b-7e075b1b2e0e
W10-106,RS10M 0208,10M,400W,straight,STR,RebarGroup,,3,10,9266,9270,,,,,,,,,,,,9270,,7.3,d69b0fda-665a-419c-96e1-ee2252c0a04e
W10-106,RS10M 0208,10M,400W,straight,STR,RebarGroup,,3,10,9266,9270,,,,,,,,,,,,9270,,7.3,bb9d23c4-f1ed-4dc4-971a-7e94d0252b74
W10-106,RB10M 0169,10M,400W,stirrup,T1,RebarGroup,,28,10,85,180,550,180,550,535.8,85,80,,,,,,1580,,1.2,baf74de0-43d3-4967-aeab-6a4448597509
W10-106,RB10M 0096,10M,400W,stirrup,14,RebarGroup,,2,10,200,140,200,135,200,,,,100,,,,385,840,,0.7,ccd029fe-90e1-4581-907e-614cb2323b47
W10-106,RB10M 0096,10M,400W,stirrup,14,RebarGroup,,2,10,200,140,200,135,200,,,,100,,,,385,840,,0.7,bf25719b-45cb-42c1-bb7b-08debd62f8f4
W10-21,RB10M 0001,10M,400W,bent,S11,SingleRebar,,1,10,603.5,1270,603.5,,,,,,,,,,90,1250,,1,ab584863-4ad5-4a01-9d9e-48e4f007f73f
W10-21,RS10M 0208,10M,400W,straight,STR,RebarGroup,,3,10,9266,9270,,,,,,,,,,,,9270,,7.3,ed2ddb22-b333-426d-aa84-ed6a6b3d3557
W10-21,RS10M 0208,10M,400W,straight,STR,RebarGroup,,3,10,9266,9270,,,,,,,,,,,,9270,,7.3,1181f82e-7ae3-4734-aa82-3c1b97992dcf
W10-21,RB10M 0169,10M,400W,stirrup,T1,RebarGroup,,28,10,85,180,550,180,550,535.8,85,80,,,,,,1580,,1.2,96a37a84-81ff-4f98-8f60-a61da5167307
W10-52,RB10M 0171,10M,400W,bent,S11,SingleRebar,,1,10,316.5,695,316.5,,,,,,,,,,90,680,,0.5,afc22bec-ea9b-4db6-8080-ea019c47c807
W10-52,RB10M 0172,10M,400W,stirrup,TS67_2,RebarGroup,,4,10,100,195,370,195,370,195,100,,,,,,,1380,,1.1,29112750-c2ff-45c7-aac7-16baea0cbdf5
W10-52,RS15M 0298,15M,400W,straight,STR,RebarGroup,,2,15,525,535,,,,,,,,,,,,530,,0.8,e948f82d-df2a-49c4-bc82-52a50993374e
W10-52,RS15M 0298,15M,400W,straight,STR,RebarGroup,,2,15,525.3,535,,,,,,,,,,,,530,,0.8,6064d6ce-56ed-48f5-896a-15342ace6d14
W10-74,RB10M 0172,10M,400W,stirrup,TS67_2,RebarGroup,,4,10,100,195,370,195,370,195,100,,,,,,,1380,,1.1,00d4ef91-74b0-4adb-995c-e407aef13b8f
W10-74,RS15M 0298,15M,400W,straight,STR,RebarGroup,,2,15,525,535,,,,,,,,,,,,530,,0.8,9c616d9c-8d85-4d07-b9f1-d3fde9b95b5e
W10-74,RS15M 0298,15M,400W,straight,STR,RebarGroup,,2,15,525.3,535,,,,,,,,,,,,530,,0.8,3f8a36db-fa6d-4e40-aa7b-512fe3335ef0
W10-74,RB10M 0171,10M,400W,bent,S11,SingleRebar,,1,10,316.5,695,316.5,,,,,,,,,,90,680,,0.5,6a1bb8ef-1a11-4c9f-b5cd-a73d26bc811f
W10-117,RB10M 0172,10M,400W,stirrup,TS67_2,RebarGroup,,4,10,100,190,370,190,370,190,100,,,,,,,1370,,1.1,68d5cb1a-9b25-4e0b-b463-3290157678d7
W10-117,RS15M 0298,15M,400W,straight,STR,RebarGroup,,2,15,525,535,,,,,,,,,,,,530,,0.8,d045571a-3b14-4c1c-bedb-f690e118ede3
W10-117,RS15M 0298,15M,400W,straight,STR,RebarGroup,,2,15,525,535,,,,,,,,,,,,530,,0.8,aae0a6fb-e9e8-4af3-980f-bec5f3fa9e9a
W10-117,RB10M 0171,10M,400W,bent,S11,SingleRebar,,1,10,316.5,695,316.5,,,,,,,,,,90,680,,0.5,34ac245d-a897-4b6b-807f-df62f664375a
W10-102,RB10M 0171,10M,400W,bent,S11,SingleRebar,,1,10,316.5,695,316.5,,,,,,,,,,90,680,,0.5,f6c33a8c-1153-4173-b013-f8ad1e5bef56
W10-102,RB10M 0172,10M,400W,stirrup,TS67_2,RebarGroup,,4,10,100,190,370,190,370,190,100,,,,,,,1370,,1.1,404f6ef8-c970-49f4-8c26-ec22fe0cef42
W10-102,RS15M 0298,15M,400W,straight,STR,RebarGroup,,2,15,525,535,,,,,,,,,,,,530,,0.8,f97eb2d5-2418-44b1-9c2c-3fed8e4816f9
W10-102,RS15M 0298,15M,400W,straight,STR,RebarGroup,,2,15,525,535,,,,,,,,,,,,520,,0.8,52b076c1-b8ab-4d7b-a1d5-cd99ee455e1c
W10-101,RS10M 0139,10M,400W,straight,STR,RebarGroup,,3,10,6413.9,6425,,,,,,,,,,,,6410,,5,f4ad9f95-89e5-4f10-adf5-63e025ad9256
W10-101,RS10M 0139,10M,400W,straight,STR,RebarGroup,,3,10,6413.9,6425,,,,,,,,,,,,6410,,5,c471bec1-4e65-4728-9136-e02466d1d32d
W10-101,RB10M 0169,10M,400W,stirrup,T1,RebarGroup,,20,10,85,180,550,180,550,535.8,85,80,,,,,,1580,,1.2,8ff3af9b-f736-4c63-aa4d-408f32173185
W10-108,RS10M 0139,10M,400W,straight,STR,RebarGroup,,3,10,6413.9,6425,,,,,,,,,,,,6410,,5,c8daa567-9860-4ae9-a1bc-055491289269
W10-108,RS10M 0139,10M,400W,straight,STR,RebarGroup,,3,10,6413.9,6425,,,,,,,,,,,,6410,,5,ca6e03c0-0826-4b48-8a8a-f46339cfc8ad
W10-108,RB10M 0169,10M,400W,stirrup,T1,RebarGroup,,20,10,85,180,550,180,550,535.8,85,80,,,,,,1580,,1.2,ace55c26-30cf-4cc4-854c-58714323dca1
W10-111,RB10M 0001,10M,400W,bent,S11,SingleRebar,,1,10,603.5,1270,603.5,,,,,,,,,,90,1250,,1,60a9f91e-c947-4a77-a680-d5281435fc85
W10-111,RS10M 0208,10M,400W,straight,STR,RebarGroup,,3,10,9266,9270,,,,,,,,,,,,9270,,7.3,439aa233-892d-4ea7-ad21-55835f874547
W10-111,RS10M 0208,10M,400W,straight,STR,RebarGroup,,3,10,9266,9270,,,,,,,,,,,,9270,,7.3,d36149b7-6af1-4abb-b992-c03b13734d1f
W10-111,RB10M 0169,10M,400W,stirrup,T1,RebarGroup,,28,10,85,180,550,180,550,535.8,85,80,,,,,,1580,,1.2,77dc1393-a2bd-4fe9-a300-7bc148058353
W10-111,RB10M 0096,10M,400W,stirrup,14,RebarGroup,,2,10,200,140,200,135,200,,,,100,,,,385,840,,0.7,dd5f0ecf-5f30-4f23-97ac-6f15a3d9c5fc
W10-111,RB10M 0096,10M,400W,stirrup,14,RebarGroup,,2,10,200,140,200,135,200,,,,100,,,,385,840,,0.7,77eef1a1-ff1d-4e66-86d7-4ac423d595ca
P6-14,RB10M 0094,10M,400W,bent,S11,SingleRebar,,1,10,503.5,1070,503.5,,,,,,,,,,105,1060,,0.8,b06a62d1-92d5-48b7-85e7-e3de95abcc68
P6-14,RS10M 0030,10M,400W,straight,STR,RebarGroup,,1,10,600,610,,,,,,,,,,,,600,,0.5,98724084-a527-40e6-bfb0-c52c88c56cb7
P6-14,RS10M 0030,10M,400W,straight,STR,RebarGroup,,1,10,600,610,,,,,,,,,,,,600,,0.5,ec37563b-b6a4-4d86-ae7b-228070de2627
P6-14,RB10M 0051,10M,400W,bent,TS5_1,RebarGroup,,1,10,255,255,255,,,,,,,,,,,750,,0.6,3844f333-7018-4ab7-bbc9-0e90fb0519c6
P6-14,RB10M 0051,10M,400W,bent,TS5_1,RebarGroup,,1,10,255,255,255,,,,,,,,,,,750,,0.6,23cd5859-b14c-4606-b82d-d7fcc31c1362
P6-14,RB10M 0095,10M,400W,stirrup,14,RebarGroup,,2,10,200,140,615,130,200,,,,100,,,,800,1260,,1,5dd49322-ab6f-47b0-9d6d-105d19a80c80
P6-14,RB10M 0095,10M,400W,stirrup,14,RebarGroup,,2,10,200,140,615,130,200,,,,100,,,,800,1260,,1,7a229c3a-b20a-470d-8f3f-d1a03e064311
P6-14,RS10M 0159,10M,400W,straight,STR,SingleRebar,,1,10,12204,12190,,,,,,,,,,,,12200,,9.6,e2a64059-3221-41d3-a998-a9ee51af653b
P6-14,RS15M 0185,15M,400W,straight,STR,SingleRebar,,1,15,2368,2360,,,,,,,,,,,,2370,,3.7,3e111c84-e312-4d99-9ecf-4d9289da7c8f
P6-14,RS10M 0030,10M,400W,straight,STR,RebarGroup,,1,10,600,610,,,,,,,,,,,,600,,0.5,65bac70c-b88b-4c75-b66e-f0c26a8c04c3
P6-14,RS10M 0030,10M,400W,straight,STR,RebarGroup,,1,10,600,610,,,,,,,,,,,,600,,0.5,ca386503-b2b8-4784-a36d-309a91f71ef0
P6-14,RB10M 0051,10M,400W,bent,TS5_1,RebarGroup,,1,10,255,255,255,,,,,,,,,,,750,,0.6,3a72ce05-c5b1-4eaa-ba37-14947e4f42fa
P6-14,RB10M 0051,10M,400W,bent,TS5_1,RebarGroup,,1,10,255,255,255,,,,,,,,,,,750,,0.6,a1437312-a035-4426-bdeb-113ccf30b16a
P6-14,RS10M 0030,10M,400W,straight,STR,RebarGroup,,1,10,600,610,,,,,,,,,,,,600,,0.5,e75f64c5-c17e-44f4-94fa-9fac70c6e5c2
P6-14,RS10M 0030,10M,400W,straight,STR,RebarGroup,,1,10,600,610,,,,,,,,,,,,600,,0.5,14384572-34a6-45fb-a540-df83da0ea1d3
P6-14,RS10M 0030,10M,400W,straight,STR,RebarGroup,,1,10,600,610,,,,,,,,,,,,600,,0.5,329a5b5a-cbf1-467f-89e1-a362049f0163
P6-14,RS10M 0030,10M,400W,straight,STR,RebarGroup,,1,10,600,610,,,,,,,,,,,,600,,0.5,2b23d6c5-15c3-4aab-8f6d-27b6796d7f04
P6-14,RB10M 0051,10M,400W,bent,TS5_1,RebarGroup,,1,10,255,255,255,,,,,,,,,,,750,,0.6,1bd58277-ccc1-4cdc-8924-7191de570575
P6-14,RB10M 0051,10M,400W,bent,TS5_1,RebarGroup,,1,10,255,255,255,,,,,,,,,,,750,,0.6,d62973c8-91a1-47be-86a9-3846e057ba39
P6-14,RB10M 0051,10M,400W,bent,TS5_1,RebarGroup,,1,10,255,255,255,,,,,,,,,,,750,,0.6,ae35d070-96b5-4278-a213-07c2ed4a11ee
P6-14,RB10M 0051,10M,400W,bent,TS5_1,RebarGroup,,1,10,255,255,255,,,,,,,,,,,750,,0.6,df7b0245-050b-4ca8-8ac9-d83272c9dbb2
P6-14,RB10M 0094,10M,400W,bent,S11,SingleRebar,,1,10,503.5,1070,503.5,,,,,,,,,,105,1060,,0.8,4c343211-b7e1-456d-b4e6-d61944a17a84
P6-14,MS 0015,W2.9/W2.9-152.4/152.4-3853.2/12253,A1064-GR.65,straight,,RebarMesh,,201,,3574.2,12255,3855,12255,3855,,,,,,,,,12253.2,,67.4,eb77c6ea-50c8-4b9f-a328-a5a3c926e928
P6-14,RB10M 0096,10M,400W,stirrup,14,RebarGroup,,2,10,200,140,200,135,200,,,,100,,,,385,840,,0.7,cca822cd-b660-445c-8f3b-e3de21c9997e
P6-14,RB10M 0096,10M,400W,stirrup,14,RebarGroup,,2,10,200,140,200,135,200,,,,100,,,,385,840,,0.7,0e0d12fe-f76f-4e32-b678-2c58769fbd91
P6-14,RS15M 0295,15M,400W,straight,STR,SingleRebar,,1,15,879,890,,,,,,,,,,,,880,,1.4,a8e8eb64-ce2a-4eff-82dd-a5009141bd77
P6-14,RS10M 0194,10M,400W,straight,STR,RebarGroup,,2,10,6860.3,6860,,,,,,,,,,,,6860,,5.4,9bedda6e-af90-4a1f-8d08-5f75e206dd48
P6-14,RS10M 0227,10M,400W,straight,STR,RebarGroup,,2,10,3393.7,3405,,,,,,,,,,,,3390,,2.7,7e69d838-2746-43c1-97a1-7f97579dba5c
P6-14,RS15M 0192,15M,400W,straight,STR,RebarGroup,,2,15,679,685,,,,,,,,,,,,680,,1.1,57f42f92-949b-47f8-b81c-ecbe68c4898d
P6-14,RS10M 0191,10M,400W,straight,STR,RebarGroup,,2,10,6332.7,6325,,,,,,,,,,,,6330,,5,75e019fe-b5fe-48a1-aa89-dd0044484a7c
P6-14,RB10M 0094,10M,400W,bent,S11,SingleRebar,,1,10,503.5,1070,503.5,,,,,,,,,,105,1060,,0.8,239238d7-a7bd-432b-9d40-6562f4fe4bb9
P6-14,RB10M 0094,10M,400W,bent,S11,SingleRebar,,1,10,503.5,1070,503.5,,,,,,,,,,105,1060,,0.8,4c2acd4b-016b-45c9-b0b1-17612b09cfc1
P6-14,RS10M 0159,10M,400W,straight,STR,SingleRebar,,1,10,12204,12190,,,,,,,,,,,,12200,,9.6,98a2f78b-a112-42d9-a094-394bd43edf16
P6-14,RS15M 0263,15M,400W,straight,STR,RebarGroup,,5,15,3525,3530,,,,,,,,,,,,3530,,5.5,f84f6750-5d57-480e-8460-f30d1e952c51
P6-14,RS15M 0294,15M,400W,straight,STR,RebarGroup,,4,15,3804,3810,,,,,,,,,,,,3800,,6,172e0082-2409-4bb2-a6e1-0a719baccd42
P6-14,RS10M 0229,10M,400W,straight,STR,SingleRebar,,1,10,3404.2,3405,,,,,,,,,,,,3400,,2.7,47f0453a-8d4f-4787-9b08-9bb717ebfadf
P6-14,RS10M 0283,10M,400W,straight,STR,SingleRebar,,1,10,6869.8,6860,,,,,,,,,,,,6870,,5.4,5e4f3703-0991-460a-99c8-79fcdd750d9f
P6-14,RB10M 0096,10M,400W,stirrup,14,RebarGroup,,2,10,200,140,200,135,200,,,,100,,,,385,840,,0.7,0bb2f4ec-7445-4db0-8aa5-777532e57f8b
P6-14,RB10M 0096,10M,400W,stirrup,14,RebarGroup,,2,10,200,140,200,135,200,,,,100,,,,385,840,,0.7,034da206-2017-4520-bd3f-2a77192b1d15
P6-14,P-900-420M 0001,20M,400W,straight,STR,SingleRebar,,1,20,689,685,,,,,,,,,,,,690,,1.6,51574f0e-8b02-4c0c-a5a2-af2a9b0811e1
P6-14,P-900-420M 0001,20M,400W,straight,STR,SingleRebar,,1,20,689,685,,,,,,,,,,,,690,,1.6,1444e6ee-bece-4b44-a431-b9c1abdb8f3c
P6-14,P-900-420M 0001,20M,400W,straight,STR,SingleRebar,,1,20,689,685,,,,,,,,,,,,690,,1.6,4ef9eaa6-9138-4da9-a0a0-120c8553c8b2
P6-14,P-900-420M 0001,20M,400W,straight,STR,SingleRebar,,1,20,689,685,,,,,,,,,,,,690,,1.6,e4c64ed9-3449-480d-89e0-e6b9482adb01
P6-14,P-900-420M 0001,20M,400W,straight,STR,SingleRebar,,1,20,689,685,,,,,,,,,,,,690,,1.6,c7bf0053-8fe5-42cf-8ccf-6d85eaeee8f2
P6-14,P-900-420M 0001,20M,400W,straight,STR,SingleRebar,,1,20,689,685,,,,,,,,,,,,690,,1.6,80d778a0-aa05-44f2-816e-2f7980d34614
P6-14,P-900-420M 0001,20M,400W,straight,STR,SingleRebar,,1,20,689,685,,,,,,,,,,,,690,,1.6,2ad5c321-88ff-46bc-a3df-43bc3d064ea6
P6-14,P-900-420M 0001,20M,400W,straight,STR,SingleRebar,,1,20,689,685,,,,,,,,,,,,690,,1.6,96be8b6b-4ed6-4c2e-bfa1-212c9265bee7
P6-13,RB10M 0094,10M,400W,bent,S11,SingleRebar,,1,10,503.5,1070,503.5,,,,,,,,,,105,1060,,0.8,0c992c38-94cb-4891-be32-61a0071da5b7
P6-13,RS10M 0030,10M,400W,straight,STR,RebarGroup,,1,10,600,610,,,,,,,,,,,,600,,0.5,b7e69e8c-0c0a-4458-8cb9-10ace5967a39
P6-13,RS10M 0030,10M,400W,straight,STR,RebarGroup,,1,10,600,610,,,,,,,,,,,,600,,0.5,9d912987-cbb6-4e19-9418-66267a9c0bd5
P6-13,RB10M 0051,10M,400W,bent,TS5_1,RebarGroup,,1,10,255,255,255,,,,,,,,,,,750,,0.6,123abf3d-13bb-469a-8dca-5e6a23fa2950
P6-13,RB10M 0051,10M,400W,bent,TS5_1,RebarGroup,,1,10,255,255,255,,,,,,,,,,,750,,0.6,994ac6e5-964b-4300-a724-97becb2df133
P6-13,RS10M 0159,10M,400W,straight,STR,SingleRebar,,1,10,12204,12190,,,,,,,,,,,,12200,,9.6,c8827d17-5490-4fb7-8cd8-a5f48db4e5f3
P6-13,RS10M 0159,10M,400W,straight,STR,SingleRebar,,1,10,12204,12190,,,,,,,,,,,,12200,,9.6,0661191a-71ad-433d-bf83-45e66b84bde6
P6-13,RS10M 0030,10M,400W,straight,STR,RebarGroup,,1,10,600,610,,,,,,,,,,,,600,,0.5,eb9bd7f2-a0c6-47c7-9dc2-f7b918c899f0
P6-13,RS10M 0030,10M,400W,straight,STR,RebarGroup,,1,10,600,610,,,,,,,,,,,,600,,0.5,b5d770ad-8168-4a9d-a479-dfa1cdddfc26
P6-13,RS10M 0030,10M,400W,straight,STR,RebarGroup,,1,10,600,610,,,,,,,,,,,,600,,0.5,bf87f038-6cbc-4d52-a4de-65cf760adf15
P6-13,RS10M 0030,10M,400W,straight,STR,RebarGroup,,1,10,600,610,,,,,,,,,,,,600,,0.5,3fdacc13-9b68-44cc-aca2-f113dd9ca430
P6-13,RB10M 0051,10M,400W,bent,TS5_1,RebarGroup,,1,10,255,255,255,,,,,,,,,,,750,,0.6,4a83ea23-7d92-4324-843f-6b6cc099c9fa
P6-13,RB10M 0051,10M,400W,bent,TS5_1,RebarGroup,,1,10,255,255,255,,,,,,,,,,,750,,0.6,bb9be780-c963-4c30-9624-ad11b9fd19ce
P6-13,RB10M 0051,10M,400W,bent,TS5_1,RebarGroup,,1,10,255,255,255,,,,,,,,,,,750,,0.6,98b9aa81-e228-447e-96e7-98ff4c26d88b
P6-13,RB10M 0051,10M,400W,bent,TS5_1,RebarGroup,,1,10,255,255,255,,,,,,,,,,,750,,0.6,dc3059a2-5103-4c43-9dce-ac8b7beaa702
P6-13,RB10M 0094,10M,400W,bent,S11,SingleRebar,,1,10,503.5,1070,503.5,,,,,,,,,,105,1060,,0.8,b8ad35d8-07e9-47ef-848a-ad284174c716
P6-13,RB10M 0094,10M,400W,bent,S11,SingleRebar,,1,10,503.5,1070,503.5,,,,,,,,,,105,1060,,0.8,ae3d5259-1d79-474d-af2c-1c932164cb9f
P6-13,MS 0014,W2.9/W2.9-152.4/152.4-3853.2/12253,A1064-GR.65,straight,,RebarMesh,,215,,3574.2,12255,3855,12255,3855,,,,,,,,,12253.2,,63.2,1521c4d5-e773-46f7-a9ce-a967e53a2018
P6-13,RB10M 0166,10M,400W,stirrup,14,RebarGroup,,2,10,200,140,195,140,200,,,,100,,,,390,850,,0.7,24680319-6c0c-4445-bddd-e759d98c228c
P6-13,RB10M 0166,10M,400W,stirrup,14,RebarGroup,,2,10,200,140,195,140,200,,,,100,,,,390,850,,0.7,b34503b3-273a-4ed9-b9ee-cd8eaf6658eb
P6-13,RS10M 0030,10M,400W,straight,STR,RebarGroup,,1,10,600,610,,,,,,,,,,,,600,,0.5,05db5232-5000-4cdb-adaf-b85b210b9f47
P6-13,RS10M 0030,10M,400W,straight,STR,RebarGroup,,1,10,600,610,,,,,,,,,,,,600,,0.5,92aadeb3-95e3-4f04-bc46-e27a1832d870
P6-13,RB10M 0094,10M,400W,bent,S11,SingleRebar,,1,10,503.5,1070,503.5,,,,,,,,,,105,1060,,0.8,24d356f3-82f5-4b84-b62a-f5515735ba5b
P6-13,RS10M 0229,10M,400W,straight,STR,RebarGroup,,2,10,3404.2,3405,,,,,,,,,,,,3400,,2.7,6889c0c3-d133-4594-8dfc-65bdc756f8bc
P6-13,RS10M 0229,10M,400W,straight,STR,RebarGroup,,2,10,3404.2,3405,,,,,,,,,,,,3400,,2.7,d5f3bc70-d706-4f36-af50-4338a33ee068
P6-13,RS15M 0192,15M,400W,straight,STR,RebarGroup,,2,15,679,685,,,,,,,,,,,,680,,1.1,9e0307fa-39d4-4207-bc8b-b26959cdc304
P6-13,RB10M 0051,10M,400W,bent,TS5_1,RebarGroup,,1,10,255,255,255,,,,,,,,,,,750,,0.6,3fff2f61-9611-45e6-85a8-649bd1777d04
P6-13,RB10M 0051,10M,400W,bent,TS5_1,RebarGroup,,1,10,255,255,255,,,,,,,,,,,750,,0.6,97ccdf35-7167-46a7-9df2-5bea85023c87
P6-13,RS10M 0191,10M,400W,straight,STR,RebarGroup,,2,10,6332.7,6325,,,,,,,,,,,,6330,,5,6ea9955e-5122-4fdb-88bc-b498f7c5527b
P6-13,RS10M 0297,10M,400W,straight,STR,SingleRebar,,1,10,3413.7,3405,,,,,,,,,,,,3410,,2.7,19aab474-1f79-4a8a-abb3-4502321fd31d
P6-13,RS10M 0227,10M,400W,straight,STR,SingleRebar,,1,10,3394.7,3405,,,,,,,,,,,,3390,,2.7,dedceed3-4e8b-4d27-a977-6645d3f0d1b6
P6-13,RS15M 0263,15M,400W,straight,STR,RebarGroup,,6,15,3525,3530,,,,,,,,,,,,3520,,5.5,96616470-16bf-492a-96bd-b51b7b6f88ee
P6-13,RS15M 0294,15M,400W,straight,STR,RebarGroup,,2,15,3804,3810,,,,,,,,,,,,3800,,6,9dbbfe0d-fb85-4666-8735-d94f0ec5ea91
P6-13,RS15M 0293,15M,400W,straight,STR,RebarGroup,,2,15,2647,2640,,,,,,,,,,,,2650,,4.2,31ff41ef-0f8a-4ddd-b7d1-960fd661cdd6
P6-13,RB10M 0167,10M,400W,stirrup,14,RebarGroup,,2,10,200,140,600,140,200,,,,100,,,,800,1250,,1,e263cd60-8c2e-4020-92ac-9c1a006090c1
P6-13,RB10M 0167,10M,400W,stirrup,14,RebarGroup,,2,10,200,140,600,140,200,,,,100,,,,800,1250,,1,f4029913-86e0-4775-995c-985a243d5d7e
P6-13,RB10M 0167,10M,400W,stirrup,14,RebarGroup,,2,10,200,140,600,140,200,,,,100,,,,800,1250,,1,3690e2a5-d84d-46a2-bfcf-49d3f2f36d3c
P6-13,RB10M 0167,10M,400W,stirrup,14,RebarGroup,,2,10,200,140,600,140,200,,,,100,,,,800,1250,,1,229a5e08-6c03-4c0f-96e9-b66f78af74fe
P6-13,RB10M 0166,10M,400W,stirrup,14,RebarGroup,,2,10,200,140,195,140,200,,,,100,,,,390,850,,0.7,0a7e3f47-db9d-4583-8f86-64bd0050ab89
P6-13,RB10M 0166,10M,400W,stirrup,14,RebarGroup,,2,10,200,140,195,140,200,,,,100,,,,390,850,,0.7,aff54f68-213a-49ce-9986-555a5b4fdbfb
P6-13,RS15M 0295,15M,400W,straight,STR,RebarGroup,,2,15,880,890,,,,,,,,,,,,880,,1.4,5ab80ff3-c362-4195-bcd7-2c7876e048ee
P6-13,RB10M 0166,10M,400W,stirrup,14,RebarGroup,,2,10,200,140,195,140,200,,,,100,,,,390,850,,0.7,8608c11c-dc48-4218-9d8d-06b12dea1bb2
P6-13,RB10M 0166,10M,400W,stirrup,14,RebarGroup,,2,10,200,140,195,140,200,,,,100,,,,390,850,,0.7,1d908c02-27f7-4bd0-823d-02337d7299e3
P6-13,P-900-420M 0001,20M,400W,straight,STR,SingleRebar,,1,20,689,685,,,,,,,,,,,,690,,1.6,0d2d3be4-b5ea-4d38-9210-dfdc0d057f2a
P6-13,P-900-420M 0001,20M,400W,straight,STR,SingleRebar,,1,20,689,685,,,,,,,,,,,,690,,1.6,4d57fe68-6b1f-46f4-b504-d26d5c5a6484
P6-13,P-900-420M 0001,20M,400W,straight,STR,SingleRebar,,1,20,689,685,,,,,,,,,,,,690,,1.6,12d636aa-58b4-4d83-b9a4-882f3c932b12
P6-13,P-900-420M 0001,20M,400W,straight,STR,SingleRebar,,1,20,689,685,,,,,,,,,,,,690,,1.6,cb74f168-4381-4295-bfda-bebf3b021115
P6-13,P-900-420M 0001,20M,400W,straight,STR,SingleRebar,,1,20,689,685,,,,,,,,,,,,690,,1.6,db37ea7d-3980-4dfc-9cc8-68d462740abf
P6-13,P-900-420M 0001,20M,400W,straight,STR,SingleRebar,,1,20,689,685,,,,,,,,,,,,690,,1.6,ee07d688-c471-437a-9690-1810aa49f33a
P6-13,P-900-420M 0001,20M,400W,straight,STR,SingleRebar,,1,20,689,685,,,,,,,,,,,,690,,1.6,b6203949-533a-4d14-b66b-6a034c423551
P6-13,P-900-420M 0001,20M,400W,straight,STR,SingleRebar,,1,20,689,685,,,,,,,,,,,,690,,1.6,a316811a-71cc-49b0-a8d3-3c794590e4dd
P6-15,RB10M 0094,10M,400W,bent,S11,SingleRebar,,1,10,503.5,1070,503.5,,,,,,,,,,105,1060,,0.8,f3240444-647b-4e45-b1cf-7fdb6346251f
P6-15,RS10M 0030,10M,400W,straight,STR,RebarGroup,,1,10,600,610,,,,,,,,,,,,600,,0.5,e8708537-c9d6-47b8-a949-4c937ea1d81b
P6-15,RS10M 0030,10M,400W,straight,STR,RebarGroup,,1,10,600,610,,,,,,,,,,,,600,,0.5,25140ebb-b37c-4a43-8db2-60c492337865
P6-15,RB10M 0051,10M,400W,bent,TS5_1,RebarGroup,,1,10,255,255,255,,,,,,,,,,,750,,0.6,8ea8aff3-6db0-4fc5-adfc-2363453baa39
P6-15,RB10M 0051,10M,400W,bent,TS5_1,RebarGroup,,1,10,255,255,255,,,,,,,,,,,750,,0.6,0610e40c-f5be-4246-9838-186be7485df4
P6-15,RB10M 0095,10M,400W,stirrup,14,RebarGroup,,2,10,200,140,615,130,200,,,,100,,,,800,1260,,1,4972560c-727e-455b-8501-c7ed37c5212b
P6-15,RB10M 0095,10M,400W,stirrup,14,RebarGroup,,2,10,200,140,615,130,200,,,,100,,,,800,1260,,1,d0695929-fe39-42d9-a707-a2e9ebd8af70
P6-15,RS10M 0186,10M,400W,straight,STR,SingleRebar,,1,10,2816.7,2820,,,,,,,,,,,,2820,,2.2,7de113bc-dd9c-4467-b80b-d4f92a7b97bd
P6-15,RS15M 0185,15M,400W,straight,STR,SingleRebar,,1,15,2368,2360,,,,,,,,,,,,2370,,3.7,cd9772b8-8765-4c46-a146-6d0a678c48fc
P6-15,RS10M 0030,10M,400W,straight,STR,RebarGroup,,1,10,600,610,,,,,,,,,,,,600,,0.5,32677d8e-346b-403c-bd80-ac622a7b18c0
P6-15,RS10M 0030,10M,400W,straight,STR,RebarGroup,,1,10,600,610,,,,,,,,,,,,600,,0.5,8dca403a-cc0d-483f-99f2-9508b3107791
P6-15,RB10M 0051,10M,400W,bent,TS5_1,RebarGroup,,1,10,255,255,255,,,,,,,,,,,750,,0.6,23e3d353-12e1-4075-925b-5649b3140964
P6-15,RB10M 0051,10M,400W,bent,TS5_1,RebarGroup,,1,10,255,255,255,,,,,,,,,,,750,,0.6,739a7c40-db7b-4a5e-a499-e35b8018b06f
P6-15,RS10M 0030,10M,400W,straight,STR,RebarGroup,,1,10,600,610,,,,,,,,,,,,600,,0.5,b9bb2cf1-193b-4d5e-b610-05001fd0df0e
P6-15,RS10M 0030,10M,400W,straight,STR,RebarGroup,,1,10,600,610,,,,,,,,,,,,600,,0.5,8e5d4d86-4bdc-40b7-a17e-bcedb944e055
P6-15,RS10M 0030,10M,400W,straight,STR,RebarGroup,,1,10,600,610,,,,,,,,,,,,600,,0.5,7298a417-4f3e-4339-a89d-425f7259437b
P6-15,RS10M 0030,10M,400W,straight,STR,RebarGroup,,1,10,600,610,,,,,,,,,,,,600,,0.5,1a677674-447a-4d8a-badb-ac405c619b09
P6-15,RB10M 0051,10M,400W,bent,TS5_1,RebarGroup,,1,10,255,255,255,,,,,,,,,,,750,,0.6,81ddf81f-6911-4e30-9915-bbed6e30ffc5
P6-15,RB10M 0051,10M,400W,bent,TS5_1,RebarGroup,,1,10,255,255,255,,,,,,,,,,,750,,0.6,2883c76c-7656-43bc-b360-429f5da02791
P6-15,RS10M 0187,10M,400W,straight,STR,SingleRebar,,1,10,10488.9,10490,,,,,,,,,,,,10490,,8.2,2cd67925-940b-498f-8d8c-e036eb7b9a6e
P6-15,RS10M 0189,10M,400W,straight,STR,SingleRebar,,1,10,450.5,455,,,,,,,,,,,,450,,0.4,d0749fc1-9b96-4090-9600-8f812f5aeabc
P6-15,RS10M 0186,10M,400W,straight,STR,SingleRebar,,1,10,2816.7,2820,,,,,,,,,,,,2820,,2.2,dcbe127d-788e-47f2-96a5-7a00399fbe68
P6-15,RB10M 0051,10M,400W,bent,TS5_1,RebarGroup,,1,10,255,255,255,,,,,,,,,,,750,,0.6,5b531df6-ecf7-4caf-b8e9-f6abfa642469
P6-15,RB10M 0051,10M,400W,bent,TS5_1,RebarGroup,,1,10,255,255,255,,,,,,,,,,,750,,0.6,5e64f852-d17e-41dc-a3d1-a1d2a50f3d01
P6-15,RB10M 0094,10M,400W,bent,S11,SingleRebar,,1,10,503.5,1070,503.5,,,,,,,,,,105,1060,,0.8,d67fbfbb-8b84-4fcc-b3bf-6f8ead23b706
P6-15,MS 0013,W2.9/W2.9-152.4/152.4-3203.2/12253,A1064-GR.65,straight,,RebarMesh,,196,,2924.2,12255,3205,12255,3205,,,,,,,,,12253.2,,49,4849d3b4-f225-48cd-a3a8-f0a5716e1d29
P6-15,RB10M 0096,10M,400W,stirrup,14,RebarGroup,,2,10,200,140,200,135,200,,,,100,,,,385,840,,0.7,a64e56c7-8f24-44bb-a2b1-6d049f8a7c8a
P6-15,RB10M 0096,10M,400W,stirrup,14,RebarGroup,,2,10,200,140,200,135,200,,,,100,,,,385,840,,0.7,d5d56399-d288-41fc-9a97-ae31623a7c42
P6-15,RS15M 0190,15M,400W,straight,STR,SingleRebar,,1,15,229,230,,,,,,,,,,,,230,,0.4,853ded45-fbb0-491f-a4b6-770a8e8dfa2e
P6-15,RS10M 0194,10M,400W,straight,STR,RebarGroup,,2,10,6860.3,6860,,,,,,,,,,,,6860,,5.4,8756cc85-6579-4960-8af0-adcaf1a4215e
P6-15,RS10M 0227,10M,400W,straight,STR,RebarGroup,,2,10,3393.7,3405,,,,,,,,,,,,3390,,2.7,3f2317e5-61f1-429b-9190-e2f57699ef33
P6-15,RS15M 0192,15M,400W,straight,STR,RebarGroup,,2,15,679,685,,,,,,,,,,,,680,,1.1,b367cb22-5bb7-4a87-8208-5953d387a5f7
P6-15,RS15M 0192,15M,400W,straight,STR,RebarGroup,,2,15,679,685,,,,,,,,,,,,680,,1.1,b67c9a04-9840-4f20-8185-9b3301d3ece6
P6-15,RS10M 0191,10M,400W,straight,STR,RebarGroup,,2,10,6332.7,6325,,,,,,,,,,,,6330,,5,71fcd317-17ea-47dc-adc2-a9986afd6c4d
P6-15,RB10M 0094,10M,400W,bent,S11,SingleRebar,,1,10,503.5,1070,503.5,,,,,,,,,,105,1060,,0.8,f13a2b69-eda7-42f1-8747-7dc6e617836b
P6-15,RB10M 0094,10M,400W,bent,S11,SingleRebar,,1,10,503.5,1070,503.5,,,,,,,,,,105,1060,,0.8,cb96b632-1bb3-4359-83b8-12cd4fbd3d75
P6-15,RS10M 0159,10M,400W,straight,STR,SingleRebar,,1,10,12204,12190,,,,,,,,,,,,12200,,9.6,0b89351a-7087-477f-87ff-ec177916bf99
P6-15,RS15M 0058,15M,400W,straight,STR,RebarGroup,,9,15,2875,2870,,,,,,,,,,,,2880,,4.5,ca7e9f09-f208-4dd2-9d8d-d18ab182dafa
P6-15,P-900-420M 0001,20M,400W,straight,STR,SingleRebar,,1,20,689,685,,,,,,,,,,,,690,,1.6,218348a6-5d6e-4bdb-99c4-8932295a5427
P6-15,P-900-420M 0001,20M,400W,straight,STR,SingleRebar,,1,20,689,685,,,,,,,,,,,,690,,1.6,0ecb77fc-5b98-49c6-9e0b-8d6a07d6d2be
P6-15,P-900-420M 0001,20M,400W,straight,STR,SingleRebar,,1,20,689,685,,,,,,,,,,,,690,,1.6,05f1367d-dc18-48b1-a7a4-9454fb020b7f
P6-15,P-900-420M 0001,20M,400W,straight,STR,SingleRebar,,1,20,689,685,,,,,,,,,,,,690,,1.6,3a4b02ea-f033-424c-b92a-f4c805a9ee1c
P6-15,P-900-420M 0001,20M,400W,straight,STR,SingleRebar,,1,20,689,685,,,,,,,,,,,,690,,1.6,fcd62834-2eda-4249-8d3a-127c3f6997c0
P6-15,P-900-420M 0001,20M,400W,straight,STR,SingleRebar,,1,20,689,685,,,,,,,,,,,,690,,1.6,a878c861-b5cb-4da8-b785-85b47fca1d1b
P6-15,P-900-420M 0001,20M,400W,straight,STR,SingleRebar,,1,20,689,685,,,,,,,,,,,,690,,1.6,b22d5123-9fec-42e0-93b0-eaad3c0ab175
P6-15,P-900-420M 0001,20M,400W,straight,STR,SingleRebar,,1,20,689,685,,,,,,,,,,,,690,,1.6,61dfc01a-e3d4-45e7-a51c-1eb447d2f37c
W10-66,RB10M 0125,10M,400W,stirrup,14,RebarGroup,,2,10,200,140,210,140,200,,,,100,,,,405,860,,0.7,dfe4035a-c941-46a2-b3a7-4eed31827ad3
W10-66,RB10M 0125,10M,400W,stirrup,14,RebarGroup,,2,10,200,140,210,140,200,,,,100,,,,405,860,,0.7,18cc2ed8-7b1e-45ce-85c0-08485a6bb654
W10-66,RB25M 0141,25M,400W,bent,17,SingleRebar,,1,25,198,210,2090,210,,,,,,,,,,2380,,9.3,e4788c91-ea4f-433d-b705-0af9647dcfac
W10-66,RB10M 0040,10M,400W,stirrup,T1,RebarGroup,,10,10,75,160,1675,160,1675,1662.8,75,74.1,,,,,,3790,,3,0c4285f7-8c1e-4ca3-81c3-7bebacbd08e2
W10-66,RB10M 0046,10M,400W,bent,17,RebarGroup,,9,10,323.5,330,160,330,,,,,,,,,,760,,0.6,3dfe206b-3565-4ffa-84b6-70f08e9ba120
W10-66,RS10M 0030,10M,400W,straight,STR,RebarGroup,,2,10,600,610,,,,,,,,,,,,600,,0.5,faf227f4-1418-466a-b48f-56ee478d1a23
W10-66,RS10M 0030,10M,400W,straight,STR,RebarGroup,,2,10,600,610,,,,,,,,,,,,600,,0.5,76b5b599-5607-4a33-af22-dd134ac68a05
W10-66,RS10M 0030,10M,400W,straight,STR,RebarGroup,,2,10,600,610,,,,,,,,,,,,600,,0.5,124c79b1-97fc-4a0b-80f5-c1c70c570d44
W10-66,RS10M 0030,10M,400W,straight,STR,RebarGroup,,2,10,600,610,,,,,,,,,,,,600,,0.5,5dd4d4d7-50d2-44af-bccf-571a7868ad30
W10-66,RS10M 0030,10M,400W,straight,STR,RebarGroup,,2,10,600,610,,,,,,,,,,,,600,,0.5,b73aab30-6636-4a00-a88f-6373f3de0bc7
W10-66,RS10M 0030,10M,400W,straight,STR,RebarGroup,,2,10,600,610,,,,,,,,,,,,600,,0.5,69c2c6ed-eb99-4ded-b0a8-acb49373b0d9
W10-66,RB10M 0051,10M,400W,bent,TS5_1,RebarGroup,,2,10,255,255,255,,,,,,,,,,,750,,0.6,e2eae302-b192-45e3-844c-25802748442d
W10-66,RB10M 0051,10M,400W,bent,TS5_1,RebarGroup,,2,10,255,255,255,,,,,,,,,,,750,,0.6,860d532d-6800-4433-826e-d86e7196438a
W10-66,RS15M 0096,15M,400W,straight,STR,RebarGroup,,2,15,4749.5,4750,,,,,,,,,,,,4750,,7.5,d018e540-6384-470a-b2f3-7a16c8eede77
W10-66,RS15M 0097,15M,400W,straight,STR,RebarGroup,,2,15,2562.6,2565,,,,,,,,,,,,2560,,4,6bf2e63f-37af-494c-87ff-f4b645de2f02
W10-66,RB10M 0052,10M,400W,stirrup,TS67_2,RebarGroup,,13,10,100,160,280,160,280,160,100,,,,,,,1090,,0.9,98cffbe3-0715-4bdc-99cf-4fc9d5e802e8
W10-66,RB10M 0050,10M,400W,stirrup,Unknown,RebarGroup,,13,10,93.1,653.5,147,1215.8,147,616.5,147,321.5,,,,,,4240,,3.3,c252fd66-28af-4bd6-8c38-dfa4fc398a4e
W10-66,RS10M 0208,10M,400W,straight,STR,SingleRebar,,1,10,9266,9270,,,,,,,,,,,,9270,,7.3,daed22a6-a218-44c0-b2eb-3d3294198276
W10-66,RS10M 0238,10M,400W,straight,STR,SingleRebar,,1,10,173.1,180,,,,,,,,,,,,170,,0.1,7e025e4f-20ac-47d8-827f-5b2312aecdf0
W10-66,RS10M 0238,10M,400W,straight,STR,SingleRebar,,1,10,173.1,180,,,,,,,,,,,,170,,0.1,a2851f05-0bf5-4a69-9e3c-29c6649eadb2
W10-66,RB10M 0051,10M,400W,bent,TS5_1,RebarGroup,,2,10,255,255,255,,,,,,,,,,,750,,0.6,7a115b9b-4d84-4a7e-901b-8d9c715b23c9
W10-66,RB10M 0051,10M,400W,bent,TS5_1,RebarGroup,,2,10,255,255,255,,,,,,,,,,,750,,0.6,1846255f-b820-45b9-80ec-9f497d1aa77d
W10-66,RS15M 0173,15M,400W,straight,STR,SingleRebar,,1,15,3199,3200,,,,,,,,,,,,3200,,5,7594eca9-1443-40ed-a24a-e1c0514ad6ce
W10-66,RS15M 0173,15M,400W,straight,STR,SingleRebar,,1,15,3199,3200,,,,,,,,,,,,3200,,5,367561f3-2aa6-4ff0-809a-3460091c81f5
W10-66,RB15M 0068,15M,400W,bent,Unknown,RebarGroup,,2,15,509.9,149,509.9,,,,,,,,,,,1140,,1.8,c3310708-ea01-4fed-a8c3-f84d38741695
W10-66,RS10M 0239,10M,400W,straight,STR,SingleRebar,,1,10,8790.2,8790,,,,,,,,,,,,8790,,6.9,088e60ea-6d04-4cc8-8ad7-a05ef9a7ce7f
W10-66,RS10M 0239,10M,400W,straight,STR,SingleRebar,,1,10,8790.2,8790,,,,,,,,,,,,8790,,6.9,c55962d6-e1cb-41b6-9cfa-02975ccf3513
W10-66,RS10M 0195,10M,400W,straight,STR,RebarGroup,,6,10,2873.4,2870,,,,,,,,,,,,2870,,2.3,26054120-7d5b-44bc-8396-a82464af438e
W10-66,RS10M 0180,10M,400W,straight,STR,RebarGroup,,6,10,2616.4,2615,,,,,,,,,,,,2620,,2.1,9ba1cfa3-f6eb-47b1-ab44-f22bf98641e6
W10-66,RS15M 0240,15M,400W,straight,STR,SingleRebar,,1,15,2360,2360,,,,,,,,,,,,2360,,3.7,015a2c80-7020-460f-9a45-872cc99e93a5
W10-66,RS15M 0240,15M,400W,straight,STR,SingleRebar,,1,15,2360,2360,,,,,,,,,,,,2360,,3.7,4685a7f1-edf2-4eee-b9e3-0922bfe7a2bc
W10-66,RS15M 0241,15M,400W,straight,STR,SingleRebar,,1,15,237,230,,,,,,,,,,,,240,,0.4,203126c1-2b51-4108-ac49-9ab5ac86ab84
W10-66,RS15M 0059,15M,400W,straight,STR,RebarGroup,,14,15,2617.9,2615,,,,,,,,,,,,2620,,4.1,02ed7fb7-bc33-47bf-9690-bdb7d38193d4
W10-66,RS15M 0058,15M,400W,straight,STR,RebarGroup,,14,15,2875,2870,,,,,,,,,,,,2880,,4.5,600423e0-7d17-4052-a5f2-f322876ea0b2
W10-66,RS10M 0208,10M,400W,straight,STR,RebarGroup,,2,10,9266,9270,,,,,,,,,,,,9270,,7.3,46e39763-e524-48e6-98f9-b00e81bf44d2
W10-66,RS15M 0029,15M,400W,straight,STR,RebarGroup,,2,15,7887.1,7900,,,,,,,,,,,,7890,,12.4,b0e88c0a-05f0-4874-b082-43b34cd88062
W10-66,RS15M 0029,15M,400W,straight,STR,RebarGroup,,2,15,7887.1,7900,,,,,,,,,,,,7890,,12.4,327ecbb7-30b1-423f-8c08-b4e16d634dce
W10-66,RS10M 0251,10M,400W,straight,STR,RebarGroup,,6,10,2015.2,2005,,,,,,,,,,,,2020,,1.6,968ed2db-8fae-4c50-9bf6-5548f7deb867
W10-66,RS10M 0251,10M,400W,straight,STR,RebarGroup,,6,10,2015.2,2005,,,,,,,,,,,,2020,,1.6,42a61852-f3fb-4128-8d11-560bf584fbba
W10-66,RS15M 0096,15M,400W,straight,STR,RebarGroup,,2,15,4749.5,4750,,,,,,,,,,,,4750,,7.5,b394c8cf-5038-4695-834e-190b1c24f119
W10-66,RS15M 0097,15M,400W,straight,STR,RebarGroup,,2,15,2562.6,2565,,,,,,,,,,,,2560,,4,eda33e18-74a1-44a9-b2bc-f8db7ad8aa0d
W10-66,RS15M 0277,15M,400W,straight,STR,SingleRebar,,1,15,8787.1,8790,,,,,,,,,,,,8790,,13.8,82b1b99b-92c7-40df-80ef-6ad32dcc8368
W10-66,RS15M 0095,15M,400W,straight,STR,SingleRebar,,1,15,9266.1,9270,,,,,,,,,,,,9270,,14.6,6ec52e45-7b16-4d16-b67a-4f3b46974dfa
W10-66,RS15M 0277,15M,400W,straight,STR,SingleRebar,,1,15,8787.1,8790,,,,,,,,,,,,8790,,13.8,63379a45-28fd-4483-ab3a-741700483304
W10-66,RS15M 0095,15M,400W,straight,STR,SingleRebar,,1,15,9266.1,9270,,,,,,,,,,,,9270,,14.6,4baf9683-72f9-4dbe-a09b-153c85a26d9f
W10-66,RS15M 0278,15M,400W,straight,STR,SingleRebar,,1,15,176,180,,,,,,,,,,,,180,,0.3,0df11c99-025d-45fd-b499-e8fac336dce8
W10-66,RS15M 0278,15M,400W,straight,STR,SingleRebar,,1,15,176,180,,,,,,,,,,,,180,,0.3,2dd4abfa-6a61-4880-93b0-d4574ebc1900
W10-66,RB10M 0135,10M,400W,stirrup,Unknown,RebarGroup,,22,10,80,37.5,181,503.8,181,754.6,,,,,,,,1690,,1.3,d551ab0b-6dfd-4b7f-8ffe-b31062443031
W10-66,RB10M 0136,10M,400W,stirrup,T1,RebarGroup,,12,10,85,195,200,195,200,185.8,85,80,,,,,,910,,0.7,f0082278-dd4e-4aa8-817b-257ced4c6aeb
W10-66,RB10M 0046,10M,400W,bent,17,RebarGroup,,10,10,323.6,330,160,330,,,,,,,,,,760,,0.6,30b9e07e-63b8-4d9e-98ce-f1b1d104100a
W10-68,RB10M 0125,10M,400W,stirrup,14,RebarGroup,,2,10,200,140,210,140,200,,,,100,,,,405,860,,0.7,358034cb-1b65-47fd-beee-270368ba4789
W10-68,RB10M 0125,10M,400W,stirrup,14,RebarGroup,,2,10,200,140,210,140,200,,,,100,,,,405,860,,0.7,15cd4c07-7908-4918-b47b-78d87b6e27c1
W10-68,RB25M 0141,25M,400W,bent,17,SingleRebar,,1,25,198,210,2090,210,,,,,,,,,,2380,,9.3,a115dd2e-9f9d-43e9-8c2d-fb58ef0f014d
W10-68,RB10M 0040,10M,400W,stirrup,T1,RebarGroup,,10,10,75,160,1675,160,1675,1662.8,75,74.1,,,,,,3790,,3,1394193c-b348-4feb-aede-c2eb4b93b137
W10-68,RB10M 0046,10M,400W,bent,17,RebarGroup,,9,10,323.5,330,160,330,,,,,,,,,,760,,0.6,41181e4a-fcdd-4c9a-81bd-7426bdfdf8e3
W10-68,RS10M 0030,10M,400W,straight,STR,RebarGroup,,2,10,600,610,,,,,,,,,,,,600,,0.5,e5547a5c-71c0-4476-b6be-ac42fa1083f8
W10-68,RS10M 0030,10M,400W,straight,STR,RebarGroup,,2,10,600,610,,,,,,,,,,,,600,,0.5,85e27855-66e6-4645-b22d-926de44b3513
W10-68,RS10M 0030,10M,400W,straight,STR,RebarGroup,,2,10,600,610,,,,,,,,,,,,600,,0.5,e558ebfc-588e-43b5-b30f-f5ffc67fedcf
W10-68,RS10M 0030,10M,400W,straight,STR,RebarGroup,,2,10,600,610,,,,,,,,,,,,600,,0.5,93917faa-c186-48bd-8a9f-122283ba829d
W10-68,RS10M 0030,10M,400W,straight,STR,RebarGroup,,2,10,600,610,,,,,,,,,,,,600,,0.5,df723cc3-b930-48c0-a8ea-b09a9bfcb55a
W10-68,RS10M 0030,10M,400W,straight,STR,RebarGroup,,2,10,600,610,,,,,,,,,,,,600,,0.5,c507d8b7-8706-4402-9a9c-1d7c6da89a25
W10-68,RB10M 0051,10M,400W,bent,TS5_1,RebarGroup,,2,10,255,255,255,,,,,,,,,,,750,,0.6,c8865f0f-d828-4e3b-82af-b9157df58f1a
W10-68,RB10M 0051,10M,400W,bent,TS5_1,RebarGroup,,2,10,255,255,255,,,,,,,,,,,750,,0.6,3fbfa017-b369-4168-aae7-1084fac01cde
W10-68,RS15M 0096,15M,400W,straight,STR,RebarGroup,,2,15,4749.5,4750,,,,,,,,,,,,4750,,7.5,55952f89-d019-406b-83da-e556e1043338
W10-68,RS15M 0097,15M,400W,straight,STR,RebarGroup,,2,15,2562.6,2565,,,,,,,,,,,,2560,,4,adf7268e-084f-465a-b25a-6d21ad6c2a02
W10-68,RB10M 0052,10M,400W,stirrup,TS67_2,RebarGroup,,13,10,100,160,280,160,280,160,100,,,,,,,1090,,0.9,c58f109b-c759-4a1f-b29a-8957d5481374
W10-68,RB10M 0050,10M,400W,stirrup,Unknown,RebarGroup,,13,10,93.1,653.5,147,1215.8,147,616.5,147,321.5,,,,,,4240,,3.3,dd96d220-89a0-4399-ad2f-6254b70077dd
W10-68,RS10M 0208,10M,400W,straight,STR,SingleRebar,,1,10,9266,9270,,,,,,,,,,,,9270,,7.3,bc43600a-8921-423d-8fd9-e08f9e3b4320
W10-68,RS10M 0238,10M,400W,straight,STR,SingleRebar,,1,10,173.1,180,,,,,,,,,,,,170,,0.1,84018bf5-94f8-489d-bf37-dab5737fb4a8
W10-68,RS10M 0238,10M,400W,straight,STR,SingleRebar,,1,10,173.1,180,,,,,,,,,,,,170,,0.1,1beb4bfc-e962-4ec9-b17b-503af5dea091
W10-68,RB10M 0051,10M,400W,bent,TS5_1,RebarGroup,,2,10,255,255,255,,,,,,,,,,,750,,0.6,4fbfc238-212d-467b-b4cb-7b358fce4649
W10-68,RB10M 0051,10M,400W,bent,TS5_1,RebarGroup,,2,10,255,255,255,,,,,,,,,,,750,,0.6,cfec84c1-598b-42dd-a05c-3eca020ca17b
W10-68,RS15M 0173,15M,400W,straight,STR,SingleRebar,,1,15,3199,3200,,,,,,,,,,,,3200,,5,5e7b65e8-5841-4b48-b874-089e57b42dcf
W10-68,RS15M 0173,15M,400W,straight,STR,SingleRebar,,1,15,3199,3200,,,,,,,,,,,,3200,,5,4193964b-9f5b-41dd-8192-d3f367b483ca
W10-68,RB15M 0068,15M,400W,bent,Unknown,RebarGroup,,2,15,509.9,149,509.9,,,,,,,,,,,1140,,1.8,b6972aa8-b779-41d2-a9ea-2d4ef83bb2d9
W10-68,RS10M 0239,10M,400W,straight,STR,SingleRebar,,1,10,8790.2,8790,,,,,,,,,,,,8790,,6.9,6b3a72ca-f19a-4f7f-8c83-668e21f0890b
W10-68,RS10M 0239,10M,400W,straight,STR,SingleRebar,,1,10,8790.2,8790,,,,,,,,,,,,8790,,6.9,079595b5-3dbd-47fb-a8ed-254a5c0b1626
W10-68,RS10M 0195,10M,400W,straight,STR,RebarGroup,,6,10,2873.4,2870,,,,,,,,,,,,2870,,2.3,c09d76c2-bb85-427c-a44c-f8fbb2e65fc4
W10-68,RS10M 0180,10M,400W,straight,STR,RebarGroup,,6,10,2616.4,2615,,,,,,,,,,,,2620,,2.1,0eaa0575-d3c6-454b-bd62-4b693c3e7fa4
W10-68,RS15M 0240,15M,400W,straight,STR,SingleRebar,,1,15,2360,2360,,,,,,,,,,,,2360,,3.7,ac398771-f442-41dd-aafb-351d698a55fa
W10-68,RS15M 0240,15M,400W,straight,STR,SingleRebar,,1,15,2360,2360,,,,,,,,,,,,2360,,3.7,3526b483-f54a-498c-82f4-de26f47d6677
W10-68,RS15M 0241,15M,400W,straight,STR,SingleRebar,,1,15,237,230,,,,,,,,,,,,240,,0.4,dd3728ed-dc01-4025-ad53-86b352580e51
W10-68,RS15M 0059,15M,400W,straight,STR,RebarGroup,,14,15,2617.9,2615,,,,,,,,,,,,2620,,4.1,1b1f8645-5fef-4ee6-a93e-bc2f58fadcb9
W10-68,RS15M 0058,15M,400W,straight,STR,RebarGroup,,14,15,2875,2870,,,,,,,,,,,,2880,,4.5,899e9987-e2c6-4abe-9659-d1aba01f0f18
W10-68,RS10M 0208,10M,400W,straight,STR,RebarGroup,,2,10,9266,9270,,,,,,,,,,,,9270,,7.3,89524961-1602-48e6-b79e-65ee7811c573
W10-68,RS15M 0029,15M,400W,straight,STR,RebarGroup,,2,15,7887.1,7900,,,,,,,,,,,,7890,,12.4,3296d4ce-1778-454b-980f-90f27e18da64
W10-68,RS15M 0029,15M,400W,straight,STR,RebarGroup,,2,15,7887.1,7900,,,,,,,,,,,,7890,,12.4,3caa286a-e1fe-4159-84f9-648e62d51e46
W10-68,RS10M 0251,10M,400W,straight,STR,RebarGroup,,6,10,2015.2,2005,,,,,,,,,,,,2020,,1.6,51326610-7e6b-4f1a-804f-c516b533c155
W10-68,RS10M 0251,10M,400W,straight,STR,RebarGroup,,6,10,2015.2,2005,,,,,,,,,,,,2020,,1.6,de7aff62-cd35-4d01-8812-9059836c0758
W10-68,RS15M 0096,15M,400W,straight,STR,RebarGroup,,2,15,4749.5,4750,,,,,,,,,,,,4750,,7.5,6aa69898-2efb-4d34-91b8-0d026c85278a
W10-68,RS15M 0097,15M,400W,straight,STR,RebarGroup,,2,15,2562.6,2565,,,,,,,,,,,,2560,,4,43dfee9b-b6d9-4d6e-a455-f3350afb3e31
W10-68,RS15M 0277,15M,400W,straight,STR,SingleRebar,,1,15,8787.1,8790,,,,,,,,,,,,8790,,13.8,2abd62b9-fe97-4be8-bb5c-4fc5b3e83f54
W10-68,RS15M 0095,15M,400W,straight,STR,SingleRebar,,1,15,9266.1,9270,,,,,,,,,,,,9270,,14.6,66a8eae2-9e11-42c0-84a3-8bdcd28b6a98
W10-68,RS15M 0277,15M,400W,straight,STR,SingleRebar,,1,15,8787.1,8790,,,,,,,,,,,,8790,,13.8,cad62cd0-eb48-4fdc-937c-0a8d74634789
W10-68,RS15M 0095,15M,400W,straight,STR,SingleRebar,,1,15,9266.1,9270,,,,,,,,,,,,9270,,14.6,27519d08-96f3-46ce-b4c4-55c4b608c558
W10-68,RS15M 0278,15M,400W,straight,STR,SingleRebar,,1,15,176,180,,,,,,,,,,,,180,,0.3,9b46454d-a598-4867-b9cb-3803c88f5728
W10-68,RS15M 0278,15M,400W,straight,STR,SingleRebar,,1,15,176,180,,,,,,,,,,,,180,,0.3,fa1f319c-3ab7-4335-aa80-31df834e6506
W10-68,RB10M 0135,10M,400W,stirrup,Unknown,RebarGroup,,22,10,80,37.5,181,503.8,181,754.6,,,,,,,,1690,,1.3,720a45bc-463d-48a6-a7ed-26d22051a5dd
W10-68,RB10M 0136,10M,400W,stirrup,T1,RebarGroup,,12,10,85,195,200,195,200,185.8,85,80,,,,,,910,,0.7,5256bd12-8144-48c1-a4b7-14f89b9424e3
W10-68,RB10M 0046,10M,400W,bent,17,RebarGroup,,10,10,323.6,330,160,330,,,,,,,,,,760,,0.6,8e834602-4a89-4a28-93b3-401b44e1d1bf
W10-69,RB10M 0125,10M,400W,stirrup,14,RebarGroup,,2,10,200,140,210,140,200,,,,100,,,,405,860,,0.7,efd919b5-5b74-4611-aa73-fe8a9b572306
W10-69,RB10M 0125,10M,400W,stirrup,14,RebarGroup,,2,10,200,140,210,140,200,,,,100,,,,405,860,,0.7,4a818de7-debf-4620-b8d3-09ae104311b1
W10-69,RB10M 0040,10M,400W,stirrup,T1,RebarGroup,,10,10,75,160,1675,160,1675,1662.8,75,74.1,,,,,,3790,,3,5f22d58b-10c9-4aaf-a617-0b185a40647c
W10-69,RB10M 0046,10M,400W,bent,17,RebarGroup,,9,10,323.5,330,160,330,,,,,,,,,,760,,0.6,558f3da4-94a1-48fe-9dbc-b81d7a7ed590
W10-69,RB10M 0046,10M,400W,bent,17,RebarGroup,,10,10,323.5,330,160,330,,,,,,,,,,760,,0.6,82f4aa72-8390-4d57-92e6-9ecbe3651bb9
W10-69,RS10M 0030,10M,400W,straight,STR,RebarGroup,,2,10,600,610,,,,,,,,,,,,600,,0.5,6f79a346-45b1-422c-bc9a-135c8668545f
W10-69,RS10M 0030,10M,400W,straight,STR,RebarGroup,,2,10,600,610,,,,,,,,,,,,600,,0.5,a7a17bb9-6691-4b1f-985a-68bb98734369
W10-69,RS10M 0030,10M,400W,straight,STR,RebarGroup,,2,10,600,610,,,,,,,,,,,,600,,0.5,0b5a265d-1564-4771-b0db-3d48ab38d471
W10-69,RS10M 0030,10M,400W,straight,STR,RebarGroup,,2,10,600,610,,,,,,,,,,,,600,,0.5,1717b2a2-d3b6-4df7-a5e7-506c8a28139b
W10-69,RS10M 0030,10M,400W,straight,STR,RebarGroup,,2,10,600,610,,,,,,,,,,,,600,,0.5,250b7f0f-b905-46e1-9c59-166cf6cc4432
W10-69,RS10M 0030,10M,400W,straight,STR,RebarGroup,,2,10,600,610,,,,,,,,,,,,600,,0.5,e915efcb-e72d-495c-96ac-df29c657af7e
W10-69,RB10M 0051,10M,400W,bent,TS5_1,RebarGroup,,2,10,255,255,255,,,,,,,,,,,750,,0.6,b10f908f-6e3c-4145-84a7-c5e125ccddc9
W10-69,RB10M 0051,10M,400W,bent,TS5_1,RebarGroup,,2,10,255,255,255,,,,,,,,,,,750,,0.6,f9116cca-630c-443a-92bd-3d583ef7adf9
W10-69,RS15M 0096,15M,400W,straight,STR,RebarGroup,,2,15,4749.4,4750,,,,,,,,,,,,4750,,7.5,451df6d1-f266-4250-9a79-926c4377aab6
W10-69,RS15M 0097,15M,400W,straight,STR,RebarGroup,,2,15,2562.7,2565,,,,,,,,,,,,2560,,4,cfa7cf00-a41d-48d0-b411-19d5bf581405
W10-69,RB10M 0052,10M,400W,stirrup,TS67_2,RebarGroup,,13,10,100,160,280,160,280,160,100,,,,,,,1090,,0.9,edaf5b46-fb56-4635-9e2b-4a936f91e306
W10-69,RS15M 0096,15M,400W,straight,STR,RebarGroup,,2,15,4749.4,4750,,,,,,,,,,,,4750,,7.5,ff1ce8ab-d730-4dc0-b928-9a7d6d23b1bb
W10-69,RS15M 0097,15M,400W,straight,STR,RebarGroup,,2,15,2562.7,2565,,,,,,,,,,,,2560,,4,8902f947-8ebb-4a42-9d5f-94a5cf173fb8
W10-69,RB10M 0050,10M,400W,stirrup,Unknown,RebarGroup,,12,10,93.1,653.5,147,1215.8,147,616.5,147,321.5,,,,,,4240,,3.3,7a9880ff-ceed-4e2b-b31f-b8bd04b58ee0
W10-69,RS10M 0208,10M,400W,straight,STR,SingleRebar,,1,10,9266,9270,,,,,,,,,,,,9270,,7.3,aef69a90-f130-4280-85a8-4f604180f69c
W10-69,RS10M 0238,10M,400W,straight,STR,SingleRebar,,1,10,173,180,,,,,,,,,,,,170,,0.1,d14cc366-25cf-4000-b5ce-1a536773468d
W10-69,RS10M 0238,10M,400W,straight,STR,SingleRebar,,1,10,173,180,,,,,,,,,,,,170,,0.1,3abdf729-d9f9-4708-b26d-c3b3b73b0691
W10-69,RB10M 0051,10M,400W,bent,TS5_1,RebarGroup,,2,10,255,255,255,,,,,,,,,,,750,,0.6,1defc148-7bd1-4cbd-82b4-8eab29019c71
W10-69,RB10M 0051,10M,400W,bent,TS5_1,RebarGroup,,2,10,255,255,255,,,,,,,,,,,750,,0.6,115ee94b-8510-4458-9b76-e8b167741757
W10-69,RS15M 0173,15M,400W,straight,STR,SingleRebar,,1,15,3199,3200,,,,,,,,,,,,3200,,5,9dfb40b7-6bba-4fe4-8c9f-535ac0b5cdf0
W10-69,RS15M 0173,15M,400W,straight,STR,SingleRebar,,1,15,3199,3200,,,,,,,,,,,,3200,,5,fcad4e45-6113-4474-9826-6b025ebb5a94
W10-69,RB15M 0068,15M,400W,bent,Unknown,RebarGroup,,2,15,509.9,149,509.9,,,,,,,,,,,1140,,1.8,5d2124bc-e1f6-4794-b4c6-853516f03f16
W10-69,RS10M 0239,10M,400W,straight,STR,SingleRebar,,1,10,8790.3,8790,,,,,,,,,,,,8790,,6.9,29d7cc0e-0066-4183-b5fe-0762b70141c8
W10-69,RS10M 0239,10M,400W,straight,STR,SingleRebar,,1,10,8790.3,8790,,,,,,,,,,,,8790,,6.9,f866e806-d6a4-4696-9945-666336f9d14f
W10-69,RS15M 0240,15M,400W,straight,STR,SingleRebar,,1,15,2362,2360,,,,,,,,,,,,2360,,3.7,b71a829e-94c6-4a7d-8d23-33fec02ed81d
W10-69,RS15M 0240,15M,400W,straight,STR,SingleRebar,,1,15,2362,2360,,,,,,,,,,,,2360,,3.7,d61ff11a-47bb-4c60-a36f-6dab4c3a747f
W10-69,RS15M 0241,15M,400W,straight,STR,SingleRebar,,1,15,237,230,,,,,,,,,,,,240,,0.4,5a5cfc1f-172b-4b70-a0c5-e8bf2cb84f3d
W10-69,RS15M 0059,15M,400W,straight,STR,RebarGroup,,14,15,2617.9,2615,,,,,,,,,,,,2620,,4.1,5988cf84-e76b-4114-8e3d-be6681271ed3
W10-69,RS15M 0058,15M,400W,straight,STR,RebarGroup,,14,15,2875,2870,,,,,,,,,,,,2880,,4.5,c44d03b6-d630-473a-9af6-f1d6833d3204
W10-69,RS10M 0208,10M,400W,straight,STR,RebarGroup,,2,10,9266,9270,,,,,,,,,,,,9270,,7.3,c868e180-e051-4517-8a54-9fc4ac9be60d
W10-69,RS15M 0029,15M,400W,straight,STR,RebarGroup,,2,15,7887.2,7900,,,,,,,,,,,,7890,,12.4,a2c48e3e-f6e8-487e-972c-4b162a9e9f64
W10-69,RS15M 0029,15M,400W,straight,STR,RebarGroup,,2,15,7887.2,7900,,,,,,,,,,,,7890,,12.4,bd68a282-9c6c-4975-99d0-e3ee30eff23f
W10-69,RS10M 0251,10M,400W,straight,STR,RebarGroup,,6,10,2015.1,2005,,,,,,,,,,,,2020,,1.6,eecca510-c031-474c-b733-641d2002e44b
W10-69,RS10M 0251,10M,400W,straight,STR,RebarGroup,,6,10,2015.1,2005,,,,,,,,,,,,2020,,1.6,77c4f205-668c-41bb-984f-7bf1cdfcf9fd
W10-69,RS15M 0095,15M,400W,straight,STR,SingleRebar,,1,15,9266,9270,,,,,,,,,,,,9270,,14.6,3cde83b3-6792-4c8d-8a10-e84cf920685c
W10-69,RS15M 0268,15M,400W,straight,STR,SingleRebar,,1,15,8790,8790,,,,,,,,,,,,8790,,13.8,2a7457ce-69e7-49ab-8e0c-801d422170e6
W10-69,RS15M 0095,15M,400W,straight,STR,SingleRebar,,1,15,9266,9270,,,,,,,,,,,,9270,,14.6,7ab59f94-bb07-49e6-83dc-15940f853dd3
W10-69,RS15M 0268,15M,400W,straight,STR,SingleRebar,,1,15,8790,8790,,,,,,,,,,,,8790,,13.8,a8f9d922-af8f-4536-9c2b-185568abca18
W10-69,RS15M 0269,15M,400W,straight,STR,SingleRebar,,1,15,173.1,180,,,,,,,,,,,,170,,0.3,80b6376c-ebb3-4832-b779-78c30c37e53b
W10-69,RS15M 0269,15M,400W,straight,STR,SingleRebar,,1,15,173.1,180,,,,,,,,,,,,170,,0.3,9e319ded-075c-4fd8-8292-c3341703407b
W10-69,RB10M 0135,10M,400W,stirrup,Unknown,RebarGroup,,22,10,754.6,181,503.8,181,37.5,80,,,,,,,,1690,,1.3,b14e6c00-80bb-4825-bc92-9158a49af519
W10-69,RB10M 0049,10M,400W,stirrup,T1,RebarGroup,,12,10,85,190,195,190,195,181,85,80,,,,,,890,,0.7,53fa6eb2-23ce-48f3-af93-7ee453de7c37
W10-69,RS10M 0180,10M,400W,straight,STR,RebarGroup,,6,10,2617.2,2615,,,,,,,,,,,,2620,,2.1,7e21919c-be20-4bb6-ac88-3ed3a3a27e20
W10-69,RS10M 0195,10M,400W,straight,STR,RebarGroup,,6,10,2873.4,2870,,,,,,,,,,,,2870,,2.3,ed952313-ced2-4279-8bf5-0b981f348ffd
W10-69,RB25M 0139,25M,400W,bent,17,SingleRebar,,1,25,198,210,2085,210,,,,,,,,,,2380,,9.3,3dd293d8-ec33-4d91-84db-1acf9f8753f6
W10-73,RB10M 0125,10M,400W,stirrup,14,RebarGroup,,2,10,200,140,210,140,200,,,,100,,,,405,860,,0.7,ee36a553-8c21-44f1-bc80-fa96fbed46bf
W10-73,RB10M 0125,10M,400W,stirrup,14,RebarGroup,,2,10,200,140,210,140,200,,,,100,,,,405,860,,0.7,243e1d61-dc15-4c3f-8daa-81ed8c590d9b
W10-73,RB25M 0141,25M,400W,bent,17,SingleRebar,,1,25,198,210,2090,210,,,,,,,,,,2380,,9.3,fb9e5f23-7c87-469e-a32a-7a0e5397886f
W10-73,RB10M 0040,10M,400W,stirrup,T1,RebarGroup,,10,10,75,160,1675,160,1675,1662.8,75,74.1,,,,,,3790,,3,a19ab585-c72e-4d91-bbdb-8f2f4fc7a193
W10-73,RB10M 0046,10M,400W,bent,17,RebarGroup,,9,10,323.5,330,160,330,,,,,,,,,,760,,0.6,62ee34e2-88ca-4462-a1e5-0933d7d7adbe
W10-73,RS10M 0030,10M,400W,straight,STR,RebarGroup,,2,10,600,610,,,,,,,,,,,,600,,0.5,f0dd2b74-185c-40b0-9b0d-b8a837d1d246
W10-73,RS10M 0030,10M,400W,straight,STR,RebarGroup,,2,10,600,610,,,,,,,,,,,,600,,0.5,465110cb-d0fd-45f0-acd4-1f26185af180
W10-73,RS10M 0030,10M,400W,straight,STR,RebarGroup,,2,10,600,610,,,,,,,,,,,,600,,0.5,8ec9cb64-7a02-4c8e-99bc-a132eb55c222
W10-73,RS10M 0030,10M,400W,straight,STR,RebarGroup,,2,10,600,610,,,,,,,,,,,,600,,0.5,188e7eb3-322b-43c7-9912-ced75a384115
W10-73,RS10M 0030,10M,400W,straight,STR,RebarGroup,,2,10,600,610,,,,,,,,,,,,600,,0.5,4b02f515-7535-43b9-9d92-4a95c6bb2230
W10-73,RS10M 0030,10M,400W,straight,STR,RebarGroup,,2,10,600,610,,,,,,,,,,,,600,,0.5,c08ebb1a-3747-4d1a-a3e8-6dce1ea84fee
W10-73,RB10M 0051,10M,400W,bent,TS5_1,RebarGroup,,2,10,255,255,255,,,,,,,,,,,750,,0.6,135bc2f3-bd94-49b5-8727-2a43ad20518e
W10-73,RB10M 0051,10M,400W,bent,TS5_1,RebarGroup,,2,10,255,255,255,,,,,,,,,,,750,,0.6,51656b93-ae41-4640-9502-c27a26177a4a
W10-73,RS15M 0096,15M,400W,straight,STR,RebarGroup,,2,15,4749.5,4750,,,,,,,,,,,,4750,,7.5,145e5b9c-3b70-45b5-b4f4-d30a4f2836a6
W10-73,RS15M 0097,15M,400W,straight,STR,RebarGroup,,2,15,2562.6,2565,,,,,,,,,,,,2560,,4,e3617d28-364b-4558-bfbc-a4f07f8019b6
W10-73,RB10M 0052,10M,400W,stirrup,TS67_2,RebarGroup,,13,10,100,160,280,160,280,160,100,,,,,,,1090,,0.9,21469de3-aedf-45ae-aee8-2f93f1902f09
W10-73,RB10M 0050,10M,400W,stirrup,Unknown,RebarGroup,,13,10,93.1,653.5,147,1215.8,147,616.5,147,321.5,,,,,,4240,,3.3,60318f7b-3c49-41a8-b281-3c21516cbded
W10-73,RS10M 0208,10M,400W,straight,STR,SingleRebar,,1,10,9266,9270,,,,,,,,,,,,9270,,7.3,407fcc6a-48e5-48d9-83e5-6e2b505c5ce6
W10-73,RS10M 0238,10M,400W,straight,STR,SingleRebar,,1,10,173.1,180,,,,,,,,,,,,170,,0.1,6e815bc4-4d6e-4750-9ee8-6edb218913aa
W10-73,RS10M 0238,10M,400W,straight,STR,SingleRebar,,1,10,173.1,180,,,,,,,,,,,,170,,0.1,3395ef3a-7a34-4874-9420-a87a18d5362d
W10-73,RB10M 0051,10M,400W,bent,TS5_1,RebarGroup,,2,10,255,255,255,,,,,,,,,,,750,,0.6,490a3d7e-ec76-4bc9-b071-986925eb28f1
W10-73,RB10M 0051,10M,400W,bent,TS5_1,RebarGroup,,2,10,255,255,255,,,,,,,,,,,750,,0.6,ba1daccf-998c-47c3-8ed4-8a5ce182db28
W10-73,RS15M 0173,15M,400W,straight,STR,SingleRebar,,1,15,3199,3200,,,,,,,,,,,,3200,,5,d7ce41fd-f5bc-420b-92c9-0ac763f22780
W10-73,RS15M 0173,15M,400W,straight,STR,SingleRebar,,1,15,3199,3200,,,,,,,,,,,,3200,,5,63df978c-a97e-4d42-a918-f5f311ad5d49
W10-73,RB15M 0068,15M,400W,bent,Unknown,RebarGroup,,2,15,509.9,149,509.9,,,,,,,,,,,1140,,1.8,35ffde5f-797b-4d5a-8b14-abceb40d4783
W10-73,RS10M 0239,10M,400W,straight,STR,SingleRebar,,1,10,8790.2,8790,,,,,,,,,,,,8790,,6.9,25bfa9c1-9480-442b-867f-b92bf2109180
W10-73,RS10M 0239,10M,400W,straight,STR,SingleRebar,,1,10,8790.2,8790,,,,,,,,,,,,8790,,6.9,be301c5d-94ef-4d8c-a390-035274638994
W10-73,RS10M 0195,10M,400W,straight,STR,RebarGroup,,6,10,2873.4,2870,,,,,,,,,,,,2870,,2.3,45bd3e48-b65e-4af6-a38f-479a445e9696
W10-73,RS10M 0180,10M,400W,straight,STR,RebarGroup,,6,10,2616.4,2615,,,,,,,,,,,,2620,,2.1,b28946a4-1196-4e10-b0d1-7297adf024ee
W10-73,RS15M 0240,15M,400W,straight,STR,SingleRebar,,1,15,2360,2360,,,,,,,,,,,,2360,,3.7,6733c6c9-a0f1-49f4-bdb1-dd7835665fe1
W10-73,RS15M 0240,15M,400W,straight,STR,SingleRebar,,1,15,2360,2360,,,,,,,,,,,,2360,,3.7,5ff77135-89b9-4edb-a613-0afc439d37c3
W10-73,RS15M 0241,15M,400W,straight,STR,SingleRebar,,1,15,237,230,,,,,,,,,,,,240,,0.4,65de4ab4-1cde-4353-87ae-1f9bca3dab23
W10-73,RS15M 0059,15M,400W,straight,STR,RebarGroup,,14,15,2617.9,2615,,,,,,,,,,,,2620,,4.1,d0b5b151-33c9-4fe9-8d12-1054dd108510
W10-73,RS15M 0058,15M,400W,straight,STR,RebarGroup,,14,15,2875,2870,,,,,,,,,,,,2880,,4.5,9d8e961f-d0fc-401a-8b08-c9ab0ddddcb6
W10-73,RS10M 0208,10M,400W,straight,STR,RebarGroup,,2,10,9266,9270,,,,,,,,,,,,9270,,7.3,38242794-73a3-4f04-8c67-272e77396e01
W10-73,RS15M 0029,15M,400W,straight,STR,RebarGroup,,2,15,7887.1,7900,,,,,,,,,,,,7890,,12.4,134ca485-cd4c-4f1b-8999-8c740f975318
W10-73,RS15M 0029,15M,400W,straight,STR,RebarGroup,,2,15,7887.1,7900,,,,,,,,,,,,7890,,12.4,48b9d0fd-2358-4dc9-bb19-dd766812d094
W10-73,RS10M 0251,10M,400W,straight,STR,RebarGroup,,6,10,2015.2,2005,,,,,,,,,,,,2020,,1.6,3dff55d1-00c7-4398-9fb3-ab3314c84d81
W10-73,RS10M 0251,10M,400W,straight,STR,RebarGroup,,6,10,2015.2,2005,,,,,,,,,,,,2020,,1.6,287e65bf-c0ec-4aa4-8356-178f377cdf97
W10-73,RS15M 0096,15M,400W,straight,STR,RebarGroup,,2,15,4749.5,4750,,,,,,,,,,,,4750,,7.5,3c34ce17-824c-47aa-ade3-61d0bce11f58
W10-73,RS15M 0097,15M,400W,straight,STR,RebarGroup,,2,15,2562.6,2565,,,,,,,,,,,,2560,,4,46ec1ce4-ffcd-4d4a-8a73-53ae91893d6c
W10-73,RS15M 0277,15M,400W,straight,STR,SingleRebar,,1,15,8787.1,8790,,,,,,,,,,,,8790,,13.8,4cf1dd52-7008-4c50-8473-a95afec3f1a4
W10-73,RS15M 0095,15M,400W,straight,STR,SingleRebar,,1,15,9266.1,9270,,,,,,,,,,,,9270,,14.6,b9b7d3a6-25e8-4527-9fdd-f340d2bd5bb8
W10-73,RS15M 0277,15M,400W,straight,STR,SingleRebar,,1,15,8787.1,8790,,,,,,,,,,,,8790,,13.8,3ff30e08-70af-4acc-add4-4b8df882a029
W10-73,RS15M 0095,15M,400W,straight,STR,SingleRebar,,1,15,9266.1,9270,,,,,,,,,,,,9270,,14.6,aa0e837b-595b-47b5-ba3c-c0dd02e13beb
W10-73,RS15M 0278,15M,400W,straight,STR,SingleRebar,,1,15,176,180,,,,,,,,,,,,180,,0.3,4d956501-08b7-4f29-b4f4-c1988642b067
W10-73,RS15M 0278,15M,400W,straight,STR,SingleRebar,,1,15,176,180,,,,,,,,,,,,180,,0.3,5404e70e-2989-463e-a941-792bba1a65eb
W10-73,RB10M 0135,10M,400W,stirrup,Unknown,RebarGroup,,22,10,80,37.5,181,503.8,181,754.6,,,,,,,,1690,,1.3,ec8e9c45-de6d-42e2-bce8-c3d7cf30205f
W10-73,RB10M 0136,10M,400W,stirrup,T1,RebarGroup,,12,10,85,195,200,195,200,185.8,85,80,,,,,,910,,0.7,26c74c55-57b9-4870-aa1b-03cfdd0c4dc9
W10-73,RB10M 0046,10M,400W,bent,17,RebarGroup,,10,10,323.6,330,160,330,,,,,,,,,,760,,0.6,87f4528a-d5b8-479f-b9ac-c0f29ad84cbc
W10-182,RB10M 0125,10M,400W,stirrup,14,RebarGroup,,2,10,200,140,210,140,200,,,,100,,,,405,860,,0.7,0b3317e8-a24a-4924-91c6-65f7cf40a2b9
W10-182,RB10M 0125,10M,400W,stirrup,14,RebarGroup,,2,10,200,140,210,140,200,,,,100,,,,405,860,,0.7,ef8971f5-60f7-42b6-979c-6a213606fc2f
W10-182,RB25M 0141,25M,400W,bent,17,SingleRebar,,1,25,198,210,2090,210,,,,,,,,,,2380,,9.3,4360ed9d-4443-4265-838e-3752c38f51fb
W10-182,RB10M 0040,10M,400W,stirrup,T1,RebarGroup,,10,10,75,160,1675,160,1675,1662.8,75,74.1,,,,,,3790,,3,47ab02e7-7ccc-45ca-aeea-f1cfa0d44175
W10-182,RB10M 0046,10M,400W,bent,17,RebarGroup,,9,10,323.5,330,160,330,,,,,,,,,,760,,0.6,bafdd01a-a3c6-408b-bd1d-7d6e64184fed
W10-182,RB10M 0046,10M,400W,bent,17,RebarGroup,,10,10,323.5,330,160,330,,,,,,,,,,760,,0.6,25ca359f-09bd-4649-976e-bb42f0ef964c
W10-182,RS10M 0030,10M,400W,straight,STR,RebarGroup,,2,10,600,610,,,,,,,,,,,,600,,0.5,fd6218d9-55ee-41e0-9b57-fd081cd30cc2
W10-182,RS10M 0030,10M,400W,straight,STR,RebarGroup,,2,10,600,610,,,,,,,,,,,,600,,0.5,cbbb207f-2461-4774-b36d-95fb6111ffcb
W10-182,RS10M 0030,10M,400W,straight,STR,RebarGroup,,2,10,600,610,,,,,,,,,,,,600,,0.5,cd131fdc-2e2b-4406-9d81-885c41cf83af
W10-182,RS10M 0030,10M,400W,straight,STR,RebarGroup,,2,10,600,610,,,,,,,,,,,,600,,0.5,07bf0764-e336-49c2-bf02-0a53dc161f2b
W10-182,RS10M 0030,10M,400W,straight,STR,RebarGroup,,2,10,600,610,,,,,,,,,,,,600,,0.5,f4b3ec61-82ac-48ab-be8e-75fb24cfe56b
W10-182,RS10M 0030,10M,400W,straight,STR,RebarGroup,,2,10,600,610,,,,,,,,,,,,600,,0.5,64a7c602-e2a0-41f3-88a3-656e608ce5b1
W10-182,RB10M 0051,10M,400W,bent,TS5_1,RebarGroup,,2,10,255,255,255,,,,,,,,,,,750,,0.6,187a0773-8c4e-4fde-93b2-e35290d2c375
W10-182,RB10M 0051,10M,400W,bent,TS5_1,RebarGroup,,2,10,255,255,255,,,,,,,,,,,750,,0.6,bd386d04-bfb2-4a76-941a-d948c7cab4b6
W10-182,RS15M 0096,15M,400W,straight,STR,RebarGroup,,2,15,4749.4,4750,,,,,,,,,,,,4750,,7.5,2847ae84-e53b-410c-aaff-546d48e5b663
W10-182,RS15M 0097,15M,400W,straight,STR,RebarGroup,,2,15,2562.7,2565,,,,,,,,,,,,2560,,4,66d9c9f1-f8ef-4d87-aab5-809830e72bfa
W10-182,RB10M 0052,10M,400W,stirrup,TS67_2,RebarGroup,,13,10,100,160,280,160,280,160,100,,,,,,,1090,,0.9,6457f43e-b53e-472d-88dc-2fa5537568a1
W10-182,RS15M 0096,15M,400W,straight,STR,RebarGroup,,2,15,4749.4,4750,,,,,,,,,,,,4750,,7.5,cd54b246-ef0c-4a60-9fb8-3418d632dc06
W10-182,RS15M 0097,15M,400W,straight,STR,RebarGroup,,2,15,2562.7,2565,,,,,,,,,,,,2560,,4,af29949c-f49b-4026-bf71-bf183ae61600
W10-182,RB10M 0050,10M,400W,stirrup,Unknown,RebarGroup,,13,10,93.1,653.5,147,1215.8,147,616.5,147,321.5,,,,,,4240,,3.3,b35556b4-99fc-4599-b54c-223f1898b52c
W10-182,RS10M 0208,10M,400W,straight,STR,SingleRebar,,1,10,9266,9270,,,,,,,,,,,,9270,,7.3,ff8be7f0-b5bf-44c2-8ba1-7cefbdc71ff3
W10-182,RS10M 0238,10M,400W,straight,STR,SingleRebar,,1,10,173,180,,,,,,,,,,,,170,,0.1,485475f0-a760-4804-978f-81f511c613ee
W10-182,RS10M 0238,10M,400W,straight,STR,SingleRebar,,1,10,173,180,,,,,,,,,,,,170,,0.1,4245216b-c2d0-4509-a012-9dac27d74488
W10-182,RB10M 0051,10M,400W,bent,TS5_1,RebarGroup,,2,10,255,255,255,,,,,,,,,,,750,,0.6,81175e1e-5265-4827-aa84-c79d111b3586
W10-182,RB10M 0051,10M,400W,bent,TS5_1,RebarGroup,,2,10,255,255,255,,,,,,,,,,,750,,0.6,f5bfb94f-d338-496f-933d-1bd097804aed
W10-182,RS15M 0173,15M,400W,straight,STR,SingleRebar,,1,15,3199,3200,,,,,,,,,,,,3200,,5,476acda4-c1e1-49f1-9dd8-8ba3cef3353a
W10-182,RS15M 0173,15M,400W,straight,STR,SingleRebar,,1,15,3199,3200,,,,,,,,,,,,3200,,5,3eb2901d-7e3d-48f4-8f55-ba33a07fad1c
W10-182,RB15M 0068,15M,400W,bent,Unknown,RebarGroup,,2,15,509.9,149,509.9,,,,,,,,,,,1140,,1.8,e4e54623-5973-47e3-9a16-59b7b809083a
W10-182,RS10M 0239,10M,400W,straight,STR,SingleRebar,,1,10,8790.3,8790,,,,,,,,,,,,8790,,6.9,721f4c84-bc8e-483d-9ba8-f619d0856b2a
W10-182,RS10M 0239,10M,400W,straight,STR,SingleRebar,,1,10,8790.3,8790,,,,,,,,,,,,8790,,6.9,3d7d6018-0211-4120-8123-d2fbe09fa627
W10-182,RS10M 0195,10M,400W,straight,STR,RebarGroup,,6,10,2873.4,2870,,,,,,,,,,,,2870,,2.3,653bbd90-c706-4270-a234-6b9c48ab2037
W10-182,RS10M 0180,10M,400W,straight,STR,RebarGroup,,6,10,2616.4,2615,,,,,,,,,,,,2620,,2.1,06d6bbb1-f80f-470c-b446-c51399e3e611
W10-182,RS15M 0185,15M,400W,straight,STR,SingleRebar,,1,15,2367,2360,,,,,,,,,,,,2370,,3.7,a06014c3-7952-439c-bc2c-7577b1bb8a30
W10-182,RS15M 0185,15M,400W,straight,STR,SingleRebar,,1,15,2367,2360,,,,,,,,,,,,2370,,3.7,4b2ac4d1-2cd8-4e0b-8c17-263085cc5e22
W10-182,RS15M 0190,15M,400W,straight,STR,SingleRebar,,1,15,230,230,,,,,,,,,,,,230,,0.4,dae6b27a-b6de-401d-b955-605558eba7be
W10-182,RS15M 0059,15M,400W,straight,STR,RebarGroup,,14,15,2617.9,2615,,,,,,,,,,,,2620,,4.1,5b564d04-6784-4083-9a5f-118e3a33a8af
W10-182,RS15M 0058,15M,400W,straight,STR,RebarGroup,,14,15,2875,2870,,,,,,,,,,,,2880,,4.5,db09ec6b-dee1-48d9-a384-430650959513
W10-182,RS10M 0208,10M,400W,straight,STR,RebarGroup,,2,10,9266,9270,,,,,,,,,,,,9270,,7.3,508ae80c-e650-4d28-9df1-91c12652488e
W10-182,RS15M 0029,15M,400W,straight,STR,RebarGroup,,2,15,7887.2,7900,,,,,,,,,,,,7890,,12.4,2698d124-3813-4e32-9d64-24c25a5ba572
W10-182,RS15M 0029,15M,400W,straight,STR,RebarGroup,,2,15,7887.2,7900,,,,,,,,,,,,7890,,12.4,d8a34331-0cc7-491c-a51f-2ad8b7570c65
W10-182,RS10M 0251,10M,400W,straight,STR,RebarGroup,,6,10,2015.1,2005,,,,,,,,,,,,2020,,1.6,772c6634-44a8-4f30-97dc-26e6d41bb653
W10-182,RS10M 0251,10M,400W,straight,STR,RebarGroup,,6,10,2015.1,2005,,,,,,,,,,,,2020,,1.6,f3c7a762-eb1b-4265-8463-d8751f40302c
W10-182,RS15M 0268,15M,400W,straight,STR,SingleRebar,,1,15,8790,8790,,,,,,,,,,,,8790,,13.8,b8639824-1898-434f-aa27-1fded76ff7c9
W10-182,RS15M 0095,15M,400W,straight,STR,SingleRebar,,1,15,9266,9270,,,,,,,,,,,,9270,,14.6,f13590bd-8899-49d8-9665-a3753d18ebe8
W10-182,RS15M 0268,15M,400W,straight,STR,SingleRebar,,1,15,8790,8790,,,,,,,,,,,,8790,,13.8,def1331e-6ffa-4ec4-8ddb-831e95cbb838
W10-182,RS15M 0095,15M,400W,straight,STR,SingleRebar,,1,15,9266,9270,,,,,,,,,,,,9270,,14.6,77bae56e-0997-42bc-9207-006c74131328
W10-182,RS15M 0269,15M,400W,straight,STR,SingleRebar,,1,15,173.1,180,,,,,,,,,,,,170,,0.3,eb0aa440-08ea-4288-bd9b-cd59ebbf4044
W10-182,RS15M 0269,15M,400W,straight,STR,SingleRebar,,1,15,173,180,,,,,,,,,,,,170,,0.3,92bc220f-fdf9-4c97-84f6-802c3f2b21d1
W10-182,RB10M 0135,10M,400W,stirrup,Unknown,RebarGroup,,22,10,80,37.5,181,503.8,181,754.6,,,,,,,,1690,,1.3,373f0da3-fc91-4d6f-9ed8-d1ef27988aed
W10-182,RB10M 0049,10M,400W,stirrup,T1,RebarGroup,,12,10,85,190,195,190,195,175.8,85,80,,,,,,890,,0.7,ccd23f30-696e-45e5-908a-f16c3e6eb012
W10-45,RB10M 0125,10M,400W,stirrup,14,RebarGroup,,2,10,200,140,210,140,200,,,,100,,,,405,860,,0.7,6e3be619-b429-429f-b8ca-1e12b796381d
W10-45,RB10M 0125,10M,400W,stirrup,14,RebarGroup,,2,10,200,140,210,140,200,,,,100,,,,405,860,,0.7,9ea1d3f0-2e2c-44e0-b418-0fcd79065b70
W10-45,RB25M 0141,25M,400W,bent,17,SingleRebar,,1,25,198,210,2090,210,,,,,,,,,,2380,,9.3,5d9464c3-c330-4a7a-ac45-4b352c0c793c
W10-45,RB10M 0040,10M,400W,stirrup,T1,RebarGroup,,10,10,75,160,1675,160,1675,1662.8,75,74.1,,,,,,3790,,3,1e036176-9921-4788-b601-1f4cd4973969
W10-45,RB10M 0046,10M,400W,bent,17,RebarGroup,,9,10,323.5,330,160,330,,,,,,,,,,760,,0.6,6a878152-a733-43a9-9481-6ece21ec871e
W10-45,RB10M 0046,10M,400W,bent,17,RebarGroup,,10,10,323.5,330,160,330,,,,,,,,,,760,,0.6,909c3c03-1071-4f22-aec1-ef13ac6a5ecb
W10-45,RS10M 0030,10M,400W,straight,STR,RebarGroup,,2,10,600,610,,,,,,,,,,,,600,,0.5,272ece13-4495-4179-bd0a-d2ea649c2469
W10-45,RS10M 0030,10M,400W,straight,STR,RebarGroup,,2,10,600,610,,,,,,,,,,,,600,,0.5,27e27817-3d15-4eac-a5a5-a6e5d90e11b6
W10-45,RS10M 0030,10M,400W,straight,STR,RebarGroup,,2,10,600,610,,,,,,,,,,,,600,,0.5,ef3da0c2-9897-4e09-9ee5-c55f0457a67f
W10-45,RS10M 0030,10M,400W,straight,STR,RebarGroup,,2,10,600,610,,,,,,,,,,,,600,,0.5,b60b839c-ed60-4b53-9a07-472634ff71c5
W10-45,RS10M 0030,10M,400W,straight,STR,RebarGroup,,2,10,600,610,,,,,,,,,,,,600,,0.5,4126188f-ccdc-42e3-89f3-9f0189a02760
W10-45,RS10M 0030,10M,400W,straight,STR,RebarGroup,,2,10,600,610,,,,,,,,,,,,600,,0.5,3ce7df33-17bf-472e-b750-91ee31b0ebb9
W10-45,RB10M 0051,10M,400W,bent,TS5_1,RebarGroup,,2,10,255,255,255,,,,,,,,,,,750,,0.6,3b3c53ba-4806-45d5-be3e-f6fbedc9fe1d
W10-45,RB10M 0051,10M,400W,bent,TS5_1,RebarGroup,,2,10,255,255,255,,,,,,,,,,,750,,0.6,229d3d95-a77a-49fb-9fe9-78dc7446f98e
W10-45,RS15M 0096,15M,400W,straight,STR,RebarGroup,,2,15,4749.4,4750,,,,,,,,,,,,4750,,7.5,b0442dea-50b3-4f0c-9e3a-b5e8ce9d72be
W10-45,RS15M 0097,15M,400W,straight,STR,RebarGroup,,2,15,2562.7,2565,,,,,,,,,,,,2560,,4,1d2dd8a5-0d1a-4607-b62c-b8653dfe62ad
W10-45,RB10M 0052,10M,400W,stirrup,TS67_2,RebarGroup,,13,10,100,160,280,160,280,160,100,,,,,,,1090,,0.9,cc01517b-ea35-4a05-bc68-fd3184641cd0
W10-45,RS15M 0096,15M,400W,straight,STR,RebarGroup,,2,15,4749.4,4750,,,,,,,,,,,,4750,,7.5,f1ead860-0a32-4d8d-bef8-e9c223cf281d
W10-45,RS15M 0097,15M,400W,straight,STR,RebarGroup,,2,15,2562.7,2565,,,,,,,,,,,,2560,,4,4b0fceb4-cb72-41bb-af8c-a2228bfafd8a
W10-45,RB10M 0050,10M,400W,stirrup,Unknown,RebarGroup,,13,10,93.1,653.5,147,1215.8,147,616.5,147,321.5,,,,,,4240,,3.3,76d66a3a-0663-4ee0-a2e1-26db2a5b3316
W10-45,RS10M 0208,10M,400W,straight,STR,SingleRebar,,1,10,9266,9270,,,,,,,,,,,,9270,,7.3,65fc267b-6bee-491b-8967-1d6b7ba7d6fb
W10-45,RS10M 0238,10M,400W,straight,STR,SingleRebar,,1,10,173,180,,,,,,,,,,,,170,,0.1,e9ad77b9-cc89-425b-9ae7-af6404491f50
W10-45,RS10M 0238,10M,400W,straight,STR,SingleRebar,,1,10,173,180,,,,,,,,,,,,170,,0.1,61f3c5ae-97d0-4e96-a1cb-ef5cf3d2c6f6
W10-45,RB10M 0051,10M,400W,bent,TS5_1,RebarGroup,,2,10,255,255,255,,,,,,,,,,,750,,0.6,618fd932-23eb-4cbe-8f6e-43881c274313
W10-45,RB10M 0051,10M,400W,bent,TS5_1,RebarGroup,,2,10,255,255,255,,,,,,,,,,,750,,0.6,46f27b22-8c00-4c86-be52-c4457965d9e9
W10-45,RS15M 0173,15M,400W,straight,STR,SingleRebar,,1,15,3199,3200,,,,,,,,,,,,3200,,5,bc4a97eb-df3b-4a8b-a37b-8acab7ee24e9
W10-45,RS15M 0173,15M,400W,straight,STR,SingleRebar,,1,15,3199,3200,,,,,,,,,,,,3200,,5,bc08410c-097b-49a2-b1ef-877e53c1290c
W10-45,RB15M 0068,15M,400W,bent,Unknown,RebarGroup,,2,15,509.9,149,509.9,,,,,,,,,,,1140,,1.8,ec8e4814-ecda-4f9b-9a17-db7242aae599
W10-45,RS10M 0239,10M,400W,straight,STR,SingleRebar,,1,10,8790.3,8790,,,,,,,,,,,,8790,,6.9,6e373ef9-4afb-477e-86a0-a08ac776e37e
W10-45,RS10M 0239,10M,400W,straight,STR,SingleRebar,,1,10,8790.3,8790,,,,,,,,,,,,8790,,6.9,acd30fab-650a-4a08-895a-9ed6a4332a59
W10-45,RS10M 0195,10M,400W,straight,STR,RebarGroup,,6,10,2873.4,2870,,,,,,,,,,,,2870,,2.3,0e81044e-0baf-4a9f-8948-722fc25657fd
W10-45,RS10M 0180,10M,400W,straight,STR,RebarGroup,,6,10,2616.4,2615,,,,,,,,,,,,2620,,2.1,8d741efc-7e22-4963-884d-bcfd8e47d985
W10-45,RS15M 0185,15M,400W,straight,STR,SingleRebar,,1,15,2367,2360,,,,,,,,,,,,2370,,3.7,d5273add-428a-492c-a6a3-b6a822b56d4b
W10-45,RS15M 0185,15M,400W,straight,STR,SingleRebar,,1,15,2367,2360,,,,,,,,,,,,2370,,3.7,320698c4-7b83-4e67-a972-0c52c98243ab
W10-45,RS15M 0190,15M,400W,straight,STR,SingleRebar,,1,15,230,230,,,,,,,,,,,,230,,0.4,556cc616-9b26-4d30-a417-3b6da47cc200
W10-45,RS15M 0059,15M,400W,straight,STR,RebarGroup,,14,15,2617.9,2615,,,,,,,,,,,,2620,,4.1,84fa2897-78aa-4f1c-8a9f-7b7b73e53124
W10-45,RS15M 0058,15M,400W,straight,STR,RebarGroup,,14,15,2875,2870,,,,,,,,,,,,2880,,4.5,af1d033d-4fac-48ff-ab49-ffc3028cb346
W10-45,RS10M 0208,10M,400W,straight,STR,RebarGroup,,2,10,9266,9270,,,,,,,,,,,,9270,,7.3,9fec0021-ec7a-4819-9ae5-0dabc8f01fa8
W10-45,RS15M 0029,15M,400W,straight,STR,RebarGroup,,2,15,7887.2,7900,,,,,,,,,,,,7890,,12.4,654f6f29-0fcd-4f5e-ac9e-eec03118382c
W10-45,RS15M 0029,15M,400W,straight,STR,RebarGroup,,2,15,7887.2,7900,,,,,,,,,,,,7890,,12.4,ee28e66f-3d1a-444d-ace8-b6ac93e0bba6
W10-45,RS10M 0251,10M,400W,straight,STR,RebarGroup,,6,10,2015.1,2005,,,,,,,,,,,,2020,,1.6,525c2999-6d96-4770-8b50-1837ea846bba
W10-45,RS10M 0251,10M,400W,straight,STR,RebarGroup,,6,10,2015.1,2005,,,,,,,,,,,,2020,,1.6,d0841b20-b12f-4fba-9189-0a1928f15fed
W10-45,RS15M 0268,15M,400W,straight,STR,SingleRebar,,1,15,8790,8790,,,,,,,,,,,,8790,,13.8,ad138262-3a79-4a46-bb3f-12e8835202ae
W10-45,RS15M 0095,15M,400W,straight,STR,SingleRebar,,1,15,9266,9270,,,,,,,,,,,,9270,,14.6,572009ab-1292-4287-9b8f-bc1dcb072507
W10-45,RS15M 0268,15M,400W,straight,STR,SingleRebar,,1,15,8790,8790,,,,,,,,,,,,8790,,13.8,d93a17ef-ce68-4c2a-87df-b4513980cea3
W10-45,RS15M 0095,15M,400W,straight,STR,SingleRebar,,1,15,9266,9270,,,,,,,,,,,,9270,,14.6,56687ea7-ef0e-4f0c-946e-3162fcf1f0d5
W10-45,RS15M 0269,15M,400W,straight,STR,SingleRebar,,1,15,173.1,180,,,,,,,,,,,,170,,0.3,9450396e-3e44-47db-a24e-0cb3167ae8f1
W10-45,RS15M 0269,15M,400W,straight,STR,SingleRebar,,1,15,173,180,,,,,,,,,,,,170,,0.3,391ee60d-8496-4325-be14-8c708d322df6
W10-45,RB10M 0135,10M,400W,stirrup,Unknown,RebarGroup,,22,10,80,37.5,181,503.8,181,754.6,,,,,,,,1690,,1.3,c03d61d2-6ff2-4b17-8f5f-0640d126c62c
W10-45,RB10M 0049,10M,400W,stirrup,T1,RebarGroup,,12,10,85,190,195,190,195,175.8,85,80,,,,,,890,,0.7,e5411272-67c7-4805-ae0d-7ebf25090c9b
W10-51,RB10M 0125,10M,400W,stirrup,14,RebarGroup,,2,10,200,140,210,140,200,,,,100,,,,405,860,,0.7,d02c364f-f573-4712-b552-6e14906dd75a
W10-51,RB10M 0125,10M,400W,stirrup,14,RebarGroup,,2,10,200,140,210,140,200,,,,100,,,,405,860,,0.7,c91b2dcc-ee3f-4e90-b326-c90d832cfd21
W10-51,RB25M 0141,25M,400W,bent,17,SingleRebar,,1,25,198,210,2090,210,,,,,,,,,,2380,,9.3,ec909dbb-3b65-4c5f-920a-a043ecb420bc
W10-51,RB10M 0040,10M,400W,stirrup,T1,RebarGroup,,10,10,75,160,1675,160,1675,1662.8,75,74.1,,,,,,3790,,3,f94fc29a-cf4a-43cd-816a-d8fbf48a405c
W10-51,RB10M 0046,10M,400W,bent,17,RebarGroup,,9,10,323.5,330,160,330,,,,,,,,,,760,,0.6,af0ac8d9-4003-4c64-a515-0c00614d8094
W10-51,RB10M 0046,10M,400W,bent,17,RebarGroup,,10,10,323.5,330,160,330,,,,,,,,,,760,,0.6,40d0022a-db0a-420d-972a-9b4990fa3f07
W10-51,RS10M 0030,10M,400W,straight,STR,RebarGroup,,2,10,600,610,,,,,,,,,,,,600,,0.5,5e408a32-cd87-4613-b5cf-2fba1711a037
W10-51,RS10M 0030,10M,400W,straight,STR,RebarGroup,,2,10,600,610,,,,,,,,,,,,600,,0.5,8fcefb40-a42d-4f50-b08f-9ac86ada8bff
W10-51,RS10M 0030,10M,400W,straight,STR,RebarGroup,,2,10,600,610,,,,,,,,,,,,600,,0.5,ce5f8653-0ee6-489b-801f-bb7614493fac
W10-51,RS10M 0030,10M,400W,straight,STR,RebarGroup,,2,10,600,610,,,,,,,,,,,,600,,0.5,d0dab54e-a0ea-4799-af1b-cc6cc0a82417
W10-51,RS10M 0030,10M,400W,straight,STR,RebarGroup,,2,10,600,610,,,,,,,,,,,,600,,0.5,10d05063-a586-4677-bc1b-92558ebaff3c
W10-51,RS10M 0030,10M,400W,straight,STR,RebarGroup,,2,10,600,610,,,,,,,,,,,,600,,0.5,9540035c-2608-4f84-a545-a83b56ddea13
W10-51,RB10M 0051,10M,400W,bent,TS5_1,RebarGroup,,2,10,255,255,255,,,,,,,,,,,750,,0.6,a5bfd79d-89dc-4285-a697-30c69f6d0c9f
W10-51,RB10M 0051,10M,400W,bent,TS5_1,RebarGroup,,2,10,255,255,255,,,,,,,,,,,750,,0.6,9deab709-d89d-40b6-bc28-0a5f0171a0ac
W10-51,RS15M 0096,15M,400W,straight,STR,RebarGroup,,2,15,4749.4,4750,,,,,,,,,,,,4750,,7.5,1e227028-a826-4c93-904c-47539d83fa17
W10-51,RS15M 0097,15M,400W,straight,STR,RebarGroup,,2,15,2562.7,2565,,,,,,,,,,,,2560,,4,fe64a8b7-05e1-47da-a1cf-f0553eeb9e36
W10-51,RB10M 0052,10M,400W,stirrup,TS67_2,RebarGroup,,13,10,100,160,280,160,280,160,100,,,,,,,1090,,0.9,a39d5e06-fbe8-4250-9d73-6c64540a32ca
W10-51,RS15M 0096,15M,400W,straight,STR,RebarGroup,,2,15,4749.4,4750,,,,,,,,,,,,4750,,7.5,8bb2a17b-ed17-4e40-a522-23d3b9ab9f7f
W10-51,RS15M 0097,15M,400W,straight,STR,RebarGroup,,2,15,2562.7,2565,,,,,,,,,,,,2560,,4,5b555e3b-a1dd-41a1-88c3-eba003a65e0b
W10-51,RB10M 0050,10M,400W,stirrup,Unknown,RebarGroup,,13,10,93.1,653.5,147,1215.8,147,616.5,147,321.5,,,,,,4240,,3.3,6d8cd494-6e75-437a-9af6-bc3b05a07cde
W10-51,RS10M 0208,10M,400W,straight,STR,SingleRebar,,1,10,9266,9270,,,,,,,,,,,,9270,,7.3,c438193f-a147-4a75-a9a0-1c8d8b0e9831
W10-51,RS10M 0238,10M,400W,straight,STR,SingleRebar,,1,10,173,180,,,,,,,,,,,,170,,0.1,7dc16723-8362-4b24-be95-64e9b308078f
W10-51,RS10M 0238,10M,400W,straight,STR,SingleRebar,,1,10,173,180,,,,,,,,,,,,170,,0.1,d1ce79a9-737e-44af-abe5-67cb00f3165d
W10-51,RB10M 0051,10M,400W,bent,TS5_1,RebarGroup,,2,10,255,255,255,,,,,,,,,,,750,,0.6,0e30f663-41a9-4a37-841d-bb91ac5bc364
W10-51,RB10M 0051,10M,400W,bent,TS5_1,RebarGroup,,2,10,255,255,255,,,,,,,,,,,750,,0.6,6200de3e-6f2b-46d9-a962-fe1db0162c39
W10-51,RS15M 0173,15M,400W,straight,STR,SingleRebar,,1,15,3199,3200,,,,,,,,,,,,3200,,5,d028e70a-bf65-444c-815e-daadb8170ac5
W10-51,RS15M 0173,15M,400W,straight,STR,SingleRebar,,1,15,3199,3200,,,,,,,,,,,,3200,,5,d35f7edd-c8d5-4d39-9663-19d612f8c959
W10-51,RB15M 0068,15M,400W,bent,Unknown,RebarGroup,,2,15,509.9,149,509.9,,,,,,,,,,,1140,,1.8,05381dd5-5509-47de-86f4-cf41ea0558ca
W10-51,RS10M 0239,10M,400W,straight,STR,SingleRebar,,1,10,8790.3,8790,,,,,,,,,,,,8790,,6.9,1807110e-efdc-4383-a26f-6f28da91eeae
W10-51,RS10M 0239,10M,400W,straight,STR,SingleRebar,,1,10,8790.3,8790,,,,,,,,,,,,8790,,6.9,898cbfda-99c2-4021-846a-5f866dda0bca
W10-51,RS10M 0195,10M,400W,straight,STR,RebarGroup,,6,10,2873.4,2870,,,,,,,,,,,,2870,,2.3,6b470965-326c-4674-ae78-70e320b135c3
W10-51,RS10M 0180,10M,400W,straight,STR,RebarGroup,,6,10,2616.4,2615,,,,,,,,,,,,2620,,2.1,fe5a9937-15bf-46b8-af7e-1258aac0fa4f
W10-51,RS15M 0185,15M,400W,straight,STR,SingleRebar,,1,15,2367,2360,,,,,,,,,,,,2370,,3.7,36dcfd5a-1672-432d-b9cd-a98c88d592a4
W10-51,RS15M 0185,15M,400W,straight,STR,SingleRebar,,1,15,2367,2360,,,,,,,,,,,,2370,,3.7,c1894db3-fef8-491b-9651-c3e3f795f0f1
W10-51,RS15M 0190,15M,400W,straight,STR,SingleRebar,,1,15,230,230,,,,,,,,,,,,230,,0.4,7c299ca1-68c4-4a22-b74d-d03cb5fcbffa
W10-51,RS15M 0059,15M,400W,straight,STR,RebarGroup,,14,15,2617.9,2615,,,,,,,,,,,,2620,,4.1,a557d569-2ff8-42bb-aa95-5407873b8dc2
W10-51,RS15M 0058,15M,400W,straight,STR,RebarGroup,,14,15,2875,2870,,,,,,,,,,,,2880,,4.5,84cb557e-48a8-46ca-8290-f174a847b742
W10-51,RS10M 0208,10M,400W,straight,STR,RebarGroup,,2,10,9266,9270,,,,,,,,,,,,9270,,7.3,85393c45-5c68-4e8f-b003-b7f7ec482b3a
W10-51,RS15M 0029,15M,400W,straight,STR,RebarGroup,,2,15,7887.2,7900,,,,,,,,,,,,7890,,12.4,31c27a4c-ffda-48a2-ab33-a1c786ae1c90
W10-51,RS15M 0029,15M,400W,straight,STR,RebarGroup,,2,15,7887.2,7900,,,,,,,,,,,,7890,,12.4,6abfb840-9b4b-464f-aa6c-c0b60d40ff86
W10-51,RS10M 0251,10M,400W,straight,STR,RebarGroup,,6,10,2015.1,2005,,,,,,,,,,,,2020,,1.6,c7709d38-6852-41df-9897-474637b29d89
W10-51,RS10M 0251,10M,400W,straight,STR,RebarGroup,,6,10,2015.1,2005,,,,,,,,,,,,2020,,1.6,ac44c088-9b2f-4fe2-9ed7-33bc537cb722
W10-51,RS15M 0268,15M,400W,straight,STR,SingleRebar,,1,15,8790,8790,,,,,,,,,,,,8790,,13.8,7e1221a1-7e8d-41f8-af4e-c058ed5b8c08
W10-51,RS15M 0095,15M,400W,straight,STR,SingleRebar,,1,15,9266,9270,,,,,,,,,,,,9270,,14.6,517757f5-4833-4e4e-ab75-779794f9f572
W10-51,RS15M 0268,15M,400W,straight,STR,SingleRebar,,1,15,8790,8790,,,,,,,,,,,,8790,,13.8,27eaffcc-d4ef-4bba-a69c-9b3737e1b4ff
W10-51,RS15M 0095,15M,400W,straight,STR,SingleRebar,,1,15,9266,9270,,,,,,,,,,,,9270,,14.6,acbff9bd-a81f-457f-9e4a-4b35c22f872f
W10-51,RS15M 0269,15M,400W,straight,STR,SingleRebar,,1,15,173.1,180,,,,,,,,,,,,170,,0.3,b9fa897d-3bcf-4585-8f6e-de6006eace96
W10-51,RS15M 0269,15M,400W,straight,STR,SingleRebar,,1,15,173,180,,,,,,,,,,,,170,,0.3,59dd65ff-920b-4db6-bcdd-3bc5bb90779f
W10-51,RB10M 0135,10M,400W,stirrup,Unknown,RebarGroup,,22,10,80,37.5,181,503.8,181,754.6,,,,,,,,1690,,1.3,1df417bf-6a19-477a-bf9c-e3c280456ddc
W10-51,RB10M 0049,10M,400W,stirrup,T1,RebarGroup,,12,10,85,190,195,190,195,175.8,85,80,,,,,,890,,0.7,42ed73c8-39a3-447d-af2c-39ebecfaddc7
W10-59,RB10M 0025,10M,400W,stirrup,14,RebarGroup,,2,10,200,140,210,140,200,,,,100,,,,405,860,,0.7,e6f79489-6552-4346-ab2b-a5cf9e22c0fa
W10-59,RB10M 0025,10M,400W,stirrup,14,RebarGroup,,2,10,200,140,210,140,200,,,,100,,,,405,860,,0.7,7ef3177a-a496-461a-8718-f7a1e49cdda3
W10-59,RB25M 0141,25M,400W,bent,17,SingleRebar,,1,25,198,210,2090,210,,,,,,,,,,2380,,9.3,6c5e81bc-7438-480f-86c3-1a1467121c34
W10-59,RB10M 0040,10M,400W,stirrup,T1,RebarGroup,,10,10,75,160,1675,160,1675,1662.8,75,74.1,,,,,,3790,,3,049a7f3a-78aa-4307-8a24-708df28b6d0d
W10-59,RB10M 0046,10M,400W,bent,17,RebarGroup,,9,10,323.5,330,160,330,,,,,,,,,,760,,0.6,658cc9ed-0567-4c37-aa80-85cb7183c9c7
W10-59,RB10M 0046,10M,400W,bent,17,RebarGroup,,10,10,323.5,330,160,330,,,,,,,,,,760,,0.6,1951ba36-197f-43b8-a6cd-52820b05af6a
W10-59,RS10M 0030,10M,400W,straight,STR,RebarGroup,,2,10,600,610,,,,,,,,,,,,600,,0.5,8720d6e5-2adf-463e-ae10-fc476219c4cd
W10-59,RS10M 0030,10M,400W,straight,STR,RebarGroup,,2,10,600,610,,,,,,,,,,,,600,,0.5,dc13be73-9a9f-4704-a7f6-165812a006a5
W10-59,RS10M 0030,10M,400W,straight,STR,RebarGroup,,2,10,600,610,,,,,,,,,,,,600,,0.5,f8e73bbb-6a0f-461a-8096-e5eb648430ac
W10-59,RS10M 0030,10M,400W,straight,STR,RebarGroup,,2,10,600,610,,,,,,,,,,,,600,,0.5,c759b0f3-6104-406a-af4c-93293636285c
W10-59,RS10M 0030,10M,400W,straight,STR,RebarGroup,,2,10,600,610,,,,,,,,,,,,600,,0.5,ee81ede9-9e60-4175-af9a-a13b46722c3a
W10-59,RS10M 0030,10M,400W,straight,STR,RebarGroup,,2,10,600,610,,,,,,,,,,,,600,,0.5,db93329c-805b-438a-be2c-bce9e57e3da3
W10-59,RB10M 0051,10M,400W,bent,TS5_1,RebarGroup,,2,10,255,255,255,,,,,,,,,,,750,,0.6,5fd85b0a-8cbf-4f9f-8fd6-bab4442cb4af
W10-59,RB10M 0051,10M,400W,bent,TS5_1,RebarGroup,,2,10,255,255,255,,,,,,,,,,,750,,0.6,12f0e1df-5378-42be-b683-240e4222ff39
W10-59,RS15M 0096,15M,400W,straight,STR,RebarGroup,,2,15,4749.4,4750,,,,,,,,,,,,4750,,7.5,adc5ed17-c304-40ed-9bf7-15d2bbadbd1c
W10-59,RS15M 0097,15M,400W,straight,STR,RebarGroup,,2,15,2562.7,2565,,,,,,,,,,,,2560,,4,1bfceba7-e7ea-4dba-ae8c-acc67bb236ea
W10-59,RB10M 0052,10M,400W,stirrup,TS67_2,RebarGroup,,13,10,100,160,280,160,280,160,100,,,,,,,1090,,0.9,d10963e5-7a5d-4692-9f75-05a5bafbdbf6
W10-59,RS15M 0096,15M,400W,straight,STR,RebarGroup,,2,15,4749.4,4750,,,,,,,,,,,,4750,,7.5,6fed9553-f8f2-47d4-9247-5de86988cac5
W10-59,RS15M 0097,15M,400W,straight,STR,RebarGroup,,2,15,2562.7,2565,,,,,,,,,,,,2560,,4,c9b668c4-07de-49c1-afc2-61074b12c6f8
W10-59,RB10M 0050,10M,400W,stirrup,Unknown,RebarGroup,,13,10,93.1,653.5,147,1215.8,147,616.5,147,321.5,,,,,,4240,,3.3,254dd38e-631b-4930-a6f2-447b5c31fefb
W10-59,RS10M 0208,10M,400W,straight,STR,SingleRebar,,1,10,9266,9270,,,,,,,,,,,,9270,,7.3,91df8c58-007a-43b9-bdfa-f252a65b11c6
W10-59,RS10M 0238,10M,400W,straight,STR,SingleRebar,,1,10,173,180,,,,,,,,,,,,170,,0.1,415421f2-263c-4ae8-9f66-08e7bbf2cb36
W10-59,RS10M 0238,10M,400W,straight,STR,SingleRebar,,1,10,173,180,,,,,,,,,,,,170,,0.1,d8aa2974-1006-4d0b-be8c-59ffe2aaa6eb
W10-59,RB10M 0051,10M,400W,bent,TS5_1,RebarGroup,,2,10,255,255,255,,,,,,,,,,,750,,0.6,095b3e1d-9ad1-4caf-bbe2-40d7841079ea
W10-59,RB10M 0051,10M,400W,bent,TS5_1,RebarGroup,,2,10,255,255,255,,,,,,,,,,,750,,0.6,8f1bbd11-e004-4910-a47e-bfd6a22527d6
W10-59,RS15M 0173,15M,400W,straight,STR,SingleRebar,,1,15,3199,3200,,,,,,,,,,,,3200,,5,324449dc-b946-464f-8239-34a77ad47714
W10-59,RS15M 0173,15M,400W,straight,STR,SingleRebar,,1,15,3199,3200,,,,,,,,,,,,3200,,5,ea5fb2bc-37ca-4231-a6f9-4b52416f9786
W10-59,RB15M 0068,15M,400W,bent,Unknown,RebarGroup,,2,15,509.9,149,509.9,,,,,,,,,,,1140,,1.8,d062fd13-50de-48ec-9c43-c7cf21b9895f
W10-59,RS10M 0239,10M,400W,straight,STR,SingleRebar,,1,10,8790.3,8790,,,,,,,,,,,,8790,,6.9,cb23a4d7-5022-43fa-a46d-dd38987139ac
W10-59,RS10M 0239,10M,400W,straight,STR,SingleRebar,,1,10,8790.3,8790,,,,,,,,,,,,8790,,6.9,c07ac623-98b5-42da-8198-0da9abf51795
W10-59,RS10M 0195,10M,400W,straight,STR,RebarGroup,,6,10,2873.4,2870,,,,,,,,,,,,2870,,2.3,6d53c831-9ca2-4f55-bea7-349c8cc1bdff
W10-59,RS10M 0180,10M,400W,straight,STR,RebarGroup,,6,10,2616.4,2615,,,,,,,,,,,,2620,,2.1,b1db9f86-4228-46e4-a5c5-06374b0ec2d8
W10-59,RS15M 0185,15M,400W,straight,STR,SingleRebar,,1,15,2367,2360,,,,,,,,,,,,2370,,3.7,c0f43fae-106c-44f1-9923-6c29743bdb16
W10-59,RS15M 0185,15M,400W,straight,STR,SingleRebar,,1,15,2367,2360,,,,,,,,,,,,2370,,3.7,a2f818f4-204a-42ef-9131-43e276d4c224
W10-59,RS15M 0190,15M,400W,straight,STR,SingleRebar,,1,15,230,230,,,,,,,,,,,,230,,0.4,a97fc2eb-a526-4bc5-9f09-f4ae4a3a9723
W10-59,RS15M 0059,15M,400W,straight,STR,RebarGroup,,14,15,2617.9,2615,,,,,,,,,,,,2620,,4.1,7b41e899-6881-4459-afe1-383382ba3a68
W10-59,RS15M 0058,15M,400W,straight,STR,RebarGroup,,14,15,2875,2870,,,,,,,,,,,,2880,,4.5,3bea02ac-d03c-461c-b9d3-91c95e06d94d
W10-59,RS10M 0208,10M,400W,straight,STR,RebarGroup,,2,10,9266,9270,,,,,,,,,,,,9270,,7.3,2ea9fc90-d2d0-4c06-afeb-7a2bc9862709
W10-59,RS15M 0029,15M,400W,straight,STR,RebarGroup,,2,15,7887.2,7900,,,,,,,,,,,,7890,,12.4,97c168f4-62f0-4b1d-947e-ff1610f47c6b
W10-59,RS15M 0029,15M,400W,straight,STR,RebarGroup,,2,15,7887.2,7900,,,,,,,,,,,,7890,,12.4,52f6a0a7-3143-4dd4-999b-c483e26aa56c
W10-59,RS10M 0251,10M,400W,straight,STR,RebarGroup,,6,10,2015.1,2005,,,,,,,,,,,,2020,,1.6,e9e3bcf7-b2a0-45c0-85b3-8239963d6bc7
W10-59,RS10M 0251,10M,400W,straight,STR,RebarGroup,,6,10,2015.1,2005,,,,,,,,,,,,2020,,1.6,d3ff110f-9f1c-4d3a-8127-0f71e17778e0
W10-59,RS15M 0268,15M,400W,straight,STR,SingleRebar,,1,15,8790,8790,,,,,,,,,,,,8790,,13.8,9e811f5f-0e0b-4d62-b5cd-3ad889dd1591
W10-59,RS15M 0095,15M,400W,straight,STR,SingleRebar,,1,15,9266,9270,,,,,,,,,,,,9270,,14.6,fa2bb209-791c-4d53-a96b-0f6f648a33c4
W10-59,RS15M 0268,15M,400W,straight,STR,SingleRebar,,1,15,8790,8790,,,,,,,,,,,,8790,,13.8,fe3b4f76-cbd3-41f6-b8f0-0fd4d2ca0211
W10-59,RS15M 0095,15M,400W,straight,STR,SingleRebar,,1,15,9266,9270,,,,,,,,,,,,9270,,14.6,35930f4c-2d55-4b25-bf97-d9342449d06f
W10-59,RS15M 0269,15M,400W,straight,STR,SingleRebar,,1,15,173.1,180,,,,,,,,,,,,170,,0.3,ed0311b7-7597-41e6-a818-f9b8603796df
W10-59,RS15M 0269,15M,400W,straight,STR,SingleRebar,,1,15,173,180,,,,,,,,,,,,170,,0.3,950b7aa0-2cde-4c77-bac0-282890d63edd
W10-59,RB10M 0135,10M,400W,stirrup,Unknown,RebarGroup,,22,10,80,37.5,181,503.8,181,754.6,,,,,,,,1690,,1.3,a6cd902a-e750-413f-92ea-663a81592ad5
W10-59,RB10M 0049,10M,400W,stirrup,T1,RebarGroup,,12,10,85,190,195,190,195,175.8,85,80,,,,,,890,,0.7,b0f7d331-0759-4a6b-85b4-1720adc120f2
W10-30,RB10M 0025,10M,400W,stirrup,14,RebarGroup,,2,10,200,140,210,140,200,,,,100,,,,405,860,,0.7,3847a462-d3ab-47ed-bdc0-96e3d70a0023
W10-30,RB10M 0025,10M,400W,stirrup,14,RebarGroup,,2,10,200,140,210,140,200,,,,100,,,,405,860,,0.7,bf9e8471-60b6-4f00-92cd-263ddc720a70
W10-30,RB25M 0141,25M,400W,bent,17,SingleRebar,,1,25,198,210,2090,210,,,,,,,,,,2380,,9.3,a847690a-4bb2-427c-aee0-9e2ddd202f2f
W10-30,RB10M 0040,10M,400W,stirrup,T1,RebarGroup,,10,10,75,160,1675,160,1675,1662.8,75,74.1,,,,,,3790,,3,05032ac7-17a9-421a-bcdc-f9a66ecca1de
W10-30,RB10M 0046,10M,400W,bent,17,RebarGroup,,9,10,323.5,330,160,330,,,,,,,,,,760,,0.6,e411c125-70f0-44b9-a151-27fc2f2a9dd5
W10-30,RB10M 0046,10M,400W,bent,17,RebarGroup,,10,10,323.5,330,160,330,,,,,,,,,,760,,0.6,84a48bb8-e16a-4b04-85ed-42d52764a124
W10-30,RS10M 0030,10M,400W,straight,STR,RebarGroup,,2,10,600,610,,,,,,,,,,,,600,,0.5,79cf0133-58bf-4216-8532-5f30db9ba1ef
W10-30,RS10M 0030,10M,400W,straight,STR,RebarGroup,,2,10,600,610,,,,,,,,,,,,600,,0.5,8ee0bd34-d810-48e5-a116-e1df5e55d8ee
W10-30,RS10M 0030,10M,400W,straight,STR,RebarGroup,,2,10,600,610,,,,,,,,,,,,600,,0.5,1f89503f-7d3d-4a46-b7dc-64b47c8c06d9
W10-30,RS10M 0030,10M,400W,straight,STR,RebarGroup,,2,10,600,610,,,,,,,,,,,,600,,0.5,274beae2-a392-4464-a7d7-716d15f7e760
W10-30,RS10M 0030,10M,400W,straight,STR,RebarGroup,,2,10,600,610,,,,,,,,,,,,600,,0.5,1695e60f-7212-41c2-a10b-b68dfb21ce18
W10-30,RS10M 0030,10M,400W,straight,STR,RebarGroup,,2,10,600,610,,,,,,,,,,,,600,,0.5,605b4286-2f6f-4c34-b5e6-27d06ae57820
W10-30,RB10M 0051,10M,400W,bent,TS5_1,RebarGroup,,2,10,255,255,255,,,,,,,,,,,750,,0.6,32e14436-c17d-44fa-9c4e-af823c4cb790
W10-30,RB10M 0051,10M,400W,bent,TS5_1,RebarGroup,,2,10,255,255,255,,,,,,,,,,,750,,0.6,5adda280-03f6-4263-bb14-705f26629f0b
W10-30,RS15M 0096,15M,400W,straight,STR,RebarGroup,,2,15,4749.4,4750,,,,,,,,,,,,4750,,7.5,c20be8a8-f29f-44f3-b1de-dd2b156f3242
W10-30,RS15M 0097,15M,400W,straight,STR,RebarGroup,,2,15,2562.7,2565,,,,,,,,,,,,2560,,4,56b9a55d-622b-4a6e-abbe-345740d89068
W10-30,RB10M 0052,10M,400W,stirrup,TS67_2,RebarGroup,,13,10,100,160,280,160,280,160,100,,,,,,,1090,,0.9,a94e817a-03fd-444f-9da9-05627ad2a9f1
W10-30,RS15M 0096,15M,400W,straight,STR,RebarGroup,,2,15,4749.4,4750,,,,,,,,,,,,4750,,7.5,7310d913-30a6-49e5-8d3b-c5c90db22921
W10-30,RS15M 0097,15M,400W,straight,STR,RebarGroup,,2,15,2562.7,2565,,,,,,,,,,,,2560,,4,2ee40547-1983-4615-8156-499020ac5b8c
W10-30,RB10M 0050,10M,400W,stirrup,Unknown,RebarGroup,,13,10,93.1,653.5,147,1215.8,147,616.5,147,321.5,,,,,,4240,,3.3,b25dfaf5-97e5-4b31-b425-7cec8f96aa61
W10-30,RS10M 0208,10M,400W,straight,STR,SingleRebar,,1,10,9266,9270,,,,,,,,,,,,9270,,7.3,539368de-5204-41df-867c-1c8fae791947
W10-30,RS10M 0238,10M,400W,straight,STR,SingleRebar,,1,10,173,180,,,,,,,,,,,,170,,0.1,a461aba7-c14f-4e4e-a102-6db339f4e1d7
W10-30,RS10M 0238,10M,400W,straight,STR,SingleRebar,,1,10,173,180,,,,,,,,,,,,170,,0.1,1b5a6cde-97be-407e-9020-219643901679
W10-30,RB10M 0051,10M,400W,bent,TS5_1,RebarGroup,,2,10,255,255,255,,,,,,,,,,,750,,0.6,76b4a5e8-4087-43a7-a583-3b867278b83c
W10-30,RB10M 0051,10M,400W,bent,TS5_1,RebarGroup,,2,10,255,255,255,,,,,,,,,,,750,,0.6,f3dbff9c-af72-43de-94ed-b1bd40ab4bab
W10-30,RS15M 0173,15M,400W,straight,STR,SingleRebar,,1,15,3199,3200,,,,,,,,,,,,3200,,5,e59a3616-69bc-4560-b059-283358dbe5f3
W10-30,RS15M 0173,15M,400W,straight,STR,SingleRebar,,1,15,3199,3200,,,,,,,,,,,,3200,,5,9c46f350-a9ed-43c4-bfac-bc7b8bebf631
W10-30,RB15M 0068,15M,400W,bent,Unknown,RebarGroup,,2,15,509.9,149,509.9,,,,,,,,,,,1140,,1.8,29e530f0-4db1-4b9e-913b-c30106668295
W10-30,RS10M 0239,10M,400W,straight,STR,SingleRebar,,1,10,8790.3,8790,,,,,,,,,,,,8790,,6.9,824c619a-68e3-4c20-986d-8e5bf2e25f39
W10-30,RS10M 0239,10M,400W,straight,STR,SingleRebar,,1,10,8790.3,8790,,,,,,,,,,,,8790,,6.9,0436493a-e4bb-469d-a3db-d8b1fe79fc8f
W10-30,RS10M 0195,10M,400W,straight,STR,RebarGroup,,6,10,2873.4,2870,,,,,,,,,,,,2870,,2.3,24e84deb-3217-4225-8c8c-12e898f2a6f2
W10-30,RS10M 0180,10M,400W,straight,STR,RebarGroup,,6,10,2616.4,2615,,,,,,,,,,,,2620,,2.1,04d04adf-bc10-48fb-a4e0-fe3cd2d7ecfc
W10-30,RS15M 0185,15M,400W,straight,STR,SingleRebar,,1,15,2367,2360,,,,,,,,,,,,2370,,3.7,97b42473-1a91-4918-ae3e-8f476fa50cba
W10-30,RS15M 0185,15M,400W,straight,STR,SingleRebar,,1,15,2367,2360,,,,,,,,,,,,2370,,3.7,356d09a4-51c8-44cc-ab57-08e46d5d9be2
W10-30,RS15M 0190,15M,400W,straight,STR,SingleRebar,,1,15,230,230,,,,,,,,,,,,230,,0.4,f29d696a-157c-43c4-8a41-86514bb52e52
W10-30,RS15M 0059,15M,400W,straight,STR,RebarGroup,,14,15,2617.9,2615,,,,,,,,,,,,2620,,4.1,d85974c0-cb99-4f89-84a0-b555bf6030ef
W10-30,RS15M 0058,15M,400W,straight,STR,RebarGroup,,14,15,2875,2870,,,,,,,,,,,,2880,,4.5,49a1f2a2-59f9-4073-880c-028ec7ee1d76
W10-30,RS10M 0208,10M,400W,straight,STR,RebarGroup,,2,10,9266,9270,,,,,,,,,,,,9270,,7.3,37937dcc-ae47-4c28-bc01-ff1c8c81fd34
W10-30,RS15M 0029,15M,400W,straight,STR,RebarGroup,,2,15,7887.2,7900,,,,,,,,,,,,7890,,12.4,c4141a3d-e92b-4675-adfb-fd34bd0f64fb
W10-30,RS15M 0029,15M,400W,straight,STR,RebarGroup,,2,15,7887.2,7900,,,,,,,,,,,,7890,,12.4,739e2377-a922-43a6-ae25-73ce2f424993
W10-30,RS10M 0251,10M,400W,straight,STR,RebarGroup,,6,10,2015.1,2005,,,,,,,,,,,,2020,,1.6,12a3efee-c133-4d50-a8fd-0fabdd9a68ba
W10-30,RS10M 0251,10M,400W,straight,STR,RebarGroup,,6,10,2015.1,2005,,,,,,,,,,,,2020,,1.6,7a9c7ccf-3192-437d-8189-ddd11e68c85b
W10-30,RS15M 0268,15M,400W,straight,STR,SingleRebar,,1,15,8790,8790,,,,,,,,,,,,8790,,13.8,301e8d7e-cc8c-4cf5-a2ad-d3731e9a59da
W10-30,RS15M 0095,15M,400W,straight,STR,SingleRebar,,1,15,9266,9270,,,,,,,,,,,,9270,,14.6,c9f932c9-e7bc-40ab-ac17-076393018741
W10-30,RS15M 0268,15M,400W,straight,STR,SingleRebar,,1,15,8790,8790,,,,,,,,,,,,8790,,13.8,74814583-4601-4182-bc42-d4d74cad18a6
W10-30,RS15M 0095,15M,400W,straight,STR,SingleRebar,,1,15,9266,9270,,,,,,,,,,,,9270,,14.6,c88771b6-575d-4ec0-83fa-f8024781f0c1
W10-30,RS15M 0269,15M,400W,straight,STR,SingleRebar,,1,15,173.1,180,,,,,,,,,,,,170,,0.3,790998ff-3e1a-46ac-82c7-5555f441471d
W10-30,RS15M 0269,15M,400W,straight,STR,SingleRebar,,1,15,173,180,,,,,,,,,,,,170,,0.3,4bc2aa4d-eae0-4a0b-ae77-745cd16bd3e4
W10-30,RB10M 0135,10M,400W,stirrup,Unknown,RebarGroup,,22,10,80,37.5,181,503.8,181,754.6,,,,,,,,1690,,1.3,d8a92046-711f-438e-a407-a2ea3ebdffb0
W10-30,RB10M 0049,10M,400W,stirrup,T1,RebarGroup,,12,10,85,190,195,190,195,175.8,85,80,,,,,,890,,0.7,413b6c57-333d-410f-b77f-1e9ce3f6d365
W10-77,RB10M 0125,10M,400W,stirrup,14,RebarGroup,,2,10,200,140,210,140,200,,,,100,,,,405,860,,0.7,9a2e78a8-20b8-48d1-9ff6-295b37668adf
W10-77,RB10M 0125,10M,400W,stirrup,14,RebarGroup,,2,10,200,140,210,140,200,,,,100,,,,405,860,,0.7,0dd59cfb-ddac-458e-883f-0fa17d8cf004
W10-77,RB25M 0141,25M,400W,bent,17,SingleRebar,,1,25,198,210,2090,210,,,,,,,,,,2380,,9.3,0709242e-3038-43fb-8ec6-510d734a01f6
W10-77,RB10M 0040,10M,400W,stirrup,T1,RebarGroup,,10,10,75,160,1675,160,1675,1662.8,75,74.1,,,,,,3790,,3,158b5de4-37a9-4f30-97be-90bd201545e8
W10-77,RB10M 0046,10M,400W,bent,17,RebarGroup,,9,10,323.5,330,160,330,,,,,,,,,,760,,0.6,da3eb478-8562-421d-bde4-54a9ff5afc41
W10-77,RB10M 0046,10M,400W,bent,17,RebarGroup,,10,10,323.5,330,160,330,,,,,,,,,,760,,0.6,adf39773-5887-4e86-b106-964c3099adde
W10-77,RS10M 0030,10M,400W,straight,STR,RebarGroup,,2,10,600,610,,,,,,,,,,,,600,,0.5,33440763-6b1f-4d32-9558-7b87ac053b46
W10-77,RS10M 0030,10M,400W,straight,STR,RebarGroup,,2,10,600,610,,,,,,,,,,,,600,,0.5,de54bfd7-79fd-475b-8984-a2b21ab1b557
W10-77,RS10M 0030,10M,400W,straight,STR,RebarGroup,,2,10,600,610,,,,,,,,,,,,600,,0.5,beff1b36-9c9a-46ed-bc9b-098b4a0bc9f7
W10-77,RS10M 0030,10M,400W,straight,STR,RebarGroup,,2,10,600,610,,,,,,,,,,,,600,,0.5,82bad4bd-b4c2-4785-953f-93ed697f690d
W10-77,RS10M 0030,10M,400W,straight,STR,RebarGroup,,2,10,600,610,,,,,,,,,,,,600,,0.5,7cf0b19e-b11f-4593-93d3-6ac2c8ce70d5
W10-77,RS10M 0030,10M,400W,straight,STR,RebarGroup,,2,10,600,610,,,,,,,,,,,,600,,0.5,e6490df9-b8e3-49e8-af85-8f536b90450c
W10-77,RB10M 0051,10M,400W,bent,TS5_1,RebarGroup,,2,10,255,255,255,,,,,,,,,,,750,,0.6,8856f5f1-726f-4a67-9fb0-74926e0d87e7
W10-77,RB10M 0051,10M,400W,bent,TS5_1,RebarGroup,,2,10,255,255,255,,,,,,,,,,,750,,0.6,27ae4443-7ed7-446c-b002-724fdf0213b4
W10-77,RS15M 0096,15M,400W,straight,STR,RebarGroup,,2,15,4749.4,4750,,,,,,,,,,,,4750,,7.5,cc89fbdb-0ae2-4be4-9254-7d92ef795d9d
W10-77,RS15M 0097,15M,400W,straight,STR,RebarGroup,,2,15,2562.7,2565,,,,,,,,,,,,2560,,4,bbab6aad-ef51-4423-998d-75ddac4f59d0
W10-77,RB10M 0052,10M,400W,stirrup,TS67_2,RebarGroup,,13,10,100,160,280,160,280,160,100,,,,,,,1090,,0.9,ebe010b7-c451-44ed-bfaf-8c9f60c68a66
W10-77,RS15M 0096,15M,400W,straight,STR,RebarGroup,,2,15,4749.4,4750,,,,,,,,,,,,4750,,7.5,c7b213cb-e262-483e-ae7b-a3f6bfefed70
W10-77,RS15M 0097,15M,400W,straight,STR,RebarGroup,,2,15,2562.7,2565,,,,,,,,,,,,2560,,4,090a1d3e-e2a8-4d13-8509-4817a3cf0afd
W10-77,RB10M 0050,10M,400W,stirrup,Unknown,RebarGroup,,13,10,93.1,653.5,147,1215.8,147,616.5,147,321.5,,,,,,4240,,3.3,e4db0e38-2bc2-470c-b09e-60da3ecf6607
W10-77,RS10M 0208,10M,400W,straight,STR,SingleRebar,,1,10,9266,9270,,,,,,,,,,,,9270,,7.3,832e8cf4-0691-4a56-8c53-c8ef1221e004
W10-77,RS10M 0238,10M,400W,straight,STR,SingleRebar,,1,10,173,180,,,,,,,,,,,,170,,0.1,80a13762-4741-4e1a-ac4e-6fa36cc562af
W10-77,RS10M 0238,10M,400W,straight,STR,SingleRebar,,1,10,173,180,,,,,,,,,,,,170,,0.1,071c141b-c78b-4166-8ec7-ae16b6bfefd7
W10-77,RB10M 0051,10M,400W,bent,TS5_1,RebarGroup,,2,10,255,255,255,,,,,,,,,,,750,,0.6,d12d6567-08b6-4419-b020-8650be018f6d
W10-77,RB10M 0051,10M,400W,bent,TS5_1,RebarGroup,,2,10,255,255,255,,,,,,,,,,,750,,0.6,c90530ae-c59b-474e-814e-9ab3d770f93a
W10-77,RS15M 0173,15M,400W,straight,STR,SingleRebar,,1,15,3199,3200,,,,,,,,,,,,3200,,5,03c73f4c-288f-4721-b474-45fc31c6500b
W10-77,RS15M 0173,15M,400W,straight,STR,SingleRebar,,1,15,3199,3200,,,,,,,,,,,,3200,,5,8d9ba24c-29d6-4c81-99d1-0031893b0b68
W10-77,RB15M 0068,15M,400W,bent,Unknown,RebarGroup,,2,15,509.9,149,509.9,,,,,,,,,,,1140,,1.8,bc4165c7-bbbb-4da6-a01a-cd66eecbe371
W10-77,RS10M 0239,10M,400W,straight,STR,SingleRebar,,1,10,8790.3,8790,,,,,,,,,,,,8790,,6.9,a4700b11-93e6-42bb-b2f0-03405d512036
W10-77,RS10M 0239,10M,400W,straight,STR,SingleRebar,,1,10,8790.3,8790,,,,,,,,,,,,8790,,6.9,dcb4d1b9-3c5e-4231-afde-90e61a66632a
W10-77,RS10M 0195,10M,400W,straight,STR,RebarGroup,,6,10,2873.4,2870,,,,,,,,,,,,2870,,2.3,e174440f-2cea-4049-9ffa-5d87ab2783dc
W10-77,RS10M 0180,10M,400W,straight,STR,RebarGroup,,6,10,2616.4,2615,,,,,,,,,,,,2620,,2.1,9f437ce0-4163-4437-a176-ce7b1c37c51c
W10-77,RS15M 0185,15M,400W,straight,STR,SingleRebar,,1,15,2367,2360,,,,,,,,,,,,2370,,3.7,8ece82a8-ee23-4fff-8dc3-3c92106dcb70
W10-77,RS15M 0185,15M,400W,straight,STR,SingleRebar,,1,15,2367,2360,,,,,,,,,,,,2370,,3.7,747d3dba-2fd4-4106-a9e7-704f6515a53b
W10-77,RS15M 0190,15M,400W,straight,STR,SingleRebar,,1,15,230,230,,,,,,,,,,,,230,,0.4,9768eaa5-ba74-4ac4-84f9-57b67067ca7b
W10-77,RS15M 0059,15M,400W,straight,STR,RebarGroup,,14,15,2617.9,2615,,,,,,,,,,,,2620,,4.1,140250f1-a0e2-403c-b26f-cf20d78d0f88
W10-77,RS15M 0058,15M,400W,straight,STR,RebarGroup,,14,15,2875,2870,,,,,,,,,,,,2880,,4.5,9f959994-bf5a-4051-ad2f-fc643ab33ab5
W10-77,RS10M 0208,10M,400W,straight,STR,RebarGroup,,2,10,9266,9270,,,,,,,,,,,,9270,,7.3,19a47d3f-2ddc-4542-ab50-afabd4f1b2b6
W10-77,RS15M 0029,15M,400W,straight,STR,RebarGroup,,2,15,7887.2,7900,,,,,,,,,,,,7890,,12.4,d2002d6a-98ac-4387-8b2b-5b5bf385d515
W10-77,RS15M 0029,15M,400W,straight,STR,RebarGroup,,2,15,7887.2,7900,,,,,,,,,,,,7890,,12.4,30387889-a4cd-4e65-a0af-1dcca1073190
W10-77,RS10M 0251,10M,400W,straight,STR,RebarGroup,,6,10,2015.1,2005,,,,,,,,,,,,2020,,1.6,a34adff3-070e-4b27-8582-aedb4d9dd685
W10-77,RS10M 0251,10M,400W,straight,STR,RebarGroup,,6,10,2015.1,2005,,,,,,,,,,,,2020,,1.6,9c964309-59a6-435b-a014-8ec148cbd508
W10-77,RS15M 0268,15M,400W,straight,STR,SingleRebar,,1,15,8790,8790,,,,,,,,,,,,8790,,13.8,b70367f7-ae00-4759-88fb-5c014c89a360
W10-77,RS15M 0095,15M,400W,straight,STR,SingleRebar,,1,15,9266,9270,,,,,,,,,,,,9270,,14.6,2a97913b-7818-4429-bc52-53df76e6b537
W10-77,RS15M 0268,15M,400W,straight,STR,SingleRebar,,1,15,8790,8790,,,,,,,,,,,,8790,,13.8,7d262a4d-ae25-4db4-8094-6cf55c61f0a0
W10-77,RS15M 0095,15M,400W,straight,STR,SingleRebar,,1,15,9266,9270,,,,,,,,,,,,9270,,14.6,ecd8aef7-d2ea-4d8f-9161-5ecbfaa3f353
W10-77,RS15M 0269,15M,400W,straight,STR,SingleRebar,,1,15,173.1,180,,,,,,,,,,,,170,,0.3,04b53a3b-8c0c-48b4-870d-af84abe2944b
W10-77,RS15M 0269,15M,400W,straight,STR,SingleRebar,,1,15,173,180,,,,,,,,,,,,170,,0.3,5e239ff5-f7e7-4c0b-9077-4ece8f8eee4c
W10-77,RB10M 0135,10M,400W,stirrup,Unknown,RebarGroup,,22,10,80,37.5,181,503.8,181,754.6,,,,,,,,1690,,1.3,d9df5a2b-ce7c-4888-ab1f-82a8154d8c3d
W10-77,RB10M 0049,10M,400W,stirrup,T1,RebarGroup,,12,10,85,190,195,190,195,175.8,85,80,,,,,,890,,0.7,42a79a3b-74b7-4fc1-b576-bbd25ec09168
W10-91,RB10M 0125,10M,400W,stirrup,14,RebarGroup,,2,10,200,140,210,140,200,,,,100,,,,405,860,,0.7,01949730-399a-4385-becf-c8f7cd5dcc4a
W10-91,RB10M 0125,10M,400W,stirrup,14,RebarGroup,,2,10,200,140,210,140,200,,,,100,,,,405,860,,0.7,2c3310cb-fd20-4edf-bfe7-9599b62b53a7
W10-91,RB25M 0141,25M,400W,bent,17,SingleRebar,,1,25,198,210,2090,210,,,,,,,,,,2380,,9.3,b05d5e5f-087f-4f6e-b449-cc64f4d73fcb
W10-91,RB10M 0040,10M,400W,stirrup,T1,RebarGroup,,10,10,75,160,1675,160,1675,1662.8,75,74.1,,,,,,3790,,3,a2979130-91fd-45d4-b94f-c58781176808
W10-91,RB10M 0046,10M,400W,bent,17,RebarGroup,,9,10,323.5,330,160,330,,,,,,,,,,760,,0.6,01baa1bb-f7ec-4427-8bcd-4278a9921f06
W10-91,RB10M 0046,10M,400W,bent,17,RebarGroup,,10,10,323.5,330,160,330,,,,,,,,,,760,,0.6,3812027a-42d1-417b-9809-ed553a3134d1
W10-91,RS10M 0030,10M,400W,straight,STR,RebarGroup,,2,10,600,610,,,,,,,,,,,,600,,0.5,531fffef-29ad-4f50-890a-2c8c8a7257d2
W10-91,RS10M 0030,10M,400W,straight,STR,RebarGroup,,2,10,600,610,,,,,,,,,,,,600,,0.5,e2728b75-895c-413e-b2c1-4de13b0ab612
W10-91,RS10M 0030,10M,400W,straight,STR,RebarGroup,,2,10,600,610,,,,,,,,,,,,600,,0.5,eecf9280-66fa-44f6-a34d-6dcd6475a8a6
W10-91,RS10M 0030,10M,400W,straight,STR,RebarGroup,,2,10,600,610,,,,,,,,,,,,600,,0.5,e88611e6-c785-4846-bf8c-c60cad3c6548
W10-91,RS10M 0030,10M,400W,straight,STR,RebarGroup,,2,10,600,610,,,,,,,,,,,,600,,0.5,b7e425b9-2119-4939-9dd5-3a2dbdf88359
W10-91,RS10M 0030,10M,400W,straight,STR,RebarGroup,,2,10,600,610,,,,,,,,,,,,600,,0.5,a44447aa-e4c4-4d3d-9ba8-c54d726cd856
W10-91,RB10M 0051,10M,400W,bent,TS5_1,RebarGroup,,2,10,255,255,255,,,,,,,,,,,750,,0.6,65f2164b-bd98-4835-aace-12e7eeed4a81
W10-91,RB10M 0051,10M,400W,bent,TS5_1,RebarGroup,,2,10,255,255,255,,,,,,,,,,,750,,0.6,8b2b93c1-640d-4eba-84ff-02fa84f27167
W10-91,RS15M 0096,15M,400W,straight,STR,RebarGroup,,2,15,4749.4,4750,,,,,,,,,,,,4750,,7.5,9d8d88c8-d2e3-4eb3-803d-889543a7b975
W10-91,RS15M 0097,15M,400W,straight,STR,RebarGroup,,2,15,2562.7,2565,,,,,,,,,,,,2560,,4,cdeb43ff-0680-46f0-b6a9-df07bdc782b5
W10-91,RB10M 0052,10M,400W,stirrup,TS67_2,RebarGroup,,13,10,100,160,280,160,280,160,100,,,,,,,1090,,0.9,8ac70284-1a93-4a07-8b07-a51885326732
W10-91,RS15M 0096,15M,400W,straight,STR,RebarGroup,,2,15,4749.4,4750,,,,,,,,,,,,4750,,7.5,56916d24-3428-44d1-bbd6-527388456587
W10-91,RS15M 0097,15M,400W,straight,STR,RebarGroup,,2,15,2562.7,2565,,,,,,,,,,,,2560,,4,d8397e0c-3642-41cd-8404-597040f687e4
W10-91,RB10M 0050,10M,400W,stirrup,Unknown,RebarGroup,,13,10,93.1,653.5,147,1215.8,147,616.5,147,321.5,,,,,,4240,,3.3,2d2949f0-19eb-404e-a3e9-e5d1c19690ae
W10-91,RS10M 0208,10M,400W,straight,STR,SingleRebar,,1,10,9266,9270,,,,,,,,,,,,9270,,7.3,767a6d22-963d-46b8-b34f-794282cc06e1
W10-91,RS10M 0238,10M,400W,straight,STR,SingleRebar,,1,10,173,180,,,,,,,,,,,,170,,0.1,becac251-5419-44d7-a430-ebc53fb78e31
W10-91,RS10M 0238,10M,400W,straight,STR,SingleRebar,,1,10,173,180,,,,,,,,,,,,170,,0.1,0d8ecca3-0c1e-4a86-9b4c-60a459cbfed3
W10-91,RB10M 0051,10M,400W,bent,TS5_1,RebarGroup,,2,10,255,255,255,,,,,,,,,,,750,,0.6,fe9c8304-f1d7-47f7-aac8-60c39e0b6e9b
W10-91,RB10M 0051,10M,400W,bent,TS5_1,RebarGroup,,2,10,255,255,255,,,,,,,,,,,750,,0.6,03d3d364-a844-4169-8410-1bbd9dd47683
W10-91,RS15M 0173,15M,400W,straight,STR,SingleRebar,,1,15,3199,3200,,,,,,,,,,,,3200,,5,b2b1734b-c3e5-49de-be45-eb6089f5002b
W10-91,RS15M 0173,15M,400W,straight,STR,SingleRebar,,1,15,3199,3200,,,,,,,,,,,,3200,,5,9409741f-147e-4e7e-b860-e6fde8c7f681
W10-91,RB15M 0068,15M,400W,bent,Unknown,RebarGroup,,2,15,509.9,149,509.9,,,,,,,,,,,1140,,1.8,a6c20918-7acd-4d70-bcd9-5099008ffc83
W10-91,RS10M 0239,10M,400W,straight,STR,SingleRebar,,1,10,8790.3,8790,,,,,,,,,,,,8790,,6.9,8456a162-636a-46aa-af8d-594ba43573cc
W10-91,RS10M 0239,10M,400W,straight,STR,SingleRebar,,1,10,8790.3,8790,,,,,,,,,,,,8790,,6.9,cdb62351-675d-4ff4-a7d7-7369aac29486
W10-91,RS10M 0195,10M,400W,straight,STR,RebarGroup,,6,10,2873.4,2870,,,,,,,,,,,,2870,,2.3,378eaaa9-475b-46c6-a91a-0be74812cd51
W10-91,RS10M 0180,10M,400W,straight,STR,RebarGroup,,6,10,2616.4,2615,,,,,,,,,,,,2620,,2.1,20492757-63d5-4319-8b34-d2a1ed8025ec
W10-91,RS15M 0185,15M,400W,straight,STR,SingleRebar,,1,15,2367,2360,,,,,,,,,,,,2370,,3.7,77ecb08c-ec4e-4fc0-872c-06e0d290dc5e
W10-91,RS15M 0185,15M,400W,straight,STR,SingleRebar,,1,15,2367,2360,,,,,,,,,,,,2370,,3.7,5c12cc8d-fc97-4c35-8baf-0bbbaa2e6024
W10-91,RS15M 0190,15M,400W,straight,STR,SingleRebar,,1,15,230,230,,,,,,,,,,,,230,,0.4,bf8fe478-8006-4d12-871a-8ad99f94774d
W10-91,RS15M 0059,15M,400W,straight,STR,RebarGroup,,14,15,2617.9,2615,,,,,,,,,,,,2620,,4.1,882f49bb-2492-4db1-9fef-a627f88d83ad
W10-91,RS15M 0058,15M,400W,straight,STR,RebarGroup,,14,15,2875,2870,,,,,,,,,,,,2880,,4.5,8a7bb81d-60f9-4552-be9f-e4a536c1fae7
W10-91,RS10M 0208,10M,400W,straight,STR,RebarGroup,,2,10,9266,9270,,,,,,,,,,,,9270,,7.3,7191e72d-561d-40ec-bc05-d16e53195438
W10-91,RS15M 0029,15M,400W,straight,STR,RebarGroup,,2,15,7887.2,7900,,,,,,,,,,,,7890,,12.4,0fc4212d-2357-4410-9592-74cb019527cf
W10-91,RS15M 0029,15M,400W,straight,STR,RebarGroup,,2,15,7887.2,7900,,,,,,,,,,,,7890,,12.4,bd47f8e5-1f2c-4799-983f-337cd159d7c7
W10-91,RS10M 0251,10M,400W,straight,STR,RebarGroup,,6,10,2015.1,2005,,,,,,,,,,,,2020,,1.6,614eb3ac-3d9b-4307-857b-1ac579183398
W10-91,RS10M 0251,10M,400W,straight,STR,RebarGroup,,6,10,2015.1,2005,,,,,,,,,,,,2020,,1.6,d3a53d5e-2888-4443-bf7d-52d02bba928f
W10-91,RS15M 0268,15M,400W,straight,STR,SingleRebar,,1,15,8790,8790,,,,,,,,,,,,8790,,13.8,e095e06d-3d3d-4632-91d1-4aa0879967b6
W10-91,RS15M 0095,15M,400W,straight,STR,SingleRebar,,1,15,9266,9270,,,,,,,,,,,,9270,,14.6,79d386d2-268e-4753-a5ef-414163a8d108
W10-91,RS15M 0268,15M,400W,straight,STR,SingleRebar,,1,15,8790,8790,,,,,,,,,,,,8790,,13.8,fe10a7e9-d5b9-410a-8eea-d7e64e1e1aa9
W10-91,RS15M 0095,15M,400W,straight,STR,SingleRebar,,1,15,9266,9270,,,,,,,,,,,,9270,,14.6,a2c36d62-c7ea-4d1e-87dc-cdbbd5169257
W10-91,RS15M 0269,15M,400W,straight,STR,SingleRebar,,1,15,173.1,180,,,,,,,,,,,,170,,0.3,7494442a-f361-4a76-9a0d-8ad8393d32d7
W10-91,RS15M 0269,15M,400W,straight,STR,SingleRebar,,1,15,173,180,,,,,,,,,,,,170,,0.3,eb9b0d8a-072f-49f4-86e2-1a5ad24df082
W10-91,RB10M 0135,10M,400W,stirrup,Unknown,RebarGroup,,22,10,80,37.5,181,503.8,181,754.6,,,,,,,,1690,,1.3,1fa56c6a-e0fd-418c-a514-a56fc5f430ba
W10-91,RB10M 0049,10M,400W,stirrup,T1,RebarGroup,,12,10,85,190,195,190,195,175.8,85,80,,,,,,890,,0.7,4c77b037-83b0-4a65-b2bc-14beb038612f
W10-103,RB10M 0125,10M,400W,stirrup,14,RebarGroup,,2,10,200,140,210,140,200,,,,100,,,,405,860,,0.7,5d4a9a1d-8e22-49a5-860c-9e62f3df3165
W10-103,RB10M 0125,10M,400W,stirrup,14,RebarGroup,,2,10,200,140,210,140,200,,,,100,,,,405,860,,0.7,3593b460-f5ed-4452-aa0e-6357eab7d800
W10-103,RB25M 0141,25M,400W,bent,17,SingleRebar,,1,25,198,210,2090,210,,,,,,,,,,2380,,9.3,9838456f-00ad-488f-88c8-4ced73870571
W10-103,RB10M 0040,10M,400W,stirrup,T1,RebarGroup,,10,10,75,160,1675,160,1675,1662.8,75,74.1,,,,,,3790,,3,29c48b4c-8684-4830-9347-a52481b8bdec
W10-103,RB10M 0046,10M,400W,bent,17,RebarGroup,,9,10,323.5,330,160,330,,,,,,,,,,760,,0.6,8c2b89a1-ea0d-45a6-a151-1dd0e1781b87
W10-103,RB10M 0046,10M,400W,bent,17,RebarGroup,,10,10,323.5,330,160,330,,,,,,,,,,760,,0.6,c64d0b03-6429-4988-8a45-4d88595bb340
W10-103,RS10M 0030,10M,400W,straight,STR,RebarGroup,,2,10,600,610,,,,,,,,,,,,600,,0.5,478b23e5-6689-41a7-b4b8-15f5452e2c5d
W10-103,RS10M 0030,10M,400W,straight,STR,RebarGroup,,2,10,600,610,,,,,,,,,,,,600,,0.5,64da39e4-cd0a-41f0-ba5f-72353dad00ea
W10-103,RS10M 0030,10M,400W,straight,STR,RebarGroup,,2,10,600,610,,,,,,,,,,,,600,,0.5,e267cef5-1635-43c5-9076-fefa7cc085bc
W10-103,RS10M 0030,10M,400W,straight,STR,RebarGroup,,2,10,600,610,,,,,,,,,,,,600,,0.5,35d04cef-b74d-420b-bb33-0ef6f69d6a39
W10-103,RS10M 0030,10M,400W,straight,STR,RebarGroup,,2,10,600,610,,,,,,,,,,,,600,,0.5,07e8794f-0c62-4850-b2b5-3fb80585ff0a
W10-103,RS10M 0030,10M,400W,straight,STR,RebarGroup,,2,10,600,610,,,,,,,,,,,,600,,0.5,dced2744-c3b4-4ef2-91f3-7defb41194f9
W10-103,RB10M 0051,10M,400W,bent,TS5_1,RebarGroup,,2,10,255,255,255,,,,,,,,,,,750,,0.6,6afd1200-7ad6-4139-b74a-a728faeac732
W10-103,RB10M 0051,10M,400W,bent,TS5_1,RebarGroup,,2,10,255,255,255,,,,,,,,,,,750,,0.6,a72bd02d-f66b-4fd9-8870-82d81e0d4db9
W10-103,RS15M 0096,15M,400W,straight,STR,RebarGroup,,2,15,4749.4,4750,,,,,,,,,,,,4750,,7.5,0f6c483b-49c2-40d8-bb24-f6c3cf5b978e
W10-103,RS15M 0097,15M,400W,straight,STR,RebarGroup,,2,15,2562.7,2565,,,,,,,,,,,,2560,,4,3eebcfa5-7342-40c8-9c64-8c11af69eaa0
W10-103,RB10M 0052,10M,400W,stirrup,TS67_2,RebarGroup,,13,10,100,160,280,160,280,160,100,,,,,,,1090,,0.9,47e32c7e-8f4e-4a0a-b64c-7d0c217cc7ba
W10-103,RS15M 0096,15M,400W,straight,STR,RebarGroup,,2,15,4749.4,4750,,,,,,,,,,,,4750,,7.5,05afc44f-fc54-4022-9ee7-fa809bbfd2a7
W10-103,RS15M 0097,15M,400W,straight,STR,RebarGroup,,2,15,2562.7,2565,,,,,,,,,,,,2560,,4,da82e840-7c93-4884-ac07-b0a599fd2ca1
W10-103,RB10M 0050,10M,400W,stirrup,Unknown,RebarGroup,,13,10,93.1,653.5,147,1215.8,147,616.5,147,321.5,,,,,,4240,,3.3,023bcd1d-f0ef-414c-924d-ff36aa3edaf8
W10-103,RS10M 0208,10M,400W,straight,STR,SingleRebar,,1,10,9266,9270,,,,,,,,,,,,9270,,7.3,b89db0f3-35df-462d-8141-62109b4731af
W10-103,RS10M 0238,10M,400W,straight,STR,SingleRebar,,1,10,173,180,,,,,,,,,,,,170,,0.1,ae632db6-4f37-4e50-b495-9f167ed0c007
W10-103,RS10M 0238,10M,400W,straight,STR,SingleRebar,,1,10,173,180,,,,,,,,,,,,170,,0.1,074f3004-1464-4867-bb5d-a5387a779638
W10-103,RB10M 0051,10M,400W,bent,TS5_1,RebarGroup,,2,10,255,255,255,,,,,,,,,,,750,,0.6,5f9ec0ae-980c-4c95-9915-b23d497903ad
W10-103,RB10M 0051,10M,400W,bent,TS5_1,RebarGroup,,2,10,255,255,255,,,,,,,,,,,750,,0.6,c35f2a09-2598-43d1-9818-f0b217cc0868
W10-103,RS15M 0173,15M,400W,straight,STR,SingleRebar,,1,15,3199,3200,,,,,,,,,,,,3200,,5,8ad99ee8-f86e-48db-9d9e-787e09e0ee26
W10-103,RS15M 0173,15M,400W,straight,STR,SingleRebar,,1,15,3199,3200,,,,,,,,,,,,3200,,5,74a61500-a3d5-4ab0-b395-4735028fce00
W10-103,RB15M 0068,15M,400W,bent,Unknown,RebarGroup,,2,15,509.9,149,509.9,,,,,,,,,,,1140,,1.8,3f04921e-96f1-496e-8a72-647e63fbc005
W10-103,RS10M 0239,10M,400W,straight,STR,SingleRebar,,1,10,8790.3,8790,,,,,,,,,,,,8790,,6.9,17aec712-69d6-4d59-84ea-a2c606f2871c
W10-103,RS10M 0239,10M,400W,straight,STR,SingleRebar,,1,10,8790.3,8790,,,,,,,,,,,,8790,,6.9,06280115-2f02-4a12-93e4-487583dff79a
W10-103,RS10M 0195,10M,400W,straight,STR,RebarGroup,,6,10,2873.4,2870,,,,,,,,,,,,2870,,2.3,1c4b1c59-ab7a-47c7-9a7e-e779f8cb1874
W10-103,RS10M 0180,10M,400W,straight,STR,RebarGroup,,6,10,2616.4,2615,,,,,,,,,,,,2620,,2.1,faf89a77-a154-486b-bde2-f73602b286ae
W10-103,RS15M 0185,15M,400W,straight,STR,SingleRebar,,1,15,2367,2360,,,,,,,,,,,,2370,,3.7,e78be092-b4cf-4aa6-9cc1-c41fd9bc5aa6
W10-103,RS15M 0185,15M,400W,straight,STR,SingleRebar,,1,15,2367,2360,,,,,,,,,,,,2370,,3.7,ba61c61c-462f-4a47-9a42-d60fdb1c48c8
W10-103,RS15M 0190,15M,400W,straight,STR,SingleRebar,,1,15,230,230,,,,,,,,,,,,230,,0.4,42cbc9d3-a2bf-4dc7-ade6-8a2099469c5c
W10-103,RS15M 0059,15M,400W,straight,STR,RebarGroup,,14,15,2617.9,2615,,,,,,,,,,,,2620,,4.1,678b9f9c-45e2-489e-82bd-70c3f042f860
W10-103,RS15M 0058,15M,400W,straight,STR,RebarGroup,,14,15,2875,2870,,,,,,,,,,,,2880,,4.5,21035710-e69c-41f6-9703-4d6043aa1314
W10-103,RS10M 0208,10M,400W,straight,STR,RebarGroup,,2,10,9266,9270,,,,,,,,,,,,9270,,7.3,f15a2cae-16de-442e-89a0-f1024fc376c3
W10-103,RS15M 0029,15M,400W,straight,STR,RebarGroup,,2,15,7887.2,7900,,,,,,,,,,,,7890,,12.4,fdcc40f2-119a-4eae-8dc7-1f69f1bb01f9
W10-103,RS15M 0029,15M,400W,straight,STR,RebarGroup,,2,15,7887.2,7900,,,,,,,,,,,,7890,,12.4,9267f94b-f8a2-4919-b85d-7945ab19d061
W10-103,RS10M 0251,10M,400W,straight,STR,RebarGroup,,6,10,2015.1,2005,,,,,,,,,,,,2020,,1.6,e5c0ce36-b84b-4cfe-85e6-2185a491d9a6
W10-103,RS10M 0251,10M,400W,straight,STR,RebarGroup,,6,10,2015.1,2005,,,,,,,,,,,,2020,,1.6,3cccbc47-9e28-4572-856f-eab7ab898535
W10-103,RS15M 0268,15M,400W,straight,STR,SingleRebar,,1,15,8790,8790,,,,,,,,,,,,8790,,13.8,b2bf6185-643f-4756-9997-accb1124b05b
W10-103,RS15M 0095,15M,400W,straight,STR,SingleRebar,,1,15,9266,9270,,,,,,,,,,,,9270,,14.6,97e55c38-83ba-4317-8dbf-b140ed9572a3
W10-103,RS15M 0268,15M,400W,straight,STR,SingleRebar,,1,15,8790,8790,,,,,,,,,,,,8790,,13.8,c2ad232a-8d26-4156-8482-86769fd2d5e6
W10-103,RS15M 0095,15M,400W,straight,STR,SingleRebar,,1,15,9266,9270,,,,,,,,,,,,9270,,14.6,7394982f-67e3-4187-89d5-30b87b44f8db
W10-103,RS15M 0269,15M,400W,straight,STR,SingleRebar,,1,15,173.1,180,,,,,,,,,,,,170,,0.3,5afdd188-2a13-4184-9ac3-7add86381603
W10-103,RS15M 0269,15M,400W,straight,STR,SingleRebar,,1,15,173,180,,,,,,,,,,,,170,,0.3,c68681af-693b-404b-9bae-ae58acae62ad
W10-103,RB10M 0135,10M,400W,stirrup,Unknown,RebarGroup,,22,10,80,37.5,181,503.8,181,754.6,,,,,,,,1690,,1.3,5fb621b3-9c56-4e85-b638-da140a5b4206
W10-103,RB10M 0049,10M,400W,stirrup,T1,RebarGroup,,12,10,85,190,195,190,195,175.8,85,80,,,,,,890,,0.7,bcefdf73-1f51-433b-a5ee-a05a023ff3a4
W10-132,RB10M 0125,10M,400W,stirrup,14,RebarGroup,,2,10,200,140,210,140,200,,,,100,,,,405,860,,0.7,99920fbd-7044-43e5-b0c8-67411eacb538
W10-132,RB10M 0125,10M,400W,stirrup,14,RebarGroup,,2,10,200,140,210,140,200,,,,100,,,,405,860,,0.7,5d035e19-d857-4be0-b17a-91fe38040b71
W10-132,RB25M 0141,25M,400W,bent,17,SingleRebar,,1,25,198,210,2090,210,,,,,,,,,,2380,,9.3,06f4670b-eb17-4519-a005-7886f2a889c6
W10-132,RB10M 0040,10M,400W,stirrup,T1,RebarGroup,,10,10,75,160,1675,160,1675,1662.8,75,74.1,,,,,,3790,,3,488c6ff1-51e2-4976-8762-9a9fc6698129
W10-132,RB10M 0046,10M,400W,bent,17,RebarGroup,,9,10,323.5,330,160,330,,,,,,,,,,760,,0.6,48d8770e-3dff-4324-9ff4-ac387cdbf0b7
W10-132,RB10M 0046,10M,400W,bent,17,RebarGroup,,10,10,323.6,330,160,330,,,,,,,,,,760,,0.6,01d2b993-6a71-4247-a1f3-4095c395fa37
W10-132,RS10M 0030,10M,400W,straight,STR,RebarGroup,,2,10,600,610,,,,,,,,,,,,600,,0.5,9b08e530-012a-4c22-bf8a-1ff9673bc2ec
W10-132,RS10M 0030,10M,400W,straight,STR,RebarGroup,,2,10,600,610,,,,,,,,,,,,600,,0.5,67456823-ad4d-4dce-93cb-7ca07a2f0cb0
W10-132,RS10M 0030,10M,400W,straight,STR,RebarGroup,,2,10,600,610,,,,,,,,,,,,600,,0.5,5d8881fe-44a0-4f62-86e5-082f21cc17a0
W10-132,RS10M 0030,10M,400W,straight,STR,RebarGroup,,2,10,600,610,,,,,,,,,,,,600,,0.5,69c0c41c-d6ed-405d-b197-a4655e907d07
W10-132,RS10M 0030,10M,400W,straight,STR,RebarGroup,,2,10,600,610,,,,,,,,,,,,600,,0.5,ced4faa4-e289-4138-8b7e-45d0955ae469
W10-132,RS10M 0030,10M,400W,straight,STR,RebarGroup,,2,10,600,610,,,,,,,,,,,,600,,0.5,296e4e6e-ccd8-41c6-966c-157afcd354e7
W10-132,RB10M 0051,10M,400W,bent,TS5_1,RebarGroup,,2,10,255,255,255,,,,,,,,,,,750,,0.6,7b6e52ae-98b8-4af4-9e1d-8c3960d1721f
W10-132,RB10M 0051,10M,400W,bent,TS5_1,RebarGroup,,2,10,255,255,255,,,,,,,,,,,750,,0.6,e3726cbc-9270-4698-8710-ebcffb6fbdf2
W10-132,RS15M 0096,15M,400W,straight,STR,RebarGroup,,2,15,4749.5,4750,,,,,,,,,,,,4750,,7.5,9fbf8641-0732-4a0d-abf6-9fa2f8dc847e
W10-132,RS15M 0097,15M,400W,straight,STR,RebarGroup,,2,15,2562.6,2565,,,,,,,,,,,,2560,,4,9eb0a698-d2df-41d1-9b79-10f6fc49e092
W10-132,RB10M 0052,10M,400W,stirrup,TS67_2,RebarGroup,,13,10,100,160,280,160,280,160,100,,,,,,,1090,,0.9,4ca0241d-073e-4038-81bf-04b4b11e7ed5
W10-132,RB10M 0050,10M,400W,stirrup,Unknown,RebarGroup,,13,10,93.1,653.5,147,1215.8,147,616.5,147,321.5,,,,,,4240,,3.3,91d807ee-3632-4a86-8c5c-12a52189d2bd
W10-132,RS10M 0208,10M,400W,straight,STR,SingleRebar,,1,10,9266,9270,,,,,,,,,,,,9270,,7.3,3f425fd6-cf6b-42c0-8e53-994adc9a413c
W10-132,RS10M 0238,10M,400W,straight,STR,SingleRebar,,1,10,173.1,180,,,,,,,,,,,,170,,0.1,b0eeeb27-4a99-495a-a568-65ac76e80285
W10-132,RS10M 0238,10M,400W,straight,STR,SingleRebar,,1,10,173.1,180,,,,,,,,,,,,170,,0.1,c02c83a8-4342-47ce-b1aa-5b0e352cd571
W10-132,RB10M 0051,10M,400W,bent,TS5_1,RebarGroup,,2,10,255,255,255,,,,,,,,,,,750,,0.6,2392b426-f4ed-4011-bd7b-2568538b7cd1
W10-132,RB10M 0051,10M,400W,bent,TS5_1,RebarGroup,,2,10,255,255,255,,,,,,,,,,,750,,0.6,7815d3bf-5159-4b98-aa06-9cef3ec82357
W10-132,RS15M 0173,15M,400W,straight,STR,SingleRebar,,1,15,3199,3200,,,,,,,,,,,,3200,,5,79deb33d-8765-4c8f-acc5-dd948ea4854f
W10-132,RS15M 0173,15M,400W,straight,STR,SingleRebar,,1,15,3199,3200,,,,,,,,,,,,3200,,5,184c9241-36cb-4ce3-bedc-ef72a205d5c3
W10-132,RB15M 0068,15M,400W,bent,Unknown,RebarGroup,,2,15,509.9,149,509.9,,,,,,,,,,,1140,,1.8,083b72d4-61f2-4387-a91c-482aadae5b08
W10-132,RS10M 0239,10M,400W,straight,STR,SingleRebar,,1,10,8790.2,8790,,,,,,,,,,,,8790,,6.9,26a1485c-079f-454e-ae1b-c3665cddd4e2
W10-132,RS10M 0239,10M,400W,straight,STR,SingleRebar,,1,10,8790.2,8790,,,,,,,,,,,,8790,,6.9,001cea46-6d45-4ba6-865d-5174dfb34105
W10-132,RS10M 0195,10M,400W,straight,STR,RebarGroup,,6,10,2873.4,2870,,,,,,,,,,,,2870,,2.3,8a3dc983-5a41-49d2-b36a-4aa584db1d8f
W10-132,RS10M 0180,10M,400W,straight,STR,RebarGroup,,6,10,2616.4,2615,,,,,,,,,,,,2620,,2.1,d7bb3b94-92f4-446a-bdd8-0dcb354bfa60
W10-132,RS15M 0240,15M,400W,straight,STR,SingleRebar,,1,15,2360,2360,,,,,,,,,,,,2360,,3.7,50d6afa4-ca96-4f61-9b50-abee899a887a
W10-132,RS15M 0240,15M,400W,straight,STR,SingleRebar,,1,15,2360,2360,,,,,,,,,,,,2360,,3.7,5a45a99d-2797-4676-86b8-82ec12556642
W10-132,RS15M 0241,15M,400W,straight,STR,SingleRebar,,1,15,237,230,,,,,,,,,,,,240,,0.4,11b4d3c9-08ea-492b-8d4c-74faad46936b
W10-132,RS15M 0059,15M,400W,straight,STR,RebarGroup,,14,15,2617.9,2615,,,,,,,,,,,,2620,,4.1,1ca32ea6-da0c-44df-8276-0aa0aa144ad9
W10-132,RS15M 0058,15M,400W,straight,STR,RebarGroup,,14,15,2875,2870,,,,,,,,,,,,2880,,4.5,95dd8672-1903-4882-9c5d-9c862be913d2
W10-132,RS10M 0208,10M,400W,straight,STR,RebarGroup,,2,10,9266,9270,,,,,,,,,,,,9270,,7.3,3ae95743-3444-4dd5-8cae-cf2685f7a8b5
W10-132,RS15M 0029,15M,400W,straight,STR,RebarGroup,,2,15,7887.1,7900,,,,,,,,,,,,7890,,12.4,0f0e475d-48a4-4c08-a682-8621a3a0aeb4
W10-132,RS15M 0029,15M,400W,straight,STR,RebarGroup,,2,15,7887.1,7900,,,,,,,,,,,,7890,,12.4,91d1a90c-145c-4127-9c42-88eab75a85ab
W10-132,RS10M 0251,10M,400W,straight,STR,RebarGroup,,6,10,2015.2,2005,,,,,,,,,,,,2020,,1.6,4133c2d2-5445-4b0c-890e-5a6ec95de8c9
W10-132,RS10M 0251,10M,400W,straight,STR,RebarGroup,,6,10,2015.2,2005,,,,,,,,,,,,2020,,1.6,732b0f92-c968-4d50-bb37-aaf14c133185
W10-132,RS15M 0096,15M,400W,straight,STR,RebarGroup,,2,15,4749.5,4750,,,,,,,,,,,,4750,,7.5,9467f292-151f-4254-a320-1c77cac8e0ed
W10-132,RS15M 0097,15M,400W,straight,STR,RebarGroup,,2,15,2562.6,2565,,,,,,,,,,,,2560,,4,6e33f462-8b90-4529-bb30-e35db9297646
W10-132,RS15M 0277,15M,400W,straight,STR,SingleRebar,,1,15,8787.1,8790,,,,,,,,,,,,8790,,13.8,6216e2ae-aea0-4ab3-9cac-9c97790a4356
W10-132,RS15M 0095,15M,400W,straight,STR,SingleRebar,,1,15,9266.1,9270,,,,,,,,,,,,9270,,14.6,f9a08cdc-0c82-48e0-a7ae-da4bba3b674b
W10-132,RS15M 0277,15M,400W,straight,STR,SingleRebar,,1,15,8787.1,8790,,,,,,,,,,,,8790,,13.8,01e8177b-a5fe-4367-a3ea-3bd10ddce9a1
W10-132,RS15M 0095,15M,400W,straight,STR,SingleRebar,,1,15,9266.1,9270,,,,,,,,,,,,9270,,14.6,21178e00-cff1-4cdb-ad62-ae6b8ecfa446
W10-132,RS15M 0278,15M,400W,straight,STR,SingleRebar,,1,15,176,180,,,,,,,,,,,,180,,0.3,f2e3d548-d250-499f-97ec-d504e896f139
W10-132,RS15M 0278,15M,400W,straight,STR,SingleRebar,,1,15,176,180,,,,,,,,,,,,180,,0.3,cdcf4bce-4ceb-4237-8dab-49be6f71ddf5
W10-132,RB10M 0135,10M,400W,stirrup,Unknown,RebarGroup,,22,10,80,37.5,181,503.8,181,754.6,,,,,,,,1690,,1.3,02a20b1a-da28-4495-a032-4a3173913dff
W10-132,RB10M 0136,10M,400W,stirrup,T1,RebarGroup,,12,10,85,195,200,195,200,185.8,85,80,,,,,,910,,0.7,f174bae5-d9d0-46e9-9acf-104ea4cc9a25
W10-53,RB25M 0139,25M,400W,bent,17,SingleRebar,,1,25,198,210,2085,210,,,,,,,,,,2380,,9.3,70ddb3ec-6aa5-4a9d-856d-27edca3ac248
W10-53,RB10M 0125,10M,400W,stirrup,14,RebarGroup,,2,10,200,140,210,140,200,,,,100,,,,405,860,,0.7,ae62f388-87fd-4de2-a8af-1dffe757f750
W10-53,RB10M 0125,10M,400W,stirrup,14,RebarGroup,,2,10,200,140,210,140,200,,,,100,,,,405,860,,0.7,2a92d0bc-a651-46a1-bd0a-e178b152b256
W10-53,RB10M 0040,10M,400W,stirrup,T1,RebarGroup,,10,10,75,160,1675,160,1675,1662.8,75,74.1,,,,,,3790,,3,3462898b-3303-4787-939c-406869bb7623
W10-53,RB10M 0046,10M,400W,bent,17,RebarGroup,,9,10,323.5,330,160,330,,,,,,,,,,760,,0.6,236ae088-9450-43d0-b540-91fee3d9cf63
W10-53,RB10M 0046,10M,400W,bent,17,RebarGroup,,10,10,323.5,330,160,330,,,,,,,,,,760,,0.6,52e6ca21-4222-4ee8-b6da-dae791ebde6e
W10-53,RS10M 0030,10M,400W,straight,STR,RebarGroup,,2,10,600,610,,,,,,,,,,,,600,,0.5,03dc188a-ab45-4503-889f-e79d03af2162
W10-53,RS10M 0030,10M,400W,straight,STR,RebarGroup,,2,10,600,610,,,,,,,,,,,,600,,0.5,e1f5e15f-c55b-4717-ba8a-c3043c3ebdd0
W10-53,RS10M 0030,10M,400W,straight,STR,RebarGroup,,2,10,600,610,,,,,,,,,,,,600,,0.5,23b8b870-09a7-41ec-86d5-e1459f4ffb59
W10-53,RS10M 0030,10M,400W,straight,STR,RebarGroup,,2,10,600,610,,,,,,,,,,,,600,,0.5,9d4611b5-b088-4413-8a0c-ac11f8b8e6fe
W10-53,RS10M 0030,10M,400W,straight,STR,RebarGroup,,2,10,600,610,,,,,,,,,,,,600,,0.5,b382d209-d948-4be2-a2d0-919d5c456198
W10-53,RS10M 0030,10M,400W,straight,STR,RebarGroup,,2,10,600,610,,,,,,,,,,,,600,,0.5,cd9c81a1-5e08-41b7-95f1-843b83093892
W10-53,RB10M 0051,10M,400W,bent,TS5_1,RebarGroup,,2,10,255,255,255,,,,,,,,,,,750,,0.6,448487a7-9a17-416f-980b-e7f3e22c92fd
W10-53,RB10M 0051,10M,400W,bent,TS5_1,RebarGroup,,2,10,255,255,255,,,,,,,,,,,750,,0.6,1fc1cf45-4359-47ee-8f7a-01c6ba712407
W10-53,RS15M 0096,15M,400W,straight,STR,RebarGroup,,2,15,4749.4,4750,,,,,,,,,,,,4750,,7.5,4d48929c-da96-4af9-825a-fac113c59daa
W10-53,RS15M 0097,15M,400W,straight,STR,RebarGroup,,2,15,2562.7,2565,,,,,,,,,,,,2560,,4,72db5690-ae16-474a-888c-509108a679d1
W10-53,RB10M 0052,10M,400W,stirrup,TS67_2,RebarGroup,,13,10,100,160,280,160,280,160,100,,,,,,,1090,,0.9,65844f4a-1f48-4099-9371-924ed6be8e3e
W10-53,RS15M 0096,15M,400W,straight,STR,RebarGroup,,2,15,4749.4,4750,,,,,,,,,,,,4750,,7.5,96fe1886-ff7c-4edf-b35c-30509007039c
W10-53,RS15M 0097,15M,400W,straight,STR,RebarGroup,,2,15,2562.7,2565,,,,,,,,,,,,2560,,4,a8103be1-1e98-4592-b6ba-4821a7dc447c
W10-53,RB10M 0050,10M,400W,stirrup,Unknown,RebarGroup,,12,10,93.1,653.5,147,1215.8,147,616.5,147,321.5,,,,,,4240,,3.3,18efccdd-0987-41f5-9339-91416ab6fa9a
W10-53,RS10M 0208,10M,400W,straight,STR,SingleRebar,,1,10,9266,9270,,,,,,,,,,,,9270,,7.3,ea123bb9-1f55-49a3-8a19-9585e4f70ba6
W10-53,RS10M 0238,10M,400W,straight,STR,SingleRebar,,1,10,173,180,,,,,,,,,,,,170,,0.1,64f6096b-d29a-4a53-85e8-13e2296477d2
W10-53,RS10M 0238,10M,400W,straight,STR,SingleRebar,,1,10,173,180,,,,,,,,,,,,170,,0.1,93ace0bb-e16e-41ec-b514-208928c3347f
W10-53,RB10M 0051,10M,400W,bent,TS5_1,RebarGroup,,2,10,255,255,255,,,,,,,,,,,750,,0.6,85ee9612-9f5f-47b7-9c95-7a015c657172
W10-53,RB10M 0051,10M,400W,bent,TS5_1,RebarGroup,,2,10,255,255,255,,,,,,,,,,,750,,0.6,f8905fe4-c6bd-4a29-a655-fc4d4ce63365
W10-53,RS15M 0173,15M,400W,straight,STR,SingleRebar,,1,15,3199,3200,,,,,,,,,,,,3200,,5,f86833f6-0424-495b-89bf-48be1f2a6312
W10-53,RS15M 0173,15M,400W,straight,STR,SingleRebar,,1,15,3199,3200,,,,,,,,,,,,3200,,5,61324b76-90ac-4015-983f-997c249271db
W10-53,RB15M 0068,15M,400W,bent,Unknown,RebarGroup,,2,15,509.9,149,509.9,,,,,,,,,,,1140,,1.8,54f6e5f7-0d84-4437-895d-2d06a7540324
W10-53,RS10M 0239,10M,400W,straight,STR,SingleRebar,,1,10,8790.3,8790,,,,,,,,,,,,8790,,6.9,5826c75a-644f-438c-a8f7-d58e16c48b8f
W10-53,RS10M 0239,10M,400W,straight,STR,SingleRebar,,1,10,8790.3,8790,,,,,,,,,,,,8790,,6.9,09f0e440-d558-4783-b41c-d60f901268cd
W10-53,RS15M 0240,15M,400W,straight,STR,SingleRebar,,1,15,2362,2360,,,,,,,,,,,,2360,,3.7,5c086829-2b11-4721-8144-150ff0a51337
W10-53,RS15M 0240,15M,400W,straight,STR,SingleRebar,,1,15,2362,2360,,,,,,,,,,,,2360,,3.7,92eb5219-68d9-4145-bfed-c377ad2e259a
W10-53,RS15M 0241,15M,400W,straight,STR,SingleRebar,,1,15,237,230,,,,,,,,,,,,240,,0.4,5f6953ab-3157-45d0-b5e3-1f6f49fb8575
W10-53,RS15M 0059,15M,400W,straight,STR,RebarGroup,,14,15,2617.9,2615,,,,,,,,,,,,2620,,4.1,c86f92ad-02de-4628-8fcc-9a6bdafda4df
W10-53,RS15M 0058,15M,400W,straight,STR,RebarGroup,,14,15,2875,2870,,,,,,,,,,,,2880,,4.5,48fabbb1-f5d3-45a8-b957-06a4904f6b28
W10-53,RS10M 0208,10M,400W,straight,STR,RebarGroup,,2,10,9266,9270,,,,,,,,,,,,9270,,7.3,b290db04-c599-472e-8c43-d0f5db844c57
W10-53,RS15M 0029,15M,400W,straight,STR,RebarGroup,,2,15,7887.2,7900,,,,,,,,,,,,7890,,12.4,6ebddf34-aa7d-462e-b4ae-e565494d14da
W10-53,RS15M 0029,15M,400W,straight,STR,RebarGroup,,2,15,7887.2,7900,,,,,,,,,,,,7890,,12.4,d1911b0a-541b-4c86-a682-7cb909e4b83f
W10-53,RS10M 0251,10M,400W,straight,STR,RebarGroup,,6,10,2015.1,2005,,,,,,,,,,,,2020,,1.6,1f489733-4045-4ce3-bd06-a28016a6eb32
W10-53,RS10M 0251,10M,400W,straight,STR,RebarGroup,,6,10,2015.1,2005,,,,,,,,,,,,2020,,1.6,72ac0948-8bcb-408d-804c-3aa370f2e047
W10-53,RS15M 0095,15M,400W,straight,STR,SingleRebar,,1,15,9266,9270,,,,,,,,,,,,9270,,14.6,31b0682e-7194-4b89-83d7-728e18cc8849
W10-53,RS15M 0268,15M,400W,straight,STR,SingleRebar,,1,15,8790,8790,,,,,,,,,,,,8790,,13.8,01db3d2d-ab17-46c1-ba9f-4698eec5822d
W10-53,RS15M 0095,15M,400W,straight,STR,SingleRebar,,1,15,9266,9270,,,,,,,,,,,,9270,,14.6,d6b74092-5d1a-4e0c-a436-a75791829979
W10-53,RS15M 0268,15M,400W,straight,STR,SingleRebar,,1,15,8790,8790,,,,,,,,,,,,8790,,13.8,1c8ca961-08c7-40e4-9fef-fb072ad2462e
W10-53,RS15M 0269,15M,400W,straight,STR,SingleRebar,,1,15,173.1,180,,,,,,,,,,,,170,,0.3,74a9561d-a6b4-4ce0-bbf8-c596da2fd922
W10-53,RS15M 0269,15M,400W,straight,STR,SingleRebar,,1,15,173.1,180,,,,,,,,,,,,170,,0.3,e16a8408-9546-49d2-ae7b-475974ca6fdf
W10-53,RB10M 0135,10M,400W,stirrup,Unknown,RebarGroup,,22,10,754.6,181,503.8,181,37.5,80,,,,,,,,1690,,1.3,d608ad41-d7d3-4f7f-aad9-86355b4df52f
W10-53,RB10M 0049,10M,400W,stirrup,T1,RebarGroup,,12,10,85,190,195,190,195,181,85,80,,,,,,890,,0.7,fd54ee91-3e7f-4057-8b5b-5e38082cd749
W10-53,RS10M 0180,10M,400W,straight,STR,RebarGroup,,6,10,2617.2,2615,,,,,,,,,,,,2620,,2.1,90c7c546-c3b5-447c-b682-8d64a3984f7d
W10-53,RS10M 0195,10M,400W,straight,STR,RebarGroup,,6,10,2873.4,2870,,,,,,,,,,,,2870,,2.3,964766f0-a90f-4da3-a311-f83247c01642
W10-42,RB10M 0125,10M,400W,stirrup,14,RebarGroup,,2,10,200,140,210,140,200,,,,100,,,,405,860,,0.7,91b3e75a-3d1b-4ebc-af2e-3f5fcf99c90e
W10-42,RB10M 0125,10M,400W,stirrup,14,RebarGroup,,2,10,200,140,210,140,200,,,,100,,,,405,860,,0.7,0cff7cb2-99f3-45bf-bfa4-fe4f52c14aff
W10-42,RB25M 0141,25M,400W,bent,17,SingleRebar,,1,25,198,210,2090,210,,,,,,,,,,2380,,9.3,976d0105-b358-4d15-b3a4-9156a12aafad
W10-42,RB10M 0040,10M,400W,stirrup,T1,RebarGroup,,10,10,75,160,1675,160,1675,1662.8,75,74.1,,,,,,3790,,3,f93a1caf-8d72-4ff3-9285-9ea8a02ea272
W10-42,RB10M 0046,10M,400W,bent,17,RebarGroup,,9,10,323.5,330,160,330,,,,,,,,,,760,,0.6,194d95a3-1c9b-4fd0-aad5-06889a931922
W10-42,RB10M 0046,10M,400W,bent,17,RebarGroup,,10,10,323.6,330,160,330,,,,,,,,,,760,,0.6,5ba72f65-de75-4fed-a9e9-ee12f56d46f3
W10-42,RS10M 0030,10M,400W,straight,STR,RebarGroup,,2,10,600,610,,,,,,,,,,,,600,,0.5,a26e9e6a-4f02-43e0-9203-a3a3dffa29f8
W10-42,RS10M 0030,10M,400W,straight,STR,RebarGroup,,2,10,600,610,,,,,,,,,,,,600,,0.5,9539091e-e519-481c-8783-07f1ea82d36d
W10-42,RS10M 0030,10M,400W,straight,STR,RebarGroup,,2,10,600,610,,,,,,,,,,,,600,,0.5,93720c5f-69bc-4111-9212-a41917905606
W10-42,RS10M 0030,10M,400W,straight,STR,RebarGroup,,2,10,600,610,,,,,,,,,,,,600,,0.5,478ece65-8695-4752-a6e9-e0524d2802c5
W10-42,RS10M 0030,10M,400W,straight,STR,RebarGroup,,2,10,600,610,,,,,,,,,,,,600,,0.5,a397c4d7-5807-4710-a023-cadcaadd069f
W10-42,RS10M 0030,10M,400W,straight,STR,RebarGroup,,2,10,600,610,,,,,,,,,,,,600,,0.5,f83b29aa-c43c-47bc-b80e-9ed30df7bf72
W10-42,RB10M 0051,10M,400W,bent,TS5_1,RebarGroup,,2,10,255,255,255,,,,,,,,,,,750,,0.6,accea8f5-c2e8-47a1-82db-cae48a7675a8
W10-42,RB10M 0051,10M,400W,bent,TS5_1,RebarGroup,,2,10,255,255,255,,,,,,,,,,,750,,0.6,e470ccee-46d1-497c-b450-cbeb0a52370b
W10-42,RS15M 0096,15M,400W,straight,STR,RebarGroup,,2,15,4749.5,4750,,,,,,,,,,,,4750,,7.5,cc447426-1a83-414e-ae78-e0b93a7dc729
W10-42,RS15M 0097,15M,400W,straight,STR,RebarGroup,,2,15,2562.6,2565,,,,,,,,,,,,2560,,4,94e38838-ac23-4f3d-8f58-e176d85c4a02
W10-42,RB10M 0052,10M,400W,stirrup,TS67_2,RebarGroup,,13,10,100,160,280,160,280,160,100,,,,,,,1090,,0.9,01b0c050-b61d-420f-bf9e-6878927e3393
W10-42,RB10M 0050,10M,400W,stirrup,Unknown,RebarGroup,,13,10,93.1,653.5,147,1215.8,147,616.5,147,321.5,,,,,,4240,,3.3,c6467df4-3d82-4b74-9b46-73b9924bc55b
W10-42,RS10M 0208,10M,400W,straight,STR,SingleRebar,,1,10,9266,9270,,,,,,,,,,,,9270,,7.3,2c65ee4b-d5b6-4666-abf9-a6e59d9e53d0
W10-42,RS10M 0238,10M,400W,straight,STR,SingleRebar,,1,10,173.1,180,,,,,,,,,,,,170,,0.1,11f71415-b2c3-479c-85c1-d1172c4f3854
W10-42,RS10M 0238,10M,400W,straight,STR,SingleRebar,,1,10,173.1,180,,,,,,,,,,,,170,,0.1,ddc8a4a0-73d9-4a51-b427-dc3415a648de
W10-42,RB10M 0051,10M,400W,bent,TS5_1,RebarGroup,,2,10,255,255,255,,,,,,,,,,,750,,0.6,8468bdc5-af27-4443-bf8c-125785dac465
W10-42,RB10M 0051,10M,400W,bent,TS5_1,RebarGroup,,2,10,255,255,255,,,,,,,,,,,750,,0.6,9e458ed1-6b51-45ba-b405-301aa7260b64
W10-42,RS15M 0173,15M,400W,straight,STR,SingleRebar,,1,15,3199,3200,,,,,,,,,,,,3200,,5,b334e6f2-9e45-4061-9dd1-d5bc2addc266
W10-42,RS15M 0173,15M,400W,straight,STR,SingleRebar,,1,15,3199,3200,,,,,,,,,,,,3200,,5,a9580439-93e5-4df5-95f6-49a08d6b5599
W10-42,RB15M 0068,15M,400W,bent,Unknown,RebarGroup,,2,15,509.9,149,509.9,,,,,,,,,,,1140,,1.8,82a49b27-9efc-4e26-9cd3-deddeb2700ed
W10-42,RS10M 0239,10M,400W,straight,STR,SingleRebar,,1,10,8790.2,8790,,,,,,,,,,,,8790,,6.9,7aa51845-a68f-444f-8d56-9c61bf19f0f7
W10-42,RS10M 0239,10M,400W,straight,STR,SingleRebar,,1,10,8790.2,8790,,,,,,,,,,,,8790,,6.9,c367f682-11e2-4aa4-8717-1e684dbea986
W10-42,RS10M 0195,10M,400W,straight,STR,RebarGroup,,6,10,2873.4,2870,,,,,,,,,,,,2870,,2.3,af4d24d6-180e-4420-84b4-3d6f283b004b
W10-42,RS10M 0180,10M,400W,straight,STR,RebarGroup,,6,10,2616.4,2615,,,,,,,,,,,,2620,,2.1,31cf6654-a995-4b9b-95e0-343ebaa2f480
W10-42,RS15M 0240,15M,400W,straight,STR,SingleRebar,,1,15,2360,2360,,,,,,,,,,,,2360,,3.7,f3ae9d59-42df-4f88-9e32-3193be2839c0
W10-42,RS15M 0240,15M,400W,straight,STR,SingleRebar,,1,15,2360,2360,,,,,,,,,,,,2360,,3.7,86ccd8e4-1769-4a31-a562-9fb03ea7a79b
W10-42,RS15M 0241,15M,400W,straight,STR,SingleRebar,,1,15,237,230,,,,,,,,,,,,240,,0.4,7f9a9e69-7cbd-4cd3-81d4-2090c393031c
W10-42,RS15M 0059,15M,400W,straight,STR,RebarGroup,,14,15,2617.9,2615,,,,,,,,,,,,2620,,4.1,073b65da-be2a-4ab6-930b-c5425398c446
W10-42,RS15M 0058,15M,400W,straight,STR,RebarGroup,,14,15,2875,2870,,,,,,,,,,,,2880,,4.5,39fd0c58-ad23-4f29-9c82-4ebcc62a38ea
W10-42,RS10M 0208,10M,400W,straight,STR,RebarGroup,,2,10,9266,9270,,,,,,,,,,,,9270,,7.3,236358ea-115f-46fa-868f-3f60494bc4b3
W10-42,RS15M 0029,15M,400W,straight,STR,RebarGroup,,2,15,7887.1,7900,,,,,,,,,,,,7890,,12.4,b94179a6-a8bd-4f69-b452-b8435511efc1
W10-42,RS15M 0029,15M,400W,straight,STR,RebarGroup,,2,15,7887.1,7900,,,,,,,,,,,,7890,,12.4,79ddd736-44b5-4064-b285-bcfd4e92e520
W10-42,RS10M 0251,10M,400W,straight,STR,RebarGroup,,6,10,2015.2,2005,,,,,,,,,,,,2020,,1.6,a3c59f9f-89f3-40ba-b37b-d4364a226cb5
W10-42,RS10M 0251,10M,400W,straight,STR,RebarGroup,,6,10,2015.2,2005,,,,,,,,,,,,2020,,1.6,1f219edf-9277-4a9b-a7a4-ecbc74d5ba56
W10-42,RS15M 0096,15M,400W,straight,STR,RebarGroup,,2,15,4749.5,4750,,,,,,,,,,,,4750,,7.5,bc327374-a434-4977-b4e6-4a463212bd29
W10-42,RS15M 0097,15M,400W,straight,STR,RebarGroup,,2,15,2562.6,2565,,,,,,,,,,,,2560,,4,96237a13-2010-4868-9b3f-824dabff44d1
W10-42,RS15M 0277,15M,400W,straight,STR,SingleRebar,,1,15,8787.1,8790,,,,,,,,,,,,8790,,13.8,b6afbabc-872a-42bf-8c9d-d8b46f833a40
W10-42,RS15M 0095,15M,400W,straight,STR,SingleRebar,,1,15,9266.1,9270,,,,,,,,,,,,9270,,14.6,11bb7a64-f2c5-450a-a994-5b34b0d5609c
W10-42,RS15M 0277,15M,400W,straight,STR,SingleRebar,,1,15,8787.1,8790,,,,,,,,,,,,8790,,13.8,fb24c62a-b57a-4eb1-a5e2-bed3eb828ab1
W10-42,RS15M 0095,15M,400W,straight,STR,SingleRebar,,1,15,9266.1,9270,,,,,,,,,,,,9270,,14.6,d66ea088-2c5e-40e3-a3f6-83ac15ed770d
W10-42,RS15M 0278,15M,400W,straight,STR,SingleRebar,,1,15,176,180,,,,,,,,,,,,180,,0.3,2f6f8da3-13bd-4698-9363-3557662dc7ba
W10-42,RS15M 0278,15M,400W,straight,STR,SingleRebar,,1,15,176,180,,,,,,,,,,,,180,,0.3,850faffc-41ef-4e90-8491-8fcae76b191d
W10-42,RB10M 0135,10M,400W,stirrup,Unknown,RebarGroup,,22,10,80,37.5,181,503.8,181,754.6,,,,,,,,1690,,1.3,67aa72c5-4888-4ded-bb03-4e07f987a793
W10-42,RB10M 0136,10M,400W,stirrup,T1,RebarGroup,,12,10,85,195,200,195,200,185.8,85,80,,,,,,910,,0.7,4d2e43ad-1b11-4b41-91d5-31d31c42e0b5
W10-44,RB10M 0125,10M,400W,stirrup,14,RebarGroup,,2,10,200,140,210,140,200,,,,100,,,,405,860,,0.7,12f5878d-450e-430d-864a-104be0e8146a
W10-44,RB10M 0125,10M,400W,stirrup,14,RebarGroup,,2,10,200,140,210,140,200,,,,100,,,,405,860,,0.7,39a4fde4-7632-4165-b53a-8aead1f8d45f
W10-44,RB10M 0040,10M,400W,stirrup,T1,RebarGroup,,10,10,75,160,1675,160,1675,1662.8,75,74.1,,,,,,3790,,3,e691c61d-c5a4-43ff-a3ba-5b50578ae452
W10-44,RB10M 0046,10M,400W,bent,17,RebarGroup,,9,10,323.5,330,160,330,,,,,,,,,,760,,0.6,77677943-dbea-4b77-bff8-df6241ff8c15
W10-44,RB10M 0046,10M,400W,bent,17,RebarGroup,,10,10,323.5,330,160,330,,,,,,,,,,760,,0.6,fa2313c1-7dc3-440c-9138-05e534236470
W10-44,RS10M 0030,10M,400W,straight,STR,RebarGroup,,2,10,600,610,,,,,,,,,,,,600,,0.5,3631f14f-f072-4da9-9157-4ec82e76633a
W10-44,RS10M 0030,10M,400W,straight,STR,RebarGroup,,2,10,600,610,,,,,,,,,,,,600,,0.5,39cd961f-7c0d-461d-87cb-123ef9e4a0dd
W10-44,RS10M 0030,10M,400W,straight,STR,RebarGroup,,2,10,600,610,,,,,,,,,,,,600,,0.5,98495e11-9213-40b8-bde8-f5568c84f4fe
W10-44,RS10M 0030,10M,400W,straight,STR,RebarGroup,,2,10,600,610,,,,,,,,,,,,600,,0.5,dc460c00-75b4-4d8e-b890-820220f6ddbd
W10-44,RS10M 0030,10M,400W,straight,STR,RebarGroup,,2,10,600,610,,,,,,,,,,,,600,,0.5,703a513f-9eb6-4080-ac3c-d211c9ebc388
W10-44,RS10M 0030,10M,400W,straight,STR,RebarGroup,,2,10,600,610,,,,,,,,,,,,600,,0.5,f3a3662c-bfe6-460d-ba6f-3da416a248b3
W10-44,RB10M 0051,10M,400W,bent,TS5_1,RebarGroup,,2,10,255,255,255,,,,,,,,,,,750,,0.6,e4187c5b-6320-4139-bf60-ac31c433531d
W10-44,RB10M 0051,10M,400W,bent,TS5_1,RebarGroup,,2,10,255,255,255,,,,,,,,,,,750,,0.6,9e8896c7-4684-43f6-8443-2ecd4e4ce7e1
W10-44,RS15M 0096,15M,400W,straight,STR,RebarGroup,,2,15,4749.4,4750,,,,,,,,,,,,4750,,7.5,ef40ec7a-0062-44d8-85df-0117b9bb54ea
W10-44,RS15M 0097,15M,400W,straight,STR,RebarGroup,,2,15,2562.7,2565,,,,,,,,,,,,2560,,4,9430ec04-9b20-483a-b1b3-c01646346d91
W10-44,RB10M 0052,10M,400W,stirrup,TS67_2,RebarGroup,,13,10,100,160,280,160,280,160,100,,,,,,,1090,,0.9,4551af35-a679-4346-83d7-5696c0ac0a13
W10-44,RS15M 0096,15M,400W,straight,STR,RebarGroup,,2,15,4749.4,4750,,,,,,,,,,,,4750,,7.5,fe10f81d-6580-47c9-866a-97945a4260fd
W10-44,RS15M 0097,15M,400W,straight,STR,RebarGroup,,2,15,2562.7,2565,,,,,,,,,,,,2560,,4,0c8ed011-0b00-4dd6-88e0-c613ccf62920
W10-44,RB10M 0050,10M,400W,stirrup,Unknown,RebarGroup,,12,10,93.1,653.5,147,1215.8,147,616.5,147,321.5,,,,,,4240,,3.3,deabf9ac-f1b7-4ceb-b1e1-a199bd9aaa86
W10-44,RS10M 0208,10M,400W,straight,STR,SingleRebar,,1,10,9266,9270,,,,,,,,,,,,9270,,7.3,3ee4cb14-cfe5-4592-b03a-5feb67df2d98
W10-44,RS10M 0238,10M,400W,straight,STR,SingleRebar,,1,10,173,180,,,,,,,,,,,,170,,0.1,c4ac1f74-9b95-42b8-918f-ce18b592beb0
W10-44,RS10M 0238,10M,400W,straight,STR,SingleRebar,,1,10,173,180,,,,,,,,,,,,170,,0.1,95e7bc5b-4096-4bfe-9e88-44b499b4648e
W10-44,RB10M 0051,10M,400W,bent,TS5_1,RebarGroup,,2,10,255,255,255,,,,,,,,,,,750,,0.6,21a1ff92-3691-44e1-9e54-c8cbdf5ffb27
W10-44,RB10M 0051,10M,400W,bent,TS5_1,RebarGroup,,2,10,255,255,255,,,,,,,,,,,750,,0.6,6cb55047-47fb-4bd3-9a51-d05914f83093
W10-44,RS15M 0173,15M,400W,straight,STR,SingleRebar,,1,15,3199,3200,,,,,,,,,,,,3200,,5,d8f62132-f5f9-4084-82a5-2b52ee86e391
W10-44,RS15M 0173,15M,400W,straight,STR,SingleRebar,,1,15,3199,3200,,,,,,,,,,,,3200,,5,34697ed9-8c3a-48a5-8d54-e34aa6f80fec
W10-44,RB15M 0068,15M,400W,bent,Unknown,RebarGroup,,2,15,509.9,149,509.9,,,,,,,,,,,1140,,1.8,705c3b4b-7557-4db5-9fdf-1e8d0cfc2334
W10-44,RS10M 0239,10M,400W,straight,STR,SingleRebar,,1,10,8790.3,8790,,,,,,,,,,,,8790,,6.9,428b77f2-ec53-43b9-b5f8-7a1dabf50a39
W10-44,RS10M 0239,10M,400W,straight,STR,SingleRebar,,1,10,8790.3,8790,,,,,,,,,,,,8790,,6.9,8d68ab23-1111-4aab-879b-36a149dcdc7d
W10-44,RS15M 0240,15M,400W,straight,STR,SingleRebar,,1,15,2360,2360,,,,,,,,,,,,2360,,3.7,b8093a58-eff7-4fd2-8ac2-62bc8b3ca7e1
W10-44,RS15M 0240,15M,400W,straight,STR,SingleRebar,,1,15,2360,2360,,,,,,,,,,,,2360,,3.7,82ed3222-d08b-4a07-ac28-f65dd4a83e45
W10-44,RS15M 0241,15M,400W,straight,STR,SingleRebar,,1,15,237,230,,,,,,,,,,,,240,,0.4,aab0f29e-fb54-4547-832c-da81922d3ca2
W10-44,RS15M 0059,15M,400W,straight,STR,RebarGroup,,14,15,2617.9,2615,,,,,,,,,,,,2620,,4.1,7c614df5-6225-436c-8aca-f3c055254fe2
W10-44,RS15M 0058,15M,400W,straight,STR,RebarGroup,,14,15,2875,2870,,,,,,,,,,,,2880,,4.5,545f9c1d-6d3c-40b2-816c-5e7acc846fd0
W10-44,RS10M 0208,10M,400W,straight,STR,RebarGroup,,2,10,9266,9270,,,,,,,,,,,,9270,,7.3,eed99f44-6470-4d68-b788-e7611c7b0023
W10-44,RS15M 0029,15M,400W,straight,STR,RebarGroup,,2,15,7887.2,7900,,,,,,,,,,,,7890,,12.4,029dd198-da2c-4d7a-835c-7cf049b1be9f
W10-44,RS15M 0029,15M,400W,straight,STR,RebarGroup,,2,15,7887.2,7900,,,,,,,,,,,,7890,,12.4,99368453-b524-47d0-9dbd-90b4b4288a79
W10-44,RS10M 0251,10M,400W,straight,STR,RebarGroup,,6,10,2015.1,2005,,,,,,,,,,,,2020,,1.6,ff5ba997-7cc5-4fbe-b59a-069b196d4456
W10-44,RS10M 0251,10M,400W,straight,STR,RebarGroup,,6,10,2015.1,2005,,,,,,,,,,,,2020,,1.6,42136277-e404-43fd-85de-17a32050360f
W10-44,RS15M 0095,15M,400W,straight,STR,SingleRebar,,1,15,9266,9270,,,,,,,,,,,,9270,,14.6,ca46d447-3151-42ad-bf5a-653e9b0bbd30
W10-44,RS15M 0277,15M,400W,straight,STR,SingleRebar,,1,15,8787,8790,,,,,,,,,,,,8790,,13.8,4866526f-c8d3-420e-9f76-b769f92aa974
W10-44,RS15M 0095,15M,400W,straight,STR,SingleRebar,,1,15,9266,9270,,,,,,,,,,,,9270,,14.6,bc60dcc8-a5be-4f79-9818-c8d1d09cfb3e
W10-44,RS15M 0277,15M,400W,straight,STR,SingleRebar,,1,15,8787,8790,,,,,,,,,,,,8790,,13.8,fab1adaa-181c-4a36-866c-cd42db8ec0ec
W10-44,RS15M 0278,15M,400W,straight,STR,SingleRebar,,1,15,176.1,180,,,,,,,,,,,,180,,0.3,d4e1ae43-515c-4a5c-8e6a-236dab28affd
W10-44,RS15M 0278,15M,400W,straight,STR,SingleRebar,,1,15,176,180,,,,,,,,,,,,180,,0.3,9e77a50c-ebde-404f-a58f-8f20a0a24e81
W10-44,RB10M 0135,10M,400W,stirrup,Unknown,RebarGroup,,22,10,754.6,181,503.8,181,37.5,80,,,,,,,,1690,,1.3,8dc471c1-6b78-432c-b523-825b4adb1f8c
W10-44,RB10M 0049,10M,400W,stirrup,T1,RebarGroup,,12,10,85,190,195,190,195,181,85,80,,,,,,890,,0.7,8431b849-b371-40d3-acfb-2ddbaa509223
W10-44,RS10M 0180,10M,400W,straight,STR,RebarGroup,,6,10,2617.2,2615,,,,,,,,,,,,2620,,2.1,d8ee69d8-f685-47f0-8977-e82494faa580
W10-44,RS10M 0195,10M,400W,straight,STR,RebarGroup,,6,10,2873.4,2870,,,,,,,,,,,,2870,,2.3,ccf4f583-e3d3-4616-bdaf-2f19603e370b
W10-44,RB25M 0139,25M,400W,bent,17,SingleRebar,,1,25,198,210,2085,210,,,,,,,,,,2380,,9.3,d395c852-8e2c-4fc0-a7cd-77ee8fb28ddb
W10-48,RB10M 0125,10M,400W,stirrup,14,RebarGroup,,2,10,200,140,210,140,200,,,,100,,,,405,860,,0.7,57957cc1-0842-49c2-bf97-58d715d51ad6
W10-48,RB10M 0125,10M,400W,stirrup,14,RebarGroup,,2,10,200,140,210,140,200,,,,100,,,,405,860,,0.7,89f4d402-8bb9-401c-9d0d-ecb45a94d0cc
W10-48,RB10M 0040,10M,400W,stirrup,T1,RebarGroup,,10,10,75,160,1675,160,1675,1662.8,75,74.1,,,,,,3790,,3,cd635839-57dd-422b-a2c1-0caafef6085e
W10-48,RB10M 0046,10M,400W,bent,17,RebarGroup,,9,10,323.5,330,160,330,,,,,,,,,,760,,0.6,6a9bc666-37de-4254-bc5d-380b007e6c4d
W10-48,RB10M 0046,10M,400W,bent,17,RebarGroup,,10,10,323.5,330,160,330,,,,,,,,,,760,,0.6,7b703086-2a3b-495c-8f68-dff07d9ba4ad
W10-48,RS10M 0030,10M,400W,straight,STR,RebarGroup,,2,10,600,610,,,,,,,,,,,,600,,0.5,fd08677e-d3aa-4b55-83d2-21d30744a73e
W10-48,RS10M 0030,10M,400W,straight,STR,RebarGroup,,2,10,600,610,,,,,,,,,,,,600,,0.5,955c60cb-62ca-4ee0-b81b-557acd928c89
W10-48,RS10M 0030,10M,400W,straight,STR,RebarGroup,,2,10,600,610,,,,,,,,,,,,600,,0.5,36a08d9c-6baa-4ea4-af53-ce24fee93dc7
W10-48,RS10M 0030,10M,400W,straight,STR,RebarGroup,,2,10,600,610,,,,,,,,,,,,600,,0.5,27f96dc7-f261-493c-95b2-72832fe88c67
W10-48,RS10M 0030,10M,400W,straight,STR,RebarGroup,,2,10,600,610,,,,,,,,,,,,600,,0.5,18184f4e-5616-45fc-b3aa-7ba3a1ade60a
W10-48,RS10M 0030,10M,400W,straight,STR,RebarGroup,,2,10,600,610,,,,,,,,,,,,600,,0.5,9e896962-7a97-412a-a056-96b0efc7a1de
W10-48,RB10M 0051,10M,400W,bent,TS5_1,RebarGroup,,2,10,255,255,255,,,,,,,,,,,750,,0.6,f0d7a584-3947-48d6-8b04-547d29883df1
W10-48,RB10M 0051,10M,400W,bent,TS5_1,RebarGroup,,2,10,255,255,255,,,,,,,,,,,750,,0.6,1d03e359-34dd-4427-85e7-6fd24f1cb17e
W10-48,RS15M 0096,15M,400W,straight,STR,RebarGroup,,2,15,4749.4,4750,,,,,,,,,,,,4750,,7.5,3c9fc73b-be65-4b83-b04c-8caf3d1d131d
W10-48,RS15M 0097,15M,400W,straight,STR,RebarGroup,,2,15,2562.7,2565,,,,,,,,,,,,2560,,4,3f2a569c-aabd-42e0-9811-d341f74bf496
W10-48,RB10M 0052,10M,400W,stirrup,TS67_2,RebarGroup,,13,10,100,160,280,160,280,160,100,,,,,,,1090,,0.9,6e08226b-a0e3-40eb-9073-0bbb09cfa224
W10-48,RS15M 0096,15M,400W,straight,STR,RebarGroup,,2,15,4749.4,4750,,,,,,,,,,,,4750,,7.5,01c7fb95-8cdc-4941-82c0-f02b29860784
W10-48,RS15M 0097,15M,400W,straight,STR,RebarGroup,,2,15,2562.7,2565,,,,,,,,,,,,2560,,4,db81e7a3-39af-49cd-a916-9ed70de7a59d
W10-48,RB10M 0050,10M,400W,stirrup,Unknown,RebarGroup,,12,10,93.1,653.5,147,1215.8,147,616.5,147,321.5,,,,,,4240,,3.3,0590860a-bfe9-4555-a704-cbed37b5fdb4
W10-48,RS10M 0208,10M,400W,straight,STR,SingleRebar,,1,10,9266,9270,,,,,,,,,,,,9270,,7.3,6836c183-b17d-4ac5-affb-1a6ff343cd78
W10-48,RS10M 0238,10M,400W,straight,STR,SingleRebar,,1,10,173,180,,,,,,,,,,,,170,,0.1,1995c0e0-bd6e-4abc-a0c3-0a7167ab4fb4
W10-48,RS10M 0238,10M,400W,straight,STR,SingleRebar,,1,10,173,180,,,,,,,,,,,,170,,0.1,d3e5fd4d-1524-4e7b-b32d-c1297bbd91a3
W10-48,RB10M 0051,10M,400W,bent,TS5_1,RebarGroup,,2,10,255,255,255,,,,,,,,,,,750,,0.6,2d7146f3-4f73-4120-be48-099acb4695ab
W10-48,RB10M 0051,10M,400W,bent,TS5_1,RebarGroup,,2,10,255,255,255,,,,,,,,,,,750,,0.6,fdb1b929-12ef-4b4b-bc69-d2406215fb74
W10-48,RS15M 0173,15M,400W,straight,STR,SingleRebar,,1,15,3199,3200,,,,,,,,,,,,3200,,5,717244d9-f105-4631-9135-42c1a94baa6f
W10-48,RS15M 0173,15M,400W,straight,STR,SingleRebar,,1,15,3199,3200,,,,,,,,,,,,3200,,5,a7a516c3-85ae-4181-b2d3-2afe384ba462
W10-48,RB15M 0068,15M,400W,bent,Unknown,RebarGroup,,2,15,509.9,149,509.9,,,,,,,,,,,1140,,1.8,5feaeb14-91a4-4ea9-a3f7-7a982101c870
W10-48,RS10M 0239,10M,400W,straight,STR,SingleRebar,,1,10,8790.3,8790,,,,,,,,,,,,8790,,6.9,da3eae8d-29be-4273-a3da-e18a4b257125
W10-48,RS10M 0239,10M,400W,straight,STR,SingleRebar,,1,10,8790.3,8790,,,,,,,,,,,,8790,,6.9,588b5ca2-af44-4d0f-9caf-6c0481452d1a
W10-48,RS15M 0240,15M,400W,straight,STR,SingleRebar,,1,15,2360,2360,,,,,,,,,,,,2360,,3.7,28a6cf82-e9ac-4499-83dc-0d831b58578a
W10-48,RS15M 0240,15M,400W,straight,STR,SingleRebar,,1,15,2360,2360,,,,,,,,,,,,2360,,3.7,034cedcf-ea38-40f0-a28d-688578d08621
W10-48,RS15M 0241,15M,400W,straight,STR,SingleRebar,,1,15,237,230,,,,,,,,,,,,240,,0.4,7aeee00c-551c-4ade-97fe-85191ad7566f
W10-48,RS15M 0059,15M,400W,straight,STR,RebarGroup,,14,15,2617.9,2615,,,,,,,,,,,,2620,,4.1,077bc397-1eea-4989-946a-38e02e146cb6
W10-48,RS15M 0058,15M,400W,straight,STR,RebarGroup,,14,15,2875,2870,,,,,,,,,,,,2880,,4.5,c68c47bc-4761-462b-9ace-169e77f73a2b
W10-48,RS10M 0208,10M,400W,straight,STR,RebarGroup,,2,10,9266,9270,,,,,,,,,,,,9270,,7.3,e2ce8482-6e52-4fb2-9f94-48db6ee25d9b
W10-48,RS15M 0029,15M,400W,straight,STR,RebarGroup,,2,15,7887.2,7900,,,,,,,,,,,,7890,,12.4,8331f085-7be1-4fa8-9298-e454f6e8dcc3
W10-48,RS15M 0029,15M,400W,straight,STR,RebarGroup,,2,15,7887.2,7900,,,,,,,,,,,,7890,,12.4,5ca7b699-c86e-4242-a4e2-7b587f5d2cea
W10-48,RS10M 0251,10M,400W,straight,STR,RebarGroup,,6,10,2015.1,2005,,,,,,,,,,,,2020,,1.6,d1157f95-c3a0-4cbd-8672-e7c9e0ba0bba
W10-48,RS10M 0251,10M,400W,straight,STR,RebarGroup,,6,10,2015.1,2005,,,,,,,,,,,,2020,,1.6,7d5c4bf7-8a08-4026-97a7-1a6aff63ea9b
W10-48,RS15M 0095,15M,400W,straight,STR,SingleRebar,,1,15,9266,9270,,,,,,,,,,,,9270,,14.6,f8aae835-e264-4521-818c-6706ab54b8c3
W10-48,RS15M 0277,15M,400W,straight,STR,SingleRebar,,1,15,8787,8790,,,,,,,,,,,,8790,,13.8,4f34ff8c-e8d9-4e1a-96e3-3ea4b1ccaa0b
W10-48,RS15M 0095,15M,400W,straight,STR,SingleRebar,,1,15,9266,9270,,,,,,,,,,,,9270,,14.6,07ac5510-94e8-4ec8-b3ed-cce423414700
W10-48,RS15M 0277,15M,400W,straight,STR,SingleRebar,,1,15,8787,8790,,,,,,,,,,,,8790,,13.8,6a2f4878-0f45-4808-9d33-18eb451317fb
W10-48,RS15M 0278,15M,400W,straight,STR,SingleRebar,,1,15,176.1,180,,,,,,,,,,,,180,,0.3,5c5a95ba-7b95-45ab-a10e-4ea3ef91f3fd
W10-48,RS15M 0278,15M,400W,straight,STR,SingleRebar,,1,15,176,180,,,,,,,,,,,,180,,0.3,c1680897-476b-44b6-941c-c301bc237a7b
W10-48,RB10M 0135,10M,400W,stirrup,Unknown,RebarGroup,,22,10,754.6,181,503.8,181,37.5,80,,,,,,,,1690,,1.3,be621d55-8188-4bca-b034-1845d81d9ae1
W10-48,RB10M 0049,10M,400W,stirrup,T1,RebarGroup,,12,10,85,190,195,190,195,181,85,80,,,,,,890,,0.7,3fbcda65-69b4-42df-b901-0df2e9e2b6e3
W10-48,RS10M 0180,10M,400W,straight,STR,RebarGroup,,6,10,2617.2,2615,,,,,,,,,,,,2620,,2.1,9221dae6-64ad-4eb3-95a3-70e9342ad2dd
W10-48,RS10M 0195,10M,400W,straight,STR,RebarGroup,,6,10,2873.4,2870,,,,,,,,,,,,2870,,2.3,3866e822-08d5-4e85-8eb7-3a4be4b29c6d
W10-48,RB25M 0139,25M,400W,bent,17,SingleRebar,,1,25,198,210,2085,210,,,,,,,,,,2380,,9.3,d5e1b826-1db2-4167-b073-f500c0a39e27
W10-47,RB10M 0125,10M,400W,stirrup,14,RebarGroup,,2,10,200,140,210,140,200,,,,100,,,,405,860,,0.7,04e542ba-65f1-4b8e-9af1-5c8091904421
W10-47,RB10M 0125,10M,400W,stirrup,14,RebarGroup,,2,10,200,140,210,140,200,,,,100,,,,405,860,,0.7,8d7ac648-96e5-466d-a680-22c14ada80dd
W10-47,RB25M 0141,25M,400W,bent,17,SingleRebar,,1,25,198,210,2090,210,,,,,,,,,,2380,,9.3,18a6dd31-d563-49b7-baa9-fe8800994661
W10-47,RB10M 0040,10M,400W,stirrup,T1,RebarGroup,,10,10,75,160,1675,160,1675,1662.8,75,74.1,,,,,,3790,,3,de4ed12f-a7ee-45ca-8091-b71d2fcd5ad0
W10-47,RB10M 0046,10M,400W,bent,17,RebarGroup,,9,10,323.5,330,160,330,,,,,,,,,,760,,0.6,8c8dc16b-c035-4f4a-9d7f-8e40ec73719f
W10-47,RS10M 0030,10M,400W,straight,STR,RebarGroup,,2,10,600,610,,,,,,,,,,,,600,,0.5,b4ef17d6-563b-4782-ba8d-f88ce4759dd6
W10-47,RS10M 0030,10M,400W,straight,STR,RebarGroup,,2,10,600,610,,,,,,,,,,,,600,,0.5,ad0dfc5d-f9f4-40e3-8e55-463bdfa7a604
W10-47,RS10M 0030,10M,400W,straight,STR,RebarGroup,,2,10,600,610,,,,,,,,,,,,600,,0.5,b8f66858-b4e9-434b-a057-a033067681a4
W10-47,RS10M 0030,10M,400W,straight,STR,RebarGroup,,2,10,600,610,,,,,,,,,,,,600,,0.5,16d02740-819a-4ec5-902e-3c0c5f8ffdba
W10-47,RS10M 0030,10M,400W,straight,STR,RebarGroup,,2,10,600,610,,,,,,,,,,,,600,,0.5,82c7ca14-804e-4ffd-b84c-308031b0b7a3
W10-47,RS10M 0030,10M,400W,straight,STR,RebarGroup,,2,10,600,610,,,,,,,,,,,,600,,0.5,2a925210-326a-4e01-92e4-bed3d39b55ce
W10-47,RB10M 0051,10M,400W,bent,TS5_1,RebarGroup,,2,10,255,255,255,,,,,,,,,,,750,,0.6,10dd2892-e690-4210-9861-ea02300a1549
W10-47,RB10M 0051,10M,400W,bent,TS5_1,RebarGroup,,2,10,255,255,255,,,,,,,,,,,750,,0.6,8b45e5d0-f84c-4728-9926-b94f8537b605
W10-47,RS15M 0096,15M,400W,straight,STR,RebarGroup,,2,15,4749.5,4750,,,,,,,,,,,,4750,,7.5,23ac7a50-32a9-4a6f-a8ea-0fd10662c609
W10-47,RS15M 0097,15M,400W,straight,STR,RebarGroup,,2,15,2562.6,2565,,,,,,,,,,,,2560,,4,512b4d91-6aa4-4ad2-8bf4-6b4b41113615
W10-47,RB10M 0052,10M,400W,stirrup,TS67_2,RebarGroup,,13,10,100,160,280,160,280,160,100,,,,,,,1090,,0.9,a9ea00c0-d815-4024-b9f5-40fab922b955
W10-47,RB10M 0050,10M,400W,stirrup,Unknown,RebarGroup,,13,10,93.1,653.5,147,1215.8,147,616.5,147,321.5,,,,,,4240,,3.3,c3b7534b-e03f-4dbb-a513-05df260d3cf6
W10-47,RS10M 0208,10M,400W,straight,STR,SingleRebar,,1,10,9266,9270,,,,,,,,,,,,9270,,7.3,e83afb54-8b69-400b-aa32-497dbbe691fd
W10-47,RS10M 0238,10M,400W,straight,STR,SingleRebar,,1,10,173.1,180,,,,,,,,,,,,170,,0.1,237748bd-00c3-4514-8292-9cf808c477ea
W10-47,RS10M 0238,10M,400W,straight,STR,SingleRebar,,1,10,173.1,180,,,,,,,,,,,,170,,0.1,23f042a3-4283-48cf-b9a6-0ce60d31fa7d
W10-47,RB10M 0051,10M,400W,bent,TS5_1,RebarGroup,,2,10,255,255,255,,,,,,,,,,,750,,0.6,89c7ec68-d437-4ffb-81ac-0bb548690321
W10-47,RB10M 0051,10M,400W,bent,TS5_1,RebarGroup,,2,10,255,255,255,,,,,,,,,,,750,,0.6,ab3c49f2-aba7-4cac-8999-2956aaf6d930
W10-47,RS15M 0173,15M,400W,straight,STR,SingleRebar,,1,15,3199,3200,,,,,,,,,,,,3200,,5,4612a635-337d-4752-9d3d-da0424d2c718
W10-47,RS15M 0173,15M,400W,straight,STR,SingleRebar,,1,15,3199,3200,,,,,,,,,,,,3200,,5,858f8310-a0ad-4cf2-8a52-8cd70e5cd987
W10-47,RB15M 0068,15M,400W,bent,Unknown,RebarGroup,,2,15,509.9,149,509.9,,,,,,,,,,,1140,,1.8,6217e715-57b5-4c57-8acd-7e3345c53e44
W10-47,RS10M 0239,10M,400W,straight,STR,SingleRebar,,1,10,8790.2,8790,,,,,,,,,,,,8790,,6.9,6d9becc2-9c31-4344-8cdf-636e9f09529a
W10-47,RS10M 0239,10M,400W,straight,STR,SingleRebar,,1,10,8790.2,8790,,,,,,,,,,,,8790,,6.9,20807599-7a68-4629-8084-fe9c50e329f0
W10-47,RS10M 0195,10M,400W,straight,STR,RebarGroup,,6,10,2873.4,2870,,,,,,,,,,,,2870,,2.3,55eda30b-1db9-430f-a1c0-ecb6a3d904e1
W10-47,RS10M 0180,10M,400W,straight,STR,RebarGroup,,6,10,2616.4,2615,,,,,,,,,,,,2620,,2.1,e2a2724c-a214-48ae-9990-3fa51a551b2e
W10-47,RS15M 0240,15M,400W,straight,STR,SingleRebar,,1,15,2360,2360,,,,,,,,,,,,2360,,3.7,159dbacb-a66f-4087-aec7-efff527172e5
W10-47,RS15M 0240,15M,400W,straight,STR,SingleRebar,,1,15,2360,2360,,,,,,,,,,,,2360,,3.7,58506870-36e2-46ae-a734-068d57b2ee62
W10-47,RS15M 0241,15M,400W,straight,STR,SingleRebar,,1,15,237,230,,,,,,,,,,,,240,,0.4,8426e0b0-63df-408e-a446-da2399d8c9f1
W10-47,RS15M 0059,15M,400W,straight,STR,RebarGroup,,14,15,2617.9,2615,,,,,,,,,,,,2620,,4.1,ea1ed9e4-6c75-4084-a608-d2b9d8592d77
W10-47,RS15M 0058,15M,400W,straight,STR,RebarGroup,,14,15,2875,2870,,,,,,,,,,,,2880,,4.5,7a525463-3399-4e15-b8fc-96589ff652be
W10-47,RS10M 0208,10M,400W,straight,STR,RebarGroup,,2,10,9266,9270,,,,,,,,,,,,9270,,7.3,907608af-ec6e-4e73-a2b1-08c383c36947
W10-47,RS15M 0029,15M,400W,straight,STR,RebarGroup,,2,15,7887.1,7900,,,,,,,,,,,,7890,,12.4,407a1b72-4dcb-43fc-be7b-47aef93036d8
W10-47,RS15M 0029,15M,400W,straight,STR,RebarGroup,,2,15,7887.1,7900,,,,,,,,,,,,7890,,12.4,3eb4dee9-98cf-495e-a7d4-a015f779c911
W10-47,RS10M 0251,10M,400W,straight,STR,RebarGroup,,6,10,2015.2,2005,,,,,,,,,,,,2020,,1.6,496711b0-c569-4888-8ab5-3a71dbbe99dd
W10-47,RS10M 0251,10M,400W,straight,STR,RebarGroup,,6,10,2015.2,2005,,,,,,,,,,,,2020,,1.6,3a09d653-0c80-49a9-9118-a8b2eea0b83c
W10-47,RS15M 0096,15M,400W,straight,STR,RebarGroup,,2,15,4749.5,4750,,,,,,,,,,,,4750,,7.5,83ee43da-85ab-43c5-88f8-4afcd6da53a9
W10-47,RS15M 0097,15M,400W,straight,STR,RebarGroup,,2,15,2562.6,2565,,,,,,,,,,,,2560,,4,9004924a-d630-4c3d-8c1e-369e811ce07b
W10-47,RS15M 0277,15M,400W,straight,STR,SingleRebar,,1,15,8787.1,8790,,,,,,,,,,,,8790,,13.8,c8f42cc8-1115-4ea0-9f59-2bb97bb4724a
W10-47,RS15M 0095,15M,400W,straight,STR,SingleRebar,,1,15,9266.1,9270,,,,,,,,,,,,9270,,14.6,41d584bf-beaf-4a40-9d6d-bcc1df1f22b9
W10-47,RS15M 0277,15M,400W,straight,STR,SingleRebar,,1,15,8787.1,8790,,,,,,,,,,,,8790,,13.8,4ef0f2f7-dc95-46db-bbf7-132db95ef01c
W10-47,RS15M 0095,15M,400W,straight,STR,SingleRebar,,1,15,9266.1,9270,,,,,,,,,,,,9270,,14.6,0df65849-2cb0-468d-ad5b-8bdb2fb53636
W10-47,RS15M 0278,15M,400W,straight,STR,SingleRebar,,1,15,176,180,,,,,,,,,,,,180,,0.3,8df86bb7-9dca-4537-9377-e7fc50652b27
W10-47,RS15M 0278,15M,400W,straight,STR,SingleRebar,,1,15,176,180,,,,,,,,,,,,180,,0.3,0254011e-4b80-4ab5-8b72-87965824d78e
W10-47,RB10M 0135,10M,400W,stirrup,Unknown,RebarGroup,,22,10,80,37.5,181,503.8,181,754.6,,,,,,,,1690,,1.3,26c7cd2f-2d77-45e2-b139-92d262d1f8a1
W10-47,RB10M 0136,10M,400W,stirrup,T1,RebarGroup,,12,10,85,195,200,195,200,185.8,85,80,,,,,,910,,0.7,0b7e4a49-4efb-4d11-a021-89b147805528
W10-47,RB10M 0046,10M,400W,bent,17,RebarGroup,,10,10,323.6,330,160,330,,,,,,,,,,760,,0.6,22d38e01-7d54-4e17-9f84-23f35590293b
W10-49,RB10M 0125,10M,400W,stirrup,14,RebarGroup,,2,10,200,140,210,140,200,,,,100,,,,405,860,,0.7,7ad5d375-70d7-4894-bd02-ae5b020eea60
W10-49,RB10M 0125,10M,400W,stirrup,14,RebarGroup,,2,10,200,140,210,140,200,,,,100,,,,405,860,,0.7,ee75e60d-abde-4fd9-96c2-e43e82cd700f
W10-49,RB10M 0040,10M,400W,stirrup,T1,RebarGroup,,10,10,75,160,1675,160,1675,1662.8,75,74.1,,,,,,3790,,3,55dcc271-d718-4914-a05a-fee54826ff8b
W10-49,RB10M 0046,10M,400W,bent,17,RebarGroup,,9,10,323.5,330,160,330,,,,,,,,,,760,,0.6,89f6c77d-8149-4cd4-bc85-f9beda5d7ac5
W10-49,RB10M 0046,10M,400W,bent,17,RebarGroup,,10,10,323.5,330,160,330,,,,,,,,,,760,,0.6,72c2e033-6c22-4e18-a25d-5f7af28a35fe
W10-49,RS10M 0030,10M,400W,straight,STR,RebarGroup,,2,10,600,610,,,,,,,,,,,,600,,0.5,cae8b6ec-7bed-4c76-a4e1-4090890cd448
W10-49,RS10M 0030,10M,400W,straight,STR,RebarGroup,,2,10,600,610,,,,,,,,,,,,600,,0.5,73f5c29e-14dd-4b84-9749-67c531f79395
W10-49,RS10M 0030,10M,400W,straight,STR,RebarGroup,,2,10,600,610,,,,,,,,,,,,600,,0.5,cee62c54-694b-4092-91ec-b55e8be6d714
W10-49,RS10M 0030,10M,400W,straight,STR,RebarGroup,,2,10,600,610,,,,,,,,,,,,600,,0.5,e177afbc-0583-4504-ae94-926b45953562
W10-49,RS10M 0030,10M,400W,straight,STR,RebarGroup,,2,10,600,610,,,,,,,,,,,,600,,0.5,1be2b772-a0f1-46b3-a16d-35c2938cb160
W10-49,RS10M 0030,10M,400W,straight,STR,RebarGroup,,2,10,600,610,,,,,,,,,,,,600,,0.5,ec06d054-d00d-4eac-afd0-e4fc975a46a4
W10-49,RB10M 0051,10M,400W,bent,TS5_1,RebarGroup,,2,10,255,255,255,,,,,,,,,,,750,,0.6,e9c38104-d8db-4da5-bcae-6693e021819d
W10-49,RB10M 0051,10M,400W,bent,TS5_1,RebarGroup,,2,10,255,255,255,,,,,,,,,,,750,,0.6,1706bba4-2801-40b1-911b-76cbdec8acec
W10-49,RS15M 0096,15M,400W,straight,STR,RebarGroup,,2,15,4749.4,4750,,,,,,,,,,,,4750,,7.5,7c3f2d7a-93cb-45ec-aa7b-0a7ed2b85219
W10-49,RS15M 0097,15M,400W,straight,STR,RebarGroup,,2,15,2562.7,2565,,,,,,,,,,,,2560,,4,ce4c1bf3-adfd-4f51-b317-7b2c294f0f19
W10-49,RB10M 0052,10M,400W,stirrup,TS67_2,RebarGroup,,13,10,100,160,280,160,280,160,100,,,,,,,1090,,0.9,054be37b-bfa5-4d39-9c73-e26bb707d0e4
W10-49,RS15M 0096,15M,400W,straight,STR,RebarGroup,,2,15,4749.4,4750,,,,,,,,,,,,4750,,7.5,10869ee1-6fd6-4fee-b074-4c789706978c
W10-49,RS15M 0097,15M,400W,straight,STR,RebarGroup,,2,15,2562.7,2565,,,,,,,,,,,,2560,,4,f3101c21-068a-4a97-bf2c-3902831f26b3
W10-49,RB10M 0050,10M,400W,stirrup,Unknown,RebarGroup,,12,10,93.1,653.5,147,1215.8,147,616.5,147,321.5,,,,,,4240,,3.3,20fc6e32-9a43-4245-afdb-1c243796b10e
W10-49,RS10M 0208,10M,400W,straight,STR,SingleRebar,,1,10,9266,9270,,,,,,,,,,,,9270,,7.3,8e962965-8f52-4284-9e46-ceaafc79292c
W10-49,RS10M 0238,10M,400W,straight,STR,SingleRebar,,1,10,173,180,,,,,,,,,,,,170,,0.1,50ea36d4-8e1c-4398-a4cb-cd6abb5f3141
W10-49,RS10M 0238,10M,400W,straight,STR,SingleRebar,,1,10,173,180,,,,,,,,,,,,170,,0.1,623408bc-ed4f-45cf-b90c-b2ef6bd546f6
W10-49,RB10M 0051,10M,400W,bent,TS5_1,RebarGroup,,2,10,255,255,255,,,,,,,,,,,750,,0.6,b38cf9d0-05d1-4894-a829-a5170fb19e3a
W10-49,RB10M 0051,10M,400W,bent,TS5_1,RebarGroup,,2,10,255,255,255,,,,,,,,,,,750,,0.6,c58003e4-1ab3-4704-a886-0389a872acb9
W10-49,RS15M 0173,15M,400W,straight,STR,SingleRebar,,1,15,3199,3200,,,,,,,,,,,,3200,,5,6e944442-5b92-4ffb-bb1e-693e87a6bbe3
W10-49,RS15M 0173,15M,400W,straight,STR,SingleRebar,,1,15,3199,3200,,,,,,,,,,,,3200,,5,d1f646db-3322-4077-8d0a-fe46939a12dd
W10-49,RB15M 0068,15M,400W,bent,Unknown,RebarGroup,,2,15,509.9,149,509.9,,,,,,,,,,,1140,,1.8,adf24ba8-20ec-4b53-b614-0bdedb902090
W10-49,RS10M 0239,10M,400W,straight,STR,SingleRebar,,1,10,8790.3,8790,,,,,,,,,,,,8790,,6.9,c880b9dd-f392-4859-9781-715b897209f3
W10-49,RS10M 0239,10M,400W,straight,STR,SingleRebar,,1,10,8790.3,8790,,,,,,,,,,,,8790,,6.9,14f3d6a7-ad1d-4504-84cd-e4d61914a02a
W10-49,RS15M 0240,15M,400W,straight,STR,SingleRebar,,1,15,2362,2360,,,,,,,,,,,,2360,,3.7,d1210676-9f51-4c00-8b80-42d0108b231f
W10-49,RS15M 0240,15M,400W,straight,STR,SingleRebar,,1,15,2362,2360,,,,,,,,,,,,2360,,3.7,ebe10c81-97bd-4654-8198-57aeeeebae28
W10-49,RS15M 0241,15M,400W,straight,STR,SingleRebar,,1,15,237,230,,,,,,,,,,,,240,,0.4,d56fa79e-02c7-4bd5-ba30-642eb50b42d8
W10-49,RS15M 0059,15M,400W,straight,STR,RebarGroup,,14,15,2617.9,2615,,,,,,,,,,,,2620,,4.1,c0d1c4a1-5b32-4bf0-99fe-68eaeaf4db8c
W10-49,RS15M 0058,15M,400W,straight,STR,RebarGroup,,14,15,2875,2870,,,,,,,,,,,,2880,,4.5,604aaab5-4a22-4908-8a5b-2dbb68e61c5c
W10-49,RS10M 0208,10M,400W,straight,STR,RebarGroup,,2,10,9266,9270,,,,,,,,,,,,9270,,7.3,39bc1b31-0ce9-4d22-a06f-8aa24c154152
W10-49,RS15M 0029,15M,400W,straight,STR,RebarGroup,,2,15,7887.2,7900,,,,,,,,,,,,7890,,12.4,5e937348-fded-4c7e-b725-5deb62d6083a
W10-49,RS15M 0029,15M,400W,straight,STR,RebarGroup,,2,15,7887.2,7900,,,,,,,,,,,,7890,,12.4,41ca1456-0fe0-47c6-9438-350f56bbfb5f
W10-49,RS10M 0251,10M,400W,straight,STR,RebarGroup,,6,10,2015.1,2005,,,,,,,,,,,,2020,,1.6,03026fb2-8707-48c7-8b2d-40c0e5632e04
W10-49,RS10M 0251,10M,400W,straight,STR,RebarGroup,,6,10,2015.1,2005,,,,,,,,,,,,2020,,1.6,52286077-44e3-4407-ab0e-92777394f595
W10-49,RS15M 0095,15M,400W,straight,STR,SingleRebar,,1,15,9266,9270,,,,,,,,,,,,9270,,14.6,4ac0edbc-3f09-4fc8-ba60-06f4506487d4
W10-49,RS15M 0268,15M,400W,straight,STR,SingleRebar,,1,15,8790,8790,,,,,,,,,,,,8790,,13.8,9f5bbef7-c148-464e-88b1-1adbbc852e0f
W10-49,RS15M 0095,15M,400W,straight,STR,SingleRebar,,1,15,9266,9270,,,,,,,,,,,,9270,,14.6,425b3570-f641-4e46-90b8-bc47cf3ba67e
W10-49,RS15M 0268,15M,400W,straight,STR,SingleRebar,,1,15,8790,8790,,,,,,,,,,,,8790,,13.8,07ace889-1a28-4eb2-a76c-8e8fc3f898fb
W10-49,RS15M 0269,15M,400W,straight,STR,SingleRebar,,1,15,173.1,180,,,,,,,,,,,,170,,0.3,83e7917c-8955-4946-96ee-4f0879327187
W10-49,RS15M 0269,15M,400W,straight,STR,SingleRebar,,1,15,173.1,180,,,,,,,,,,,,170,,0.3,85f2698b-5cea-4164-bd9e-de13fac6f574
W10-49,RB10M 0135,10M,400W,stirrup,Unknown,RebarGroup,,22,10,754.6,181,503.8,181,37.5,80,,,,,,,,1690,,1.3,59b72bd8-da11-4777-81c6-8a9da7904af0
W10-49,RB10M 0049,10M,400W,stirrup,T1,RebarGroup,,12,10,85,190,195,190,195,181,85,80,,,,,,890,,0.7,55788a7d-47c9-404e-89f5-44dfdc150d6b
W10-49,RS10M 0180,10M,400W,straight,STR,RebarGroup,,6,10,2617.2,2615,,,,,,,,,,,,2620,,2.1,9d6cb5c2-f72c-4033-80bb-3201461a94dd
W10-49,RS10M 0195,10M,400W,straight,STR,RebarGroup,,6,10,2873.4,2870,,,,,,,,,,,,2870,,2.3,cedef6d3-a103-488d-b041-313ae5852271
W10-49,RB25M 0139,25M,400W,bent,17,SingleRebar,,1,25,198,210,2085,210,,,,,,,,,,2380,,9.3,756e2c0a-741a-4132-bd06-69b0ab6308a7
W10-55,RB10M 0025,10M,400W,stirrup,14,RebarGroup,,2,10,200,140,210,140,200,,,,100,,,,405,860,,0.7,8cf8c3be-651c-43d1-9ebb-71b54b46eb13
W10-55,RB10M 0025,10M,400W,stirrup,14,RebarGroup,,2,10,200,140,210,140,200,,,,100,,,,405,860,,0.7,618c9b0b-b516-4ac1-9d1e-ca3eaa5f5bc4
W10-55,RB25M 0141,25M,400W,bent,17,SingleRebar,,1,25,198,210,2090,210,,,,,,,,,,2380,,9.3,78534c3f-c733-4ac0-b943-77debc996df9
W10-55,RB10M 0040,10M,400W,stirrup,T1,RebarGroup,,10,10,75,160,1675,160,1675,1662.8,75,74.1,,,,,,3790,,3,289584fd-4da7-4d39-a63a-fff6f2499f85
W10-55,RB10M 0046,10M,400W,bent,17,RebarGroup,,9,10,323.5,330,160,330,,,,,,,,,,760,,0.6,309257e7-9486-45d6-aaea-9def0d94a571
W10-55,RS10M 0030,10M,400W,straight,STR,RebarGroup,,2,10,600,610,,,,,,,,,,,,600,,0.5,fb880c20-7ab4-4a8e-a707-42aed17e5f42
W10-55,RS10M 0030,10M,400W,straight,STR,RebarGroup,,2,10,600,610,,,,,,,,,,,,600,,0.5,6cae4eca-c5ab-4844-becf-2f98447480eb
W10-55,RS10M 0030,10M,400W,straight,STR,RebarGroup,,2,10,600,610,,,,,,,,,,,,600,,0.5,c32c444c-1892-4199-81f0-4f9f882f9aef
W10-55,RS10M 0030,10M,400W,straight,STR,RebarGroup,,2,10,600,610,,,,,,,,,,,,600,,0.5,c39629cb-83df-42be-9c7c-d7a2ca6d9eb2
W10-55,RS10M 0030,10M,400W,straight,STR,RebarGroup,,2,10,600,610,,,,,,,,,,,,600,,0.5,78c2e284-f02b-4e84-9912-30d1455f7261
W10-55,RS10M 0030,10M,400W,straight,STR,RebarGroup,,2,10,600,610,,,,,,,,,,,,600,,0.5,7a37630e-c746-4bd5-ab2e-68a4e5e81646
W10-55,RB10M 0051,10M,400W,bent,TS5_1,RebarGroup,,2,10,255,255,255,,,,,,,,,,,750,,0.6,6a1071cb-1e8b-46bb-b9eb-c0a3488e72aa
W10-55,RB10M 0051,10M,400W,bent,TS5_1,RebarGroup,,2,10,255,255,255,,,,,,,,,,,750,,0.6,356e6491-2c11-44bf-b593-471784d7ed98
W10-55,RS15M 0096,15M,400W,straight,STR,RebarGroup,,2,15,4749.5,4750,,,,,,,,,,,,4750,,7.5,2d37ffa6-11bb-4a90-90c2-054693b68fe7
W10-55,RS15M 0097,15M,400W,straight,STR,RebarGroup,,2,15,2562.6,2565,,,,,,,,,,,,2560,,4,49ccdcf2-42dd-4381-8dac-0a20d8b4c0a1
W10-55,RB10M 0052,10M,400W,stirrup,TS67_2,RebarGroup,,13,10,100,160,280,160,280,160,100,,,,,,,1090,,0.9,170d5968-8981-4eec-82ae-f7c1b319b6b8
W10-55,RB10M 0050,10M,400W,stirrup,Unknown,RebarGroup,,13,10,93.1,653.5,147,1215.8,147,616.5,147,321.5,,,,,,4240,,3.3,9ac93a10-c3d0-4f26-94c5-5af6f30ee4f0
W10-55,RS10M 0208,10M,400W,straight,STR,SingleRebar,,1,10,9266,9270,,,,,,,,,,,,9270,,7.3,05477aa5-2481-455c-bb19-70dcf443f4b2
W10-55,RS10M 0238,10M,400W,straight,STR,SingleRebar,,1,10,173.1,180,,,,,,,,,,,,170,,0.1,68753a19-572a-4c97-9650-26256572c61a
W10-55,RS10M 0238,10M,400W,straight,STR,SingleRebar,,1,10,173.1,180,,,,,,,,,,,,170,,0.1,9cbb4094-0a2a-4387-958f-1f6b499c1bec
W10-55,RB10M 0051,10M,400W,bent,TS5_1,RebarGroup,,2,10,255,255,255,,,,,,,,,,,750,,0.6,5b99b41d-36ce-4765-97e3-085594b1251e
W10-55,RB10M 0051,10M,400W,bent,TS5_1,RebarGroup,,2,10,255,255,255,,,,,,,,,,,750,,0.6,f58c51cd-96cb-4893-b9b0-6badcd25c38a
W10-55,RS15M 0173,15M,400W,straight,STR,SingleRebar,,1,15,3199,3200,,,,,,,,,,,,3200,,5,61d74044-350c-4518-bb10-0c64cc45b257
W10-55,RS15M 0173,15M,400W,straight,STR,SingleRebar,,1,15,3199,3200,,,,,,,,,,,,3200,,5,815e9550-d0ca-4711-b526-1c555ed2f9ec
W10-55,RB15M 0068,15M,400W,bent,Unknown,RebarGroup,,2,15,509.9,149,509.9,,,,,,,,,,,1140,,1.8,b4274ef2-30b6-40ad-a49b-43664b8e028d
W10-55,RS10M 0239,10M,400W,straight,STR,SingleRebar,,1,10,8790.2,8790,,,,,,,,,,,,8790,,6.9,6c40093a-1538-43d9-ba2f-af96749ab245
W10-55,RS10M 0239,10M,400W,straight,STR,SingleRebar,,1,10,8790.2,8790,,,,,,,,,,,,8790,,6.9,d0277dd0-a6e0-4685-96e6-bc3e5c78c171
W10-55,RS10M 0195,10M,400W,straight,STR,RebarGroup,,6,10,2873.4,2870,,,,,,,,,,,,2870,,2.3,dc530e38-51f0-4135-86d8-844c37bbdd58
W10-55,RS10M 0180,10M,400W,straight,STR,RebarGroup,,6,10,2616.4,2615,,,,,,,,,,,,2620,,2.1,c942b8c5-baeb-4cdf-ab88-adce827c2252
W10-55,RS15M 0240,15M,400W,straight,STR,SingleRebar,,1,15,2360,2360,,,,,,,,,,,,2360,,3.7,566ba33d-feec-4fdd-8b1c-22b59ec67ab9
W10-55,RS15M 0240,15M,400W,straight,STR,SingleRebar,,1,15,2360,2360,,,,,,,,,,,,2360,,3.7,a4463544-7fd9-4c9c-8fdc-dda5b8487948
W10-55,RS15M 0241,15M,400W,straight,STR,SingleRebar,,1,15,237,230,,,,,,,,,,,,240,,0.4,01415b9a-3274-4098-9ea4-0a3eba1a6fad
W10-55,RS15M 0059,15M,400W,straight,STR,RebarGroup,,14,15,2617.9,2615,,,,,,,,,,,,2620,,4.1,4b511645-7dd1-424e-a19c-eac96a06e734
W10-55,RS15M 0058,15M,400W,straight,STR,RebarGroup,,14,15,2875,2870,,,,,,,,,,,,2880,,4.5,1cac1480-cf27-4256-b8f6-4c785ba3a600
W10-55,RS10M 0208,10M,400W,straight,STR,RebarGroup,,2,10,9266,9270,,,,,,,,,,,,9270,,7.3,355a1f6d-fdfd-450a-91a6-472995b4312d
W10-55,RS15M 0029,15M,400W,straight,STR,RebarGroup,,2,15,7887.1,7900,,,,,,,,,,,,7890,,12.4,1dc91975-ecae-4962-b815-9fb5113826c7
W10-55,RS15M 0029,15M,400W,straight,STR,RebarGroup,,2,15,7887.1,7900,,,,,,,,,,,,7890,,12.4,56bae398-98e8-4502-b31b-c8300d235a08
W10-55,RS10M 0251,10M,400W,straight,STR,RebarGroup,,6,10,2015.2,2005,,,,,,,,,,,,2020,,1.6,a74800ac-2cd7-49bc-838a-75bfff309576
W10-55,RS10M 0251,10M,400W,straight,STR,RebarGroup,,6,10,2015.2,2005,,,,,,,,,,,,2020,,1.6,3dd31d0f-c8b7-450f-bd38-e65b9ccf0ddf
W10-55,RS15M 0096,15M,400W,straight,STR,RebarGroup,,2,15,4749.5,4750,,,,,,,,,,,,4750,,7.5,f6ff4a62-e4c2-468b-998c-7322bf2bea4a
W10-55,RS15M 0097,15M,400W,straight,STR,RebarGroup,,2,15,2562.6,2565,,,,,,,,,,,,2560,,4,2c7912be-b6e8-4343-adc5-5bc9b480c5b2
W10-55,RS15M 0277,15M,400W,straight,STR,SingleRebar,,1,15,8787.1,8790,,,,,,,,,,,,8790,,13.8,83842da1-46fa-4150-bdce-ccd5e4f017e4
W10-55,RS15M 0095,15M,400W,straight,STR,SingleRebar,,1,15,9266.1,9270,,,,,,,,,,,,9270,,14.6,ec672328-1c96-4bc2-a2de-892d9325cbaa
W10-55,RS15M 0277,15M,400W,straight,STR,SingleRebar,,1,15,8787.1,8790,,,,,,,,,,,,8790,,13.8,a7f02a08-cc87-4bcc-9454-68147a23fc56
W10-55,RS15M 0095,15M,400W,straight,STR,SingleRebar,,1,15,9266.1,9270,,,,,,,,,,,,9270,,14.6,052f2937-d555-4ff3-bb50-e9b1ad77d133
W10-55,RS15M 0278,15M,400W,straight,STR,SingleRebar,,1,15,176,180,,,,,,,,,,,,180,,0.3,5cbec38d-599c-4d70-a7f8-2cc69e08b899
W10-55,RS15M 0278,15M,400W,straight,STR,SingleRebar,,1,15,176,180,,,,,,,,,,,,180,,0.3,667f7331-fe47-4ebd-934f-b6e06e4e8c56
W10-55,RB10M 0135,10M,400W,stirrup,Unknown,RebarGroup,,22,10,80,37.5,181,503.8,181,754.6,,,,,,,,1690,,1.3,f520c59f-4791-444e-8fa7-2b39ca619621
W10-55,RB10M 0136,10M,400W,stirrup,T1,RebarGroup,,12,10,85,195,200,195,200,185.8,85,80,,,,,,910,,0.7,15235449-489e-4b84-9d68-a09120ed80e4
W10-55,RB10M 0046,10M,400W,bent,17,RebarGroup,,10,10,323.6,330,160,330,,,,,,,,,,760,,0.6,8fcf4fce-c597-4696-892c-0e32a2a4063e
W10-57,RB10M 0025,10M,400W,stirrup,14,RebarGroup,,2,10,200,140,210,140,200,,,,100,,,,405,860,,0.7,2a4ba620-b017-4c82-8c37-a14ffb83f056
W10-57,RB10M 0025,10M,400W,stirrup,14,RebarGroup,,2,10,200,140,210,140,200,,,,100,,,,405,860,,0.7,2fc46f2d-cc61-4376-afef-d668c459a216
W10-57,RB10M 0040,10M,400W,stirrup,T1,RebarGroup,,10,10,75,160,1675,160,1675,1662.8,75,74.1,,,,,,3790,,3,605db213-9681-473d-9aa0-2d432c34937c
W10-57,RB10M 0046,10M,400W,bent,17,RebarGroup,,9,10,323.5,330,160,330,,,,,,,,,,760,,0.6,582d8b9b-5fd0-496c-a1cc-0808ce2de86c
W10-57,RB10M 0046,10M,400W,bent,17,RebarGroup,,10,10,323.5,330,160,330,,,,,,,,,,760,,0.6,b11461f6-c002-46c6-bd4a-634532669851
W10-57,RS10M 0030,10M,400W,straight,STR,RebarGroup,,2,10,600,610,,,,,,,,,,,,600,,0.5,d9701e9f-4c10-4e2c-8233-311ee833b6c6
W10-57,RS10M 0030,10M,400W,straight,STR,RebarGroup,,2,10,600,610,,,,,,,,,,,,600,,0.5,f16d874d-7ef8-4019-9459-4b3700c4099f
W10-57,RS10M 0030,10M,400W,straight,STR,RebarGroup,,2,10,600,610,,,,,,,,,,,,600,,0.5,d5ba5a0e-caed-4704-bc08-f4c8941b63bf
W10-57,RS10M 0030,10M,400W,straight,STR,RebarGroup,,2,10,600,610,,,,,,,,,,,,600,,0.5,a830d0c1-1e66-4025-90b5-22bc22dff181
W10-57,RS10M 0030,10M,400W,straight,STR,RebarGroup,,2,10,600,610,,,,,,,,,,,,600,,0.5,1ff88a95-e336-448e-b487-26357af74835
W10-57,RS10M 0030,10M,400W,straight,STR,RebarGroup,,2,10,600,610,,,,,,,,,,,,600,,0.5,afc344d2-8ccf-465b-96a9-c1b42e762a92
W10-57,RB10M 0051,10M,400W,bent,TS5_1,RebarGroup,,2,10,255,255,255,,,,,,,,,,,750,,0.6,105cd477-71a5-4c5b-8e0e-5c0ebda58784
W10-57,RB10M 0051,10M,400W,bent,TS5_1,RebarGroup,,2,10,255,255,255,,,,,,,,,,,750,,0.6,f60c5993-f707-4c0d-bce7-c3c2ed7d3d71
W10-57,RS15M 0096,15M,400W,straight,STR,RebarGroup,,2,15,4749.4,4750,,,,,,,,,,,,4750,,7.5,687b4947-9205-4aca-b3f4-5428aeb3b485
W10-57,RS15M 0097,15M,400W,straight,STR,RebarGroup,,2,15,2562.7,2565,,,,,,,,,,,,2560,,4,cbb7db27-6688-4456-9574-9049da05c077
W10-57,RB10M 0052,10M,400W,stirrup,TS67_2,RebarGroup,,13,10,100,160,280,160,280,160,100,,,,,,,1090,,0.9,6cef579f-1545-4499-9d2d-1a89e0945f4d
W10-57,RS15M 0096,15M,400W,straight,STR,RebarGroup,,2,15,4749.4,4750,,,,,,,,,,,,4750,,7.5,5e963123-5976-4914-80f2-8eed467e289c
W10-57,RS15M 0097,15M,400W,straight,STR,RebarGroup,,2,15,2562.7,2565,,,,,,,,,,,,2560,,4,6165ce22-80f6-48f4-bdf0-87ee3d0fc0b3
W10-57,RB10M 0050,10M,400W,stirrup,Unknown,RebarGroup,,12,10,93.1,653.5,147,1215.8,147,616.5,147,321.5,,,,,,4240,,3.3,d53830ec-9a6a-4e56-95fd-923054e62d33
W10-57,RS10M 0208,10M,400W,straight,STR,SingleRebar,,1,10,9266,9270,,,,,,,,,,,,9270,,7.3,ea9fd334-9d9c-4529-967e-d0b15b0da283
W10-57,RS10M 0238,10M,400W,straight,STR,SingleRebar,,1,10,173,180,,,,,,,,,,,,170,,0.1,f6564190-19bb-4833-99d1-512ad4178c77
W10-57,RS10M 0238,10M,400W,straight,STR,SingleRebar,,1,10,173,180,,,,,,,,,,,,170,,0.1,e6e7287b-5f70-4d84-99a0-4db6f10b7cae
W10-57,RB10M 0051,10M,400W,bent,TS5_1,RebarGroup,,2,10,255,255,255,,,,,,,,,,,750,,0.6,9b05a97a-04b2-4d7c-9b65-392eb2810581
W10-57,RB10M 0051,10M,400W,bent,TS5_1,RebarGroup,,2,10,255,255,255,,,,,,,,,,,750,,0.6,de7f238c-f2f0-4848-9ffa-0715b8be65d9
W10-57,RS15M 0173,15M,400W,straight,STR,SingleRebar,,1,15,3199,3200,,,,,,,,,,,,3200,,5,62b8aae3-4cb9-4ad5-84a1-ab6b06edd83f
W10-57,RS15M 0173,15M,400W,straight,STR,SingleRebar,,1,15,3199,3200,,,,,,,,,,,,3200,,5,5a647f0a-0cf2-4c55-a8a3-4291e3a259bb
W10-57,RB15M 0068,15M,400W,bent,Unknown,RebarGroup,,2,15,509.9,149,509.9,,,,,,,,,,,1140,,1.8,8c8102d8-57de-4c87-bf3c-4e78617a1879
W10-57,RS10M 0239,10M,400W,straight,STR,SingleRebar,,1,10,8790.3,8790,,,,,,,,,,,,8790,,6.9,9b700007-1aa3-4510-b05e-55f1b604a831
W10-57,RS10M 0239,10M,400W,straight,STR,SingleRebar,,1,10,8790.3,8790,,,,,,,,,,,,8790,,6.9,c31f91df-a932-4200-a395-7602000746ca
W10-57,RS15M 0240,15M,400W,straight,STR,SingleRebar,,1,15,2362,2360,,,,,,,,,,,,2360,,3.7,166d0ea3-454f-480f-8b96-b0ed2f0c02b7
W10-57,RS15M 0240,15M,400W,straight,STR,SingleRebar,,1,15,2362,2360,,,,,,,,,,,,2360,,3.7,a8bae738-e51c-4969-abaf-fd7298c04c2b
W10-57,RS15M 0241,15M,400W,straight,STR,SingleRebar,,1,15,237,230,,,,,,,,,,,,240,,0.4,ceb167e4-96d5-4aa4-b489-d618fcf09460
W10-57,RS15M 0059,15M,400W,straight,STR,RebarGroup,,14,15,2617.9,2615,,,,,,,,,,,,2620,,4.1,e02e194c-fc3b-4a4a-acd7-273c3f532557
W10-57,RS15M 0058,15M,400W,straight,STR,RebarGroup,,14,15,2875,2870,,,,,,,,,,,,2880,,4.5,94603588-e03c-446a-8d3e-0191314feccb
W10-57,RS10M 0208,10M,400W,straight,STR,RebarGroup,,2,10,9266,9270,,,,,,,,,,,,9270,,7.3,588bdc5b-0584-44e9-9f81-b137e6231ffb
W10-57,RS15M 0029,15M,400W,straight,STR,RebarGroup,,2,15,7887.2,7900,,,,,,,,,,,,7890,,12.4,53707769-1663-47e2-9101-a197a4193bf9
W10-57,RS15M 0029,15M,400W,straight,STR,RebarGroup,,2,15,7887.2,7900,,,,,,,,,,,,7890,,12.4,57b0e89a-8f4e-4b44-9e34-ffac59e4de2c
W10-57,RS10M 0251,10M,400W,straight,STR,RebarGroup,,6,10,2015.1,2005,,,,,,,,,,,,2020,,1.6,cf9fa520-2fc7-409a-8c9d-6db4fa8128f8
W10-57,RS10M 0251,10M,400W,straight,STR,RebarGroup,,6,10,2015.1,2005,,,,,,,,,,,,2020,,1.6,44a37012-ca01-4cf6-b088-e56b47e09c81
W10-57,RS15M 0095,15M,400W,straight,STR,SingleRebar,,1,15,9266,9270,,,,,,,,,,,,9270,,14.6,f4dad0e1-acbb-4a95-8d28-b54030d041d7
W10-57,RS15M 0268,15M,400W,straight,STR,SingleRebar,,1,15,8790,8790,,,,,,,,,,,,8790,,13.8,bc810140-600a-4b35-9e03-b7a1c367bcc9
W10-57,RS15M 0095,15M,400W,straight,STR,SingleRebar,,1,15,9266,9270,,,,,,,,,,,,9270,,14.6,c1c2c36e-e3fa-46f8-9fa7-a84909b3434b
W10-57,RS15M 0268,15M,400W,straight,STR,SingleRebar,,1,15,8790,8790,,,,,,,,,,,,8790,,13.8,b92286d6-9dc4-4357-8cce-733e27491da6
W10-57,RS15M 0269,15M,400W,straight,STR,SingleRebar,,1,15,173.1,180,,,,,,,,,,,,170,,0.3,3d588f8d-3e80-4f88-b102-4dccccc13b10
W10-57,RS15M 0269,15M,400W,straight,STR,SingleRebar,,1,15,173.1,180,,,,,,,,,,,,170,,0.3,7fa76e3b-3f52-40e4-b922-ac7bf0be65b6
W10-57,RB10M 0135,10M,400W,stirrup,Unknown,RebarGroup,,22,10,754.6,181,503.8,181,37.5,80,,,,,,,,1690,,1.3,ef76408e-982f-4b98-bd52-c7dc3a13ea34
W10-57,RB10M 0049,10M,400W,stirrup,T1,RebarGroup,,12,10,85,190,195,190,195,181,85,80,,,,,,890,,0.7,48adf6f4-9bd7-43ce-a7f6-95c930bc98d4
W10-57,RS10M 0180,10M,400W,straight,STR,RebarGroup,,6,10,2617.2,2615,,,,,,,,,,,,2620,,2.1,873f5ca8-a370-4565-b642-56b52e1d2a39
W10-57,RS10M 0195,10M,400W,straight,STR,RebarGroup,,6,10,2873.4,2870,,,,,,,,,,,,2870,,2.3,1ddfe7d9-694d-4fae-a3b6-684e6827bf1f
W10-57,RB25M 0139,25M,400W,bent,17,SingleRebar,,1,25,198,210,2085,210,,,,,,,,,,2380,,9.3,bf193c3c-30cc-4510-b85d-4df3948c1c54
W10-178,RB10M 0025,10M,400W,stirrup,14,RebarGroup,,2,10,200,140,210,140,200,,,,100,,,,405,860,,0.7,070d1d28-70eb-4100-87ad-8508ef92ebbd
W10-178,RB10M 0025,10M,400W,stirrup,14,RebarGroup,,2,10,200,140,210,140,200,,,,100,,,,405,860,,0.7,2d82c50b-683f-4d18-bd80-38fc301bb4e5
W10-178,RB10M 0040,10M,400W,stirrup,T1,RebarGroup,,10,10,75,160,1675,160,1675,1662.8,75,74.1,,,,,,3790,,3,f8a8f6b5-52ce-42fa-9e23-e327581f7dec
W10-178,RB10M 0046,10M,400W,bent,17,RebarGroup,,9,10,323.5,330,160,330,,,,,,,,,,760,,0.6,169ef6b2-46c3-4a48-8b4b-236f41191737
W10-178,RB10M 0046,10M,400W,bent,17,RebarGroup,,10,10,323.5,330,160,330,,,,,,,,,,760,,0.6,ab237bd9-1c7f-45af-a032-afc7e3cf0c14
W10-178,RS10M 0030,10M,400W,straight,STR,RebarGroup,,2,10,600,610,,,,,,,,,,,,600,,0.5,303e46ba-6224-4856-8b58-5e478c0a6afe
W10-178,RS10M 0030,10M,400W,straight,STR,RebarGroup,,2,10,600,610,,,,,,,,,,,,600,,0.5,b9c9284e-d7ab-4f37-af49-f56c8d241117
W10-178,RS10M 0030,10M,400W,straight,STR,RebarGroup,,2,10,600,610,,,,,,,,,,,,600,,0.5,a61c3e02-3b04-48f3-be01-7638fddeed0c
W10-178,RS10M 0030,10M,400W,straight,STR,RebarGroup,,2,10,600,610,,,,,,,,,,,,600,,0.5,f9dd76e9-cfbd-4709-be45-2cd07e99d194
W10-178,RS10M 0030,10M,400W,straight,STR,RebarGroup,,2,10,600,610,,,,,,,,,,,,600,,0.5,10cf3955-cece-41e0-865c-9e7d402e9a76
W10-178,RS10M 0030,10M,400W,straight,STR,RebarGroup,,2,10,600,610,,,,,,,,,,,,600,,0.5,a029b1e7-72ab-45ca-a332-1c6a50baed41
W10-178,RB10M 0051,10M,400W,bent,TS5_1,RebarGroup,,2,10,255,255,255,,,,,,,,,,,750,,0.6,f6c4e4ea-4dd1-41c5-8a30-d70560e3074b
W10-178,RB10M 0051,10M,400W,bent,TS5_1,RebarGroup,,2,10,255,255,255,,,,,,,,,,,750,,0.6,3ebf8440-298a-4ce3-b4eb-60d24e2391fa
W10-178,RS15M 0096,15M,400W,straight,STR,RebarGroup,,2,15,4749.4,4750,,,,,,,,,,,,4750,,7.5,c75c315f-7e01-41f1-a521-3ba5a4e0711b
W10-178,RS15M 0097,15M,400W,straight,STR,RebarGroup,,2,15,2562.7,2565,,,,,,,,,,,,2560,,4,87cd74b1-8df0-48d3-b478-c48a47f5da6c
W10-178,RB10M 0052,10M,400W,stirrup,TS67_2,RebarGroup,,13,10,100,160,280,160,280,160,100,,,,,,,1090,,0.9,0ef0e1df-68c1-4938-8ffd-e5150bca50f9
W10-178,RS15M 0096,15M,400W,straight,STR,RebarGroup,,2,15,4749.4,4750,,,,,,,,,,,,4750,,7.5,cc65da69-ad7f-473b-8a3a-d708e9082d2a
W10-178,RS15M 0097,15M,400W,straight,STR,RebarGroup,,2,15,2562.7,2565,,,,,,,,,,,,2560,,4,b0bcaf49-c485-4b37-906f-7c7d397aea2c
W10-178,RB10M 0050,10M,400W,stirrup,Unknown,RebarGroup,,12,10,93.1,653.5,147,1215.8,147,616.5,147,321.5,,,,,,4240,,3.3,ac68a851-9565-4c02-805a-aa21b5654d3d
W10-178,RS10M 0208,10M,400W,straight,STR,SingleRebar,,1,10,9266,9270,,,,,,,,,,,,9270,,7.3,53a2f58b-5994-4787-b130-af7bd702196d
W10-178,RS10M 0238,10M,400W,straight,STR,SingleRebar,,1,10,173,180,,,,,,,,,,,,170,,0.1,6a8e5401-7c98-40fe-8547-300e7ad61256
W10-178,RS10M 0238,10M,400W,straight,STR,SingleRebar,,1,10,173,180,,,,,,,,,,,,170,,0.1,2d34fac8-c4c2-40f4-b2dd-784f2f272583
W10-178,RB10M 0051,10M,400W,bent,TS5_1,RebarGroup,,2,10,255,255,255,,,,,,,,,,,750,,0.6,d25c88ac-7b91-4aa5-9d75-14d89c70d69e
W10-178,RB10M 0051,10M,400W,bent,TS5_1,RebarGroup,,2,10,255,255,255,,,,,,,,,,,750,,0.6,971b954c-579b-4ffa-972c-1a286cbbc3fb
W10-178,RS15M 0173,15M,400W,straight,STR,SingleRebar,,1,15,3199,3200,,,,,,,,,,,,3200,,5,923b7d94-6ba4-448e-a5fc-5e8d2aa6e8d3
W10-178,RS15M 0173,15M,400W,straight,STR,SingleRebar,,1,15,3199,3200,,,,,,,,,,,,3200,,5,0e8e766c-49a8-40dd-a665-eb1c324fcdb3
W10-178,RB15M 0068,15M,400W,bent,Unknown,RebarGroup,,2,15,509.9,149,509.9,,,,,,,,,,,1140,,1.8,bdd25c8b-dec8-43f6-8a40-6551d2d394f9
W10-178,RS10M 0239,10M,400W,straight,STR,SingleRebar,,1,10,8790.3,8790,,,,,,,,,,,,8790,,6.9,60dc2cd7-b89f-41aa-b9be-5052b2bf8630
W10-178,RS10M 0239,10M,400W,straight,STR,SingleRebar,,1,10,8790.3,8790,,,,,,,,,,,,8790,,6.9,c0e862ac-195f-426b-8f3a-5b05152491c5
W10-178,RS15M 0240,15M,400W,straight,STR,SingleRebar,,1,15,2362,2360,,,,,,,,,,,,2360,,3.7,3716d574-b03e-40dd-ac0f-91992c3e374d
W10-178,RS15M 0240,15M,400W,straight,STR,SingleRebar,,1,15,2362,2360,,,,,,,,,,,,2360,,3.7,35859e4d-4abc-49a2-a42c-0bff3f0d3d5c
W10-178,RS15M 0241,15M,400W,straight,STR,SingleRebar,,1,15,237,230,,,,,,,,,,,,240,,0.4,bd3150ab-9acb-4387-9110-d6f16f7b4ffb
W10-178,RS15M 0059,15M,400W,straight,STR,RebarGroup,,14,15,2617.9,2615,,,,,,,,,,,,2620,,4.1,d5ec0527-8040-42e1-b6b6-4c91bd8fd3d4
W10-178,RS15M 0058,15M,400W,straight,STR,RebarGroup,,14,15,2875,2870,,,,,,,,,,,,2880,,4.5,c60f5745-a2da-4034-84f9-61a74dfe523c
W10-178,RS10M 0208,10M,400W,straight,STR,RebarGroup,,2,10,9266,9270,,,,,,,,,,,,9270,,7.3,897b60fd-3983-485c-87a6-86fe8e83d365
W10-178,RS15M 0029,15M,400W,straight,STR,RebarGroup,,2,15,7887.2,7900,,,,,,,,,,,,7890,,12.4,5c7664db-005d-40ae-8f35-63abdc5a6863
W10-178,RS15M 0029,15M,400W,straight,STR,RebarGroup,,2,15,7887.2,7900,,,,,,,,,,,,7890,,12.4,5846ca60-d386-4cbf-821b-a20f8139aad2
W10-178,RS10M 0251,10M,400W,straight,STR,RebarGroup,,6,10,2015.1,2005,,,,,,,,,,,,2020,,1.6,a8d58ea1-2b7e-4809-b014-b719cfa8a3b8
W10-178,RS10M 0251,10M,400W,straight,STR,RebarGroup,,6,10,2015.1,2005,,,,,,,,,,,,2020,,1.6,69ee22ff-9e64-4c28-a48d-89ac8c7f53c2
W10-178,RS15M 0095,15M,400W,straight,STR,SingleRebar,,1,15,9266,9270,,,,,,,,,,,,9270,,14.6,0e81fd9d-f112-4dfa-ba05-1905541cad0d
W10-178,RS15M 0268,15M,400W,straight,STR,SingleRebar,,1,15,8790,8790,,,,,,,,,,,,8790,,13.8,f40d6e76-f4bc-4603-8cc6-d053c12c54dc
W10-178,RS15M 0095,15M,400W,straight,STR,SingleRebar,,1,15,9266,9270,,,,,,,,,,,,9270,,14.6,536fa1b5-d2bb-407b-9036-ab0c60c6be15
W10-178,RS15M 0268,15M,400W,straight,STR,SingleRebar,,1,15,8790,8790,,,,,,,,,,,,8790,,13.8,47a601c7-8ec1-4ebe-883c-eda3dd93e2d6
W10-178,RS15M 0269,15M,400W,straight,STR,SingleRebar,,1,15,173.1,180,,,,,,,,,,,,170,,0.3,71c6b921-959a-40c7-be9d-c319496e7bec
W10-178,RS15M 0269,15M,400W,straight,STR,SingleRebar,,1,15,173.1,180,,,,,,,,,,,,170,,0.3,9d5d73de-2b5c-4950-a7fd-a5ed34ba81d3
W10-178,RB10M 0135,10M,400W,stirrup,Unknown,RebarGroup,,22,10,754.6,181,503.8,181,37.5,80,,,,,,,,1690,,1.3,f8c1e98f-80cb-40cc-be86-d34c43738382
W10-178,RB10M 0049,10M,400W,stirrup,T1,RebarGroup,,12,10,85,190,195,190,195,181,85,80,,,,,,890,,0.7,edafad4f-2e44-4f21-a279-a2837a9902e1
W10-178,RS10M 0180,10M,400W,straight,STR,RebarGroup,,6,10,2617.2,2615,,,,,,,,,,,,2620,,2.1,2708646d-217b-41d5-8b12-55823867ec7c
W10-178,RS10M 0195,10M,400W,straight,STR,RebarGroup,,6,10,2873.4,2870,,,,,,,,,,,,2870,,2.3,e8e6eb9c-5770-489c-a524-6239abdf6055
W10-178,RB25M 0139,25M,400W,bent,17,SingleRebar,,1,25,198,210,2085,210,,,,,,,,,,2380,,9.3,fe1cd1d8-8849-4e76-94c1-767050e371d2
W10-56,RB10M 0025,10M,400W,stirrup,14,RebarGroup,,2,10,200,140,210,140,200,,,,100,,,,405,860,,0.7,cd080f0f-7c2c-4ca0-84eb-771eb2953567
W10-56,RB10M 0025,10M,400W,stirrup,14,RebarGroup,,2,10,200,140,210,140,200,,,,100,,,,405,860,,0.7,040a4d50-79a0-49d3-9437-dc64d1d3ae31
W10-56,RB10M 0040,10M,400W,stirrup,T1,RebarGroup,,10,10,75,160,1675,160,1675,1662.8,75,74.1,,,,,,3790,,3,e1b229ad-cc4e-4cea-8b38-f222195b64df
W10-56,RB10M 0046,10M,400W,bent,17,RebarGroup,,9,10,323.5,330,160,330,,,,,,,,,,760,,0.6,f5f8bdd9-6d1f-4270-bf4f-7a284c128514
W10-56,RB10M 0046,10M,400W,bent,17,RebarGroup,,10,10,323.5,330,160,330,,,,,,,,,,760,,0.6,ed6bdbee-0b6f-4af9-aa1f-eb47e0a3a9e7
W10-56,RS10M 0030,10M,400W,straight,STR,RebarGroup,,2,10,600,610,,,,,,,,,,,,600,,0.5,5821cedd-21e6-44fd-b448-b24b558b8024
W10-56,RS10M 0030,10M,400W,straight,STR,RebarGroup,,2,10,600,610,,,,,,,,,,,,600,,0.5,52082a62-4254-4ccf-9ff2-7b5c22f195a4
W10-56,RS10M 0030,10M,400W,straight,STR,RebarGroup,,2,10,600,610,,,,,,,,,,,,600,,0.5,c18c6a23-4e06-4d24-8a52-1bb8521710ec
W10-56,RS10M 0030,10M,400W,straight,STR,RebarGroup,,2,10,600,610,,,,,,,,,,,,600,,0.5,9e0d25cd-8c1d-4d30-95a7-1178c41927ef
W10-56,RS10M 0030,10M,400W,straight,STR,RebarGroup,,2,10,600,610,,,,,,,,,,,,600,,0.5,8660fd73-0ab1-4dd5-a6f3-ad243851d8c3
W10-56,RS10M 0030,10M,400W,straight,STR,RebarGroup,,2,10,600,610,,,,,,,,,,,,600,,0.5,c742fa81-6227-46c8-a573-f9fb299ce6bb
W10-56,RB10M 0051,10M,400W,bent,TS5_1,RebarGroup,,2,10,255,255,255,,,,,,,,,,,750,,0.6,b85c1a53-3ffe-4d58-94ae-200456878f58
W10-56,RB10M 0051,10M,400W,bent,TS5_1,RebarGroup,,2,10,255,255,255,,,,,,,,,,,750,,0.6,179f8761-796b-468d-b984-2b8c3359e6a7
W10-56,RS15M 0096,15M,400W,straight,STR,RebarGroup,,2,15,4749.4,4750,,,,,,,,,,,,4750,,7.5,74430df3-3025-4d82-846f-82e53d4cf616
W10-56,RS15M 0097,15M,400W,straight,STR,RebarGroup,,2,15,2562.7,2565,,,,,,,,,,,,2560,,4,4df7cacd-8210-40f7-ac1c-2e6644b56a35
W10-56,RB10M 0052,10M,400W,stirrup,TS67_2,RebarGroup,,13,10,100,160,280,160,280,160,100,,,,,,,1090,,0.9,54efb5f1-4fd6-4008-8128-1de340eef912
W10-56,RS15M 0096,15M,400W,straight,STR,RebarGroup,,2,15,4749.4,4750,,,,,,,,,,,,4750,,7.5,df87728b-84c3-4125-942f-53822195695d
W10-56,RS15M 0097,15M,400W,straight,STR,RebarGroup,,2,15,2562.7,2565,,,,,,,,,,,,2560,,4,5be6551b-0afa-4144-b63b-d6d423f55834
W10-56,RB10M 0050,10M,400W,stirrup,Unknown,RebarGroup,,12,10,93.1,653.5,147,1215.8,147,616.5,147,321.5,,,,,,4240,,3.3,d9d1eda1-9781-4512-aef3-b6d08c2cb15a
W10-56,RS10M 0208,10M,400W,straight,STR,SingleRebar,,1,10,9266,9270,,,,,,,,,,,,9270,,7.3,0802cffb-1884-41de-99e2-a2d85c58da08
W10-56,RS10M 0238,10M,400W,straight,STR,SingleRebar,,1,10,173,180,,,,,,,,,,,,170,,0.1,08b5787b-63a2-4cdf-95e8-541df7214181
W10-56,RS10M 0238,10M,400W,straight,STR,SingleRebar,,1,10,173,180,,,,,,,,,,,,170,,0.1,772008fc-0d98-4366-954b-7797f5d38aee
W10-56,RB10M 0051,10M,400W,bent,TS5_1,RebarGroup,,2,10,255,255,255,,,,,,,,,,,750,,0.6,d30e3112-5897-4c9e-8b27-c1c31d3be5b5
W10-56,RB10M 0051,10M,400W,bent,TS5_1,RebarGroup,,2,10,255,255,255,,,,,,,,,,,750,,0.6,4d2a26d3-b12f-4a95-b12b-d55045ec52d5
W10-56,RS15M 0173,15M,400W,straight,STR,SingleRebar,,1,15,3199,3200,,,,,,,,,,,,3200,,5,ae97ca90-63f3-48c8-9a49-1490885b7282
W10-56,RS15M 0173,15M,400W,straight,STR,SingleRebar,,1,15,3199,3200,,,,,,,,,,,,3200,,5,db010337-7eed-448b-bc52-4bb34942fdb5
W10-56,RB15M 0068,15M,400W,bent,Unknown,RebarGroup,,2,15,509.9,149,509.9,,,,,,,,,,,1140,,1.8,327fe329-7d97-4f7e-b76e-d7f89d1dd9da
W10-56,RS10M 0239,10M,400W,straight,STR,SingleRebar,,1,10,8790.3,8790,,,,,,,,,,,,8790,,6.9,8872cf17-9fa3-449b-a1ac-b8e320a52519
W10-56,RS10M 0239,10M,400W,straight,STR,SingleRebar,,1,10,8790.3,8790,,,,,,,,,,,,8790,,6.9,f80e65d0-24a3-4606-b99f-1f6dad2d2622
W10-56,RS15M 0240,15M,400W,straight,STR,SingleRebar,,1,15,2360,2360,,,,,,,,,,,,2360,,3.7,79a9dab9-8176-4885-b133-fd7271768f08
W10-56,RS15M 0240,15M,400W,straight,STR,SingleRebar,,1,15,2360,2360,,,,,,,,,,,,2360,,3.7,1512a61c-8c35-49ed-ad46-c5528f5f83db
W10-56,RS15M 0241,15M,400W,straight,STR,SingleRebar,,1,15,237,230,,,,,,,,,,,,240,,0.4,c318ba0a-2941-46d3-af37-8516956a5861
W10-56,RS15M 0059,15M,400W,straight,STR,RebarGroup,,14,15,2617.9,2615,,,,,,,,,,,,2620,,4.1,ecc1d09c-e7de-4ffa-a455-93ed1ff04ae5
W10-56,RS15M 0058,15M,400W,straight,STR,RebarGroup,,14,15,2875,2870,,,,,,,,,,,,2880,,4.5,e92f4801-90fa-4484-bca2-34bbee79fbd0
W10-56,RS10M 0208,10M,400W,straight,STR,RebarGroup,,2,10,9266,9270,,,,,,,,,,,,9270,,7.3,501221ff-8dcd-4a53-a90b-8f1363e90a95
W10-56,RS15M 0029,15M,400W,straight,STR,RebarGroup,,2,15,7887.2,7900,,,,,,,,,,,,7890,,12.4,af52cf0f-f786-43ae-a009-09dfe8e684d2
W10-56,RS15M 0029,15M,400W,straight,STR,RebarGroup,,2,15,7887.2,7900,,,,,,,,,,,,7890,,12.4,bf6174cb-3b34-44a1-aab4-c20a6c483f81
W10-56,RS10M 0251,10M,400W,straight,STR,RebarGroup,,6,10,2015.1,2005,,,,,,,,,,,,2020,,1.6,f37171cb-517f-4d75-8e25-6d7a2e600e1a
W10-56,RS10M 0251,10M,400W,straight,STR,RebarGroup,,6,10,2015.1,2005,,,,,,,,,,,,2020,,1.6,471f00bd-e4bf-4942-b6e4-4cc16fefea9f
W10-56,RS15M 0095,15M,400W,straight,STR,SingleRebar,,1,15,9266,9270,,,,,,,,,,,,9270,,14.6,f2a91758-c9c5-40ea-89ac-2fd655a206ea
W10-56,RS15M 0277,15M,400W,straight,STR,SingleRebar,,1,15,8787,8790,,,,,,,,,,,,8790,,13.8,2f99b6d8-6ad6-445e-9157-bf7bedc69f2d
W10-56,RS15M 0095,15M,400W,straight,STR,SingleRebar,,1,15,9266,9270,,,,,,,,,,,,9270,,14.6,40f885d2-32d0-494b-b8e0-10046e164065
W10-56,RS15M 0277,15M,400W,straight,STR,SingleRebar,,1,15,8787,8790,,,,,,,,,,,,8790,,13.8,c1d33d19-1d57-487e-ab23-f8e235890332
W10-56,RS15M 0278,15M,400W,straight,STR,SingleRebar,,1,15,176.1,180,,,,,,,,,,,,180,,0.3,b003dbce-9e66-4159-89eb-927d6021a790
W10-56,RS15M 0278,15M,400W,straight,STR,SingleRebar,,1,15,176,180,,,,,,,,,,,,180,,0.3,091fb5b3-6ba0-41c7-a2b8-0ccbd4a728b4
W10-56,RB10M 0135,10M,400W,stirrup,Unknown,RebarGroup,,22,10,754.6,181,503.8,181,37.5,80,,,,,,,,1690,,1.3,5958fd93-1370-4593-a698-b80f12386cda
W10-56,RB10M 0049,10M,400W,stirrup,T1,RebarGroup,,12,10,85,190,195,190,195,181,85,80,,,,,,890,,0.7,20e00808-82ac-4222-abf4-4db1ba50f57d
W10-56,RS10M 0180,10M,400W,straight,STR,RebarGroup,,6,10,2617.2,2615,,,,,,,,,,,,2620,,2.1,ca1c89bb-b2f8-4517-8004-380e9defb6d9
W10-56,RS10M 0195,10M,400W,straight,STR,RebarGroup,,6,10,2873.4,2870,,,,,,,,,,,,2870,,2.3,f7921e25-eeeb-4401-96a7-b62e55623f13
W10-56,RB25M 0139,25M,400W,bent,17,SingleRebar,,1,25,198,210,2085,210,,,,,,,,,,2380,,9.3,b8730c68-fde0-4d2f-814e-a6d9181953cc
W10-23,RB10M 0025,10M,400W,stirrup,14,RebarGroup,,2,10,200,140,210,140,200,,,,100,,,,405,860,,0.7,6b4ff4e1-feec-48b7-99f0-e56b6e163800
W10-23,RB10M 0025,10M,400W,stirrup,14,RebarGroup,,2,10,200,140,210,140,200,,,,100,,,,405,860,,0.7,0d322dfd-d0b5-4fc9-96b5-a38fa5467f5d
W10-23,RB10M 0040,10M,400W,stirrup,T1,RebarGroup,,10,10,75,160,1675,160,1675,1662.8,75,74.1,,,,,,3790,,3,e4284788-94e4-4c75-9a37-4b2bf5576700
W10-23,RB10M 0046,10M,400W,bent,17,RebarGroup,,9,10,323.5,330,160,330,,,,,,,,,,760,,0.6,4a4624ed-b8f2-4253-b978-fe9fce41efb7
W10-23,RB10M 0046,10M,400W,bent,17,RebarGroup,,10,10,323.5,330,160,330,,,,,,,,,,760,,0.6,940878c6-075a-428f-b1b9-994091faad81
W10-23,RS10M 0030,10M,400W,straight,STR,RebarGroup,,2,10,600,610,,,,,,,,,,,,600,,0.5,16b1b37e-fd63-43b6-8280-f0132e22fbf8
W10-23,RS10M 0030,10M,400W,straight,STR,RebarGroup,,2,10,600,610,,,,,,,,,,,,600,,0.5,3e428a3e-764c-42c9-bb15-efabd0f30899
W10-23,RS10M 0030,10M,400W,straight,STR,RebarGroup,,2,10,600,610,,,,,,,,,,,,600,,0.5,140a3728-0c04-4ff5-afbf-e6740a6f461a
W10-23,RS10M 0030,10M,400W,straight,STR,RebarGroup,,2,10,600,610,,,,,,,,,,,,600,,0.5,47931da5-93e0-4917-8d78-0e2cbddaa876
W10-23,RS10M 0030,10M,400W,straight,STR,RebarGroup,,2,10,600,610,,,,,,,,,,,,600,,0.5,e7f36046-5f8b-4a50-8d8a-b9b49d1aacc8
W10-23,RS10M 0030,10M,400W,straight,STR,RebarGroup,,2,10,600,610,,,,,,,,,,,,600,,0.5,9a8ec290-4189-498a-8911-30ebdd94f38a
W10-23,RB10M 0051,10M,400W,bent,TS5_1,RebarGroup,,2,10,255,255,255,,,,,,,,,,,750,,0.6,99329197-472f-4bce-b591-15f700cffae3
W10-23,RB10M 0051,10M,400W,bent,TS5_1,RebarGroup,,2,10,255,255,255,,,,,,,,,,,750,,0.6,102a259f-e6d5-49ed-ab70-00fde9f1981a
W10-23,RS15M 0096,15M,400W,straight,STR,RebarGroup,,2,15,4749.4,4750,,,,,,,,,,,,4750,,7.5,b44681b0-609d-43c0-8ea7-65aea2225d68
W10-23,RS15M 0097,15M,400W,straight,STR,RebarGroup,,2,15,2562.7,2565,,,,,,,,,,,,2560,,4,806818ba-aa32-40d7-84ea-af184733f92b
W10-23,RB10M 0052,10M,400W,stirrup,TS67_2,RebarGroup,,13,10,100,160,280,160,280,160,100,,,,,,,1090,,0.9,a1a3ee5c-7d5d-49f4-a6cd-0759e0a9f441
W10-23,RS15M 0096,15M,400W,straight,STR,RebarGroup,,2,15,4749.4,4750,,,,,,,,,,,,4750,,7.5,e000b8cf-2cbe-428b-968a-639607fcea41
W10-23,RS15M 0097,15M,400W,straight,STR,RebarGroup,,2,15,2562.7,2565,,,,,,,,,,,,2560,,4,2d742ad6-f76b-417e-98ee-47842ab24166
W10-23,RB10M 0050,10M,400W,stirrup,Unknown,RebarGroup,,12,10,93.1,653.5,147,1215.8,147,616.5,147,321.5,,,,,,4240,,3.3,7f69cad4-2b5e-4c6b-aead-440ffc3c9a3b
W10-23,RS10M 0208,10M,400W,straight,STR,SingleRebar,,1,10,9266,9270,,,,,,,,,,,,9270,,7.3,62b8706f-0f0d-4246-b6d7-209357e89566
W10-23,RS10M 0238,10M,400W,straight,STR,SingleRebar,,1,10,173,180,,,,,,,,,,,,170,,0.1,94580b2f-b1ea-42cf-abc4-efd2b5d3fd74
W10-23,RS10M 0238,10M,400W,straight,STR,SingleRebar,,1,10,173,180,,,,,,,,,,,,170,,0.1,5d952294-7a4b-45fc-8be0-b2976cc6baca
W10-23,RB10M 0051,10M,400W,bent,TS5_1,RebarGroup,,2,10,255,255,255,,,,,,,,,,,750,,0.6,568acdda-9f88-46b2-a532-93fb5d7720f0
W10-23,RB10M 0051,10M,400W,bent,TS5_1,RebarGroup,,2,10,255,255,255,,,,,,,,,,,750,,0.6,eb28baa1-8d9b-43f6-81cd-c9290be62567
W10-23,RS15M 0173,15M,400W,straight,STR,SingleRebar,,1,15,3199,3200,,,,,,,,,,,,3200,,5,31029c13-e71b-4b65-8e30-94def4d872ad
W10-23,RS15M 0173,15M,400W,straight,STR,SingleRebar,,1,15,3199,3200,,,,,,,,,,,,3200,,5,89edd5d7-51c9-40a4-ada2-da95ea34c51d
W10-23,RB15M 0068,15M,400W,bent,Unknown,RebarGroup,,2,15,509.9,149,509.9,,,,,,,,,,,1140,,1.8,8dac6dd6-5465-4d4a-becf-bc109728e92d
W10-23,RS10M 0239,10M,400W,straight,STR,SingleRebar,,1,10,8790.3,8790,,,,,,,,,,,,8790,,6.9,c4d66e65-da3f-4e9e-adf4-28d0122f32c2
W10-23,RS10M 0239,10M,400W,straight,STR,SingleRebar,,1,10,8790.3,8790,,,,,,,,,,,,8790,,6.9,9d3b8517-992f-4210-9d7e-51d7cf1f897a
W10-23,RS15M 0240,15M,400W,straight,STR,SingleRebar,,1,15,2360,2360,,,,,,,,,,,,2360,,3.7,f8ef548c-fd9a-4c7c-929a-68ec08529e78
W10-23,RS15M 0240,15M,400W,straight,STR,SingleRebar,,1,15,2360,2360,,,,,,,,,,,,2360,,3.7,9f372392-4d9c-40a4-84b4-a675db5c3ac6
W10-23,RS15M 0241,15M,400W,straight,STR,SingleRebar,,1,15,237,230,,,,,,,,,,,,240,,0.4,113d8e1a-4c14-4e81-9c97-43d18b0a75cb
W10-23,RS15M 0059,15M,400W,straight,STR,RebarGroup,,14,15,2617.9,2615,,,,,,,,,,,,2620,,4.1,936b7ac0-41e1-4e53-ad45-a71d03a10e58
W10-23,RS15M 0058,15M,400W,straight,STR,RebarGroup,,14,15,2875,2870,,,,,,,,,,,,2880,,4.5,f1afabdf-6608-46c1-99d7-dc7461786605
W10-23,RS10M 0208,10M,400W,straight,STR,RebarGroup,,2,10,9266,9270,,,,,,,,,,,,9270,,7.3,20b8f36b-0e78-4d0b-8c12-bd1ccf791cc9
W10-23,RS15M 0029,15M,400W,straight,STR,RebarGroup,,2,15,7887.2,7900,,,,,,,,,,,,7890,,12.4,d02a715e-e28e-4b8a-9a90-5714322cd326
W10-23,RS15M 0029,15M,400W,straight,STR,RebarGroup,,2,15,7887.2,7900,,,,,,,,,,,,7890,,12.4,e248c96e-7c17-4d7b-8a38-ed267bf2bdbd
W10-23,RS10M 0251,10M,400W,straight,STR,RebarGroup,,6,10,2015.1,2005,,,,,,,,,,,,2020,,1.6,0cdea6e7-a32a-4339-bb8c-9c71c3d7f0c3
W10-23,RS10M 0251,10M,400W,straight,STR,RebarGroup,,6,10,2015.1,2005,,,,,,,,,,,,2020,,1.6,5daa31c3-b7ed-4507-96f8-aeb6e4eb8210
W10-23,RS15M 0095,15M,400W,straight,STR,SingleRebar,,1,15,9266,9270,,,,,,,,,,,,9270,,14.6,f4a61ddd-be60-457a-9426-bd6cae705eb1
W10-23,RS15M 0277,15M,400W,straight,STR,SingleRebar,,1,15,8787,8790,,,,,,,,,,,,8790,,13.8,fa952085-e97a-41f8-9f9e-23cf24cdd38f
W10-23,RS15M 0095,15M,400W,straight,STR,SingleRebar,,1,15,9266,9270,,,,,,,,,,,,9270,,14.6,22a16bd0-fa22-486d-9aae-22764adf079d
W10-23,RS15M 0277,15M,400W,straight,STR,SingleRebar,,1,15,8787,8790,,,,,,,,,,,,8790,,13.8,4c9c5d92-5b31-4ac9-b724-9fb63e12d71d
W10-23,RS15M 0278,15M,400W,straight,STR,SingleRebar,,1,15,176.1,180,,,,,,,,,,,,180,,0.3,c7cf6d56-a617-45ea-a943-417c03a34282
W10-23,RS15M 0278,15M,400W,straight,STR,SingleRebar,,1,15,176,180,,,,,,,,,,,,180,,0.3,1eb0c8f9-915d-4fdf-a21e-72c34d7c2a24
W10-23,RB10M 0135,10M,400W,stirrup,Unknown,RebarGroup,,22,10,754.6,181,503.8,181,37.5,80,,,,,,,,1690,,1.3,c95b922e-306b-46da-9998-4bb46a6bc80d
W10-23,RB10M 0049,10M,400W,stirrup,T1,RebarGroup,,12,10,85,190,195,190,195,181,85,80,,,,,,890,,0.7,5490dd17-9aa7-4bc5-b2c4-6b7bb66505ff
W10-23,RS10M 0180,10M,400W,straight,STR,RebarGroup,,6,10,2617.2,2615,,,,,,,,,,,,2620,,2.1,eadb1821-ea1a-4e87-b4d1-a03704a45367
W10-23,RS10M 0195,10M,400W,straight,STR,RebarGroup,,6,10,2873.4,2870,,,,,,,,,,,,2870,,2.3,c1c58d0f-76ca-430d-89aa-7253ce546936
W10-23,RB25M 0139,25M,400W,bent,17,SingleRebar,,1,25,198,210,2085,210,,,,,,,,,,2380,,9.3,26f016ac-d551-495e-af8a-3993868535c5
W10-71,RB10M 0125,10M,400W,stirrup,14,RebarGroup,,2,10,200,140,210,140,200,,,,100,,,,405,860,,0.7,a463054d-5b98-4f67-a859-40c3e6512717
W10-71,RB10M 0125,10M,400W,stirrup,14,RebarGroup,,2,10,200,140,210,140,200,,,,100,,,,405,860,,0.7,3d9fcda8-1a2d-4f69-a82d-d9535e873e9e
W10-71,RB10M 0040,10M,400W,stirrup,T1,RebarGroup,,10,10,75,160,1675,160,1675,1662.8,75,74.1,,,,,,3790,,3,8a311025-024e-4541-903c-2495e7a3ca65
W10-71,RB10M 0046,10M,400W,bent,17,RebarGroup,,9,10,323.5,330,160,330,,,,,,,,,,760,,0.6,14da601a-a13f-48b8-bac6-87cd018f0b74
W10-71,RB10M 0046,10M,400W,bent,17,RebarGroup,,10,10,323.5,330,160,330,,,,,,,,,,760,,0.6,66981230-f02e-4327-8695-66ead3dd7e2c
W10-71,RS10M 0030,10M,400W,straight,STR,RebarGroup,,2,10,600,610,,,,,,,,,,,,600,,0.5,8128f486-1cb1-42a3-85ed-2d3a1f076071
W10-71,RS10M 0030,10M,400W,straight,STR,RebarGroup,,2,10,600,610,,,,,,,,,,,,600,,0.5,f529c510-1391-471d-b4f0-5e132e4d69d8
W10-71,RS10M 0030,10M,400W,straight,STR,RebarGroup,,2,10,600,610,,,,,,,,,,,,600,,0.5,8ac265c7-d4d6-400a-9fcb-2ff68ab94d68
W10-71,RS10M 0030,10M,400W,straight,STR,RebarGroup,,2,10,600,610,,,,,,,,,,,,600,,0.5,8a2eb3ef-a69f-4558-9286-67f444aedc8d
W10-71,RS10M 0030,10M,400W,straight,STR,RebarGroup,,2,10,600,610,,,,,,,,,,,,600,,0.5,5061745c-1b4b-46a7-aa1b-1d7d39c6e334
W10-71,RS10M 0030,10M,400W,straight,STR,RebarGroup,,2,10,600,610,,,,,,,,,,,,600,,0.5,72a5faef-bfcd-403e-83e1-d3b02b0ed3f9
W10-71,RB10M 0051,10M,400W,bent,TS5_1,RebarGroup,,2,10,255,255,255,,,,,,,,,,,750,,0.6,3d6273ef-257c-4a4f-90e2-61ac7dba1a4f
W10-71,RB10M 0051,10M,400W,bent,TS5_1,RebarGroup,,2,10,255,255,255,,,,,,,,,,,750,,0.6,c8f16e07-c6bf-4193-a02b-ec09ce2d1c61
W10-71,RS15M 0096,15M,400W,straight,STR,RebarGroup,,2,15,4749.4,4750,,,,,,,,,,,,4750,,7.5,c9f5e5b9-1520-4533-adce-c97bdb2cf555
W10-71,RS15M 0097,15M,400W,straight,STR,RebarGroup,,2,15,2562.7,2565,,,,,,,,,,,,2560,,4,c3d90f4e-8b94-451a-a777-62d3b968bba1
W10-71,RB10M 0052,10M,400W,stirrup,TS67_2,RebarGroup,,13,10,100,160,280,160,280,160,100,,,,,,,1090,,0.9,32bde6bf-ed83-401e-8e5d-f2a8c7f8579c
W10-71,RS15M 0096,15M,400W,straight,STR,RebarGroup,,2,15,4749.4,4750,,,,,,,,,,,,4750,,7.5,bb2e095c-43b4-4591-b10f-13fbdd7d6227
W10-71,RS15M 0097,15M,400W,straight,STR,RebarGroup,,2,15,2562.7,2565,,,,,,,,,,,,2560,,4,5e654618-5926-4276-aabe-d66e81ca8c7b
W10-71,RB10M 0050,10M,400W,stirrup,Unknown,RebarGroup,,12,10,93.1,653.5,147,1215.8,147,616.5,147,321.5,,,,,,4240,,3.3,109e1c4e-e1e7-48d6-a6e9-28358ee1c54b
W10-71,RS10M 0208,10M,400W,straight,STR,SingleRebar,,1,10,9266,9270,,,,,,,,,,,,9270,,7.3,fb445a97-fcc8-4087-891d-3e9f1c0fe853
W10-71,RS10M 0238,10M,400W,straight,STR,SingleRebar,,1,10,173,180,,,,,,,,,,,,170,,0.1,88460d8a-bdad-4ae0-8407-c2d8182c1e30
W10-71,RS10M 0238,10M,400W,straight,STR,SingleRebar,,1,10,173,180,,,,,,,,,,,,170,,0.1,18b8cca7-b6a7-4292-aa9f-b2b7098baece
W10-71,RB10M 0051,10M,400W,bent,TS5_1,RebarGroup,,2,10,255,255,255,,,,,,,,,,,750,,0.6,193fec9b-28ad-4c88-bb45-e77849a5484c
W10-71,RB10M 0051,10M,400W,bent,TS5_1,RebarGroup,,2,10,255,255,255,,,,,,,,,,,750,,0.6,e8ded02f-8eb2-4b97-946c-ba906da45ade
W10-71,RS15M 0173,15M,400W,straight,STR,SingleRebar,,1,15,3199,3200,,,,,,,,,,,,3200,,5,8ee67be4-d852-45ae-b2fd-b6e0c236cd21
W10-71,RS15M 0173,15M,400W,straight,STR,SingleRebar,,1,15,3199,3200,,,,,,,,,,,,3200,,5,3996a068-de65-4392-a678-3d1c5768a98b
W10-71,RB15M 0068,15M,400W,bent,Unknown,RebarGroup,,2,15,509.9,149,509.9,,,,,,,,,,,1140,,1.8,a1113184-2388-41cd-a962-6ad8a4baee58
W10-71,RS10M 0239,10M,400W,straight,STR,SingleRebar,,1,10,8790.3,8790,,,,,,,,,,,,8790,,6.9,641aae1c-e313-4d5e-8775-4d4ae1aed26c
W10-71,RS10M 0239,10M,400W,straight,STR,SingleRebar,,1,10,8790.3,8790,,,,,,,,,,,,8790,,6.9,47913b81-aeb3-4884-9e03-a6d7246260d4
W10-71,RS15M 0240,15M,400W,straight,STR,SingleRebar,,1,15,2360,2360,,,,,,,,,,,,2360,,3.7,787bbeae-01ed-4bda-8747-1ab089555aa7
W10-71,RS15M 0240,15M,400W,straight,STR,SingleRebar,,1,15,2360,2360,,,,,,,,,,,,2360,,3.7,e3f539df-32e4-43be-b553-e7694abc310b
W10-71,RS15M 0241,15M,400W,straight,STR,SingleRebar,,1,15,237,230,,,,,,,,,,,,240,,0.4,6d1f356f-0f4b-43aa-878c-0045c8b6a48a
W10-71,RS15M 0059,15M,400W,straight,STR,RebarGroup,,14,15,2617.9,2615,,,,,,,,,,,,2620,,4.1,3f4479fe-4f36-42f8-8b16-5465772687b0
W10-71,RS15M 0058,15M,400W,straight,STR,RebarGroup,,14,15,2875,2870,,,,,,,,,,,,2880,,4.5,af269934-4361-4dae-8659-fda14ef89093
W10-71,RS10M 0208,10M,400W,straight,STR,RebarGroup,,2,10,9266,9270,,,,,,,,,,,,9270,,7.3,6ca81d38-068f-42f5-a982-f21945d7d078
W10-71,RS15M 0029,15M,400W,straight,STR,RebarGroup,,2,15,7887.2,7900,,,,,,,,,,,,7890,,12.4,39ec3dee-6eb1-43b2-adb3-c102717ee6f8
W10-71,RS15M 0029,15M,400W,straight,STR,RebarGroup,,2,15,7887.2,7900,,,,,,,,,,,,7890,,12.4,7b3a60fe-0118-4698-8681-e4f150624e0c
W10-71,RS10M 0251,10M,400W,straight,STR,RebarGroup,,6,10,2015.1,2005,,,,,,,,,,,,2020,,1.6,2e703eb2-d38f-4e38-a756-4526dd2e5ea4
W10-71,RS10M 0251,10M,400W,straight,STR,RebarGroup,,6,10,2015.1,2005,,,,,,,,,,,,2020,,1.6,73b3b1c4-e1c5-4403-a200-c04889a46a64
W10-71,RS15M 0095,15M,400W,straight,STR,SingleRebar,,1,15,9266,9270,,,,,,,,,,,,9270,,14.6,399e2895-84c4-4aa1-83a2-ce5ef311cee5
W10-71,RS15M 0277,15M,400W,straight,STR,SingleRebar,,1,15,8787,8790,,,,,,,,,,,,8790,,13.8,992e3bbe-1cad-437d-8802-11a7317643b1
W10-71,RS15M 0095,15M,400W,straight,STR,SingleRebar,,1,15,9266,9270,,,,,,,,,,,,9270,,14.6,6da1ec7f-15aa-4fcf-a46b-00c0df675263
W10-71,RS15M 0277,15M,400W,straight,STR,SingleRebar,,1,15,8787,8790,,,,,,,,,,,,8790,,13.8,ec0cd6bf-e04f-4830-9d4c-9492f6689f61
W10-71,RS15M 0278,15M,400W,straight,STR,SingleRebar,,1,15,176.1,180,,,,,,,,,,,,180,,0.3,cd93a4b5-86ac-456d-be00-a807a2598c8d
W10-71,RS15M 0278,15M,400W,straight,STR,SingleRebar,,1,15,176,180,,,,,,,,,,,,180,,0.3,15f280fb-6708-4d39-99cd-d004581a807b
W10-71,RB10M 0135,10M,400W,stirrup,Unknown,RebarGroup,,22,10,754.6,181,503.8,181,37.5,80,,,,,,,,1690,,1.3,dd9d62a6-811e-4798-a7df-9e390475d54d
W10-71,RB10M 0049,10M,400W,stirrup,T1,RebarGroup,,12,10,85,190,195,190,195,181,85,80,,,,,,890,,0.7,a90cacd2-9261-485c-b7d3-03ac919f9edb
W10-71,RS10M 0180,10M,400W,straight,STR,RebarGroup,,6,10,2617.2,2615,,,,,,,,,,,,2620,,2.1,1169c27d-82db-4f3d-8053-158f08ef7ea4
W10-71,RS10M 0195,10M,400W,straight,STR,RebarGroup,,6,10,2873.4,2870,,,,,,,,,,,,2870,,2.3,2cc0da44-cb38-482d-83f7-27532a5d0a5d
W10-71,RB25M 0139,25M,400W,bent,17,SingleRebar,,1,25,198,210,2085,210,,,,,,,,,,2380,,9.3,58a14ddd-7582-429a-b5fa-00a2b3600094
W10-81,RB10M 0125,10M,400W,stirrup,14,RebarGroup,,2,10,200,140,210,140,200,,,,100,,,,405,860,,0.7,9eceafdc-7752-46d9-89b1-a55fe1172a63
W10-81,RB10M 0125,10M,400W,stirrup,14,RebarGroup,,2,10,200,140,210,140,200,,,,100,,,,405,860,,0.7,83fd5ead-1915-44fc-803d-b820fbbae476
W10-81,RB10M 0040,10M,400W,stirrup,T1,RebarGroup,,10,10,75,160,1675,160,1675,1662.8,75,74.1,,,,,,3790,,3,32875b0a-5292-4967-8c0e-14bc38fc27e5
W10-81,RB10M 0046,10M,400W,bent,17,RebarGroup,,9,10,323.5,330,160,330,,,,,,,,,,760,,0.6,ecd5f124-022f-412a-874b-7c33f80f8a9d
W10-81,RB10M 0046,10M,400W,bent,17,RebarGroup,,10,10,323.5,330,160,330,,,,,,,,,,760,,0.6,ade0e925-ad32-4dd9-96af-8b1d02c47000
W10-81,RS10M 0030,10M,400W,straight,STR,RebarGroup,,2,10,600,610,,,,,,,,,,,,600,,0.5,6bc2ca90-6d7a-4448-b0fa-51948aec1b29
W10-81,RS10M 0030,10M,400W,straight,STR,RebarGroup,,2,10,600,610,,,,,,,,,,,,600,,0.5,176fa1a4-cd03-4314-8364-1c22b4cbbf9f
W10-81,RS10M 0030,10M,400W,straight,STR,RebarGroup,,2,10,600,610,,,,,,,,,,,,600,,0.5,c90f686a-a9a8-4d8b-aa02-14bc80ed1d81
W10-81,RS10M 0030,10M,400W,straight,STR,RebarGroup,,2,10,600,610,,,,,,,,,,,,600,,0.5,ae8cf023-568c-4180-bd77-17d1a63feb2f
W10-81,RS10M 0030,10M,400W,straight,STR,RebarGroup,,2,10,600,610,,,,,,,,,,,,600,,0.5,10f42b32-b559-440a-a355-e089de79fabb
W10-81,RS10M 0030,10M,400W,straight,STR,RebarGroup,,2,10,600,610,,,,,,,,,,,,600,,0.5,004163a8-85cd-4bdf-8e79-6e9519834bea
W10-81,RB10M 0051,10M,400W,bent,TS5_1,RebarGroup,,2,10,255,255,255,,,,,,,,,,,750,,0.6,712f1a75-db47-43ad-a05b-47c0e97f6e67
W10-81,RB10M 0051,10M,400W,bent,TS5_1,RebarGroup,,2,10,255,255,255,,,,,,,,,,,750,,0.6,a04d392f-f551-44a3-b3b8-0413e8c47707
W10-81,RS15M 0096,15M,400W,straight,STR,RebarGroup,,2,15,4749.4,4750,,,,,,,,,,,,4750,,7.5,c5211ca6-4390-477c-88a3-12ea460c4de4
W10-81,RS15M 0097,15M,400W,straight,STR,RebarGroup,,2,15,2562.7,2565,,,,,,,,,,,,2560,,4,2954ff69-b471-438e-be75-2926234e3d3d
W10-81,RB10M 0052,10M,400W,stirrup,TS67_2,RebarGroup,,13,10,100,160,280,160,280,160,100,,,,,,,1090,,0.9,6bb3ccda-2708-4a27-8d43-1ef410a89341
W10-81,RS15M 0096,15M,400W,straight,STR,RebarGroup,,2,15,4749.4,4750,,,,,,,,,,,,4750,,7.5,a2c2bd0e-2757-42a5-b07a-ff6ed8c47b5b
W10-81,RS15M 0097,15M,400W,straight,STR,RebarGroup,,2,15,2562.7,2565,,,,,,,,,,,,2560,,4,7c665ba9-1121-4d09-8f39-2c979bf9c7d6
W10-81,RB10M 0050,10M,400W,stirrup,Unknown,RebarGroup,,12,10,93.1,653.5,147,1215.8,147,616.5,147,321.5,,,,,,4240,,3.3,57325226-2ea6-4785-ab65-225a48910124
W10-81,RS10M 0208,10M,400W,straight,STR,SingleRebar,,1,10,9266,9270,,,,,,,,,,,,9270,,7.3,43b16423-043d-47f0-a26b-3b50e83cfb43
W10-81,RS10M 0238,10M,400W,straight,STR,SingleRebar,,1,10,173,180,,,,,,,,,,,,170,,0.1,88f3879a-baaf-4ad9-8aa9-d85207b8deb5
W10-81,RS10M 0238,10M,400W,straight,STR,SingleRebar,,1,10,173,180,,,,,,,,,,,,170,,0.1,d61ab37d-657d-42a5-b912-994953f3387a
W10-81,RB10M 0051,10M,400W,bent,TS5_1,RebarGroup,,2,10,255,255,255,,,,,,,,,,,750,,0.6,1bb3f34d-9f9a-4e95-9838-be8a6b53607c
W10-81,RB10M 0051,10M,400W,bent,TS5_1,RebarGroup,,2,10,255,255,255,,,,,,,,,,,750,,0.6,efbe0870-9f24-4b08-ac28-76f5cf3770fc
W10-81,RS15M 0173,15M,400W,straight,STR,SingleRebar,,1,15,3199,3200,,,,,,,,,,,,3200,,5,29bb0780-82d7-4dfe-9216-4006a4824d66
W10-81,RS15M 0173,15M,400W,straight,STR,SingleRebar,,1,15,3199,3200,,,,,,,,,,,,3200,,5,a34a8e26-c0d7-43b2-b008-8fdad34ae257
W10-81,RB15M 0068,15M,400W,bent,Unknown,RebarGroup,,2,15,509.9,149,509.9,,,,,,,,,,,1140,,1.8,c96d7cb4-9b3a-4c1f-ad22-2f92210b6c31
W10-81,RS10M 0239,10M,400W,straight,STR,SingleRebar,,1,10,8790.3,8790,,,,,,,,,,,,8790,,6.9,73056a1e-1e21-4dcb-a0e3-11b9eceab7a4
W10-81,RS10M 0239,10M,400W,straight,STR,SingleRebar,,1,10,8790.3,8790,,,,,,,,,,,,8790,,6.9,ef100c21-8f09-4bbd-bf71-62b9bbed81d8
W10-81,RS15M 0240,15M,400W,straight,STR,SingleRebar,,1,15,2360,2360,,,,,,,,,,,,2360,,3.7,2840f911-3961-4a85-8d3e-8e9b076b16da
W10-81,RS15M 0240,15M,400W,straight,STR,SingleRebar,,1,15,2360,2360,,,,,,,,,,,,2360,,3.7,55d4005f-cb52-4333-86ec-5ed7549b40bd
W10-81,RS15M 0241,15M,400W,straight,STR,SingleRebar,,1,15,237,230,,,,,,,,,,,,240,,0.4,2e3bda85-1f1a-4bc0-a8a8-979363077bd9
W10-81,RS15M 0059,15M,400W,straight,STR,RebarGroup,,14,15,2617.9,2615,,,,,,,,,,,,2620,,4.1,a9e23159-29e3-4f95-8c86-09f3a71c7629
W10-81,RS15M 0058,15M,400W,straight,STR,RebarGroup,,14,15,2875,2870,,,,,,,,,,,,2880,,4.5,b803711d-6d35-4fe1-8fe1-5b0a33e2691a
W10-81,RS10M 0208,10M,400W,straight,STR,RebarGroup,,2,10,9266,9270,,,,,,,,,,,,9270,,7.3,85dc5080-3fb6-4ae7-9d05-73df02587751
W10-81,RS15M 0029,15M,400W,straight,STR,RebarGroup,,2,15,7887.2,7900,,,,,,,,,,,,7890,,12.4,67d073bf-9fb6-471e-9302-dd641a13a8ec
W10-81,RS15M 0029,15M,400W,straight,STR,RebarGroup,,2,15,7887.2,7900,,,,,,,,,,,,7890,,12.4,b76eb195-1191-492b-a047-94337b81dd23
W10-81,RS10M 0251,10M,400W,straight,STR,RebarGroup,,6,10,2015.1,2005,,,,,,,,,,,,2020,,1.6,74d51106-a5ac-4f09-b165-b197b8897e3d
W10-81,RS10M 0251,10M,400W,straight,STR,RebarGroup,,6,10,2015.1,2005,,,,,,,,,,,,2020,,1.6,8e1ceb3d-336e-4780-9c30-37ff2608bfe5
W10-81,RS15M 0095,15M,400W,straight,STR,SingleRebar,,1,15,9266,9270,,,,,,,,,,,,9270,,14.6,eea9e8e6-ce8a-4fff-9866-2e1d1439fa2b
W10-81,RS15M 0277,15M,400W,straight,STR,SingleRebar,,1,15,8787,8790,,,,,,,,,,,,8790,,13.8,e68d7194-68ff-41ef-86d1-23550875d264
W10-81,RS15M 0095,15M,400W,straight,STR,SingleRebar,,1,15,9266,9270,,,,,,,,,,,,9270,,14.6,07ebca98-cd7f-4958-9738-7c3bbfcf0219
W10-81,RS15M 0277,15M,400W,straight,STR,SingleRebar,,1,15,8787,8790,,,,,,,,,,,,8790,,13.8,cad2fdf7-8b39-40b7-bbe8-478056009ed7
W10-81,RS15M 0278,15M,400W,straight,STR,SingleRebar,,1,15,176.1,180,,,,,,,,,,,,180,,0.3,78d75fe0-d394-4cdf-832b-df416b18d691
W10-81,RS15M 0278,15M,400W,straight,STR,SingleRebar,,1,15,176,180,,,,,,,,,,,,180,,0.3,9c70fd40-1ea9-4821-b7ec-5cf70b93a503
W10-81,RB10M 0135,10M,400W,stirrup,Unknown,RebarGroup,,22,10,754.6,181,503.8,181,37.5,80,,,,,,,,1690,,1.3,bade76f6-c89e-45eb-945d-6fe3cfd2543b
W10-81,RB10M 0049,10M,400W,stirrup,T1,RebarGroup,,12,10,85,190,195,190,195,181,85,80,,,,,,890,,0.7,1760b5c5-d37c-4db6-9f20-a3d45729cc8e
W10-81,RS10M 0180,10M,400W,straight,STR,RebarGroup,,6,10,2617.2,2615,,,,,,,,,,,,2620,,2.1,e67893e3-002b-4450-b6be-0752050e1ca9
W10-81,RS10M 0195,10M,400W,straight,STR,RebarGroup,,6,10,2873.4,2870,,,,,,,,,,,,2870,,2.3,8f00c271-5f32-4e8f-b580-e71b9b4f9742
W10-81,RB25M 0139,25M,400W,bent,17,SingleRebar,,1,25,198,210,2085,210,,,,,,,,,,2380,,9.3,d05f4659-a42e-4ced-a30a-d01d322a64b4
W10-83,RB10M 0125,10M,400W,stirrup,14,RebarGroup,,2,10,200,140,210,140,200,,,,100,,,,405,860,,0.7,0ec73874-e8a7-49c2-9c06-806749cdd67c
W10-83,RB10M 0125,10M,400W,stirrup,14,RebarGroup,,2,10,200,140,210,140,200,,,,100,,,,405,860,,0.7,e70541c9-97cd-46c0-803a-df572a77bccb
W10-83,RB10M 0040,10M,400W,stirrup,T1,RebarGroup,,10,10,75,160,1675,160,1675,1662.8,75,74.1,,,,,,3790,,3,e680d03a-bf7b-41da-a329-30914e206961
W10-83,RB10M 0046,10M,400W,bent,17,RebarGroup,,9,10,323.5,330,160,330,,,,,,,,,,760,,0.6,88b4b686-9eac-4291-95ac-5e541bf7ee29
W10-83,RB10M 0046,10M,400W,bent,17,RebarGroup,,10,10,323.5,330,160,330,,,,,,,,,,760,,0.6,46e66749-d1a0-46bc-8206-801f24a770be
W10-83,RS10M 0030,10M,400W,straight,STR,RebarGroup,,2,10,600,610,,,,,,,,,,,,600,,0.5,42c55e1f-9f49-49b1-a05c-a9c230b3df95
W10-83,RS10M 0030,10M,400W,straight,STR,RebarGroup,,2,10,600,610,,,,,,,,,,,,600,,0.5,673e21f6-44e3-4f2c-909d-851f022d8ba6
W10-83,RS10M 0030,10M,400W,straight,STR,RebarGroup,,2,10,600,610,,,,,,,,,,,,600,,0.5,dc90be8f-0c47-4905-8b75-cfa5f584c46c
W10-83,RS10M 0030,10M,400W,straight,STR,RebarGroup,,2,10,600,610,,,,,,,,,,,,600,,0.5,dbf63bf9-69eb-45b0-b986-f2bf69ee1533
W10-83,RS10M 0030,10M,400W,straight,STR,RebarGroup,,2,10,600,610,,,,,,,,,,,,600,,0.5,e4de00fb-34b0-42ec-aa31-21bc67c154fd
W10-83,RS10M 0030,10M,400W,straight,STR,RebarGroup,,2,10,600,610,,,,,,,,,,,,600,,0.5,943b05f6-6fb7-460d-9554-945aab89ad8e
W10-83,RB10M 0051,10M,400W,bent,TS5_1,RebarGroup,,2,10,255,255,255,,,,,,,,,,,750,,0.6,6cc2f2cf-56eb-4a0a-ab55-77b1201ea099
W10-83,RB10M 0051,10M,400W,bent,TS5_1,RebarGroup,,2,10,255,255,255,,,,,,,,,,,750,,0.6,ecff2169-549a-4643-8fd9-848fdbb24ae1
W10-83,RS15M 0096,15M,400W,straight,STR,RebarGroup,,2,15,4749.4,4750,,,,,,,,,,,,4750,,7.5,c58d3008-557a-4a9f-b794-7c50fa57951c
W10-83,RS15M 0097,15M,400W,straight,STR,RebarGroup,,2,15,2562.7,2565,,,,,,,,,,,,2560,,4,7e84345c-9c0e-460d-8212-901af72bbc16
W10-83,RB10M 0052,10M,400W,stirrup,TS67_2,RebarGroup,,13,10,100,160,280,160,280,160,100,,,,,,,1090,,0.9,c5795ec6-74fd-4aae-aa0b-4359a8abc604
W10-83,RS15M 0096,15M,400W,straight,STR,RebarGroup,,2,15,4749.4,4750,,,,,,,,,,,,4750,,7.5,7c4628c0-20ea-4cb1-9af2-c7cbd525a145
W10-83,RS15M 0097,15M,400W,straight,STR,RebarGroup,,2,15,2562.7,2565,,,,,,,,,,,,2560,,4,ddd7d7df-3d9f-4b12-8164-ff7bae4e48bc
W10-83,RB10M 0050,10M,400W,stirrup,Unknown,RebarGroup,,12,10,93.1,653.5,147,1215.8,147,616.5,147,321.5,,,,,,4240,,3.3,ef052e31-2aea-4a0e-99a3-65cc2a4124f2
W10-83,RS10M 0208,10M,400W,straight,STR,SingleRebar,,1,10,9266,9270,,,,,,,,,,,,9270,,7.3,068fee99-7c86-43ed-87a1-f114e2ed4b10
W10-83,RS10M 0238,10M,400W,straight,STR,SingleRebar,,1,10,173,180,,,,,,,,,,,,170,,0.1,41159042-e3a2-4430-b2e7-6e5cfb29cb12
W10-83,RS10M 0238,10M,400W,straight,STR,SingleRebar,,1,10,173,180,,,,,,,,,,,,170,,0.1,9bd857fb-4ce1-4434-a8eb-4288d0fb60e1
W10-83,RB10M 0051,10M,400W,bent,TS5_1,RebarGroup,,2,10,255,255,255,,,,,,,,,,,750,,0.6,53f97a56-6876-4b87-b55a-c176a2354b47
W10-83,RB10M 0051,10M,400W,bent,TS5_1,RebarGroup,,2,10,255,255,255,,,,,,,,,,,750,,0.6,87c63f88-6293-477a-adeb-3fe8a2feef31
W10-83,RS15M 0173,15M,400W,straight,STR,SingleRebar,,1,15,3199,3200,,,,,,,,,,,,3200,,5,704bbdb9-632a-44bd-921f-e438012fc751
W10-83,RS15M 0173,15M,400W,straight,STR,SingleRebar,,1,15,3199,3200,,,,,,,,,,,,3200,,5,0b7fc45f-b588-4946-af1d-341d1c4fa95a
W10-83,RB15M 0068,15M,400W,bent,Unknown,RebarGroup,,2,15,509.9,149,509.9,,,,,,,,,,,1140,,1.8,74d5cd34-a883-40f7-ad33-d20f18239bc4
W10-83,RS10M 0239,10M,400W,straight,STR,SingleRebar,,1,10,8790.3,8790,,,,,,,,,,,,8790,,6.9,1737bd6d-dbff-48ed-be33-fe325855691d
W10-83,RS10M 0239,10M,400W,straight,STR,SingleRebar,,1,10,8790.3,8790,,,,,,,,,,,,8790,,6.9,31139eb4-4496-4cd1-8f0b-612271b83096
W10-83,RS15M 0240,15M,400W,straight,STR,SingleRebar,,1,15,2360,2360,,,,,,,,,,,,2360,,3.7,ea323557-9f29-4d7c-bc40-505c4c21dcc2
W10-83,RS15M 0240,15M,400W,straight,STR,SingleRebar,,1,15,2360,2360,,,,,,,,,,,,2360,,3.7,58e80627-4c2d-42a3-bcc7-58101d9d1ac6
W10-83,RS15M 0241,15M,400W,straight,STR,SingleRebar,,1,15,237,230,,,,,,,,,,,,240,,0.4,0c9fe0f6-6f3c-4aa3-b43b-24c56401e8f5
W10-83,RS15M 0059,15M,400W,straight,STR,RebarGroup,,14,15,2617.9,2615,,,,,,,,,,,,2620,,4.1,472e6db5-f4dc-4595-ba4a-239504eee287
W10-83,RS15M 0058,15M,400W,straight,STR,RebarGroup,,14,15,2875,2870,,,,,,,,,,,,2880,,4.5,de9cb037-c140-4a4e-87b0-484f159b68b6
W10-83,RS10M 0208,10M,400W,straight,STR,RebarGroup,,2,10,9266,9270,,,,,,,,,,,,9270,,7.3,d90246e4-3846-4f22-a2c1-8f3037939e91
W10-83,RS15M 0029,15M,400W,straight,STR,RebarGroup,,2,15,7887.2,7900,,,,,,,,,,,,7890,,12.4,9d381c35-e4b4-4193-a745-f4669b7a4e99
W10-83,RS15M 0029,15M,400W,straight,STR,RebarGroup,,2,15,7887.2,7900,,,,,,,,,,,,7890,,12.4,d1015132-9eaa-430f-8dd0-a369cbfdc7f2
W10-83,RS10M 0251,10M,400W,straight,STR,RebarGroup,,6,10,2015.1,2005,,,,,,,,,,,,2020,,1.6,3fbe6201-de49-408f-b503-52ea1aab2d2b
W10-83,RS10M 0251,10M,400W,straight,STR,RebarGroup,,6,10,2015.1,2005,,,,,,,,,,,,2020,,1.6,95ec02aa-e124-470f-a6f9-7abb21bd25df
W10-83,RS15M 0095,15M,400W,straight,STR,SingleRebar,,1,15,9266,9270,,,,,,,,,,,,9270,,14.6,d2faf3e9-e0b0-4113-93a2-f1fb119824cc
W10-83,RS15M 0277,15M,400W,straight,STR,SingleRebar,,1,15,8787,8790,,,,,,,,,,,,8790,,13.8,d8930cd7-7d3c-403a-847a-5029abf0a4d6
W10-83,RS15M 0095,15M,400W,straight,STR,SingleRebar,,1,15,9266,9270,,,,,,,,,,,,9270,,14.6,2a34e903-9299-4275-857d-7ddd7f39abbe
W10-83,RS15M 0277,15M,400W,straight,STR,SingleRebar,,1,15,8787,8790,,,,,,,,,,,,8790,,13.8,db87502a-7450-48f6-982e-8f56c277a73f
W10-83,RS15M 0278,15M,400W,straight,STR,SingleRebar,,1,15,176.1,180,,,,,,,,,,,,180,,0.3,48dec273-292f-4c0a-8d48-1460a25745e6
W10-83,RS15M 0278,15M,400W,straight,STR,SingleRebar,,1,15,176,180,,,,,,,,,,,,180,,0.3,19673d02-daaa-4470-ab9c-367d6d4f9d40
W10-83,RB10M 0135,10M,400W,stirrup,Unknown,RebarGroup,,22,10,754.6,181,503.8,181,37.5,80,,,,,,,,1690,,1.3,c9a86fc6-152d-4a79-9811-72d8e5dcc335
W10-83,RB10M 0049,10M,400W,stirrup,T1,RebarGroup,,12,10,85,190,195,190,195,181,85,80,,,,,,890,,0.7,99daef7e-0188-4bf1-8710-002d6cde9b47
W10-83,RS10M 0180,10M,400W,straight,STR,RebarGroup,,6,10,2617.2,2615,,,,,,,,,,,,2620,,2.1,66b1b29e-e3fd-4ddb-9a44-b90ca457f6df
W10-83,RS10M 0195,10M,400W,straight,STR,RebarGroup,,6,10,2873.4,2870,,,,,,,,,,,,2870,,2.3,ec93526f-6aaa-4325-9536-c77a9ee30e5d
W10-83,RB25M 0139,25M,400W,bent,17,SingleRebar,,1,25,198,210,2085,210,,,,,,,,,,2380,,9.3,d4b57d03-c7dd-4a94-8c90-3710f158686f
W10-206,RS10M 0075,10M,400W,straight,STR,RebarGroup,,9,10,7458,7470,,,,,,,,,,,,7460,,5.9,4ab59d69-da20-414a-b49d-5498cb406833
W10-206,RB10M 0106,10M,400W,bent,17,RebarGroup,,9,10,363.5,370,180,370,,,,,,,,,,870,,0.7,cbd55a87-22cb-449b-af80-fdbed57d087c
W10-206,RS15M 0058,15M,400W,straight,STR,RebarGroup,,4,15,2875,2870,,,,,,,,,,,,2880,,4.5,d80b5212-46a4-4a91-99e8-3de357805580
W10-206,RS15M 0201,15M,400W,straight,STR,RebarGroup,,4,15,2634,2640,,,,,,,,,,,,2630,,4.1,a514e18c-fbfd-4e48-8b72-9695bfda9b5b
W10-206,RB10M 0106,10M,400W,bent,17,RebarGroup,,9,10,363.5,370,180,370,,,,,,,,,,870,,0.7,1c81047d-8841-4d45-bd04-d5c21fe5793a
W10-206,RS10M 0195,10M,400W,straight,STR,RebarGroup,,9,10,2873.4,2870,,,,,,,,,,,,2870,,2.3,e74fdd24-c4f3-4aae-b638-144d35c9a606
W10-206,RS10M 0203,10M,400W,straight,STR,RebarGroup,,8,10,2632.4,2640,,,,,,,,,,,,2630,,2.1,9bb7f207-8909-41f4-bc30-24f35c91c0df
W10-206,RS10M 0287,10M,400W,straight,STR,SingleRebar,,1,10,3864,3860,,,,,,,,,,,,3860,,3,e3504501-bfd5-42b9-9961-7c052a61825e
W10-206,RS10M 0210,10M,400W,straight,STR,SingleRebar,,1,10,5304.8,5310,,,,,,,,,,,,5300,,4.2,08649f31-4194-402e-a1dd-f37dd7034669
W10-206,RS10M 0075,10M,400W,straight,STR,RebarGroup,,9,10,7458,7470,,,,,,,,,,,,7460,,5.9,8c8ed2ec-9cfa-4368-8885-23937b685852
W10-206,RS10M 0203,10M,400W,straight,STR,SingleRebar,,1,10,2634,2640,,,,,,,,,,,,2630,,2.1,f8ed8bbd-9c49-4243-90a4-0c159fae5753
W10-206,RS10M 0195,10M,400W,straight,STR,RebarGroup,,16,10,2875,2870,,,,,,,,,,,,2880,,2.3,db691698-5e8a-4cde-9aef-2e4fab0bcb0b
W10-206,RS10M 0211,10M,400W,straight,STR,SingleRebar,,1,10,683.7,685,,,,,,,,,,,,680,,0.5,82e9d305-bd9a-4837-ae7c-1bff1b4fd613
W10-206,RS10M 0212,10M,400W,straight,STR,SingleRebar,,1,10,679.5,685,,,,,,,,,,,,680,,0.5,a5070348-bfad-4f18-ad6c-cec621f0e451
W10-206,RS10M 0286,10M,400W,straight,STR,RebarGroup,,2,10,690.2,685,,,,,,,,,,,,690,,0.5,8a2df1df-d89a-441f-9861-bac353bb7599
W10-206,RB10M 0001,10M,400W,bent,S11,SingleRebar,,1,10,603.5,1270,603.5,,,,,,,,,,90,1250,,1,2edce264-f7ec-445f-9390-e4b929737325
W10-205,RB10M 0001,10M,400W,bent,S11,SingleRebar,,1,10,603.5,1270,603.5,,,,,,,,,,90,1250,,1,872e36a0-b650-4829-8fa5-e8fdf7b0f612
W10-205,RS10M 0075,10M,400W,straight,STR,RebarGroup,,9,10,7458,7470,,,,,,,,,,,,7460,,5.9,61967ecf-eec8-4ca2-9ef6-8ce1640916fb
W10-205,RB10M 0106,10M,400W,bent,17,RebarGroup,,9,10,363.5,370,180,370,,,,,,,,,,870,,0.7,c5bb3acf-08e9-492d-aa76-fcd5465dd5f3
W10-205,RS15M 0058,15M,400W,straight,STR,RebarGroup,,4,15,2875,2870,,,,,,,,,,,,2880,,4.5,cfda0e09-dcb1-4421-8fb2-66086566953b
W10-205,RS15M 0201,15M,400W,straight,STR,RebarGroup,,4,15,2634,2640,,,,,,,,,,,,2630,,4.1,a1b8bb67-c10e-48a0-8333-16735507381b
W10-205,RB10M 0106,10M,400W,bent,17,RebarGroup,,9,10,363.5,370,180,370,,,,,,,,,,870,,0.7,e5de9a9c-32b1-43b0-9d66-478d3d70348e
W10-205,RS10M 0195,10M,400W,straight,STR,RebarGroup,,9,10,2873.4,2870,,,,,,,,,,,,2870,,2.3,5b400322-e9e8-40b8-a61d-2234120ef3b0
W10-205,RS10M 0203,10M,400W,straight,STR,RebarGroup,,8,10,2632.4,2640,,,,,,,,,,,,2630,,2.1,dc31db82-4c93-475c-9363-d96d54f390be
W10-205,RS10M 0209,10M,400W,straight,STR,SingleRebar,,1,10,3628.9,3630,,,,,,,,,,,,3630,,2.8,2d3c9f37-36ba-4e21-81db-a1da0c9a8ed6
W10-205,RS10M 0210,10M,400W,straight,STR,SingleRebar,,1,10,5304.8,5310,,,,,,,,,,,,5300,,4.2,48001289-dbd9-4c34-bfaf-4f3ade0c855c
W10-205,RS10M 0075,10M,400W,straight,STR,RebarGroup,,9,10,7458,7470,,,,,,,,,,,,7460,,5.9,b42d684a-d4bf-4adc-aeda-8afac4b59b3e
W10-205,RS10M 0203,10M,400W,straight,STR,SingleRebar,,1,10,2634,2640,,,,,,,,,,,,2630,,2.1,c49b7861-c332-4517-8c02-877af563946a
W10-205,RS10M 0195,10M,400W,straight,STR,RebarGroup,,16,10,2875,2870,,,,,,,,,,,,2880,,2.3,a91f8113-5846-4b0a-8eac-1b42748d2e5f
W10-205,RS10M 0211,10M,400W,straight,STR,SingleRebar,,1,10,683.7,685,,,,,,,,,,,,680,,0.5,4f5d7998-4e1e-4bb5-a0dd-5933f75cd1cc
W10-205,RS10M 0212,10M,400W,straight,STR,SingleRebar,,1,10,679.5,685,,,,,,,,,,,,680,,0.5,24a3454f-fb16-44b4-b96c-3f37e54f041a
W10-205,RS10M 0286,10M,400W,straight,STR,SingleRebar,,1,10,690.2,685,,,,,,,,,,,,690,,0.5,cb2b9eb6-7a22-4b3f-9e05-be1188335eee
W10-15,RS10M 0195,10M,400W,straight,STR,RebarGroup,,17,10,2875,2870,,,,,,,,,,,,2880,,2.3,21d9ea41-748a-4fc7-a3da-3b857305e601
W10-15,RS15M 0058,15M,400W,straight,STR,RebarGroup,,4,15,2875,2870,,,,,,,,,,,,2880,,4.5,09d939d4-57b6-491d-b7f9-b006f22a2fc2
W10-15,RB10M 0101,10M,400W,bent,17,RebarGroup,,9,10,343.5,350,180,350,,,,,,,,,,830,,0.7,e70c25bf-9b6a-42dd-a315-ccd4056da344
W10-15,RS10M 0075,10M,400W,straight,STR,RebarGroup,,8,10,7458,7470,,,,,,,,,,,,7460,,5.9,9ca170f1-5611-42e7-81d8-af14aa3fc78d
W10-15,RS10M 0075,10M,400W,straight,STR,RebarGroup,,8,10,7458,7470,,,,,,,,,,,,7460,,5.9,d78bd06f-7246-4ed0-b133-9e195c604a98
W10-15,RB10M 0101,10M,400W,bent,17,RebarGroup,,8,10,343.5,350,180,350,,,,,,,,,,830,,0.7,038150ae-2ab5-47a6-8193-695e80e7c101
W10-15,RS10M 0291,10M,400W,straight,STR,SingleRebar,,1,10,5747.4,5740,,,,,,,,,,,,5750,,4.5,220b1c22-5aa7-42ba-af73-98617b50e3a8
W10-15,RS10M 0292,10M,400W,straight,STR,SingleRebar,,1,10,6389.3,6400,,,,,,,,,,,,6390,,5,afc2971e-a4e9-44c7-a5db-5c26efa3fb53
W10-15,RS10M 0207,10M,400W,straight,STR,SingleRebar,,1,10,663.7,660,,,,,,,,,,,,660,,0.5,dc287042-eee9-4253-8ab8-afbd62d11705
W10-15,RS15M 0058,15M,400W,straight,STR,RebarGroup,,2,15,2875,2870,,,,,,,,,,,,2880,,4.5,57b5e89e-5696-4bee-b6f1-1931d8c55e3c
W10-15,RS15M 0201,15M,400W,straight,STR,RebarGroup,,2,15,2634,2640,,,,,,,,,,,,2630,,4.1,0a7b6ee4-e6f7-4077-b289-4227c5d936d7
W10-15,RS10M 0203,10M,400W,straight,STR,RebarGroup,,3,10,2634,2640,,,,,,,,,,,,2630,,2.1,bd51ac6c-8ce0-49ef-87d7-d104f33662cb
W10-15,RS10M 0195,10M,400W,straight,STR,RebarGroup,,14,10,2875,2870,,,,,,,,,,,,2880,,2.3,434e54d0-0f39-4481-ab83-4c39781dd99b
W10-97,RS10M 0195,10M,400W,straight,STR,RebarGroup,,17,10,2875,2870,,,,,,,,,,,,2880,,2.3,821a031d-de94-4784-a43f-7aec4e59d32b
W10-97,RS15M 0201,15M,400W,straight,STR,RebarGroup,,4,15,2634,2640,,,,,,,,,,,,2630,,4.1,5e73bfbe-9626-4568-82f4-b5db62b05306
W10-97,RS15M 0058,15M,400W,straight,STR,RebarGroup,,4,15,2875,2870,,,,,,,,,,,,2880,,4.5,8197a914-0185-4a17-88c9-c9cc8bb2d9b3
W10-97,RB10M 0101,10M,400W,bent,17,RebarGroup,,8,10,343.5,350,180,350,,,,,,,,,,830,,0.7,a42af31e-2ba4-4862-bc0c-7f1a8483df91
W10-97,RS10M 0075,10M,400W,straight,STR,RebarGroup,,8,10,7458,7470,,,,,,,,,,,,7460,,5.9,6965d83e-c9c0-4e17-9ed8-3e993e3bec9d
W10-97,RS10M 0195,10M,400W,straight,STR,RebarGroup,,10,10,2875,2870,,,,,,,,,,,,2880,,2.3,fb4f5bc7-56f2-4dd4-a880-1f0af94dc0ce
W10-97,RS10M 0203,10M,400W,straight,STR,RebarGroup,,7,10,2634,2640,,,,,,,,,,,,2630,,2.1,b0a162ee-3d84-493c-831c-fa92c22eea57
W10-97,RS10M 0075,10M,400W,straight,STR,RebarGroup,,8,10,7458,7470,,,,,,,,,,,,7460,,5.9,f324f9e0-a803-456b-b070-606b5adf663b
W10-97,RB10M 0101,10M,400W,bent,17,RebarGroup,,8,10,343.5,350,180,350,,,,,,,,,,830,,0.7,29206e68-eb44-40be-835b-440510663ca7
W10-97,RS10M 0202,10M,400W,straight,STR,SingleRebar,,1,10,3599.4,3605,,,,,,,,,,,,3600,,2.8,7173633a-08e9-4638-8d2b-568c633a378f
W10-97,RS10M 0205,10M,400W,straight,STR,SingleRebar,,1,10,5330.9,5335,,,,,,,,,,,,5330,,4.2,083686d9-1ab6-4c55-b73f-882b4d62ba96
W10-97,RS10M 0206,10M,400W,straight,STR,SingleRebar,,1,10,668.4,660,,,,,,,,,,,,670,,0.5,f1b26b97-6479-456e-bb21-2db958a54e64
W10-97,RS10M 0207,10M,400W,straight,STR,SingleRebar,,1,10,663.7,660,,,,,,,,,,,,660,,0.5,6da348dc-0d3a-467d-b986-5e0cf85a6bda
W10-171,RS10M 0195,10M,400W,straight,STR,RebarGroup,,17,10,2875,2870,,,,,,,,,,,,2880,,2.3,22269b62-79c8-4da2-8af5-869e3b517ede
W10-171,RS15M 0201,15M,400W,straight,STR,RebarGroup,,4,15,2634,2640,,,,,,,,,,,,2630,,4.1,f68de139-1d4c-4b83-a869-8ce0ce248fb4
W10-171,RS15M 0058,15M,400W,straight,STR,RebarGroup,,4,15,2875,2870,,,,,,,,,,,,2880,,4.5,5604542e-f4a1-4ccc-a1d5-2a5497bedd85
W10-171,RB10M 0101,10M,400W,bent,17,RebarGroup,,8,10,343.5,350,180,350,,,,,,,,,,830,,0.7,bf1249de-9308-4b7d-b2b5-33c3a3b219f0
W10-171,RS10M 0075,10M,400W,straight,STR,RebarGroup,,8,10,7458,7470,,,,,,,,,,,,7460,,5.9,f6ef3534-5040-4195-8218-382af407c281
W10-171,RS10M 0195,10M,400W,straight,STR,RebarGroup,,10,10,2875,2870,,,,,,,,,,,,2880,,2.3,44a5583e-8b5c-4c4e-a2a3-f46070da9701
W10-171,RS10M 0203,10M,400W,straight,STR,RebarGroup,,7,10,2634,2640,,,,,,,,,,,,2630,,2.1,58717317-018b-49f5-ac9e-9df16437e09c
W10-171,RS10M 0075,10M,400W,straight,STR,RebarGroup,,8,10,7458,7470,,,,,,,,,,,,7460,,5.9,088cc9e8-76ca-4c33-ad90-38a7fd521461
W10-171,RB10M 0101,10M,400W,bent,17,RebarGroup,,8,10,343.5,350,180,350,,,,,,,,,,830,,0.7,43d50327-95f8-40cd-9c5e-f6386f68c8a2
W10-171,RS10M 0202,10M,400W,straight,STR,SingleRebar,,1,10,3599.4,3605,,,,,,,,,,,,3600,,2.8,f75670e0-cf63-4cb9-8c63-a4e50ff43780
W10-171,RS10M 0205,10M,400W,straight,STR,SingleRebar,,1,10,5330.9,5335,,,,,,,,,,,,5330,,4.2,0ff1227e-23d6-43f3-9926-a806083cb2cd
W10-171,RS10M 0206,10M,400W,straight,STR,SingleRebar,,1,10,668.4,660,,,,,,,,,,,,670,,0.5,a385004c-9482-4201-a7fa-9ca318790e01
W10-171,RS10M 0207,10M,400W,straight,STR,SingleRebar,,1,10,663.7,660,,,,,,,,,,,,660,,0.5,bb7ba64b-d0b7-4dd1-925f-0f59a0e0e5bb
W10-150,RB10M 0107,10M,400W,stirrup,T1,RebarGroup,,6,10,85,195,710,195,710,694.8,85,80,,,,,,1930,,1.5,a1d49fe5-df21-4162-8842-63615b33eb26
W10-150,RS15M 0177,15M,400W,straight,STR,SingleRebar,,1,15,2435,2440,,,,,,,,,,,,2430,,3.8,13edf10b-0b3f-4c74-86f3-765d27c5564d
W10-150,RS15M 0213,15M,400W,straight,STR,RebarGroup,,2,15,7458,7470,,,,,,,,,,,,7460,,11.7,873a7eae-0c17-4703-ad1e-22735072fea9
W10-150,RS15M 0177,15M,400W,straight,STR,SingleRebar,,1,15,2435,2440,,,,,,,,,,,,2430,,3.8,9b711937-e8bf-401c-8c4f-1e7f34bb27af
W10-150,RS15M 0213,15M,400W,straight,STR,RebarGroup,,2,15,7458,7470,,,,,,,,,,,,7460,,11.7,75cfb151-795e-4ecd-8b48-59c9d12a0e5a
W10-150,RS15M 0058,15M,400W,straight,STR,RebarGroup,,3,15,2875,2870,,,,,,,,,,,,2880,,4.5,b50825ab-376d-4d75-8760-0c66b53b01bc
W10-150,RS15M 0058,15M,400W,straight,STR,RebarGroup,,3,15,2875,2870,,,,,,,,,,,,2880,,4.5,6197b7c0-bb6c-405e-8fc2-7e2756be203c
W10-150,RB10M 0108,10M,400W,stirrup,TS73_1,RebarGroup,,14,10,100,160,380,700,160,100,145.1,93.1,,,,,,2280,,1.8,7a5f587a-222f-46a8-bd6d-5e62c3d0f7d4
W10-150,RS10M 0215,10M,400W,straight,STR,RebarGroup,,6,10,5648,5640,,,,,,,,,,,,5650,,4.4,1a126d86-2faa-47cc-b859-9af11c0f4277
W10-150,RS10M 0215,10M,400W,straight,STR,RebarGroup,,6,10,5648,5640,,,,,,,,,,,,5650,,4.4,8a3e4d6a-ad96-45c4-a1cd-04843d447353
W10-150,RB10M 0109,10M,400W,bent,17,RebarGroup,,10,10,363.5,370,160,370,,,,,,,,,,840,,0.7,69e664fb-e56f-495d-806c-fdc93572c505
W10-150,RS10M 0195,10M,400W,straight,STR,RebarGroup,,12,10,2875,2870,,,,,,,,,,,,2880,,2.3,6611e0ac-42e0-4050-802b-3b4c3bc36be3
W10-150,RS10M 0195,10M,400W,straight,STR,RebarGroup,,12,10,2875,2870,,,,,,,,,,,,2880,,2.3,55c0344a-5cbf-42b4-913a-bd3d5955790a
W10-150,RS15M 0058,15M,400W,straight,STR,RebarGroup,,4,15,2875,2870,,,,,,,,,,,,2880,,4.5,f0af39e5-5f58-452a-908f-c213bff6717f
W10-150,RS10M 0222,10M,400W,straight,STR,SingleRebar,,1,10,6775.3,6780,,,,,,,,,,,,6780,,5.3,5a4968f1-2bbc-45c1-bb1a-6e250deea4a2
W10-150,RS10M 0075,10M,400W,straight,STR,SingleRebar,,1,10,7458,7470,,,,,,,,,,,,7460,,5.9,4b8bc931-c438-4d12-8a75-40e0124e842f
W10-150,RS10M 0222,10M,400W,straight,STR,SingleRebar,,1,10,6775.3,6780,,,,,,,,,,,,6780,,5.3,6fd383c8-7089-4bf4-b76d-1363580d580e
W10-150,RS10M 0075,10M,400W,straight,STR,SingleRebar,,1,10,7458,7470,,,,,,,,,,,,7460,,5.9,264460f2-309e-4f6b-b2a0-b529e5b578f6
W10-150,RS10M 0223,10M,400W,straight,STR,SingleRebar,,1,10,512.7,510,,,,,,,,,,,,510,,0.4,5e293a93-3eb3-4b02-a10a-c4270340f470
W10-150,RS10M 0223,10M,400W,straight,STR,SingleRebar,,1,10,512.7,510,,,,,,,,,,,,510,,0.4,22730a06-e692-4364-b692-2c03c00d1ee7
W10-150,RS15M 0058,15M,400W,straight,STR,RebarGroup,,4,15,2875,2870,,,,,,,,,,,,2880,,4.5,2ac5a6a5-9092-4473-a6c3-7a6b1372d525
W10-150,RS10M 0030,10M,400W,straight,STR,RebarGroup,,2,10,600,610,,,,,,,,,,,,600,,0.5,7cd88b0e-902a-4271-853e-b9703b74ff41
W10-150,RS10M 0030,10M,400W,straight,STR,RebarGroup,,2,10,600,610,,,,,,,,,,,,600,,0.5,87266b7d-bb4b-4b53-9f06-eff29d44dfbc
W10-150,RB25M 0144,25M,400W,bent,17,SingleRebar,,1,25,198,210,1270,210,,,,,,,,,,1560,,6.1,0b50af5c-4199-4d6f-b018-4a7ecd412901
W10-150,RB10M 0109,10M,400W,bent,17,RebarGroup,,7,10,363.5,370,160,370,,,,,,,,,,840,,0.7,0dc31bfb-e5d2-49de-8921-485efc27478d
W10-116,RB10M 0001,10M,400W,bent,S11,SingleRebar,,1,10,603.5,1270,603.5,,,,,,,,,,90,1250,,1,7c320a50-9532-49d5-b3e0-a560e8fc7661
W10-116,RS15M 0023,15M,400W,straight,STR,SingleRebar,,1,15,3116.4,3125,,,,,,,,,,,,3120,,4.9,395102d4-744d-4f83-b711-d8b36266d327
W10-116,RS15M 0023,15M,400W,straight,STR,SingleRebar,,1,15,3116.4,3125,,,,,,,,,,,,3120,,4.9,0da232e8-d251-4a42-8c85-f246021f3a95
W10-116,RB10M 0088,10M,400W,stirrup,Unknown,RebarGroup,,14,10,93.5,164.8,526.1,164.8,198,164.8,450.8,164.8,,,,,,2850,,2.2,0fa2a198-55a7-4d88-81d6-a0fe9c69fc0c
W10-116,RS15M 0112,15M,400W,straight,STR,SingleRebar,,1,15,656.2,660,,,,,,,,,,,,660,,1,7bc3a61b-b3d0-4d9c-9ac8-f52b31158e94
W10-116,RS15M 0112,15M,400W,straight,STR,SingleRebar,,1,15,656.2,660,,,,,,,,,,,,660,,1,c36579b1-dccc-40c6-89a7-ab388bde2438
W10-116,RB10M 0089,10M,400W,stirrup,Unknown,RebarGroup,,2,10,93.5,164.8,426.1,164.8,198,164.8,450.8,164.8,,,,,,2650,,2.1,2ae576a6-5a57-45c9-b616-4b84d9cbcdc4
W10-116,RS10M 0064,10M,400W,straight,STR,RebarGroup,,9,10,3373.4,3380,,,,,,,,,,,,3370,,2.6,650eb986-e9ed-4d49-8c10-8b6bad2ee906
W10-116,RS10M 0064,10M,400W,straight,STR,RebarGroup,,9,10,3373.4,3380,,,,,,,,,,,,3370,,2.6,d6e7c30c-146c-4b89-9e7d-a6e273bea9b5
W10-116,RS10M 0113,10M,400W,straight,STR,RebarGroup,,10,10,4828.4,4825,,,,,,,,,,,,4830,,3.8,a5347fbe-0277-4090-b7ec-b6bae51b2fc6
W10-116,RS10M 0113,10M,400W,straight,STR,RebarGroup,,10,10,4828.4,4825,,,,,,,,,,,,4830,,3.8,5f174c8d-4322-4d2c-ad8e-0b8eb918c10e
W10-116,RS10M 0114,10M,400W,straight,STR,RebarGroup,,2,10,4726.4,4725,,,,,,,,,,,,4730,,3.7,33ba74cb-359a-46ed-bf05-430fbfc35895
W10-116,RS10M 0114,10M,400W,straight,STR,RebarGroup,,2,10,4726.4,4725,,,,,,,,,,,,4730,,3.7,244c84fb-11aa-4e91-b4bc-d0e40df3125f
W10-116,RB10M 0014,10M,400W,bent,17,RebarGroup,,12,10,323.5,330,180,330,,,,,,,,,,780,,0.6,c7c692ad-02c8-41d2-b217-6ce06da3401e
W10-116,RS15M 0019,15M,400W,straight,STR,RebarGroup,,5,15,3373.4,3380,,,,,,,,,,,,3370,,5.3,9109d718-c002-4b49-8b51-dc7c10b556ba
W10-116,RS15M 0019,15M,400W,straight,STR,RebarGroup,,5,15,3373.4,3380,,,,,,,,,,,,3370,,5.3,fbe9ea57-145b-4827-a5fe-bc6238033e8d
W10-116,2-57715M 0001,15M,400W,bent,TS3_1,SingleRebar,,1,15,425,175,,,,,,,,,,,,590,,0.9,d85a8836-c4be-41cd-be9e-0596b4222a8d
W10-119,RS15M 0059,15M,400W,straight,STR,SingleRebar,,1,15,2618,2615,,,,,,,,,,,,2620,,4.1,8d8fa5b8-a09f-4bc9-a59f-272cc507dad2
W10-119,RS15M 0059,15M,400W,straight,STR,SingleRebar,,1,15,2618,2615,,,,,,,,,,,,2620,,4.1,b84ddf9e-cebf-4941-bb6b-f57548211e8c
W10-119,RS15M 0112,15M,400W,straight,STR,SingleRebar,,1,15,657,660,,,,,,,,,,,,660,,1,4bf91c06-dd36-4718-9004-a4ea9d0e14c2
W10-119,RS15M 0112,15M,400W,straight,STR,SingleRebar,,1,15,657,660,,,,,,,,,,,,660,,1,da8fbd45-647b-40bf-8d4b-d6b8cd5ec0bb
W10-119,RS10M 0195,10M,400W,straight,STR,RebarGroup,,5,10,2875,2870,,,,,,,,,,,,2880,,2.3,0d772e9f-cacd-45f5-a437-4f7488b866a5
W10-119,RS10M 0195,10M,400W,straight,STR,RebarGroup,,5,10,2875,2870,,,,,,,,,,,,2880,,2.3,082c7f0f-9f1f-45c5-a974-1af35442c243
W10-119,RB10M 0112,10M,400W,bent,17,RebarGroup,,9,10,363.5,370,180,370,,,,,,,,,,860,,0.7,c2e3ff6d-a79c-4da3-9fdd-6e7ba472152b
W10-119,RS10M 0216,10M,400W,straight,STR,SingleRebar,,1,10,2753,2745,,,,,,,,,,,,2750,,2.2,1c5acfa3-907f-4673-8d8e-a8a0ac465076
W10-119,RS10M 0216,10M,400W,straight,STR,SingleRebar,,1,10,2753,2745,,,,,,,,,,,,2750,,2.2,eee9e201-7712-4343-880c-7d3f7045a619
W10-119,RS10M 0302,10M,400W,straight,STR,SingleRebar,,1,10,1094,1090,,,,,,,,,,,,1090,,0.9,9cbd9195-5567-408e-883a-e88f4025a03a
W10-119,RS10M 0302,10M,400W,straight,STR,SingleRebar,,1,10,1094,1090,,,,,,,,,,,,1090,,0.9,f4fd6d74-331d-4866-a6cc-abf8e27880a1
W10-119,RS10M 0309,10M,400W,straight,STR,SingleRebar,,1,10,1061,1065,,,,,,,,,,,,1060,,0.8,643ec965-eb05-4141-bacb-0d668c4a61f1
W10-119,RS10M 0309,10M,400W,straight,STR,SingleRebar,,1,10,1061,1065,,,,,,,,,,,,1060,,0.8,0bd25810-2aba-4c49-8a58-daad79c684d5
W10-119,RS10M 0217,10M,400W,straight,STR,RebarGroup,,6,10,2855,2845,,,,,,,,,,,,2860,,2.2,f312f556-e519-4215-8ed5-8a99a6096d4f
W10-119,RS10M 0217,10M,400W,straight,STR,RebarGroup,,6,10,2855,2845,,,,,,,,,,,,2860,,2.2,961412be-c31d-42d4-a99b-ea1546d4624b
W10-119,RS10M 0235,10M,400W,straight,STR,RebarGroup,,2,10,2193,2185,,,,,,,,,,,,2190,,1.7,c8695d0c-74f2-4904-a4e3-836fa236e5cf
W10-119,RS10M 0235,10M,400W,straight,STR,RebarGroup,,2,10,2193,2185,,,,,,,,,,,,2190,,1.7,06ebcfac-f24f-4003-8297-938daa63cfb1
W10-119,RB10M 0173,10M,400W,stirrup,TS67_2,RebarGroup,,3,10,110,180,235,180,235,180,110,,,,,,,1050,,0.8,74991266-d08e-4114-b121-beb34d762c7a
W10-119,RB10M 0112,10M,400W,bent,17,RebarGroup,,2,10,363.5,370,180,370,,,,,,,,,,860,,0.7,8c7361f7-1c55-4405-8031-f43cd6ccb4d2
W10-119,RB10M 0112,10M,400W,bent,17,RebarGroup,,8,10,363.5,370,180,370,,,,,,,,,,860,,0.7,06047fb6-6954-4da9-9963-4eff908a562d
W10-119,RB10M 0112,10M,400W,bent,17,SingleRebar,,1,10,363.5,370,180,370,,,,,,,,,,860,,0.7,0410f7a4-1598-4563-a956-11764d6f7076
W10-119,RS15M 0058,15M,400W,straight,STR,RebarGroup,,3,15,2875,2870,,,,,,,,,,,,2880,,4.5,cac2dbdd-632f-44ce-bb83-9390aa7e3988
W10-119,RS15M 0058,15M,400W,straight,STR,RebarGroup,,3,15,2875,2870,,,,,,,,,,,,2880,,4.5,f9cb34fc-c2bc-45dd-8336-d8e6a71217bc
W10-119,RS10M 0309,10M,400W,straight,STR,RebarGroup,,2,10,1062,1065,,,,,,,,,,,,1060,,0.8,53056a18-4a67-4edb-906a-971180f1591a
W10-119,RS10M 0309,10M,400W,straight,STR,RebarGroup,,2,10,1062,1065,,,,,,,,,,,,1060,,0.8,b83afb32-0f4a-4aee-8633-7a8e2739aeee
W10-151,RB10M 0110,10M,400W,stirrup,Unknown,RebarGroup,,12,10,93.5,164.8,522,164.8,287.1,164.8,540.8,164.8,,,,,,3020,,2.4,627180f1-3edc-4642-8fac-6a5298702806
W10-151,RS15M 0059,15M,400W,straight,STR,SingleRebar,,1,15,2618,2615,,,,,,,,,,,,2620,,4.1,baf87d35-ff9c-42ce-ace1-748639683df1
W10-151,RS15M 0059,15M,400W,straight,STR,SingleRebar,,1,15,2618,2615,,,,,,,,,,,,2620,,4.1,2cbc3484-ee86-4e0c-b95e-be3bb4bc3235
W10-151,RB10M 0111,10M,400W,stirrup,Unknown,RebarGroup,,2,10,93.5,164.8,422,164.8,287.1,164.8,540.8,164.8,,,,,,2820,,2.2,ca62324d-9d64-448a-8674-b30aaf5201da
W10-151,RS15M 0112,15M,400W,straight,STR,SingleRebar,,1,15,657,660,,,,,,,,,,,,660,,1,57d5bc8a-c7bc-4f16-9196-e769586ffaae
W10-151,RS15M 0112,15M,400W,straight,STR,SingleRebar,,1,15,657,660,,,,,,,,,,,,660,,1,d22a483b-5c14-4706-a5d0-47f3774d5fce
W10-151,RS10M 0195,10M,400W,straight,STR,RebarGroup,,4,10,2875,2870,,,,,,,,,,,,2880,,2.3,9efea027-61c1-4602-a03c-6aaa30ba6565
W10-151,RS10M 0195,10M,400W,straight,STR,RebarGroup,,4,10,2875,2870,,,,,,,,,,,,2880,,2.3,ab5cfcf7-5035-4971-8f64-5828dc4353b6
W10-151,RB10M 0112,10M,400W,bent,17,RebarGroup,,9,10,363.5,370,180,370,,,,,,,,,,860,,0.7,8232c04a-c5cb-4db0-b494-99e4def597cc
W10-151,RS10M 0216,10M,400W,straight,STR,SingleRebar,,1,10,2753,2745,,,,,,,,,,,,2750,,2.2,abcdfe4f-51cc-480c-9211-d2ccc8a5bda7
W10-151,RS10M 0217,10M,400W,straight,STR,RebarGroup,,8,10,2855,2845,,,,,,,,,,,,2860,,2.2,24facfa3-ad13-45f0-9fd3-5c7d65ef26bb
W10-151,RS10M 0216,10M,400W,straight,STR,SingleRebar,,1,10,2753,2745,,,,,,,,,,,,2750,,2.2,eaf4bbdf-e3db-4596-840e-53906732958b
W10-151,RS10M 0217,10M,400W,straight,STR,RebarGroup,,8,10,2855,2845,,,,,,,,,,,,2860,,2.2,742e984b-9a43-4adb-9225-b6ef3fe5327a
W10-151,RS15M 0058,15M,400W,straight,STR,RebarGroup,,5,15,2875,2870,,,,,,,,,,,,2880,,4.5,5913599f-5982-4153-a8ef-08963ddb349f
W10-151,RS15M 0058,15M,400W,straight,STR,RebarGroup,,5,15,2875,2870,,,,,,,,,,,,2880,,4.5,9cd1c375-dee9-407e-90c2-4cb1950a79a4
W10-198,RS10M 0195,10M,400W,straight,STR,RebarGroup,,1,10,2875,2870,,,,,,,,,,,,2870,,2.3,4fbde5b2-7788-4e73-a3f6-b6acb40beea3
W10-198,RS10M 0195,10M,400W,straight,STR,RebarGroup,,1,10,2875,2870,,,,,,,,,,,,2870,,2.3,9b07ffed-0318-45a7-845c-ae9bf3545380
W10-198,RB10M 0113,10M,400W,stirrup,TS67_2,RebarGroup,,8,10,160,180,1090,180,1090,180,160,,,,,,,2860,,2.2,c0baeb56-093d-451b-aba3-90319d61872e
W10-198,RS15M 0059,15M,400W,straight,STR,SingleRebar,,1,15,2618,2615,,,,,,,,,,,,2620,,4.1,d44a3d03-43a3-40cc-a4ec-45d010abb29f
W10-198,RS15M 0059,15M,400W,straight,STR,SingleRebar,,1,15,2618,2615,,,,,,,,,,,,2620,,4.1,5dc20f5c-b967-4763-8b76-9e2fc0186e10
W10-198,RS15M 0058,15M,400W,straight,STR,RebarGroup,,3,15,2875,2870,,,,,,,,,,,,2880,,4.5,a4deb8f4-3f39-49a1-8f9c-fc91d2738286
W10-198,RS15M 0058,15M,400W,straight,STR,RebarGroup,,3,15,2875,2870,,,,,,,,,,,,2880,,4.5,3f97fad2-a6fd-452e-bc37-7834f73b7003
W10-198,RB10M 0114,10M,400W,stirrup,TS67_2,RebarGroup,,2,10,160,180,990,180,990,180,160,,,,,,,2660,,2.1,2b11820f-741f-4407-8b9e-d97c338c5f64
W10-198,RS15M 0204,15M,400W,straight,STR,SingleRebar,,1,15,881.2,890,,,,,,,,,,,,880,,1.4,b2669c5f-5b7c-45c3-a4fe-68ae07f8a774
W10-198,RS15M 0204,15M,400W,straight,STR,SingleRebar,,1,15,881.2,890,,,,,,,,,,,,880,,1.4,4f52d47d-ba46-478f-afc7-8281ecdd9bcb
W10-31,RB10M 0033,10M,400W,stirrup,Unknown,RebarGroup,,14,10,93.1,164.8,1061.8,164.8,621.8,164.8,261.8,164.8,,,,,,3540,,2.8,74b688de-da74-4b0f-bc24-e2fed0d4a2e7
W10-31,RS20M 0066,20M,400W,straight,STR,SingleRebar,,1,20,3116.4,3125,,,,,,,,,,,,3120,,7.3,a9615791-d43f-48f6-acf4-86ae4424b201
W10-31,RS20M 0066,20M,400W,straight,STR,SingleRebar,,1,20,3116.4,3125,,,,,,,,,,,,3120,,7.3,0366ee56-9a66-4be1-ac89-a179e8697e6c
W10-31,RS20M 0067,20M,400W,straight,STR,RebarGroup,,3,20,3373.4,3380,,,,,,,,,,,,3370,,7.9,0e850d19-2979-446f-9e5f-81e4934c47f1
W10-31,RS20M 0067,20M,400W,straight,STR,RebarGroup,,3,20,3373.4,3380,,,,,,,,,,,,3370,,7.9,6ca3b44b-cec9-479b-aa34-2f67b43306b5
W10-31,RS20M 0068,20M,400W,straight,STR,SingleRebar,,1,20,806.2,815,,,,,,,,,,,,810,,1.9,1a27cfc1-2edf-456b-83d3-6c094267de33
W10-31,RS20M 0068,20M,400W,straight,STR,SingleRebar,,1,20,806.2,815,,,,,,,,,,,,810,,1.9,492b8275-0987-43b9-831b-66eaeaae8aff
W10-31,RB10M 0034,10M,400W,stirrup,Unknown,RebarGroup,,1,10,93.1,164.8,959.8,164.8,519.8,164.8,261.8,164.8,,,,,,3340,,2.6,179b810d-ff50-4caf-85c2-276958d85c29
W10-121,RS15M 0019,15M,400W,straight,STR,RebarGroup,,3,15,3373.4,3380,,,,,,,,,,,,3370,,5.3,29df6c5e-2353-4902-8c4c-11694f548353
W10-121,RS15M 0019,15M,400W,straight,STR,RebarGroup,,3,15,3373.4,3380,,,,,,,,,,,,3370,,5.3,b67c5d36-28c9-47e1-94a4-b60ff201f28a
W10-121,RB10M 0027,10M,400W,stirrup,TS24,RebarGroup,,15,10,100,180,630,180,630,180,345,164.8,,,,,,2320,,1.8,3c836a75-529d-422f-97ff-5c7fa33d3cc9
W10-105,RB10M 0102,10M,400W,stirrup,Unknown,RebarGroup,,12,10,93.1,164.8,1004.8,164.8,644.8,164.8,284.8,164.8,,,,,,3480,,2.7,cc927f99-5a9f-468d-b39f-da2c3f7adc63
W10-105,RS15M 0058,15M,400W,straight,STR,RebarGroup,,4,15,2875,2870,,,,,,,,,,,,2880,,4.5,53da1114-cd7d-41d3-a85a-721b0a429937
W10-105,RS15M 0059,15M,400W,straight,STR,RebarGroup,,4,15,2618,2615,,,,,,,,,,,,2620,,4.1,7acb6257-6cd3-4a22-b8fa-59b9754e86a6
W10-105,RS10M 0020,10M,400W,straight,STR,RebarGroup,,1,10,994,990,,,,,,,,,,,,990,,0.8,3ad1f1e7-d176-48c3-9218-71f7fcfc0c20
P6-49,RB10M 0094,10M,400W,bent,S11,SingleRebar,,1,10,503.5,1070,503.5,,,,,,,,,,105,1060,,0.8,d6063467-d323-4bdd-ae99-5c817c478e82
P6-49,RS10M 0030,10M,400W,straight,STR,RebarGroup,,1,10,600,610,,,,,,,,,,,,600,,0.5,40ae76e0-dccb-48b6-9256-040476f7e457
P6-49,RS10M 0030,10M,400W,straight,STR,RebarGroup,,1,10,600,610,,,,,,,,,,,,600,,0.5,fad409e1-3162-470f-961e-6d0ac5294df2
P6-49,RB10M 0051,10M,400W,bent,TS5_1,RebarGroup,,1,10,255,255,255,,,,,,,,,,,750,,0.6,47e82342-d287-4917-a8a4-c4078ec9dfc8
P6-49,RB10M 0051,10M,400W,bent,TS5_1,RebarGroup,,1,10,255,255,255,,,,,,,,,,,750,,0.6,9ada1fb5-0ec0-47e6-8d15-68abf7022ee7
P6-49,RB10M 0097,10M,400W,stirrup,14,RebarGroup,,2,10,150,140,615,140,150,,,,100,,,,810,1170,,0.9,55325dbc-691f-4e30-9318-3edb06df2151
P6-49,RS10M 0159,10M,400W,straight,STR,SingleRebar,,1,10,12204,12190,,,,,,,,,,,,12200,,9.6,dd138257-2bcf-461c-a0bd-2dfe807379bf
P6-49,RS10M 0186,10M,400W,straight,STR,SingleRebar,,1,10,2816.7,2820,,,,,,,,,,,,2820,,2.2,9c5e7ab4-3e3a-4af3-afda-d1946f9cdd62
P6-49,RS10M 0030,10M,400W,straight,STR,RebarGroup,,1,10,600,610,,,,,,,,,,,,600,,0.5,0d62838c-e629-48f7-a55f-c0ac300d5935
P6-49,RS10M 0030,10M,400W,straight,STR,RebarGroup,,1,10,600,610,,,,,,,,,,,,600,,0.5,b90634d5-ed09-4d05-b9ef-74030e7ab643
P6-49,RS10M 0030,10M,400W,straight,STR,RebarGroup,,1,10,600,610,,,,,,,,,,,,600,,0.5,a796ef5a-ea98-4fec-af33-04f16298fc74
P6-49,RS10M 0030,10M,400W,straight,STR,RebarGroup,,1,10,600,610,,,,,,,,,,,,600,,0.5,e76cec8d-0470-4469-b6cb-a3ad3350ba04
P6-49,RB10M 0051,10M,400W,bent,TS5_1,RebarGroup,,1,10,255,255,255,,,,,,,,,,,750,,0.6,bc8a0be3-b7fe-43c1-ab3e-a7229a258bce
P6-49,RB10M 0051,10M,400W,bent,TS5_1,RebarGroup,,1,10,255,255,255,,,,,,,,,,,750,,0.6,36b8b2a2-6850-435b-9d31-6254cbd00cf4
P6-49,RS10M 0193,10M,400W,straight,STR,SingleRebar,,1,10,2521.2,2515,,,,,,,,,,,,2520,,2,11ec78c0-2082-4a64-a2aa-8932f83a3e12
P6-49,RS10M 0186,10M,400W,straight,STR,SingleRebar,,1,10,2816.7,2820,,,,,,,,,,,,2820,,2.2,fffac685-2b40-4288-bac4-c1f5e4e84c67
P6-49,RB10M 0051,10M,400W,bent,TS5_1,RebarGroup,,1,10,255,255,255,,,,,,,,,,,750,,0.6,1c852b19-c6d4-4344-b2b1-6e6772a51743
P6-49,RB10M 0051,10M,400W,bent,TS5_1,RebarGroup,,1,10,255,255,255,,,,,,,,,,,750,,0.6,bba67d29-bce8-4294-a12c-f4dbaf2252b3
P6-49,RB10M 0094,10M,400W,bent,S11,SingleRebar,,1,10,503.5,1070,503.5,,,,,,,,,,105,1060,,0.8,446bbd48-ca2f-4329-938a-2d92e7b22150
P6-49,RB10M 0094,10M,400W,bent,S11,SingleRebar,,1,10,503.5,1070,503.5,,,,,,,,,,105,1060,,0.8,d52706fe-c26d-4118-b012-a476daea28ff
P6-49,MS 0008,W2.9/W2.9-152.4/152.4-3203.2/12253,A1064-GR.65,straight,,RebarMesh,,210,,2924.2,12255,3205,12255,3205,,,,,,,,,12253.2,,44.8,a0a9bdad-2558-4c04-b8b6-ec3c9ff508b1
P6-49,RB10M 0117,10M,400W,stirrup,14,RebarGroup,,2,10,200,155,180,140,200,,,,100,,,,400,850,,0.7,ea8f4387-86df-491c-aa3a-4082185cd252
P6-49,RB10M 0117,10M,400W,stirrup,14,RebarGroup,,2,10,200,155,180,140,200,,,,100,,,,400,850,,0.7,392cdde6-a87d-4a52-bc7b-f193f45a7103
P6-49,RS10M 0030,10M,400W,straight,STR,RebarGroup,,1,10,600,610,,,,,,,,,,,,600,,0.5,785c5b53-ba12-44b1-b7ba-30a7ba9bcc27
P6-49,RS10M 0030,10M,400W,straight,STR,RebarGroup,,1,10,600,610,,,,,,,,,,,,600,,0.5,a8871690-f719-4c41-a7b7-b1a984c91019
P6-49,RS10M 0193,10M,400W,straight,STR,SingleRebar,,1,10,2521.2,2515,,,,,,,,,,,,2520,,2,e3dc08a3-a3a8-4922-8b32-277cc92ff837
P6-49,RB10M 0097,10M,400W,stirrup,14,RebarGroup,,2,10,150,140,615,140,150,,,,100,,,,810,1170,,0.9,fb55f38f-5653-4e7e-ac67-38a9914b6900
P6-49,RB10M 0118,10M,400W,stirrup,14,RebarGroup,,2,10,200,145,195,140,200,,,,100,,,,400,850,,0.7,51e5cdde-7761-41a8-addf-dcd9b08fe20f
P6-49,RB10M 0118,10M,400W,stirrup,14,RebarGroup,,2,10,200,145,195,140,200,,,,100,,,,400,850,,0.7,4000bc76-aa23-4b36-91e8-88990b91f392
P6-49,RB10M 0094,10M,400W,bent,S11,SingleRebar,,1,10,503.5,1070,503.5,,,,,,,,,,105,1060,,0.8,2bc01d51-cc7d-4d52-a5f7-e71816bfa055
P6-49,RS15M 0192,15M,400W,straight,STR,RebarGroup,,2,15,679,685,,,,,,,,,,,,680,,1.1,6871a2c8-dc5b-454b-9c70-999094d33b69
P6-49,RS10M 0229,10M,400W,straight,STR,RebarGroup,,2,10,3404.2,3405,,,,,,,,,,,,3400,,2.7,aed354be-9a65-4dd7-9cdc-2402ab8fab39
P6-49,RS10M 0229,10M,400W,straight,STR,RebarGroup,,2,10,3404.2,3405,,,,,,,,,,,,3400,,2.7,3f17d210-0f9c-474d-aef6-65cd3eee69b8
P6-49,RS15M 0192,15M,400W,straight,STR,RebarGroup,,2,15,679,685,,,,,,,,,,,,680,,1.1,dd9cdbf1-afa9-47ec-9c46-975e94042341
P6-49,RB10M 0051,10M,400W,bent,TS5_1,RebarGroup,,1,10,255,255,255,,,,,,,,,,,750,,0.6,6829284c-8f1c-4252-8045-6bd40d88fac1
P6-49,RB10M 0051,10M,400W,bent,TS5_1,RebarGroup,,1,10,255,255,255,,,,,,,,,,,750,,0.6,65457ba7-3977-4c13-b809-96fd56c756ef
P6-49,RS10M 0191,10M,400W,straight,STR,RebarGroup,,2,10,6332.7,6325,,,,,,,,,,,,6330,,5,da25ba28-1bd1-427e-b01e-2989f0776c6c
P6-49,RS10M 0229,10M,400W,straight,STR,SingleRebar,,1,10,3404.2,3405,,,,,,,,,,,,3400,,2.7,4d4ad4dd-053c-4b19-9ea3-7ab424a383ec
P6-49,RS10M 0229,10M,400W,straight,STR,SingleRebar,,1,10,3404.2,3405,,,,,,,,,,,,3400,,2.7,6a0d8c97-ad54-4f34-93de-27b689103238
P6-49,RS15M 0058,15M,400W,straight,STR,RebarGroup,,6,15,2875,2870,,,,,,,,,,,,2870,,4.5,ccb8be84-6692-4810-8012-b2384f8f38bb
P6-49,RB10M 0123,10M,400W,stirrup,14,SingleRebar,,1,10,200,155,615,140,200,,,,100,,,,830,1280,,1,66af24ff-9216-42b6-9b77-7b9aafee34c2
P6-49,RB10M 0123,10M,400W,stirrup,14,SingleRebar,,1,10,200,155,615,140,200,,,,100,,,,830,1280,,1,ea806435-d675-4125-8f78-3a118ddb754a
P6-49,RS15M 0058,15M,400W,straight,STR,RebarGroup,,2,15,2875,2870,,,,,,,,,,,,2880,,4.5,42faa7c1-f7f1-4bb1-add4-3cb51ce3f0b6
P6-49,RS15M 0293,15M,400W,straight,STR,RebarGroup,,2,15,2647,2640,,,,,,,,,,,,2650,,4.2,540943a7-acdf-412d-a892-f8260a433075
P6-49,P-900-420M 0001,20M,400W,straight,STR,SingleRebar,,1,20,689,685,,,,,,,,,,,,690,,1.6,5a33bbd6-83ac-41b7-a3a4-cab97d049b0d
P6-49,P-900-420M 0001,20M,400W,straight,STR,SingleRebar,,1,20,689,685,,,,,,,,,,,,690,,1.6,e3ce42a1-e6bd-4bd5-9e45-fdf3f2707805
P6-49,P-900-420M 0001,20M,400W,straight,STR,SingleRebar,,1,20,689,685,,,,,,,,,,,,690,,1.6,d46b32b2-5643-4272-99ec-85ff7e289df2
P6-49,P-900-420M 0001,20M,400W,straight,STR,SingleRebar,,1,20,689,685,,,,,,,,,,,,690,,1.6,925dbd0c-24d9-43f0-ae8a-e51049bb16ba
P6-49,P-900-420M 0001,20M,400W,straight,STR,SingleRebar,,1,20,689,685,,,,,,,,,,,,690,,1.6,49dd5c1f-0d37-450f-8d4a-f27f3267a7eb
P6-49,P-900-420M 0001,20M,400W,straight,STR,SingleRebar,,1,20,689,685,,,,,,,,,,,,690,,1.6,8da0fc7a-78e3-48a8-938c-cf9fd93a654c
P6-49,P-900-420M 0001,20M,400W,straight,STR,SingleRebar,,1,20,689,685,,,,,,,,,,,,690,,1.6,cb02eccb-b21c-4cb4-9e0c-3b62c6dead7a
P6-49,P-900-420M 0001,20M,400W,straight,STR,SingleRebar,,1,20,689,685,,,,,,,,,,,,690,,1.6,527f90bb-d3ec-4982-a9f1-fb0735742c53
W10-60,RB10M 0116,10M,400W,stirrup,Unknown,RebarGroup,,6,10,688.6,181,437.8,181,37.5,80,,,,,,,,1560,,1.2,b2c84cb5-6c27-439f-980f-f3a3b9fc800f
W10-60,RS10M 0178,10M,400W,straight,STR,RebarGroup,,1,10,3533.9,3530,,,,,,,,,,,,3530,,2.8,f6492636-f3e9-400b-bacd-5f23c66ba80a
W10-60,RS10M 0178,10M,400W,straight,STR,RebarGroup,,1,10,3533.9,3530,,,,,,,,,,,,3530,,2.8,b293d40c-8c5f-40f2-9b91-883f062d3b09
W10-60,RS10M 0030,10M,400W,straight,STR,RebarGroup,,2,10,600,610,,,,,,,,,,,,600,,0.5,aa84eae4-a2a5-4b92-a178-55d3567305bb
W10-60,RS10M 0030,10M,400W,straight,STR,RebarGroup,,2,10,600,610,,,,,,,,,,,,600,,0.5,53fe1d17-e418-4fba-87dd-d2cd09601e90
W10-60,RS15M 0177,15M,400W,straight,STR,SingleRebar,,1,15,2436.9,2440,,,,,,,,,,,,2440,,3.8,16816a06-2f18-409e-aef3-bffb8c22d488
W10-60,RS15M 0224,15M,400W,straight,STR,RebarGroup,,2,15,3533.9,3530,,,,,,,,,,,,3530,,5.5,3a6b958f-566c-4faf-9347-c7fe7858ed39
W10-60,RS15M 0177,15M,400W,straight,STR,SingleRebar,,1,15,2436.9,2440,,,,,,,,,,,,2440,,3.8,88700ce4-ec5d-48f4-8685-2d2d90009384
W10-60,RS15M 0226,15M,400W,straight,STR,SingleRebar,,1,15,2526.9,2515,,,,,,,,,,,,2530,,4,e9ef8a02-a458-48a1-81f2-029a0b1aab33
W10-60,RS15M 0224,15M,400W,straight,STR,SingleRebar,,1,15,3533.9,3530,,,,,,,,,,,,3530,,5.5,7a6468b6-8bfe-4409-9dfb-01b6034bc890
W10-60,RS15M 0230,15M,400W,straight,STR,SingleRebar,,1,15,747,735,,,,,,,,,,,,750,,1.2,7964003c-b5d2-4d3f-a88a-fe7480e6d093
W10-60,RB10M 0120,10M,400W,stirrup,Unknown,RebarGroup,,12,10,93.1,144.6,900.7,144.6,600.7,144.6,300.7,144.6,,,,,,3200,,2.5,0e658cf1-2064-4643-98a8-3c066f3ce960
W10-60,RB10M 0121,10M,400W,stirrup,Unknown,RebarGroup,,12,10,93.1,832.4,144.6,1473.7,144.6,699.4,144.6,419.4,,,,,,5020,,3.9,f92a38ec-5a4a-47f1-8953-273b66f5150b
W10-60,RS15M 0059,15M,400W,straight,STR,RebarGroup,,9,15,2618,2615,,,,,,,,,,,,2620,,4.1,de7733c6-6cd6-4ca9-a6c1-14224b8f82bc
W10-60,RS10M 0284,10M,400W,straight,STR,RebarGroup,,1,10,3331,3325,,,,,,,,,,,,3330,,2.6,625eb41e-7618-4ab1-b057-fbaf883d06bc
W10-60,RB25M 0145,25M,400W,bent,17,SingleRebar,,1,25,198,210,1325,210,,,,,,,,,,1610,,6.3,8bcab351-5b55-405c-ade3-3b250b507542
W10-60,RS15M 0059,15M,400W,straight,STR,SingleRebar,,1,15,2618,2615,,,,,,,,,,,,2620,,4.1,30f6e967-5e6c-4eba-b7b2-a3244745ac63
W10-60,RS15M 0204,15M,400W,straight,STR,SingleRebar,,1,15,882,890,,,,,,,,,,,,880,,1.4,2aa9cd09-4595-4b26-9a7a-7f4cce688035
W10-60,RS15M 0285,15M,400W,straight,STR,SingleRebar,,1,15,625,635,,,,,,,,,,,,630,,1,7a6ba2c4-1b24-4416-aec4-44078efa2abc
W10-60,RS15M 0058,15M,400W,straight,STR,RebarGroup,,8,15,2875,2870,,,,,,,,,,,,2880,,4.5,efd09d7d-ee4c-4777-81f4-4c8e9bb44627
W10-60,P-705-225M 0001,25M,400W,straight,STR,SingleRebar,,1,25,700,710,,,,,,,,,,,,700,,2.7,7437fd5b-bf74-45c5-be62-82d4ffe35553
W10-60,P-705-225M 0001,25M,400W,straight,STR,SingleRebar,,1,25,700,710,,,,,,,,,,,,700,,2.7,32843239-b183-46bd-8d40-8ceca90ef37d
W10-50,RB10M 0125,10M,400W,stirrup,14,RebarGroup,,2,10,200,140,210,140,200,,,,100,,,,405,860,,0.7,ef983be4-13aa-4fee-83f5-f2b5b0f80576
W10-50,RB10M 0125,10M,400W,stirrup,14,RebarGroup,,2,10,200,140,210,140,200,,,,100,,,,405,860,,0.7,06fe177a-8c17-497e-b4ca-f0da4a25429e
W10-50,RB10M 0040,10M,400W,stirrup,T1,RebarGroup,,10,10,75,160,1675,160,1675,1662.8,75,74.1,,,,,,3790,,3,f82f6aed-ceb5-49a9-af7b-90972bf8e700
W10-50,RB10M 0046,10M,400W,bent,17,RebarGroup,,9,10,323.5,330,160,330,,,,,,,,,,760,,0.6,44d1d4ab-9200-43a4-9868-7e64dd3db2a8
W10-50,RB10M 0046,10M,400W,bent,17,RebarGroup,,10,10,323.5,330,160,330,,,,,,,,,,760,,0.6,d8f12a59-07b0-4f43-b945-b70e17046bc3
W10-50,RS10M 0030,10M,400W,straight,STR,RebarGroup,,2,10,600,610,,,,,,,,,,,,600,,0.5,cb4c61fb-28bc-477f-8d74-982f287b9dcc
W10-50,RS10M 0030,10M,400W,straight,STR,RebarGroup,,2,10,600,610,,,,,,,,,,,,600,,0.5,3246819b-e2cd-4877-9cc8-f2194a851ced
W10-50,RS10M 0030,10M,400W,straight,STR,RebarGroup,,2,10,600,610,,,,,,,,,,,,600,,0.5,c35a3f26-6909-41bb-a1e4-bdf83f597123
W10-50,RS10M 0030,10M,400W,straight,STR,RebarGroup,,2,10,600,610,,,,,,,,,,,,600,,0.5,666271cb-0a4b-4f2a-a00b-36863707a5fe
W10-50,RS10M 0030,10M,400W,straight,STR,RebarGroup,,2,10,600,610,,,,,,,,,,,,600,,0.5,00bf664e-b0d0-4b7a-bd9c-dccb362496cc
W10-50,RS10M 0030,10M,400W,straight,STR,RebarGroup,,2,10,600,610,,,,,,,,,,,,600,,0.5,7e3aea0c-bda0-4db7-b712-d4c5294b6d28
W10-50,RB10M 0051,10M,400W,bent,TS5_1,RebarGroup,,2,10,255,255,255,,,,,,,,,,,750,,0.6,3a91585c-ee08-4cea-819c-b7b07c90d607
W10-50,RB10M 0051,10M,400W,bent,TS5_1,RebarGroup,,2,10,255,255,255,,,,,,,,,,,750,,0.6,d9b14f0c-c004-42bf-8759-b84e35e47af1
W10-50,RS15M 0096,15M,400W,straight,STR,RebarGroup,,2,15,4749.4,4750,,,,,,,,,,,,4750,,7.5,64dd1cff-953e-433d-98af-c8c3ceb0aca4
W10-50,RS15M 0097,15M,400W,straight,STR,RebarGroup,,2,15,2562.7,2565,,,,,,,,,,,,2560,,4,8e4c9125-f644-413b-b624-52f2875aefbd
W10-50,RB10M 0052,10M,400W,stirrup,TS67_2,RebarGroup,,13,10,100,160,280,160,280,160,100,,,,,,,1090,,0.9,9b12d52c-06cb-4bbb-90a9-c0f849827497
W10-50,RS15M 0096,15M,400W,straight,STR,RebarGroup,,2,15,4749.4,4750,,,,,,,,,,,,4750,,7.5,218e1b2f-27af-48c3-be8d-7d983e2311ff
W10-50,RS15M 0097,15M,400W,straight,STR,RebarGroup,,2,15,2562.7,2565,,,,,,,,,,,,2560,,4,1b2659bf-0770-4e90-ae35-fec816b0d793
W10-50,RB10M 0050,10M,400W,stirrup,Unknown,RebarGroup,,12,10,93.1,653.5,147,1215.8,147,616.5,147,321.5,,,,,,4240,,3.3,bcf57388-e311-4c8e-8716-655fe8b045bd
W10-50,RS10M 0208,10M,400W,straight,STR,SingleRebar,,1,10,9266,9270,,,,,,,,,,,,9270,,7.3,af5b0c5a-d314-4fa2-bc69-375b7d17a7aa
W10-50,RS10M 0238,10M,400W,straight,STR,SingleRebar,,1,10,173,180,,,,,,,,,,,,170,,0.1,df0abf9f-8783-4310-afff-7269a5ee2d1e
W10-50,RS10M 0238,10M,400W,straight,STR,SingleRebar,,1,10,173,180,,,,,,,,,,,,170,,0.1,30dead45-f8f3-4974-b401-4b8a5d262518
W10-50,RB10M 0051,10M,400W,bent,TS5_1,RebarGroup,,2,10,255,255,255,,,,,,,,,,,750,,0.6,c049e08c-e281-4b07-85e4-c6e2767c7a59
W10-50,RB10M 0051,10M,400W,bent,TS5_1,RebarGroup,,2,10,255,255,255,,,,,,,,,,,750,,0.6,09cacd7c-c6c3-42a2-b66f-b298be6fdd45
W10-50,RS15M 0173,15M,400W,straight,STR,SingleRebar,,1,15,3199,3200,,,,,,,,,,,,3200,,5,2840e2ae-3df3-42c6-be57-ceeabc2c575e
W10-50,RS15M 0173,15M,400W,straight,STR,SingleRebar,,1,15,3199,3200,,,,,,,,,,,,3200,,5,b51f386c-313c-44a9-be09-92454e52f4c4
W10-50,RB15M 0068,15M,400W,bent,Unknown,RebarGroup,,2,15,509.9,149,509.9,,,,,,,,,,,1140,,1.8,d58e2eed-0efc-4bbd-8b33-a1e7ae67a84b
W10-50,RS10M 0239,10M,400W,straight,STR,SingleRebar,,1,10,8790.3,8790,,,,,,,,,,,,8790,,6.9,00d4a0e0-d293-4fae-b27a-fa5e360f59ad
W10-50,RS10M 0239,10M,400W,straight,STR,SingleRebar,,1,10,8790.3,8790,,,,,,,,,,,,8790,,6.9,e45c4041-96a9-4c2f-8639-a1bb80198fc7
W10-50,RS15M 0240,15M,400W,straight,STR,SingleRebar,,1,15,2362,2360,,,,,,,,,,,,2360,,3.7,65094afc-2271-4204-b894-ec36561b6961
W10-50,RS15M 0240,15M,400W,straight,STR,SingleRebar,,1,15,2362,2360,,,,,,,,,,,,2360,,3.7,00a84b34-235d-4d92-a7be-72da211565d3
W10-50,RS15M 0241,15M,400W,straight,STR,SingleRebar,,1,15,237,230,,,,,,,,,,,,240,,0.4,0a6a4684-5a6a-4f27-9b68-6f3712736449
W10-50,RS15M 0059,15M,400W,straight,STR,RebarGroup,,14,15,2617.9,2615,,,,,,,,,,,,2620,,4.1,ab153ecd-a2ab-4e57-a0bf-8b3fef137da6
W10-50,RS15M 0058,15M,400W,straight,STR,RebarGroup,,14,15,2875,2870,,,,,,,,,,,,2880,,4.5,8e60c215-1eaf-4e30-af05-c3d98cc2e6e7
W10-50,RS10M 0208,10M,400W,straight,STR,RebarGroup,,2,10,9266,9270,,,,,,,,,,,,9270,,7.3,d214b1fc-2603-4941-94dc-c0d86ea45996
W10-50,RS15M 0029,15M,400W,straight,STR,RebarGroup,,2,15,7887.2,7900,,,,,,,,,,,,7890,,12.4,c3b5e5e7-fdf8-4a3b-8bec-d0e2e4bb7707
W10-50,RS15M 0029,15M,400W,straight,STR,RebarGroup,,2,15,7887.2,7900,,,,,,,,,,,,7890,,12.4,dd62da24-80c4-47f6-a870-cec2f84b4cba
W10-50,RS10M 0251,10M,400W,straight,STR,RebarGroup,,6,10,2015.1,2005,,,,,,,,,,,,2020,,1.6,2bff747c-dc61-40ff-b0e5-7e38bb43edc4
W10-50,RS10M 0251,10M,400W,straight,STR,RebarGroup,,6,10,2015.1,2005,,,,,,,,,,,,2020,,1.6,f12404ce-8173-4d1b-94a0-fe0406b04e8e
W10-50,RS15M 0095,15M,400W,straight,STR,SingleRebar,,1,15,9266,9270,,,,,,,,,,,,9270,,14.6,a9754a96-03e1-4d5b-8cff-ffe8bd17306a
W10-50,RS15M 0268,15M,400W,straight,STR,SingleRebar,,1,15,8790,8790,,,,,,,,,,,,8790,,13.8,4f343447-a7d0-4b21-bb00-168f8904bfba
W10-50,RS15M 0095,15M,400W,straight,STR,SingleRebar,,1,15,9266,9270,,,,,,,,,,,,9270,,14.6,927e32ff-038b-42b7-820b-b5640a9f8fb2
W10-50,RS15M 0268,15M,400W,straight,STR,SingleRebar,,1,15,8790,8790,,,,,,,,,,,,8790,,13.8,e65c6c9b-aeef-45c5-87b9-ceb9b4f80c2d
W10-50,RS15M 0269,15M,400W,straight,STR,SingleRebar,,1,15,173.1,180,,,,,,,,,,,,170,,0.3,65b6bc25-f531-48cd-bb04-b31b037d8983
W10-50,RS15M 0269,15M,400W,straight,STR,SingleRebar,,1,15,173.1,180,,,,,,,,,,,,170,,0.3,28de2c74-a3a3-4ed5-8c37-48cac7211e20
W10-50,RB10M 0135,10M,400W,stirrup,Unknown,RebarGroup,,22,10,754.6,181,503.8,181,37.5,80,,,,,,,,1690,,1.3,93b6d81a-3ae5-47bf-88f7-9e6904250e89
W10-50,RB10M 0049,10M,400W,stirrup,T1,RebarGroup,,12,10,85,190,195,190,195,181,85,80,,,,,,890,,0.7,e84e926d-bbdc-49b1-852d-f80e411b7637
W10-50,RS10M 0180,10M,400W,straight,STR,RebarGroup,,6,10,2617.2,2615,,,,,,,,,,,,2620,,2.1,246b7046-9458-4830-9401-71844c2a3d95
W10-50,RS10M 0195,10M,400W,straight,STR,RebarGroup,,6,10,2873.4,2870,,,,,,,,,,,,2870,,2.3,c81ebfbe-3d26-4d52-9ac6-5e07d88f3b88
W10-50,RB25M 0139,25M,400W,bent,17,SingleRebar,,1,25,198,210,2085,210,,,,,,,,,,2380,,9.3,34e5be79-73b0-4e0b-ad09-f1f98a1dcc30
W10-67,RB10M 0125,10M,400W,stirrup,14,RebarGroup,,2,10,200,140,210,140,200,,,,100,,,,405,860,,0.7,24bab22a-d09a-48a0-824f-6dd9fd773b8d
W10-67,RB10M 0125,10M,400W,stirrup,14,RebarGroup,,2,10,200,140,210,140,200,,,,100,,,,405,860,,0.7,cdbaf36d-a947-4c85-94d4-4caadeee3093
W10-67,RB10M 0040,10M,400W,stirrup,T1,RebarGroup,,10,10,75,160,1675,160,1675,1662.8,75,74.1,,,,,,3790,,3,f44d9198-646c-4133-9c8b-ce6bd7595c7f
W10-67,RB10M 0046,10M,400W,bent,17,RebarGroup,,9,10,323.5,330,160,330,,,,,,,,,,760,,0.6,4cb6545e-a39c-4152-a61a-7c419697d515
W10-67,RB10M 0046,10M,400W,bent,17,RebarGroup,,10,10,323.5,330,160,330,,,,,,,,,,760,,0.6,b403f29b-4539-4a2b-8b9c-6d4595656f16
W10-67,RB10M 0051,10M,400W,bent,TS5_1,RebarGroup,,2,10,255,255,255,,,,,,,,,,,750,,0.6,a85cb6da-de07-472d-bfd6-5367379101c1
W10-67,RB10M 0051,10M,400W,bent,TS5_1,RebarGroup,,2,10,255,255,255,,,,,,,,,,,750,,0.6,7f9c0634-9961-4285-ba83-f8b37fa608f6
W10-67,RS15M 0097,15M,400W,straight,STR,RebarGroup,,2,15,2562.7,2565,,,,,,,,,,,,2560,,4,8c1b104d-2b10-4c0b-9cfb-ce0cef022305
W10-67,RB10M 0052,10M,400W,stirrup,TS67_2,RebarGroup,,13,10,100,160,280,160,280,160,100,,,,,,,1090,,0.9,cdb11542-d768-45e3-9618-3d2bb09aceaf
W10-67,RS15M 0097,15M,400W,straight,STR,RebarGroup,,2,15,2562.7,2565,,,,,,,,,,,,2560,,4,226e30c9-f5e6-4abd-ae15-cdbdfabc30b4
W10-67,RB10M 0050,10M,400W,stirrup,Unknown,RebarGroup,,12,10,93.1,653.5,147,1215.8,147,616.5,147,321.5,,,,,,4240,,3.3,1d48fcc4-ec69-46d3-acc7-11c6c483e9dc
W10-67,RS10M 0208,10M,400W,straight,STR,SingleRebar,,1,10,9266,9270,,,,,,,,,,,,9270,,7.3,b7597b37-6644-4583-980d-2068e3f3c740
W10-67,RS10M 0238,10M,400W,straight,STR,SingleRebar,,1,10,173,180,,,,,,,,,,,,170,,0.1,74e3fa0e-cead-4172-8855-2723434e3a29
W10-67,RS10M 0238,10M,400W,straight,STR,SingleRebar,,1,10,173,180,,,,,,,,,,,,170,,0.1,5cf3cf7a-f24b-4a5a-8442-fa23a08e0f57
W10-67,RB10M 0051,10M,400W,bent,TS5_1,RebarGroup,,2,10,255,255,255,,,,,,,,,,,750,,0.6,8e5c0723-98d7-4985-a3f4-e60daee1cb6d
W10-67,RB10M 0051,10M,400W,bent,TS5_1,RebarGroup,,2,10,255,255,255,,,,,,,,,,,750,,0.6,9e1b201b-e86e-4c60-b5f5-23ebfaaea062
W10-67,RS15M 0173,15M,400W,straight,STR,SingleRebar,,1,15,3199,3200,,,,,,,,,,,,3200,,5,49804cad-fc84-49c7-9f24-e2b73114cf4d
W10-67,RS15M 0173,15M,400W,straight,STR,SingleRebar,,1,15,3199,3200,,,,,,,,,,,,3200,,5,22e98edc-8d46-4b42-8277-354b94c81c43
W10-67,RB15M 0068,15M,400W,bent,Unknown,RebarGroup,,2,15,509.9,149,509.9,,,,,,,,,,,1140,,1.8,58c9471c-8fdd-49db-b6ca-a5bf28a83637
W10-67,RS10M 0239,10M,400W,straight,STR,SingleRebar,,1,10,8790.3,8790,,,,,,,,,,,,8790,,6.9,d04962c9-2065-4124-94e8-188af182f436
W10-67,RS10M 0239,10M,400W,straight,STR,SingleRebar,,1,10,8790.3,8790,,,,,,,,,,,,8790,,6.9,19b77609-3649-4bfd-8baf-555f569e56a6
W10-67,RS15M 0240,15M,400W,straight,STR,SingleRebar,,1,15,2362,2360,,,,,,,,,,,,2360,,3.7,9ee61fa1-ea04-47e4-8d8f-328bf196288c
W10-67,RS15M 0240,15M,400W,straight,STR,SingleRebar,,1,15,2362,2360,,,,,,,,,,,,2360,,3.7,99936b9d-fc77-45d0-8d64-95c17a81850a
W10-67,RS15M 0241,15M,400W,straight,STR,SingleRebar,,1,15,237,230,,,,,,,,,,,,240,,0.4,40928292-9ac6-4f0b-ba70-7d5e4be763b0
W10-67,RS15M 0059,15M,400W,straight,STR,RebarGroup,,14,15,2617.9,2615,,,,,,,,,,,,2620,,4.1,b993a8c4-5978-428b-9aac-0f66d4dd4c84
W10-67,RS15M 0058,15M,400W,straight,STR,RebarGroup,,14,15,2875,2870,,,,,,,,,,,,2880,,4.5,2ab6f1b1-0741-469c-bbdd-d4365cafb498
W10-67,RS10M 0208,10M,400W,straight,STR,RebarGroup,,2,10,9266,9270,,,,,,,,,,,,9270,,7.3,915e42cb-5bef-46ed-94e3-0cd27aa3daf2
W10-67,RS15M 0029,15M,400W,straight,STR,RebarGroup,,2,15,7887.2,7900,,,,,,,,,,,,7890,,12.4,cf9ee662-0d52-4f99-a59a-465ff9e78df2
W10-67,RS15M 0029,15M,400W,straight,STR,RebarGroup,,2,15,7887.2,7900,,,,,,,,,,,,7890,,12.4,5f3012b2-d0bd-4ddd-8ce9-6a610d9cc2ec
W10-67,RS10M 0251,10M,400W,straight,STR,RebarGroup,,6,10,2015.1,2005,,,,,,,,,,,,2020,,1.6,ab29700d-4239-4452-a87b-e2548050ff20
W10-67,RS10M 0251,10M,400W,straight,STR,RebarGroup,,6,10,2015.1,2005,,,,,,,,,,,,2020,,1.6,93b6f00d-7b60-4c8d-a0df-15fdc1e1c663
W10-67,RS15M 0095,15M,400W,straight,STR,SingleRebar,,1,15,9266,9270,,,,,,,,,,,,9270,,14.6,8af61098-8435-4ca2-8cf1-391bdcaaea13
W10-67,RS15M 0268,15M,400W,straight,STR,SingleRebar,,1,15,8790,8790,,,,,,,,,,,,8790,,13.8,403263fd-55cf-4894-b76f-93c16b1f47af
W10-67,RS15M 0095,15M,400W,straight,STR,SingleRebar,,1,15,9266,9270,,,,,,,,,,,,9270,,14.6,74a7742a-01c0-40e3-a834-4c5c8c69b008
W10-67,RS15M 0268,15M,400W,straight,STR,SingleRebar,,1,15,8790,8790,,,,,,,,,,,,8790,,13.8,c5a6a2f0-f8f9-4dd8-9fcc-3c58e9e68c37
W10-67,RS15M 0269,15M,400W,straight,STR,SingleRebar,,1,15,173.1,180,,,,,,,,,,,,170,,0.3,11563a43-ce8b-4919-87d9-9b4629c9da7d
W10-67,RS15M 0269,15M,400W,straight,STR,SingleRebar,,1,15,173.1,180,,,,,,,,,,,,170,,0.3,065e324b-7865-4e3e-9450-98e13ba501de
W10-67,RB10M 0135,10M,400W,stirrup,Unknown,RebarGroup,,22,10,754.6,181,503.8,181,37.5,80,,,,,,,,1690,,1.3,04d5337f-960f-4cf7-bf09-258cc37ca5f6
W10-67,RB10M 0049,10M,400W,stirrup,T1,RebarGroup,,12,10,85,190,195,190,195,181,85,80,,,,,,890,,0.7,ff9edbad-ac74-4292-8008-c2ddfcd84919
W10-67,RS10M 0180,10M,400W,straight,STR,RebarGroup,,6,10,2617.2,2615,,,,,,,,,,,,2620,,2.1,a9ea0168-f875-4c2f-9a2f-22ec92385a94
W10-67,RS10M 0195,10M,400W,straight,STR,RebarGroup,,6,10,2873.4,2870,,,,,,,,,,,,2870,,2.3,c731229e-c3e4-4d85-9aeb-a47471dcf13b
W10-67,RB25M 0139,25M,400W,bent,17,SingleRebar,,1,25,198,210,2085,210,,,,,,,,,,2380,,9.3,6e97505a-345f-4990-a891-3053750bd234
W10-13,RB10M 0029,10M,400W,bent,17,RebarGroup,,10,10,343.5,350,180,350,,,,,,,,,,820,,0.6,ec0f6947-df0d-4d38-86e0-15d39eee5c1e
W10-13,RB10M 0029,10M,400W,bent,17,RebarGroup,,10,10,343.5,350,180,350,,,,,,,,,,820,,0.6,fcae772a-1b0e-437a-b139-4ade0c53b75e
W10-13,RS10M 0136,10M,400W,straight,STR,SingleRebar,,1,10,2458.4,2465,,,,,,,,,,,,2460,,1.9,feadb0c5-acf3-4d36-86bb-f1bb92db6eb2
W10-13,RS10M 0136,10M,400W,straight,STR,SingleRebar,,1,10,2458.4,2465,,,,,,,,,,,,2460,,1.9,6e3b5a38-f308-4916-b038-b5c1cad10e91
W10-13,RS10M 0021,10M,400W,straight,STR,RebarGroup,,7,10,3116.4,3125,,,,,,,,,,,,3120,,2.4,a3a5b7dd-741b-4a30-b3c7-7f9759258d6f
W10-13,RS10M 0064,10M,400W,straight,STR,RebarGroup,,7,10,3373.4,3380,,,,,,,,,,,,3370,,2.6,b058ddbd-fb31-4089-a269-ad69cb9e3e06
W10-13,RS10M 0149,10M,400W,straight,STR,RebarGroup,,8,10,4125.8,4115,,,,,,,,,,,,4130,,3.2,77b0e4a8-a37f-4682-bf8f-517638dca7d6
W10-13,RS10M 0150,10M,400W,straight,STR,RebarGroup,,2,10,2230.8,2235,,,,,,,,,,,,2230,,1.8,af23cc9e-f746-440b-aeff-fdc075c0fb08
W10-13,RS10M 0150,10M,400W,straight,STR,RebarGroup,,2,10,2230.8,2235,,,,,,,,,,,,2230,,1.8,e0f99779-e3aa-447f-8aa4-97b5dee9c279
W10-13,RS10M 0149,10M,400W,straight,STR,RebarGroup,,10,10,4125.8,4115,,,,,,,,,,,,4130,,3.2,355bea9c-8013-4dc1-b068-58e3aba98cc4
W10-13,RS10M 0151,10M,400W,straight,STR,RebarGroup,,2,10,1285.5,1295,,,,,,,,,,,,1290,,1,1751abaf-26d6-4b85-ba33-1fc4dae504ca
W10-13,RS10M 0151,10M,400W,straight,STR,RebarGroup,,2,10,1285.5,1295,,,,,,,,,,,,1290,,1,fb8d731a-026f-4ca7-8beb-a6df104932be
W10-13,RS10M 0128,10M,400W,straight,STR,SingleRebar,,1,10,305.4,305,,,,,,,,,,,,310,,0.2,649e5a56-e2ba-47af-bdff-6e847ac12afa
W10-13,RB10M 0072,10M,400W,stirrup,14,RebarGroup,,2,10,200,145,515,140,200,,,,100,,,,720,1170,,0.9,80fd2e68-2348-447a-98eb-e78c946bc9f0
W10-13,RB10M 0072,10M,400W,stirrup,14,RebarGroup,,2,10,200,145,515,140,200,,,,100,,,,720,1170,,0.9,e20e1fe2-bf3c-457a-8bda-888471328529
W10-13,RS15M 0023,15M,400W,straight,STR,RebarGroup,,4,15,3116.4,3125,,,,,,,,,,,,3120,,4.9,5725b441-015e-4cd8-8d2d-9a1f5edb4a73
W10-13,RS15M 0019,15M,400W,straight,STR,RebarGroup,,4,15,3373.4,3380,,,,,,,,,,,,3370,,5.3,82c7f36e-2421-4df3-8a8d-22570680b716
W10-78,RB25M 0138,25M,400W,bent,17,SingleRebar,,1,25,198,210,1450,210,,,,,,,,,,1740,,6.8,4a3dc450-79e4-456b-b492-1ce01b2999f1
W10-78,RS10M 0030,10M,400W,straight,STR,RebarGroup,,2,10,600,610,,,,,,,,,,,,600,,0.5,9ff74d1f-2c35-4afb-8e83-6c7eba5c268e
W10-78,RS10M 0030,10M,400W,straight,STR,RebarGroup,,2,10,600,610,,,,,,,,,,,,600,,0.5,57e281c6-0dc7-4671-b69c-c64f16e23477
W10-78,RS15M 0152,15M,400W,straight,STR,RebarGroup,,2,15,5018,5030,,,,,,,,,,,,5020,,7.9,2ca0366f-6ff8-4634-96d8-54b81be10bbf
W10-78,RS15M 0152,15M,400W,straight,STR,RebarGroup,,2,15,5018,5030,,,,,,,,,,,,5020,,7.9,a68dde73-0691-4b98-a363-c6b0ca279449
W10-78,RS15M 0153,15M,400W,straight,STR,RebarGroup,,2,15,1987.2,1980,,,,,,,,,,,,1990,,3.1,23b25643-cffb-48d9-8c67-488eeaaee393
W10-78,RS15M 0153,15M,400W,straight,STR,RebarGroup,,2,15,1987.2,1980,,,,,,,,,,,,1990,,3.1,8defe0c4-bd72-4dd4-9848-f7e54f158ed8
W10-78,RB10M 0073,10M,400W,stirrup,TS67_2,RebarGroup,,10,10,160,160,1265,160,1265,160,160,,,,,,,3150,,2.5,c14244c1-1e2f-4233-b7d6-560717e7aa51
W10-78,RB10M 0148,10M,400W,bent,17,RebarGroup,,10,10,343.2,350,160,350,,,,,,,,,,800,,0.6,e19c40f4-9d0e-4264-95c2-08f306582d0d
W10-78,RB10M 0148,10M,400W,bent,17,RebarGroup,,7,10,343.5,350,160,350,,,,,,,,,,800,,0.6,ef136437-088b-4af6-bf86-da9e556ff485
W10-78,RS15M 0023,15M,400W,straight,STR,RebarGroup,,8,15,3116.4,3125,,,,,,,,,,,,3120,,4.9,cc7a6ffc-cac8-4c5a-acdc-662b62596141
W10-78,RS15M 0019,15M,400W,straight,STR,RebarGroup,,8,15,3373.4,3380,,,,,,,,,,,,3370,,5.3,debf0135-0727-4a16-abd6-a911faa5e651
W10-78,RS10M 0136,10M,400W,straight,STR,SingleRebar,,1,10,2458.4,2465,,,,,,,,,,,,2460,,1.9,bd076a54-a7f9-46a0-b219-729583c26438
W10-78,RS10M 0136,10M,400W,straight,STR,SingleRebar,,1,10,2458.4,2465,,,,,,,,,,,,2460,,1.9,8ada1947-990f-43c3-b951-2604496100ea
W10-78,RS10M 0128,10M,400W,straight,STR,SingleRebar,,1,10,305.4,305,,,,,,,,,,,,310,,0.2,ecd89f41-e725-4ba1-b2e1-fbe8de8984cb
W10-78,RS10M 0156,10M,400W,straight,STR,RebarGroup,,1,10,5018,5030,,,,,,,,,,,,5020,,3.9,423b0a73-a387-42f7-a578-8325b15e82c5
W10-78,RB10M 0074,10M,400W,stirrup,14,RebarGroup,,2,10,200,145,435,140,200,,,,100,,,,645,1100,,0.9,c7f99f5f-cee9-4269-936a-06129a553e17
W10-78,RB10M 0074,10M,400W,stirrup,14,RebarGroup,,2,10,200,145,435,140,200,,,,100,,,,645,1100,,0.9,3e8ef199-fe12-4d0a-80da-1f4fb015bd1a
W10-78,RB10M 0072,10M,400W,stirrup,14,RebarGroup,,2,10,200,145,515,140,200,,,,100,,,,720,1170,,0.9,b2abe0b5-f982-4fa8-9558-e63e4c10e353
W10-78,RB10M 0072,10M,400W,stirrup,14,RebarGroup,,2,10,200,145,515,140,200,,,,100,,,,720,1170,,0.9,a7ce5dc3-dcf1-418a-b219-9cd73a4ff828
W10-78,RS10M 0133,10M,400W,straight,STR,SingleRebar,,1,10,1986.9,1980,,,,,,,,,,,,1990,,1.6,89d08ca5-e6c8-4f7b-ac67-4796388c4edd
W10-78,RB10M 0062,10M,400W,stirrup,Unknown,RebarGroup,,4,10,1204.6,181,953.8,181,37.5,80,,,,,,,,2590,,2,c925f949-43db-4544-a607-d84fdd3c3a10
W10-78,RS10M 0062,10M,400W,straight,STR,RebarGroup,,2,10,1432.8,1420,,,,,,,,,,,,1430,,1.1,9e17875a-7024-49d6-b6b4-7bf5e6085fdc
W10-78,RS10M 0062,10M,400W,straight,STR,RebarGroup,,2,10,1432.8,1420,,,,,,,,,,,,1430,,1.1,d949fc47-8c67-49e4-9bff-23d81d5db648
W10-78,RS10M 0154,10M,400W,straight,STR,RebarGroup,,2,10,736.6,735,,,,,,,,,,,,740,,0.6,d630e86c-ae10-4d96-9d36-2dddb4052fc8
W10-78,RS10M 0154,10M,400W,straight,STR,RebarGroup,,2,10,736.6,735,,,,,,,,,,,,740,,0.6,ab5ad80b-0ba6-40a2-aa15-79b8b78a66c6
W10-78,RB10M 0066,10M,400W,stirrup,T1,RebarGroup,,4,10,85,195,385,195,385,371.8,85,80,,,,,,1280,,1,5b0dc612-4b7e-4bf0-8c83-aa041e9c3152
W10-78,RS10M 0133,10M,400W,straight,STR,SingleRebar,,1,10,1986.9,1980,,,,,,,,,,,,1990,,1.6,e448e168-598d-47e6-8203-37b72e9294a4
W10-78,RS15M 0177,15M,400W,straight,STR,SingleRebar,,1,15,2437,2440,,,,,,,,,,,,2440,,3.8,aaf6a357-f5d1-422f-a7a4-a83ba8e42393
W10-78,RS15M 0177,15M,400W,straight,STR,SingleRebar,,1,15,2437,2440,,,,,,,,,,,,2440,,3.8,ed724497-bab4-47ef-9ffd-029c849c2115
W10-78,RS10M 0021,10M,400W,straight,STR,RebarGroup,,5,10,3116.4,3125,,,,,,,,,,,,3120,,2.4,3272d40c-d37a-4691-ac4b-02a36d5cbcbd
W10-78,RS10M 0064,10M,400W,straight,STR,RebarGroup,,5,10,3373.4,3380,,,,,,,,,,,,3370,,2.6,4829629e-96fd-4d8e-848e-d3914e02d6e2
W10-78,RS10M 0145,10M,400W,straight,STR,SingleRebar,,1,10,1831.8,1830,,,,,,,,,,,,1830,,1.4,8d89713a-ff5c-49de-9baa-d410010f347e
W10-78,RS10M 0145,10M,400W,straight,STR,SingleRebar,,1,10,1831.8,1830,,,,,,,,,,,,1830,,1.4,6eafb3e0-faea-456c-945a-3cb20bed66e2
W10-78,RS10M 0155,10M,400W,straight,STR,RebarGroup,,6,10,2568,2565,,,,,,,,,,,,2570,,2,96bd3f78-d4ad-47d5-b123-d66c2d3f2285
W10-78,RS10M 0155,10M,400W,straight,STR,RebarGroup,,6,10,2568,2565,,,,,,,,,,,,2570,,2,2111f3b2-e348-4cfe-b81e-6ac945d4b901
W10-27,RS10M 0030,10M,400W,straight,STR,RebarGroup,,2,10,600,610,,,,,,,,,,,,600,,0.5,de2a357b-e0bf-4718-b2b5-cdf6ef679aeb
W10-27,RS10M 0030,10M,400W,straight,STR,RebarGroup,,2,10,600,610,,,,,,,,,,,,600,,0.5,f2c19dcd-c449-46e1-ba59-c680255b3745
W10-27,RS10M 0030,10M,400W,straight,STR,RebarGroup,,2,10,600,610,,,,,,,,,,,,600,,0.5,7d83ef8b-d592-456e-a4fc-039a46afbc43
W10-27,RS10M 0030,10M,400W,straight,STR,RebarGroup,,2,10,600,610,,,,,,,,,,,,600,,0.5,a0d84b16-bcc6-40e9-915f-f3c452960c2f
W10-27,RS15M 0125,15M,400W,straight,STR,RebarGroup,,2,15,6412.3,6400,,,,,,,,,,,,6410,,10.1,3c404a25-1f55-45f7-982b-2bb7188236e2
W10-27,RS15M 0125,15M,400W,straight,STR,RebarGroup,,2,15,6413.9,6425,,,,,,,,,,,,6410,,10.1,bc061dea-de79-4f30-9ce4-8e89af12647c
W10-27,RB10M 0069,10M,400W,stirrup,TS73_1,RebarGroup,,15,10,100,160,320,525,160,100,147.3,93.1,,,,,,1880,,1.5,350b8d1f-d271-4f6a-b5d7-7928663e47f2
W10-27,RS15M 0135,15M,400W,straight,STR,RebarGroup,,2,15,3675.2,3685,,,,,,,,,,,,3680,,5.8,f7fa6a9b-1388-4bbe-b504-8299e677f01d
W10-27,RS15M 0135,15M,400W,straight,STR,RebarGroup,,2,15,3675.2,3685,,,,,,,,,,,,3680,,5.8,5cc94c30-f888-4fa7-a2ab-a758aa322957
W10-27,RB10M 0070,10M,400W,stirrup,TS67_2,RebarGroup,,10,10,160,160,1390,160,1390,160,160,,,,,,,3400,,2.7,d594d9e0-b01f-43dc-92a6-cf477d6c0c19
W10-27,RS10M 0134,10M,400W,straight,STR,RebarGroup,,6,10,2148.9,2160,,,,,,,,,,,,2150,,1.7,99954e89-f7c6-4d1c-b6ac-1d1b533f958d
W10-27,RS10M 0134,10M,400W,straight,STR,RebarGroup,,6,10,2148.9,2160,,,,,,,,,,,,2150,,1.7,6b24b0bd-3112-4153-b556-36eb1d9fb7f1
W10-27,RB10M 0148,10M,400W,bent,17,RebarGroup,,7,10,343.5,350,160,350,,,,,,,,,,800,,0.6,e59c3c73-a5b1-47d1-a8da-f133eb4d176e
W10-27,RB10M 0148,10M,400W,bent,17,RebarGroup,,11,10,343.5,350,160,350,,,,,,,,,,800,,0.6,9ba6625c-8378-4d30-a3b4-98feb2613bba
W10-27,RS10M 0137,10M,400W,straight,STR,RebarGroup,,2,10,2590.9,2590,,,,,,,,,,,,2590,,2,b9117c6f-7723-4c64-9e13-9dba11319c63
W10-27,RS10M 0137,10M,400W,straight,STR,RebarGroup,,2,10,2590.9,2590,,,,,,,,,,,,2590,,2,f88b5a63-8674-4dc4-96ae-4275ed5fd8fa
W10-27,RS10M 0138,10M,400W,straight,STR,SingleRebar,,1,10,154,150,,,,,,,,,,,,150,,0.1,ddf855ad-8f13-46c5-9f2b-4a899e3a683a
W10-27,RS10M 0139,10M,400W,straight,STR,SingleRebar,,1,10,6413.9,6425,,,,,,,,,,,,6410,,5,82fba5c5-f057-4b88-b657-9c59b42c89c7
W10-27,RS10M 0138,10M,400W,straight,STR,SingleRebar,,1,10,154,150,,,,,,,,,,,,150,,0.1,99a30742-20fe-449d-bd19-f75d9fe0982a
W10-27,RS15M 0023,15M,400W,straight,STR,RebarGroup,,9,15,3118,3125,,,,,,,,,,,,3120,,4.9,eb550e0f-bcf3-408c-8d21-6dccec5bf281
W10-27,RS15M 0019,15M,400W,straight,STR,RebarGroup,,2,15,3375,3380,,,,,,,,,,,,3380,,5.3,528dcc02-39b7-4143-8573-0827574bee1e
W10-27,RS15M 0019,15M,400W,straight,STR,RebarGroup,,11,15,3375,3380,,,,,,,,,,,,3380,,5.3,e282eb7e-cd1e-423e-932a-2276e62e9853
W10-27,RS10M 0021,10M,400W,straight,STR,RebarGroup,,6,10,3118,3125,,,,,,,,,,,,3120,,2.4,cc6bcfb9-2ac6-4274-b32a-ecf1ace67eb1
W10-27,RS10M 0064,10M,400W,straight,STR,RebarGroup,,6,10,3375,3380,,,,,,,,,,,,3380,,2.7,c0a212bf-f83d-4dc7-b88e-ae03e8fbfd7f
W10-27,RB10M 0076,10M,400W,stirrup,14,RebarGroup,,2,10,200,145,640,140,200,,,,100,,,,845,1300,,1,52e86551-a9e7-4df8-a47e-f3ba05bc7d86
W10-27,RB10M 0076,10M,400W,stirrup,14,RebarGroup,,2,10,200,145,640,140,200,,,,100,,,,845,1300,,1,1cfbec99-76a9-483b-9802-f492fc332ca8
W10-27,RB25M 0098,25M,400W,bent,17,SingleRebar,,1,25,198,210,1435,210,,,,,,,,,,1720,,6.8,3237e7b3-def3-4a60-b1c7-1cd7a718bee3
W10-27,RB25M 0137,25M,400W,bent,17,SingleRebar,,1,25,198,210,1575,210,,,,,,,,,,1860,,7.3,e95daecf-8e91-43a6-bad8-801a10311723
W10-27,RS10M 0139,10M,400W,straight,STR,RebarGroup,,1,10,6413.9,6425,,,,,,,,,,,,6410,,5,1c3eaef0-8cd4-488e-beb9-8cc0adad2637
W10-27,RS10M 0139,10M,400W,straight,STR,RebarGroup,,1,10,6413.9,6425,,,,,,,,,,,,6410,,5,ab9c6ae9-a57d-4cb6-9015-2f684ff60296
W10-27,RS10M 0231,10M,400W,straight,STR,RebarGroup,,2,10,3087.9,3100,,,,,,,,,,,,3090,,2.4,4cd73769-5c9b-4473-a57e-ed1b3f1447a6
W10-27,RS10M 0231,10M,400W,straight,STR,RebarGroup,,2,10,3086.3,3100,,,,,,,,,,,,3090,,2.4,366e5436-2da4-4508-83a9-d5e9a8f7f1eb
W10-27,RB10M 0066,10M,400W,stirrup,T1,RebarGroup,,4,10,85,195,385,195,385,371.8,85,80,,,,,,1280,,1,37ad0d8a-1275-4ec0-b74d-2b107c61edd1
W10-27,RS15M 0174,15M,400W,straight,STR,RebarGroup,,2,15,2097.9,2110,,,,,,,,,,,,2100,,3.3,f84544ed-31fe-4292-b741-7f51b6e8067e
W10-27,RS15M 0174,15M,400W,straight,STR,RebarGroup,,2,15,2097.9,2110,,,,,,,,,,,,2100,,3.3,0dce3f04-fd8f-49e6-9c8d-935c07ddd50a
W10-27,RS15M 0175,15M,400W,straight,STR,RebarGroup,,2,15,842.3,840,,,,,,,,,,,,840,,1.3,983ac6c9-d68c-46f5-a025-d2251ad0098f
W10-27,RS15M 0175,15M,400W,straight,STR,RebarGroup,,2,15,842.3,840,,,,,,,,,,,,840,,1.3,1b1b3cf9-6639-475c-92f6-fc6dcade1ae8
W10-27,RB10M 0062,10M,400W,stirrup,Unknown,RebarGroup,,9,10,1204.6,181,953.8,181,37.5,80,,,,,,,,2590,,2,fc31e270-376b-44aa-b061-86f773c7f955
W10-43,RS10M 0090,10M,400W,straight,STR,RebarGroup,,10,10,6986.6,6985,,,,,,,,,,,,6990,,5.5,b19e1eb9-a12b-4c01-9ad1-8e4224bb4816
W10-43,RS10M 0090,10M,400W,straight,STR,RebarGroup,,10,10,6986.6,6985,,,,,,,,,,,,6990,,5.5,569851d5-d09d-45a0-937d-5dacf5c19478
W10-43,RB10M 0014,10M,400W,bent,17,RebarGroup,,10,10,325.5,330,180,330,,,,,,,,,,780,,0.6,8556293b-bfad-4f45-a43d-57496d70cb3e
W10-43,RS10M 0021,10M,400W,straight,STR,RebarGroup,,16,10,3116.4,3125,,,,,,,,,,,,3120,,2.4,63b10319-a494-4376-b3cf-3f77a4482108
W10-43,RS10M 0021,10M,400W,straight,STR,RebarGroup,,16,10,3116.4,3125,,,,,,,,,,,,3120,,2.4,cd1e8f2d-faa7-4b94-a956-a11ab13d2d3f
W10-43,RS15M 0023,15M,400W,straight,STR,RebarGroup,,4,15,3116.4,3125,,,,,,,,,,,,3120,,4.9,9c25fc43-50f7-4c72-8bbc-5d4ab1f03f05
W10-43,RB10M 0001,10M,400W,bent,S11,SingleRebar,,1,10,603.5,1270,603.5,,,,,,,,,,90,1250,,1,260595e0-0cf8-43d4-8de5-2a806d3d9c23
W10-43,RS10M 0090,10M,400W,straight,STR,RebarGroup,,10,10,6986.6,6985,,,,,,,,,,,,6990,,5.5,62e40168-91b7-4c45-8215-d76b619997f7
W10-43,RS10M 0090,10M,400W,straight,STR,RebarGroup,,10,10,6986.6,6985,,,,,,,,,,,,6990,,5.5,3cb0700c-5719-4820-b520-0a7ea8883ad3
W10-43,RS15M 0023,15M,400W,straight,STR,RebarGroup,,4,15,3116.4,3125,,,,,,,,,,,,3120,,4.9,7a6e4a3c-8d39-427e-847d-8b5bcbb7d5d0
W10-43,RB10M 0014,10M,400W,bent,17,RebarGroup,,10,10,325.5,330,180,330,,,,,,,,,,780,,0.6,0f822a83-263e-4823-ba25-353ddc48de59
W10-43,P-705-225M 0001,25M,400W,straight,STR,SingleRebar,,1,25,700,710,,,,,,,,,,,,700,,2.7,2a3a4c7e-89a7-4694-a4b0-d38ebd3b2fff
W10-43,P-705-225M 0001,25M,400W,straight,STR,SingleRebar,,1,25,700,710,,,,,,,,,,,,700,,2.7,549e8efa-a5ba-4a73-9a4b-e67b4d7adfb5
W10-175,RB10M 0125,10M,400W,stirrup,14,RebarGroup,,2,10,200,140,210,140,200,,,,100,,,,405,860,,0.7,91b3e75a-3d1b-4ebc-af2e-3f5fcf99c90e
W10-175,RB10M 0125,10M,400W,stirrup,14,RebarGroup,,2,10,200,140,210,140,200,,,,100,,,,405,860,,0.7,0cff7cb2-99f3-45bf-bfa4-fe4f52c14aff
W10-175,RB25M 0141,25M,400W,bent,17,SingleRebar,,1,25,198,210,2090,210,,,,,,,,,,2380,,9.3,976d0105-b358-4d15-b3a4-9156a12aafad
W10-175,RB10M 0040,10M,400W,stirrup,T1,RebarGroup,,10,10,75,160,1675,160,1675,1662.8,75,74.1,,,,,,3790,,3,f93a1caf-8d72-4ff3-9285-9ea8a02ea272
W10-175,RB10M 0046,10M,400W,bent,17,RebarGroup,,9,10,323.5,330,160,330,,,,,,,,,,760,,0.6,194d95a3-1c9b-4fd0-aad5-06889a931922
W10-175,RB10M 0046,10M,400W,bent,17,RebarGroup,,10,10,323.6,330,160,330,,,,,,,,,,760,,0.6,5ba72f65-de75-4fed-a9e9-ee12f56d46f3
W10-175,RS10M 0030,10M,400W,straight,STR,RebarGroup,,2,10,600,610,,,,,,,,,,,,600,,0.5,a26e9e6a-4f02-43e0-9203-a3a3dffa29f8
W10-175,RS10M 0030,10M,400W,straight,STR,RebarGroup,,2,10,600,610,,,,,,,,,,,,600,,0.5,9539091e-e519-481c-8783-07f1ea82d36d
W10-175,RS10M 0030,10M,400W,straight,STR,RebarGroup,,2,10,600,610,,,,,,,,,,,,600,,0.5,93720c5f-69bc-4111-9212-a41917905606
W10-175,RS10M 0030,10M,400W,straight,STR,RebarGroup,,2,10,600,610,,,,,,,,,,,,600,,0.5,478ece65-8695-4752-a6e9-e0524d2802c5
W10-175,RS10M 0030,10M,400W,straight,STR,RebarGroup,,2,10,600,610,,,,,,,,,,,,600,,0.5,a397c4d7-5807-4710-a023-cadcaadd069f
W10-175,RS10M 0030,10M,400W,straight,STR,RebarGroup,,2,10,600,610,,,,,,,,,,,,600,,0.5,f83b29aa-c43c-47bc-b80e-9ed30df7bf72
W10-175,RB10M 0051,10M,400W,bent,TS5_1,RebarGroup,,2,10,255,255,255,,,,,,,,,,,750,,0.6,accea8f5-c2e8-47a1-82db-cae48a7675a8
W10-175,RB10M 0051,10M,400W,bent,TS5_1,RebarGroup,,2,10,255,255,255,,,,,,,,,,,750,,0.6,e470ccee-46d1-497c-b450-cbeb0a52370b
W10-175,RS15M 0096,15M,400W,straight,STR,RebarGroup,,2,15,4749.5,4750,,,,,,,,,,,,4750,,7.5,cc447426-1a83-414e-ae78-e0b93a7dc729
W10-175,RS15M 0097,15M,400W,straight,STR,RebarGroup,,2,15,2562.6,2565,,,,,,,,,,,,2560,,4,94e38838-ac23-4f3d-8f58-e176d85c4a02
W10-175,RB10M 0052,10M,400W,stirrup,TS67_2,RebarGroup,,13,10,100,160,280,160,280,160,100,,,,,,,1090,,0.9,01b0c050-b61d-420f-bf9e-6878927e3393
W10-175,RB10M 0050,10M,400W,stirrup,Unknown,RebarGroup,,13,10,93.1,653.5,147,1215.8,147,616.5,147,321.5,,,,,,4240,,3.3,c6467df4-3d82-4b74-9b46-73b9924bc55b
W10-175,RS10M 0208,10M,400W,straight,STR,SingleRebar,,1,10,9266,9270,,,,,,,,,,,,9270,,7.3,2c65ee4b-d5b6-4666-abf9-a6e59d9e53d0
W10-175,RS10M 0238,10M,400W,straight,STR,SingleRebar,,1,10,173.1,180,,,,,,,,,,,,170,,0.1,11f71415-b2c3-479c-85c1-d1172c4f3854
W10-175,RS10M 0238,10M,400W,straight,STR,SingleRebar,,1,10,173.1,180,,,,,,,,,,,,170,,0.1,ddc8a4a0-73d9-4a51-b427-dc3415a648de
W10-175,RB10M 0051,10M,400W,bent,TS5_1,RebarGroup,,2,10,255,255,255,,,,,,,,,,,750,,0.6,8468bdc5-af27-4443-bf8c-125785dac465
W10-175,RB10M 0051,10M,400W,bent,TS5_1,RebarGroup,,2,10,255,255,255,,,,,,,,,,,750,,0.6,9e458ed1-6b51-45ba-b405-301aa7260b64
W10-175,RS15M 0173,15M,400W,straight,STR,SingleRebar,,1,15,3199,3200,,,,,,,,,,,,3200,,5,b334e6f2-9e45-4061-9dd1-d5bc2addc266
W10-175,RS15M 0173,15M,400W,straight,STR,SingleRebar,,1,15,3199,3200,,,,,,,,,,,,3200,,5,a9580439-93e5-4df5-95f6-49a08d6b5599
W10-175,RB15M 0068,15M,400W,bent,Unknown,RebarGroup,,2,15,509.9,149,509.9,,,,,,,,,,,1140,,1.8,82a49b27-9efc-4e26-9cd3-deddeb2700ed
W10-175,RS10M 0239,10M,400W,straight,STR,SingleRebar,,1,10,8790.2,8790,,,,,,,,,,,,8790,,6.9,7aa51845-a68f-444f-8d56-9c61bf19f0f7
W10-175,RS10M 0239,10M,400W,straight,STR,SingleRebar,,1,10,8790.2,8790,,,,,,,,,,,,8790,,6.9,c367f682-11e2-4aa4-8717-1e684dbea986
W10-175,RS10M 0195,10M,400W,straight,STR,RebarGroup,,6,10,2873.4,2870,,,,,,,,,,,,2870,,2.3,af4d24d6-180e-4420-84b4-3d6f283b004b
W10-175,RS10M 0180,10M,400W,straight,STR,RebarGroup,,6,10,2616.4,2615,,,,,,,,,,,,2620,,2.1,31cf6654-a995-4b9b-95e0-343ebaa2f480
W10-175,RS15M 0240,15M,400W,straight,STR,SingleRebar,,1,15,2360,2360,,,,,,,,,,,,2360,,3.7,f3ae9d59-42df-4f88-9e32-3193be2839c0
W10-175,RS15M 0240,15M,400W,straight,STR,SingleRebar,,1,15,2360,2360,,,,,,,,,,,,2360,,3.7,86ccd8e4-1769-4a31-a562-9fb03ea7a79b
W10-175,RS15M 0241,15M,400W,straight,STR,SingleRebar,,1,15,237,230,,,,,,,,,,,,240,,0.4,7f9a9e69-7cbd-4cd3-81d4-2090c393031c
W10-175,RS15M 0059,15M,400W,straight,STR,RebarGroup,,14,15,2617.9,2615,,,,,,,,,,,,2620,,4.1,073b65da-be2a-4ab6-930b-c5425398c446
W10-175,RS15M 0058,15M,400W,straight,STR,RebarGroup,,14,15,2875,2870,,,,,,,,,,,,2880,,4.5,39fd0c58-ad23-4f29-9c82-4ebcc62a38ea
W10-175,RS10M 0208,10M,400W,straight,STR,RebarGroup,,2,10,9266,9270,,,,,,,,,,,,9270,,7.3,236358ea-115f-46fa-868f-3f60494bc4b3
W10-175,RS15M 0029,15M,400W,straight,STR,RebarGroup,,2,15,7887.1,7900,,,,,,,,,,,,7890,,12.4,b94179a6-a8bd-4f69-b452-b8435511efc1
W10-175,RS15M 0029,15M,400W,straight,STR,RebarGroup,,2,15,7887.1,7900,,,,,,,,,,,,7890,,12.4,79ddd736-44b5-4064-b285-bcfd4e92e520
W10-175,RS10M 0251,10M,400W,straight,STR,RebarGroup,,6,10,2015.2,2005,,,,,,,,,,,,2020,,1.6,a3c59f9f-89f3-40ba-b37b-d4364a226cb5
W10-175,RS10M 0251,10M,400W,straight,STR,RebarGroup,,6,10,2015.2,2005,,,,,,,,,,,,2020,,1.6,1f219edf-9277-4a9b-a7a4-ecbc74d5ba56
W10-175,RS15M 0096,15M,400W,straight,STR,RebarGroup,,2,15,4749.5,4750,,,,,,,,,,,,4750,,7.5,bc327374-a434-4977-b4e6-4a463212bd29
W10-175,RS15M 0097,15M,400W,straight,STR,RebarGroup,,2,15,2562.6,2565,,,,,,,,,,,,2560,,4,96237a13-2010-4868-9b3f-824dabff44d1
W10-175,RS15M 0277,15M,400W,straight,STR,SingleRebar,,1,15,8787.1,8790,,,,,,,,,,,,8790,,13.8,b6afbabc-872a-42bf-8c9d-d8b46f833a40
W10-175,RS15M 0095,15M,400W,straight,STR,SingleRebar,,1,15,9266.1,9270,,,,,,,,,,,,9270,,14.6,11bb7a64-f2c5-450a-a994-5b34b0d5609c
W10-175,RS15M 0277,15M,400W,straight,STR,SingleRebar,,1,15,8787.1,8790,,,,,,,,,,,,8790,,13.8,fb24c62a-b57a-4eb1-a5e2-bed3eb828ab1
W10-175,RS15M 0095,15M,400W,straight,STR,SingleRebar,,1,15,9266.1,9270,,,,,,,,,,,,9270,,14.6,d66ea088-2c5e-40e3-a3f6-83ac15ed770d
W10-175,RS15M 0278,15M,400W,straight,STR,SingleRebar,,1,15,176,180,,,,,,,,,,,,180,,0.3,2f6f8da3-13bd-4698-9363-3557662dc7ba
W10-175,RS15M 0278,15M,400W,straight,STR,SingleRebar,,1,15,176,180,,,,,,,,,,,,180,,0.3,850faffc-41ef-4e90-8491-8fcae76b191d
W10-175,RB10M 0135,10M,400W,stirrup,Unknown,RebarGroup,,22,10,80,37.5,181,503.8,181,754.6,,,,,,,,1690,,1.3,67aa72c5-4888-4ded-bb03-4e07f987a793
W10-175,RB10M 0136,10M,400W,stirrup,T1,RebarGroup,,12,10,85,195,200,195,200,185.8,85,80,,,,,,910,,0.7,4d2e43ad-1b11-4b41-91d5-31d31c42e0b5
W10-175,RB10M 0125,10M,400W,stirrup,14,RebarGroup,,2,10,200,140,210,140,200,,,,100,,,,405,860,,0.7,04e542ba-65f1-4b8e-9af1-5c8091904421
W10-175,RB10M 0125,10M,400W,stirrup,14,RebarGroup,,2,10,200,140,210,140,200,,,,100,,,,405,860,,0.7,8d7ac648-96e5-466d-a680-22c14ada80dd
W10-175,RB25M 0141,25M,400W,bent,17,SingleRebar,,1,25,198,210,2090,210,,,,,,,,,,2380,,9.3,18a6dd31-d563-49b7-baa9-fe8800994661
W10-175,RB10M 0040,10M,400W,stirrup,T1,RebarGroup,,10,10,75,160,1675,160,1675,1662.8,75,74.1,,,,,,3790,,3,de4ed12f-a7ee-45ca-8091-b71d2fcd5ad0
W10-175,RB10M 0046,10M,400W,bent,17,RebarGroup,,9,10,323.5,330,160,330,,,,,,,,,,760,,0.6,8c8dc16b-c035-4f4a-9d7f-8e40ec73719f
W10-175,RS10M 0030,10M,400W,straight,STR,RebarGroup,,2,10,600,610,,,,,,,,,,,,600,,0.5,b4ef17d6-563b-4782-ba8d-f88ce4759dd6
W10-175,RS10M 0030,10M,400W,straight,STR,RebarGroup,,2,10,600,610,,,,,,,,,,,,600,,0.5,ad0dfc5d-f9f4-40e3-8e55-463bdfa7a604
W10-175,RS10M 0030,10M,400W,straight,STR,RebarGroup,,2,10,600,610,,,,,,,,,,,,600,,0.5,b8f66858-b4e9-434b-a057-a033067681a4
W10-175,RS10M 0030,10M,400W,straight,STR,RebarGroup,,2,10,600,610,,,,,,,,,,,,600,,0.5,16d02740-819a-4ec5-902e-3c0c5f8ffdba
W10-175,RS10M 0030,10M,400W,straight,STR,RebarGroup,,2,10,600,610,,,,,,,,,,,,600,,0.5,82c7ca14-804e-4ffd-b84c-308031b0b7a3
W10-175,RS10M 0030,10M,400W,straight,STR,RebarGroup,,2,10,600,610,,,,,,,,,,,,600,,0.5,2a925210-326a-4e01-92e4-bed3d39b55ce
W10-175,RB10M 0051,10M,400W,bent,TS5_1,RebarGroup,,2,10,255,255,255,,,,,,,,,,,750,,0.6,10dd2892-e690-4210-9861-ea02300a1549
W10-175,RB10M 0051,10M,400W,bent,TS5_1,RebarGroup,,2,10,255,255,255,,,,,,,,,,,750,,0.6,8b45e5d0-f84c-4728-9926-b94f8537b605
W10-175,RS15M 0096,15M,400W,straight,STR,RebarGroup,,2,15,4749.5,4750,,,,,,,,,,,,4750,,7.5,23ac7a50-32a9-4a6f-a8ea-0fd10662c609
W10-175,RS15M 0097,15M,400W,straight,STR,RebarGroup,,2,15,2562.6,2565,,,,,,,,,,,,2560,,4,512b4d91-6aa4-4ad2-8bf4-6b4b41113615
W10-175,RB10M 0052,10M,400W,stirrup,TS67_2,RebarGroup,,13,10,100,160,280,160,280,160,100,,,,,,,1090,,0.9,a9ea00c0-d815-4024-b9f5-40fab922b955
W10-175,RB10M 0050,10M,400W,stirrup,Unknown,RebarGroup,,13,10,93.1,653.5,147,1215.8,147,616.5,147,321.5,,,,,,4240,,3.3,c3b7534b-e03f-4dbb-a513-05df260d3cf6
W10-175,RS10M 0208,10M,400W,straight,STR,SingleRebar,,1,10,9266,9270,,,,,,,,,,,,9270,,7.3,e83afb54-8b69-400b-aa32-497dbbe691fd
W10-175,RS10M 0238,10M,400W,straight,STR,SingleRebar,,1,10,173.1,180,,,,,,,,,,,,170,,0.1,237748bd-00c3-4514-8292-9cf808c477ea
W10-175,RS10M 0238,10M,400W,straight,STR,SingleRebar,,1,10,173.1,180,,,,,,,,,,,,170,,0.1,23f042a3-4283-48cf-b9a6-0ce60d31fa7d
W10-175,RB10M 0051,10M,400W,bent,TS5_1,RebarGroup,,2,10,255,255,255,,,,,,,,,,,750,,0.6,89c7ec68-d437-4ffb-81ac-0bb548690321
W10-175,RB10M 0051,10M,400W,bent,TS5_1,RebarGroup,,2,10,255,255,255,,,,,,,,,,,750,,0.6,ab3c49f2-aba7-4cac-8999-2956aaf6d930
W10-175,RS15M 0173,15M,400W,straight,STR,SingleRebar,,1,15,3199,3200,,,,,,,,,,,,3200,,5,4612a635-337d-4752-9d3d-da0424d2c718
W10-175,RS15M 0173,15M,400W,straight,STR,SingleRebar,,1,15,3199,3200,,,,,,,,,,,,3200,,5,858f8310-a0ad-4cf2-8a52-8cd70e5cd987
W10-175,RB15M 0068,15M,400W,bent,Unknown,RebarGroup,,2,15,509.9,149,509.9,,,,,,,,,,,1140,,1.8,6217e715-57b5-4c57-8acd-7e3345c53e44
W10-175,RS10M 0239,10M,400W,straight,STR,SingleRebar,,1,10,8790.2,8790,,,,,,,,,,,,8790,,6.9,6d9becc2-9c31-4344-8cdf-636e9f09529a
W10-175,RS10M 0239,10M,400W,straight,STR,SingleRebar,,1,10,8790.2,8790,,,,,,,,,,,,8790,,6.9,20807599-7a68-4629-8084-fe9c50e329f0
W10-175,RS10M 0195,10M,400W,straight,STR,RebarGroup,,6,10,2873.4,2870,,,,,,,,,,,,2870,,2.3,55eda30b-1db9-430f-a1c0-ecb6a3d904e1
W10-175,RS10M 0180,10M,400W,straight,STR,RebarGroup,,6,10,2616.4,2615,,,,,,,,,,,,2620,,2.1,e2a2724c-a214-48ae-9990-3fa51a551b2e
W10-175,RS15M 0240,15M,400W,straight,STR,SingleRebar,,1,15,2360,2360,,,,,,,,,,,,2360,,3.7,159dbacb-a66f-4087-aec7-efff527172e5
W10-175,RS15M 0240,15M,400W,straight,STR,SingleRebar,,1,15,2360,2360,,,,,,,,,,,,2360,,3.7,58506870-36e2-46ae-a734-068d57b2ee62
W10-175,RS15M 0241,15M,400W,straight,STR,SingleRebar,,1,15,237,230,,,,,,,,,,,,240,,0.4,8426e0b0-63df-408e-a446-da2399d8c9f1
W10-175,RS15M 0059,15M,400W,straight,STR,RebarGroup,,14,15,2617.9,2615,,,,,,,,,,,,2620,,4.1,ea1ed9e4-6c75-4084-a608-d2b9d8592d77
W10-175,RS15M 0058,15M,400W,straight,STR,RebarGroup,,14,15,2875,2870,,,,,,,,,,,,2880,,4.5,7a525463-3399-4e15-b8fc-96589ff652be
W10-175,RS10M 0208,10M,400W,straight,STR,RebarGroup,,2,10,9266,9270,,,,,,,,,,,,9270,,7.3,907608af-ec6e-4e73-a2b1-08c383c36947
W10-175,RS15M 0029,15M,400W,straight,STR,RebarGroup,,2,15,7887.1,7900,,,,,,,,,,,,7890,,12.4,407a1b72-4dcb-43fc-be7b-47aef93036d8
W10-175,RS15M 0029,15M,400W,straight,STR,RebarGroup,,2,15,7887.1,7900,,,,,,,,,,,,7890,,12.4,3eb4dee9-98cf-495e-a7d4-a015f779c911
W10-175,RS10M 0251,10M,400W,straight,STR,RebarGroup,,6,10,2015.2,2005,,,,,,,,,,,,2020,,1.6,496711b0-c569-4888-8ab5-3a71dbbe99dd
W10-175,RS10M 0251,10M,400W,straight,STR,RebarGroup,,6,10,2015.2,2005,,,,,,,,,,,,2020,,1.6,3a09d653-0c80-49a9-9118-a8b2eea0b83c
W10-175,RS15M 0096,15M,400W,straight,STR,RebarGroup,,2,15,4749.5,4750,,,,,,,,,,,,4750,,7.5,83ee43da-85ab-43c5-88f8-4afcd6da53a9
W10-175,RS15M 0097,15M,400W,straight,STR,RebarGroup,,2,15,2562.6,2565,,,,,,,,,,,,2560,,4,9004924a-d630-4c3d-8c1e-369e811ce07b
W10-175,RS15M 0277,15M,400W,straight,STR,SingleRebar,,1,15,8787.1,8790,,,,,,,,,,,,8790,,13.8,c8f42cc8-1115-4ea0-9f59-2bb97bb4724a
W10-175,RS15M 0095,15M,400W,straight,STR,SingleRebar,,1,15,9266.1,9270,,,,,,,,,,,,9270,,14.6,41d584bf-beaf-4a40-9d6d-bcc1df1f22b9
W10-175,RS15M 0277,15M,400W,straight,STR,SingleRebar,,1,15,8787.1,8790,,,,,,,,,,,,8790,,13.8,4ef0f2f7-dc95-46db-bbf7-132db95ef01c
W10-175,RS15M 0095,15M,400W,straight,STR,SingleRebar,,1,15,9266.1,9270,,,,,,,,,,,,9270,,14.6,0df65849-2cb0-468d-ad5b-8bdb2fb53636
W10-175,RS15M 0278,15M,400W,straight,STR,SingleRebar,,1,15,176,180,,,,,,,,,,,,180,,0.3,8df86bb7-9dca-4537-9377-e7fc50652b27
W10-175,RS15M 0278,15M,400W,straight,STR,SingleRebar,,1,15,176,180,,,,,,,,,,,,180,,0.3,0254011e-4b80-4ab5-8b72-87965824d78e
W10-175,RB10M 0135,10M,400W,stirrup,Unknown,RebarGroup,,22,10,80,37.5,181,503.8,181,754.6,,,,,,,,1690,,1.3,26c7cd2f-2d77-45e2-b139-92d262d1f8a1
W10-175,RB10M 0136,10M,400W,stirrup,T1,RebarGroup,,12,10,85,195,200,195,200,185.8,85,80,,,,,,910,,0.7,0b7e4a49-4efb-4d11-a021-89b147805528
W10-175,RB10M 0046,10M,400W,bent,17,RebarGroup,,10,10,323.6,330,160,330,,,,,,,,,,760,,0.6,22d38e01-7d54-4e17-9f84-23f35590293b
W10-175,RB10M 0102,10M,400W,stirrup,Unknown,RebarGroup,,12,10,93.1,164.8,1004.8,164.8,644.8,164.8,284.8,164.8,,,,,,3480,,2.7,f9aed4a5-f3db-4496-ab09-dbce23a59739
W10-175,RS15M 0058,15M,400W,straight,STR,RebarGroup,,4,15,2875,2870,,,,,,,,,,,,2880,,4.5,5661bd65-dbdf-439e-9531-1a69214d7d84
W10-175,RS15M 0059,15M,400W,straight,STR,RebarGroup,,4,15,2618,2615,,,,,,,,,,,,2620,,4.1,0de1028a-dd65-4b0e-ab35-f6cb3ca05e8d
W10-175,RS10M 0020,10M,400W,straight,STR,RebarGroup,,1,10,994,990,,,,,,,,,,,,990,,0.8,dec79462-7dc9-4a04-bf3d-5050512125c4
W10-175,RB10M 0102,10M,400W,stirrup,Unknown,RebarGroup,,12,10,93.1,164.8,1004.8,164.8,644.8,164.8,284.8,164.8,,,,,,3480,,2.7,08a98913-c531-4227-b1ae-ffd99a4fb56b
W10-175,RS15M 0058,15M,400W,straight,STR,RebarGroup,,4,15,2875,2870,,,,,,,,,,,,2880,,4.5,37ed4318-6118-4321-8931-56edd88cc0e7
W10-175,RS15M 0059,15M,400W,straight,STR,RebarGroup,,4,15,2618,2615,,,,,,,,,,,,2620,,4.1,668e0142-b835-49f3-b6db-ad364ab7d6ca
W10-175,RS10M 0020,10M,400W,straight,STR,RebarGroup,,1,10,994,990,,,,,,,,,,,,990,,0.8,9a5cb841-9c11-4762-a6b7-2ff02f2f1afc
W10-175,RB10M 0019,10M,400W,bent,17s,RebarGroup,,2,10,600,605,605,,,,,,,,,,,1180,,0.9,145f43ed-1051-41d8-b920-fcc81ab198fe
W10-175,RB10M 0019,10M,400W,bent,17s,RebarGroup,,2,10,600,605,605,,,,,,,,,,,1180,,0.9,0c3ceea8-25d6-4750-8340-979f5af3a715
W10-175,RS20M 0037,20M,400W,straight,STR,RebarGroup,,6,20,3142.1,3150,,,,,,,,,,,,3140,,7.4,1c3d3e74-dc89-4b62-8ad1-be1cf88439d6
W10-175,RS10M 0038,10M,400W,straight,STR,RebarGroup,,6,10,3142.1,3150,,,,,,,,,,,,3140,,2.5,606f26d7-3e79-4a2b-839e-6ae6dd47c6f0
W10-175,RS10M 0039,10M,400W,straight,STR,RebarGroup,,9,10,1789,1780,,,,,,,,,,,,1790,,1.4,a334c008-9862-432d-84e2-c3e8abecd6de
W10-175,RS10M 0039,10M,400W,straight,STR,RebarGroup,,9,10,1789,1780,,,,,,,,,,,,1790,,1.4,393a503d-2782-450f-9f9a-756f8dee5ed8
